{
  "datetime": "2026-01-15 12:30:00",
  "open": 1.16342,
  "high": 1.16353,
  "low": 1.16341,
  "close": 1.1635,
  "rollH20": 1.16404,
  "rollL20": 1.16335,
  "up2": false,
  "dn2": false,
  "source": "twelvedata_repo"
}