{
  "datetime": "2026-03-19 20:05:00",
  "open": 1.15837,
  "high": 1.15866,
  "low": 1.15837,
  "close": 1.15866,
  "rollH20": 1.16164,
  "rollL20": 1.15516,
  "up2": false,
  "dn2": false,
  "source": "twelvedata_repo"
}