{
  "datetime": "2026-05-26 15:30:00",
  "open": 1.16222,
  "high": 1.16245,
  "low": 1.16222,
  "close": 1.16242,
  "rollH20": 1.16348,
  "rollL20": 1.16181,
  "up2": false,
  "dn2": false,
  "source": "twelvedata_repo"
}