{
  "datetime": "2025-10-28 04:50:00",
  "open": 1.16592,
  "high": 1.16602,
  "low": 1.16592,
  "close": 1.16599,
  "rollH20": 1.16629,
  "rollL20": 1.16545,
  "up2": false,
  "dn2": false,
  "source": "twelvedata_repo"
}