{
  "datetime": "2026-02-14 00:00:00",
  "open": 1.18744,
  "high": 1.18747,
  "low": 1.18744,
  "close": 1.18744,
  "rollH20": 1.18798,
  "rollL20": 1.18649,
  "up2": false,
  "dn2": false,
  "source": "twelvedata_repo"
}