{
  "datetime": "2026-02-04 06:05:00",
  "open": 1.18353,
  "high": 1.18357,
  "low": 1.18337,
  "close": 1.18344,
  "rollH20": 1.18362,
  "rollL20": 1.18214,
  "up2": false,
  "dn2": false,
  "source": "twelvedata_repo"
}