{
  "datetime": "2026-03-01 18:30:00",
  "open": 1.17728,
  "high": 1.17886,
  "low": 1.17728,
  "close": 1.17872,
  "rollH20": 1.18153,
  "rollL20": 1.17628,
  "up2": false,
  "dn2": false,
  "source": "twelvedata_repo"
}