{
  "datetime": "2026-04-21 10:40:00",
  "open": 1.17582,
  "high": 1.17582,
  "low": 1.17581,
  "close": 1.17582,
  "rollH20": 1.17666,
  "rollL20": 1.17571,
  "up2": false,
  "dn2": false,
  "source": "twelvedata_repo"
}