{
  "datetime": "2025-10-30 22:25:00",
  "open": 1.15678,
  "high": 1.15678,
  "low": 1.15674,
  "close": 1.15678,
  "rollH20": 1.15719,
  "rollL20": 1.15642,
  "up2": false,
  "dn2": false,
  "source": "twelvedata_repo"
}