{
  "datetime": "2025-11-11 15:15:00",
  "open": 1.15966,
  "high": 1.15975,
  "low": 1.15958,
  "close": 1.15959,
  "rollH20": 1.16044,
  "rollL20": 1.15694,
  "up2": false,
  "dn2": false,
  "source": "twelvedata_repo"
}