{
  "datetime": "2025-08-28 16:55:00",
  "open": 1.16722,
  "high": 1.16728,
  "low": 1.16715,
  "close": 1.16724,
  "rollH20": 1.16864,
  "rollL20": 1.16611,
  "up2": false,
  "dn2": false,
  "source": "twelvedata_repo"
}