{
  "datetime": "2026-03-17 10:20:00",
  "open": 1.15057,
  "high": 1.15072,
  "low": 1.15057,
  "close": 1.15072,
  "rollH20": 1.15237,
  "rollL20": 1.14988,
  "up2": false,
  "dn2": false,
  "source": "twelvedata_repo"
}