{
  "datetime": "2026-05-24 23:25:00",
  "open": 1.16391,
  "high": 1.16391,
  "low": 1.16383,
  "close": 1.16389,
  "rollH20": 1.16464,
  "rollL20": 1.15907,
  "up2": false,
  "dn2": false,
  "source": "twelvedata_repo"
}