{
  "datetime": "2026-01-15 22:40:00",
  "open": 1.16083,
  "high": 1.16087,
  "low": 1.16078,
  "close": 1.16085,
  "rollH20": 1.16155,
  "rollL20": 1.16023,
  "up2": false,
  "dn2": false,
  "source": "twelvedata_repo"
}