{
  "datetime": "2026-07-06 13:25:00",
  "open": 1.14171,
  "high": 1.1418,
  "low": 1.1416,
  "close": 1.14177,
  "rollH20": 1.14215,
  "rollL20": 1.14121,
  "up2": false,
  "dn2": false,
  "source": "twelvedata_repo"
}