{
  "datetime": "2025-09-16 20:40:00",
  "open": 1.18596,
  "high": 1.18604,
  "low": 1.18585,
  "close": 1.18589,
  "rollH20": 1.1871,
  "rollL20": 1.18589,
  "up2": false,
  "dn2": false,
  "source": "twelvedata_repo"
}