{
  "datetime": "2026-01-19 20:00:00",
  "open": 1.16439,
  "high": 1.16442,
  "low": 1.16431,
  "close": 1.16441,
  "rollH20": 1.16494,
  "rollL20": 1.16401,
  "up2": false,
  "dn2": false,
  "source": "twelvedata_repo"
}