{
  "datetime": "2026-06-08 00:00:00",
  "open": 1.15139,
  "high": 1.15161,
  "low": 1.15137,
  "close": 1.15159,
  "rollH20": 1.15238,
  "rollL20": 1.15087,
  "up2": false,
  "dn2": false,
  "source": "twelvedata_repo"
}