{
  "datetime": "2025-09-11 10:55:00",
  "open": 1.16842,
  "high": 1.16852,
  "low": 1.16835,
  "close": 1.16852,
  "rollH20": 1.16951,
  "rollL20": 1.16774,
  "up2": false,
  "dn2": false,
  "source": "twelvedata_repo"
}