{
  "datetime": "2026-06-27 20:35:00",
  "open": 1.13915,
  "high": 1.13915,
  "low": 1.1389,
  "close": 1.13898,
  "rollH20": 1.13968,
  "rollL20": 1.13866,
  "up2": false,
  "dn2": false,
  "source": "twelvedata_repo"
}