{
  "datetime": "2025-12-04 00:40:00",
  "open": 1.167,
  "high": 1.16706,
  "low": 1.16699,
  "close": 1.16703,
  "rollH20": 1.16756,
  "rollL20": 1.16684,
  "up2": false,
  "dn2": false,
  "source": "twelvedata_repo"
}