{
  "datetime": "2026-05-18 23:10:00",
  "open": 1.16602,
  "high": 1.16608,
  "low": 1.16594,
  "close": 1.16597,
  "rollH20": 1.16621,
  "rollL20": 1.16524,
  "up2": false,
  "dn2": false,
  "source": "twelvedata_repo"
}