{
  "datetime": "2026-03-20 11:40:00",
  "open": 1.15715,
  "high": 1.15795,
  "low": 1.15714,
  "close": 1.1579,
  "rollH20": 1.15718,
  "rollL20": 1.15364,
  "up2": false,
  "dn2": false,
  "source": "twelvedata_repo"
}