{
  "datetime": "2026-02-06 01:40:00",
  "open": 1.17758,
  "high": 1.17775,
  "low": 1.17758,
  "close": 1.17773,
  "rollH20": 1.1782,
  "rollL20": 1.17673,
  "up2": false,
  "dn2": false,
  "source": "twelvedata_repo"
}