{
  "datetime": "2025-09-26 21:40:00",
  "open": 1.16993,
  "high": 1.16993,
  "low": 1.16991,
  "close": 1.16993,
  "rollH20": 1.17072,
  "rollL20": 1.16985,
  "up2": false,
  "dn2": false,
  "source": "twelvedata_repo"
}