{
  "datetime": "2026-01-16 23:40:00",
  "open": 1.16022,
  "high": 1.16026,
  "low": 1.16015,
  "close": 1.16016,
  "rollH20": 1.16044,
  "rollL20": 1.15983,
  "up2": false,
  "dn2": false,
  "source": "twelvedata_repo"
}