{
  "datetime": "2026-05-07 22:00:00",
  "open": 1.17243,
  "high": 1.17284,
  "low": 1.17236,
  "close": 1.17282,
  "rollH20": 1.17499,
  "rollL20": 1.17242,
  "up2": false,
  "dn2": false,
  "source": "twelvedata_repo"
}