{
  "datetime": "2026-06-27 00:55:00",
  "open": 1.13916,
  "high": 1.13938,
  "low": 1.13908,
  "close": 1.1391,
  "rollH20": 1.13948,
  "rollL20": 1.13854,
  "up2": false,
  "dn2": false,
  "source": "twelvedata_repo"
}