{
  "datetime": "2026-02-01 09:10:00",
  "open": 1.18548,
  "high": 1.18553,
  "low": 1.18546,
  "close": 1.18546,
  "rollH20": 1.18554,
  "rollL20": 1.18543,
  "up2": false,
  "dn2": false,
  "source": "twelvedata_repo"
}