{
  "datetime": "2026-03-20 21:10:00",
  "open": 1.15744,
  "high": 1.15768,
  "low": 1.15708,
  "close": 1.15736,
  "rollH20": 1.15758,
  "rollL20": 1.1548,
  "up2": false,
  "dn2": false,
  "source": "twelvedata_repo"
}