{
  "datetime": "2026-01-13 08:50:00",
  "open": 1.16631,
  "high": 1.16634,
  "low": 1.16608,
  "close": 1.16621,
  "rollH20": 1.16636,
  "rollL20": 1.16543,
  "up2": false,
  "dn2": false,
  "source": "twelvedata_repo"
}