{
  "datetime": "2025-09-03 17:40:00",
  "open": 1.16701,
  "high": 1.16708,
  "low": 1.16688,
  "close": 1.16698,
  "rollH20": 1.16818,
  "rollL20": 1.16628,
  "up2": false,
  "dn2": false,
  "source": "twelvedata_repo"
}