{
  "datetime": "2026-07-23 23:40:00",
  "open": 1.13784,
  "high": 1.13788,
  "low": 1.13777,
  "close": 1.1378,
  "rollH20": 1.13816,
  "rollL20": 1.13745,
  "up2": false,
  "dn2": false,
  "source": "twelvedata_repo"
}