{
  "datetime": "2025-10-29 18:55:00",
  "open": 1.16483,
  "high": 1.16485,
  "low": 1.16481,
  "close": 1.16484,
  "rollH20": 1.16631,
  "rollL20": 1.16463,
  "up2": false,
  "dn2": false,
  "source": "twelvedata_repo"
}