{
  "datetime": "2026-04-16 13:35:00",
  "open": 1.17814,
  "high": 1.17832,
  "low": 1.17811,
  "close": 1.17824,
  "rollH20": 1.17887,
  "rollL20": 1.17752,
  "up2": false,
  "dn2": false,
  "source": "twelvedata_repo"
}