{
  "datetime": "2026-03-09 23:05:00",
  "open": 1.16239,
  "high": 1.16295,
  "low": 1.16239,
  "close": 1.1629,
  "rollH20": 1.16462,
  "rollL20": 1.16232,
  "up2": false,
  "dn2": false,
  "source": "twelvedata_repo"
}