{
  "datetime": "2025-10-01 05:15:00",
  "open": 1.17419,
  "high": 1.17446,
  "low": 1.17419,
  "close": 1.17446,
  "rollH20": 1.17425,
  "rollL20": 1.17329,
  "up2": false,
  "dn2": false,
  "source": "twelvedata_repo"
}