{
  "datetime": "2025-10-28 22:55:00",
  "open": 1.16528,
  "high": 1.16528,
  "low": 1.16525,
  "close": 1.16525,
  "rollH20": 1.16575,
  "rollL20": 1.1651,
  "up2": false,
  "dn2": false,
  "source": "twelvedata_repo"
}