{
  "datetime": "2025-12-04 10:30:00",
  "open": 1.16776,
  "high": 1.16784,
  "low": 1.16775,
  "close": 1.16784,
  "rollH20": 1.16825,
  "rollL20": 1.16604,
  "up2": false,
  "dn2": false,
  "source": "twelvedata_repo"
}