{
  "datetime": "2025-11-25 12:25:00",
  "open": 1.1533,
  "high": 1.1534,
  "low": 1.15326,
  "close": 1.15327,
  "rollH20": 1.15413,
  "rollL20": 1.15322,
  "up2": false,
  "dn2": false,
  "source": "twelvedata_repo"
}