{
  "datetime": "2026-01-25 18:55:00",
  "open": 1.18161,
  "high": 1.18204,
  "low": 1.18156,
  "close": 1.18183,
  "rollH20": 1.18175,
  "rollL20": 1.18089,
  "up2": false,
  "dn2": false,
  "source": "twelvedata_repo"
}