{
  "datetime": "2026-06-19 23:55:00",
  "open": 1.14753,
  "high": 1.14797,
  "low": 1.14753,
  "close": 1.14753,
  "rollH20": 1.14803,
  "rollL20": 1.14736,
  "up2": false,
  "dn2": false,
  "source": "twelvedata_repo"
}