{
  "datetime": "2026-04-25 02:30:00",
  "open": 1.17172,
  "high": 1.17183,
  "low": 1.17172,
  "close": 1.17177,
  "rollH20": 1.17227,
  "rollL20": 1.17169,
  "up2": false,
  "dn2": false,
  "source": "twelvedata_repo"
}