{
  "datetime": "2026-03-10 22:25:00",
  "open": 1.16081,
  "high": 1.16085,
  "low": 1.16072,
  "close": 1.16073,
  "rollH20": 1.16143,
  "rollL20": 1.16069,
  "up2": false,
  "dn2": false,
  "source": "twelvedata_repo"
}