{
  "datetime": "2025-09-10 23:40:00",
  "open": 1.17021,
  "high": 1.17021,
  "low": 1.1702,
  "close": 1.17021,
  "rollH20": 1.17021,
  "rollL20": 1.16935,
  "up2": false,
  "dn2": false,
  "source": "twelvedata_repo"
}