{
  "datetime": "2026-06-02 06:20:00",
  "open": 1.16393,
  "high": 1.16393,
  "low": 1.16367,
  "close": 1.16374,
  "rollH20": 1.16399,
  "rollL20": 1.16333,
  "up2": false,
  "dn2": false,
  "source": "twelvedata_repo"
}