{
  "datetime": "2025-12-22 22:40:00",
  "open": 1.17614,
  "high": 1.17621,
  "low": 1.17605,
  "close": 1.17612,
  "rollH20": 1.17617,
  "rollL20": 1.17528,
  "up2": false,
  "dn2": false,
  "source": "twelvedata_repo"
}