{
  "datetime": "2025-11-28 14:55:00",
  "open": 1.15748,
  "high": 1.15751,
  "low": 1.15745,
  "close": 1.15751,
  "rollH20": 1.15751,
  "rollL20": 1.15624,
  "up2": false,
  "dn2": false,
  "source": "twelvedata_repo"
}