{
  "datetime": "2026-04-14 02:40:00",
  "open": 1.17635,
  "high": 1.17647,
  "low": 1.17635,
  "close": 1.17642,
  "rollH20": 1.17675,
  "rollL20": 1.17624,
  "up2": false,
  "dn2": false,
  "source": "twelvedata_repo"
}