{
  "datetime": "2026-03-11 06:25:00",
  "open": 1.16365,
  "high": 1.16367,
  "low": 1.16343,
  "close": 1.16354,
  "rollH20": 1.16403,
  "rollL20": 1.16301,
  "up2": false,
  "dn2": false,
  "source": "twelvedata_repo"
}