{
  "datetime": "2026-06-29 17:50:00",
  "open": 1.14267,
  "high": 1.14303,
  "low": 1.14267,
  "close": 1.14303,
  "rollH20": 1.1428,
  "rollL20": 1.14168,
  "up2": false,
  "dn2": false,
  "source": "twelvedata_repo"
}