{
  "datetime": "2026-05-27 01:10:00",
  "open": 1.1638,
  "high": 1.1639,
  "low": 1.16375,
  "close": 1.16389,
  "rollH20": 1.16401,
  "rollL20": 1.16321,
  "up2": false,
  "dn2": false,
  "source": "twelvedata_repo"
}