{
  "datetime": "2025-12-12 19:35:00",
  "open": 1.17498,
  "high": 1.17502,
  "low": 1.17485,
  "close": 1.17489,
  "rollH20": 1.17499,
  "rollL20": 1.17306,
  "up2": false,
  "dn2": false,
  "source": "twelvedata_repo"
}