{
  "datetime": "2025-11-21 11:35:00",
  "open": 1.15186,
  "high": 1.15202,
  "low": 1.15168,
  "close": 1.15185,
  "rollH20": 1.15455,
  "rollL20": 1.15122,
  "up2": false,
  "dn2": false,
  "source": "twelvedata_repo"
}