{
  "datetime": "2025-12-17 21:35:00",
  "open": 1.17428,
  "high": 1.17431,
  "low": 1.17428,
  "close": 1.17431,
  "rollH20": 1.1747,
  "rollL20": 1.17412,
  "up2": false,
  "dn2": false,
  "source": "twelvedata_repo"
}