{
  "datetime": "2025-10-17 21:30:00",
  "open": 1.16627,
  "high": 1.1663,
  "low": 1.16626,
  "close": 1.16629,
  "rollH20": 1.16741,
  "rollL20": 1.16614,
  "up2": false,
  "dn2": false,
  "source": "twelvedata_repo"
}