{
  "datetime": "2026-06-13 16:45:00",
  "open": 1.15699,
  "high": 1.15703,
  "low": 1.15699,
  "close": 1.15699,
  "rollH20": 1.15788,
  "rollL20": 1.15675,
  "up2": false,
  "dn2": false,
  "source": "twelvedata_repo"
}