{
  "datetime": "2025-12-04 06:45:00",
  "open": 1.16618,
  "high": 1.16621,
  "low": 1.16601,
  "close": 1.16615,
  "rollH20": 1.16621,
  "rollL20": 1.1656,
  "up2": false,
  "dn2": false,
  "source": "twelvedata_repo"
}