{
  "datetime": "2025-12-09 11:10:00",
  "open": 1.16511,
  "high": 1.16511,
  "low": 1.1651,
  "close": 1.16511,
  "rollH20": 1.16575,
  "rollL20": 1.16427,
  "up2": false,
  "dn2": false,
  "source": "twelvedata_repo"
}