{
  "datetime": "2025-12-01 00:40:00",
  "open": 1.15985,
  "high": 1.15985,
  "low": 1.15985,
  "close": 1.15985,
  "rollH20": 1.16074,
  "rollL20": 1.15932,
  "up2": false,
  "dn2": false,
  "source": "twelvedata_repo"
}