{
  "datetime": "2025-10-13 23:30:00",
  "open": 1.15719,
  "high": 1.15719,
  "low": 1.15719,
  "close": 1.15719,
  "rollH20": 1.15737,
  "rollL20": 1.15668,
  "up2": false,
  "dn2": false,
  "source": "twelvedata_repo"
}