{
  "datetime": "2026-03-16 12:35:00",
  "open": 1.14853,
  "high": 1.14856,
  "low": 1.14834,
  "close": 1.14834,
  "rollH20": 1.14878,
  "rollL20": 1.14704,
  "up2": false,
  "dn2": false,
  "source": "twelvedata_repo"
}