{
  "datetime": "2025-10-22 09:55:00",
  "open": 1.15988,
  "high": 1.16001,
  "low": 1.1597,
  "close": 1.1597,
  "rollH20": 1.16077,
  "rollL20": 1.15899,
  "up2": false,
  "dn2": false,
  "source": "twelvedata_repo"
}