{
  "datetime": "2026-07-23 21:10:00",
  "open": 1.13791,
  "high": 1.13794,
  "low": 1.13786,
  "close": 1.13793,
  "rollH20": 1.13797,
  "rollL20": 1.1374,
  "up2": false,
  "dn2": false,
  "source": "twelvedata_repo"
}