{
  "datetime": "2026-04-11 10:00:00",
  "open": 1.17181,
  "high": 1.17218,
  "low": 1.17179,
  "close": 1.17207,
  "rollH20": 1.17221,
  "rollL20": 1.17178,
  "up2": false,
  "dn2": false,
  "source": "twelvedata_repo"
}