{
  "datetime": "2026-03-01 21:00:00",
  "open": 1.17744,
  "high": 1.17831,
  "low": 1.1773,
  "close": 1.17825,
  "rollH20": 1.1797,
  "rollL20": 1.17502,
  "up2": false,
  "dn2": false,
  "source": "twelvedata_repo"
}