{
  "datetime": "2026-02-15 13:55:00",
  "open": 1.18714,
  "high": 1.18719,
  "low": 1.18713,
  "close": 1.18717,
  "rollH20": 1.1872,
  "rollL20": 1.1871,
  "up2": false,
  "dn2": false,
  "source": "twelvedata_repo"
}