{
  "datetime": "2026-06-24 05:50:00",
  "open": 1.13644,
  "high": 1.13644,
  "low": 1.13625,
  "close": 1.13628,
  "rollH20": 1.1369,
  "rollL20": 1.13616,
  "up2": false,
  "dn2": false,
  "source": "twelvedata_repo"
}