{
  "datetime": "2026-03-11 15:30:00",
  "open": 1.15771,
  "high": 1.15775,
  "low": 1.1576,
  "close": 1.1576,
  "rollH20": 1.16086,
  "rollL20": 1.15764,
  "up2": false,
  "dn2": false,
  "source": "twelvedata_repo"
}