{
  "datetime": "2025-11-19 22:15:00",
  "open": 1.15247,
  "high": 1.15247,
  "low": 1.15237,
  "close": 1.15237,
  "rollH20": 1.15288,
  "rollL20": 1.15189,
  "up2": false,
  "dn2": false,
  "source": "twelvedata_repo"
}