{
  "datetime": "2026-03-10 03:50:00",
  "open": 1.16092,
  "high": 1.16092,
  "low": 1.16083,
  "close": 1.16089,
  "rollH20": 1.16265,
  "rollL20": 1.16086,
  "up2": false,
  "dn2": false,
  "source": "twelvedata_repo"
}