{
  "datetime": "2026-01-01 18:40:00",
  "open": 1.1745,
  "high": 1.17463,
  "low": 1.17448,
  "close": 1.1746,
  "rollH20": 1.17506,
  "rollL20": 1.17429,
  "up2": false,
  "dn2": false,
  "source": "twelvedata_repo"
}