{
  "datetime": "2026-01-31 22:30:00",
  "open": 1.18535,
  "high": 1.1854,
  "low": 1.18533,
  "close": 1.18537,
  "rollH20": 1.1855,
  "rollL20": 1.18535,
  "up2": false,
  "dn2": false,
  "source": "twelvedata_repo"
}