{
  "datetime": "2026-02-02 19:20:00",
  "open": 1.17836,
  "high": 1.17838,
  "low": 1.17798,
  "close": 1.17815,
  "rollH20": 1.18126,
  "rollL20": 1.17836,
  "up2": false,
  "dn2": false,
  "source": "twelvedata_repo"
}