{
  "datetime": "2026-01-22 16:55:00",
  "open": 1.17323,
  "high": 1.17324,
  "low": 1.17294,
  "close": 1.17316,
  "rollH20": 1.17336,
  "rollL20": 1.17121,
  "up2": false,
  "dn2": false,
  "source": "twelvedata_repo"
}