{
  "datetime": "2026-06-01 06:25:00",
  "open": 1.16524,
  "high": 1.16525,
  "low": 1.16518,
  "close": 1.16521,
  "rollH20": 1.16532,
  "rollL20": 1.16418,
  "up2": false,
  "dn2": false,
  "source": "twelvedata_repo"
}