{
  "datetime": "2025-10-31 08:55:00",
  "open": 1.15612,
  "high": 1.15644,
  "low": 1.15612,
  "close": 1.15644,
  "rollH20": 1.15735,
  "rollL20": 1.15553,
  "up2": false,
  "dn2": false,
  "source": "twelvedata_repo"
}