{
  "datetime": "2026-02-03 00:30:00",
  "open": 1.17969,
  "high": 1.1797,
  "low": 1.17956,
  "close": 1.17964,
  "rollH20": 1.17984,
  "rollL20": 1.17874,
  "up2": false,
  "dn2": false,
  "source": "twelvedata_repo"
}