{
  "datetime": "2025-10-10 00:15:00",
  "open": 1.1562,
  "high": 1.15647,
  "low": 1.15596,
  "close": 1.15647,
  "rollH20": 1.15687,
  "rollL20": 1.15607,
  "up2": false,
  "dn2": false,
  "source": "twelvedata_repo"
}