{
  "datetime": "2025-10-14 22:00:00",
  "open": 1.16063,
  "high": 1.16063,
  "low": 1.16063,
  "close": 1.16063,
  "rollH20": 1.16112,
  "rollL20": 1.15999,
  "up2": false,
  "dn2": false,
  "source": "twelvedata_repo"
}