{
  "datetime": "2025-11-13 16:25:00",
  "open": 1.1629,
  "high": 1.1629,
  "low": 1.16277,
  "close": 1.16277,
  "rollH20": 1.16309,
  "rollL20": 1.16138,
  "up2": false,
  "dn2": false,
  "source": "twelvedata_repo"
}