{
  "datetime": "2025-12-25 16:30:00",
  "open": 1.17879,
  "high": 1.17883,
  "low": 1.17864,
  "close": 1.17882,
  "rollH20": 1.17907,
  "rollL20": 1.17768,
  "up2": false,
  "dn2": false,
  "source": "twelvedata_repo"
}