{
  "datetime": "2025-09-23 14:45:00",
  "open": 1.1798,
  "high": 1.1798,
  "low": 1.17896,
  "close": 1.17914,
  "rollH20": 1.18046,
  "rollL20": 1.17845,
  "up2": false,
  "dn2": false,
  "source": "twelvedata_repo"
}