{
  "datetime": "2025-10-06 22:15:00",
  "open": 1.17079,
  "high": 1.171,
  "low": 1.17079,
  "close": 1.171,
  "rollH20": 1.17168,
  "rollL20": 1.17084,
  "up2": false,
  "dn2": false,
  "source": "twelvedata_repo"
}