{
  "datetime": "2025-11-14 22:55:00",
  "open": 1.16221,
  "high": 1.1623,
  "low": 1.16175,
  "close": 1.162,
  "rollH20": 1.16239,
  "rollL20": 1.16184,
  "up2": false,
  "dn2": false,
  "source": "twelvedata_repo"
}