{
  "datetime": "2026-05-29 23:15:00",
  "open": 1.16612,
  "high": 1.16615,
  "low": 1.16588,
  "close": 1.16614,
  "rollH20": 1.16623,
  "rollL20": 1.16579,
  "up2": false,
  "dn2": false,
  "source": "twelvedata_repo"
}