{
  "datetime": "2026-05-01 09:05:00",
  "open": 1.1738,
  "high": 1.17387,
  "low": 1.1736,
  "close": 1.17364,
  "rollH20": 1.17441,
  "rollL20": 1.17193,
  "up2": false,
  "dn2": false,
  "source": "twelvedata_repo"
}