{
  "datetime": "2025-12-18 21:35:00",
  "open": 1.17257,
  "high": 1.17262,
  "low": 1.17257,
  "close": 1.17262,
  "rollH20": 1.17281,
  "rollL20": 1.17185,
  "up2": false,
  "dn2": false,
  "source": "twelvedata_repo"
}