{
  "datetime": "2026-03-28 23:00:00",
  "open": 1.15348,
  "high": 1.15352,
  "low": 1.15348,
  "close": 1.1535,
  "rollH20": 1.15388,
  "rollL20": 1.15296,
  "up2": false,
  "dn2": false,
  "source": "twelvedata_repo"
}