{
  "datetime": "2026-04-24 21:40:00",
  "open": 1.17199,
  "high": 1.17202,
  "low": 1.17189,
  "close": 1.17193,
  "rollH20": 1.17212,
  "rollL20": 1.17152,
  "up2": false,
  "dn2": false,
  "source": "twelvedata_repo"
}