{
  "datetime": "2025-10-02 08:55:00",
  "open": 1.17525,
  "high": 1.17529,
  "low": 1.17525,
  "close": 1.17525,
  "rollH20": 1.17566,
  "rollL20": 1.1734,
  "up2": false,
  "dn2": false,
  "source": "twelvedata_repo"
}