{
  "datetime": "2026-03-20 12:30:00",
  "open": 1.15764,
  "high": 1.15785,
  "low": 1.15764,
  "close": 1.15775,
  "rollH20": 1.15795,
  "rollL20": 1.15559,
  "up2": false,
  "dn2": false,
  "source": "twelvedata_repo"
}