{
  "datetime": "2026-02-27 20:25:00",
  "open": 1.18231,
  "high": 1.18244,
  "low": 1.18218,
  "close": 1.18228,
  "rollH20": 1.18241,
  "rollL20": 1.18147,
  "up2": false,
  "dn2": false,
  "source": "twelvedata_repo"
}