{
  "datetime": "2025-10-03 00:45:00",
  "open": 1.17288,
  "high": 1.17288,
  "low": 1.17288,
  "close": 1.17288,
  "rollH20": 1.17288,
  "rollL20": 1.17181,
  "up2": false,
  "dn2": false,
  "source": "twelvedata_repo"
}