{
  "datetime": "2026-02-15 21:10:00",
  "open": 1.18728,
  "high": 1.1873,
  "low": 1.1872,
  "close": 1.18723,
  "rollH20": 1.18794,
  "rollL20": 1.18641,
  "up2": false,
  "dn2": false,
  "source": "twelvedata_repo"
}