{
  "datetime": "2026-03-08 23:45:00",
  "open": 1.15289,
  "high": 1.15292,
  "low": 1.15276,
  "close": 1.1528,
  "rollH20": 1.15542,
  "rollL20": 1.15256,
  "up2": false,
  "dn2": false,
  "source": "twelvedata_repo"
}