{
  "datetime": "2026-05-08 20:05:00",
  "open": 1.17806,
  "high": 1.17816,
  "low": 1.17797,
  "close": 1.17808,
  "rollH20": 1.17818,
  "rollL20": 1.17719,
  "up2": false,
  "dn2": false,
  "source": "twelvedata_repo"
}