{
  "datetime": "2026-04-28 15:15:00",
  "open": 1.16974,
  "high": 1.16975,
  "low": 1.16974,
  "close": 1.16975,
  "rollH20": 1.17033,
  "rollL20": 1.16891,
  "up2": false,
  "dn2": false,
  "source": "twelvedata_repo"
}