{
  "datetime": "2025-12-11 23:10:00",
  "open": 1.17392,
  "high": 1.17398,
  "low": 1.17392,
  "close": 1.17395,
  "rollH20": 1.17458,
  "rollL20": 1.17373,
  "up2": false,
  "dn2": false,
  "source": "twelvedata_repo"
}