{
  "datetime": "2026-04-25 22:30:00",
  "open": 1.17223,
  "high": 1.17228,
  "low": 1.17183,
  "close": 1.17207,
  "rollH20": 1.17229,
  "rollL20": 1.17196,
  "up2": false,
  "dn2": false,
  "source": "twelvedata_repo"
}