{
  "datetime": "2026-01-25 23:10:00",
  "open": 1.18581,
  "high": 1.1859,
  "low": 1.18578,
  "close": 1.18587,
  "rollH20": 1.1883,
  "rollL20": 1.18462,
  "up2": false,
  "dn2": false,
  "source": "twelvedata_repo"
}