{
  "datetime": "2026-07-15 08:35:00",
  "open": 1.14242,
  "high": 1.14243,
  "low": 1.14219,
  "close": 1.14227,
  "rollH20": 1.14437,
  "rollL20": 1.14203,
  "up2": false,
  "dn2": false,
  "source": "twelvedata_repo"
}