{
  "datetime": "2025-11-14 16:10:00",
  "open": 1.16175,
  "high": 1.16183,
  "low": 1.16173,
  "close": 1.16183,
  "rollH20": 1.16498,
  "rollL20": 1.16162,
  "up2": false,
  "dn2": false,
  "source": "twelvedata_repo"
}