{
  "datetime": "2026-07-19 14:00:00",
  "open": 1.14377,
  "high": 1.14381,
  "low": 1.14377,
  "close": 1.14379,
  "rollH20": 1.14392,
  "rollL20": 1.14371,
  "up2": false,
  "dn2": false,
  "source": "twelvedata_repo"
}