{
  "datetime": "2026-03-13 00:45:00",
  "open": 1.15216,
  "high": 1.15231,
  "low": 1.15216,
  "close": 1.15231,
  "rollH20": 1.15277,
  "rollL20": 1.15158,
  "up2": false,
  "dn2": false,
  "source": "twelvedata_repo"
}