{
  "datetime": "2025-10-16 10:40:00",
  "open": 1.1654,
  "high": 1.16609,
  "low": 1.16538,
  "close": 1.16597,
  "rollH20": 1.16607,
  "rollL20": 1.16486,
  "up2": false,
  "dn2": false,
  "source": "twelvedata_repo"
}