{
  "datetime": "2025-12-12 20:55:00",
  "open": 1.17385,
  "high": 1.17412,
  "low": 1.17385,
  "close": 1.17409,
  "rollH20": 1.17502,
  "rollL20": 1.17359,
  "up2": false,
  "dn2": false,
  "source": "twelvedata_repo"
}