{
  "datetime": "2025-10-15 06:40:00",
  "open": 1.16246,
  "high": 1.16261,
  "low": 1.16246,
  "close": 1.16256,
  "rollH20": 1.16265,
  "rollL20": 1.16169,
  "up2": false,
  "dn2": false,
  "source": "twelvedata_repo"
}