{
  "datetime": "2026-01-09 16:20:00",
  "open": 1.16235,
  "high": 1.16237,
  "low": 1.16197,
  "close": 1.1621,
  "rollH20": 1.16576,
  "rollL20": 1.16235,
  "up2": false,
  "dn2": false,
  "source": "twelvedata_repo"
}