{
  "datetime": "2025-11-06 23:45:00",
  "open": 1.15463,
  "high": 1.15463,
  "low": 1.15461,
  "close": 1.15461,
  "rollH20": 1.1549,
  "rollL20": 1.15434,
  "up2": false,
  "dn2": false,
  "source": "twelvedata_repo"
}