{
  "datetime": "2026-04-13 22:30:00",
  "open": 1.17602,
  "high": 1.17612,
  "low": 1.17588,
  "close": 1.17597,
  "rollH20": 1.17635,
  "rollL20": 1.17564,
  "up2": false,
  "dn2": false,
  "source": "twelvedata_repo"
}