{
  "datetime": "2025-10-31 07:45:00",
  "open": 1.15694,
  "high": 1.15695,
  "low": 1.15694,
  "close": 1.15695,
  "rollH20": 1.15735,
  "rollL20": 1.15664,
  "up2": false,
  "dn2": false,
  "source": "twelvedata_repo"
}