{
  "datetime": "2026-07-19 18:00:00",
  "open": 1.1438,
  "high": 1.14385,
  "low": 1.14379,
  "close": 1.14384,
  "rollH20": 1.14389,
  "rollL20": 1.14368,
  "up2": false,
  "dn2": false,
  "source": "twelvedata_repo"
}