{
  "datetime": "2025-11-30 23:45:00",
  "open": 1.15969,
  "high": 1.15969,
  "low": 1.15968,
  "close": 1.15968,
  "rollH20": 1.1603,
  "rollL20": 1.15932,
  "up2": false,
  "dn2": false,
  "source": "twelvedata_repo"
}