{
  "datetime": "2025-10-16 20:05:00",
  "open": 1.16875,
  "high": 1.16886,
  "low": 1.16871,
  "close": 1.1688,
  "rollH20": 1.16936,
  "rollL20": 1.16803,
  "up2": false,
  "dn2": false,
  "source": "twelvedata_repo"
}