{
  "datetime": "2026-07-02 08:25:00",
  "open": 1.13969,
  "high": 1.13999,
  "low": 1.13969,
  "close": 1.13987,
  "rollH20": 1.14035,
  "rollL20": 1.13836,
  "up2": false,
  "dn2": false,
  "source": "twelvedata_repo"
}