{
  "datetime": "2026-05-18 00:45:00",
  "open": 1.16149,
  "high": 1.16158,
  "low": 1.16137,
  "close": 1.16149,
  "rollH20": 1.16245,
  "rollL20": 1.16129,
  "up2": false,
  "dn2": false,
  "source": "twelvedata_repo"
}