{
  "datetime": "2026-07-17 08:15:00",
  "open": 1.1448,
  "high": 1.14491,
  "low": 1.14477,
  "close": 1.1448,
  "rollH20": 1.14522,
  "rollL20": 1.14391,
  "up2": false,
  "dn2": false,
  "source": "twelvedata_repo"
}