{
  "datetime": "2026-01-17 09:35:00",
  "open": 1.15945,
  "high": 1.15949,
  "low": 1.15943,
  "close": 1.15943,
  "rollH20": 1.1599,
  "rollL20": 1.15937,
  "up2": false,
  "dn2": false,
  "source": "twelvedata_repo"
}