{
  "datetime": "2026-02-19 13:45:00",
  "open": 1.17573,
  "high": 1.17574,
  "low": 1.17528,
  "close": 1.1755,
  "rollH20": 1.17808,
  "rollL20": 1.17523,
  "up2": false,
  "dn2": false,
  "source": "twelvedata_repo"
}