{
  "datetime": "2025-12-11 12:35:00",
  "open": 1.1716,
  "high": 1.17163,
  "low": 1.17153,
  "close": 1.17153,
  "rollH20": 1.17176,
  "rollL20": 1.17003,
  "up2": false,
  "dn2": false,
  "source": "twelvedata_repo"
}