{
  "datetime": "2025-11-03 20:30:00",
  "open": 1.15193,
  "high": 1.15196,
  "low": 1.15186,
  "close": 1.15188,
  "rollH20": 1.15314,
  "rollL20": 1.1518,
  "up2": false,
  "dn2": false,
  "source": "twelvedata_repo"
}