{
  "datetime": "2026-04-28 22:40:00",
  "open": 1.17135,
  "high": 1.17141,
  "low": 1.17135,
  "close": 1.17141,
  "rollH20": 1.17156,
  "rollL20": 1.17095,
  "up2": false,
  "dn2": false,
  "source": "twelvedata_repo"
}