{
  "datetime": "2025-12-04 11:55:00",
  "open": 1.1666,
  "high": 1.16662,
  "low": 1.1664,
  "close": 1.16646,
  "rollH20": 1.16802,
  "rollL20": 1.16656,
  "up2": false,
  "dn2": false,
  "source": "twelvedata_repo"
}