{
  "datetime": "2026-02-23 16:25:00",
  "open": 1.17991,
  "high": 1.18018,
  "low": 1.17988,
  "close": 1.18018,
  "rollH20": 1.18097,
  "rollL20": 1.17891,
  "up2": false,
  "dn2": false,
  "source": "twelvedata_repo"
}