{
  "datetime": "2025-09-18 00:45:00",
  "open": 1.1828,
  "high": 1.18282,
  "low": 1.1828,
  "close": 1.18282,
  "rollH20": 1.18288,
  "rollL20": 1.18125,
  "up2": false,
  "dn2": false,
  "source": "twelvedata_repo"
}