{
  "datetime": "2025-09-02 08:40:00",
  "open": 1.16667,
  "high": 1.16705,
  "low": 1.16646,
  "close": 1.16699,
  "rollH20": 1.17077,
  "rollL20": 1.16636,
  "up2": false,
  "dn2": false,
  "source": "twelvedata_repo"
}