{
  "datetime": "2026-01-07 11:25:00",
  "open": 1.16918,
  "high": 1.16919,
  "low": 1.1691,
  "close": 1.16915,
  "rollH20": 1.16925,
  "rollL20": 1.16809,
  "up2": false,
  "dn2": false,
  "source": "twelvedata_repo"
}