{
  "datetime": "2025-08-29 20:20:00",
  "open": 1.16936,
  "high": 1.16946,
  "low": 1.16933,
  "close": 1.16943,
  "rollH20": 1.17012,
  "rollL20": 1.1693,
  "up2": false,
  "dn2": false,
  "source": "twelvedata_repo"
}