{
  "datetime": "2026-01-21 03:40:00",
  "open": 1.17308,
  "high": 1.17311,
  "low": 1.17308,
  "close": 1.17308,
  "rollH20": 1.17343,
  "rollL20": 1.17224,
  "up2": false,
  "dn2": false,
  "source": "twelvedata_repo"
}