{
  "datetime": "2026-05-12 08:35:00",
  "open": 1.17488,
  "high": 1.17495,
  "low": 1.17478,
  "close": 1.17487,
  "rollH20": 1.17637,
  "rollL20": 1.17452,
  "up2": false,
  "dn2": false,
  "source": "twelvedata_repo"
}