{
  "datetime": "2026-01-20 07:15:00",
  "open": 1.16661,
  "high": 1.16665,
  "low": 1.16651,
  "close": 1.16655,
  "rollH20": 1.16731,
  "rollL20": 1.16593,
  "up2": false,
  "dn2": false,
  "source": "twelvedata_repo"
}