{
  "datetime": "2026-03-06 23:55:00",
  "open": 1.16219,
  "high": 1.16226,
  "low": 1.16212,
  "close": 1.16224,
  "rollH20": 1.1624,
  "rollL20": 1.16203,
  "up2": false,
  "dn2": false,
  "source": "twelvedata_repo"
}