{
  "datetime": "2025-11-14 12:30:00",
  "open": 1.16117,
  "high": 1.16125,
  "low": 1.16109,
  "close": 1.16115,
  "rollH20": 1.1624,
  "rollL20": 1.1609,
  "up2": false,
  "dn2": false,
  "source": "twelvedata_repo"
}