{
  "datetime": "2026-03-14 23:45:00",
  "open": 1.14694,
  "high": 1.14699,
  "low": 1.14693,
  "close": 1.14693,
  "rollH20": 1.14699,
  "rollL20": 1.14677,
  "up2": false,
  "dn2": false,
  "source": "twelvedata_repo"
}