{
  "datetime": "2026-05-13 04:05:00",
  "open": 1.17362,
  "high": 1.17371,
  "low": 1.17332,
  "close": 1.17335,
  "rollH20": 1.17422,
  "rollL20": 1.17345,
  "up2": false,
  "dn2": false,
  "source": "twelvedata_repo"
}