{
  "datetime": "2026-03-10 08:35:00",
  "open": 1.16512,
  "high": 1.16521,
  "low": 1.16487,
  "close": 1.16497,
  "rollH20": 1.16641,
  "rollL20": 1.16301,
  "up2": false,
  "dn2": false,
  "source": "twelvedata_repo"
}