{
  "datetime": "2025-12-05 22:55:00",
  "open": 1.16435,
  "high": 1.16437,
  "low": 1.16409,
  "close": 1.16431,
  "rollH20": 1.16481,
  "rollL20": 1.16405,
  "up2": false,
  "dn2": false,
  "source": "twelvedata_repo"
}