{
  "datetime": "2026-03-20 19:05:00",
  "open": 1.15547,
  "high": 1.1555,
  "low": 1.15499,
  "close": 1.1551,
  "rollH20": 1.15707,
  "rollL20": 1.15466,
  "up2": false,
  "dn2": false,
  "source": "twelvedata_repo"
}