{
  "datetime": "2026-04-20 02:00:00",
  "open": 1.17552,
  "high": 1.17553,
  "low": 1.1755,
  "close": 1.17551,
  "rollH20": 1.17569,
  "rollL20": 1.17368,
  "up2": false,
  "dn2": false,
  "source": "twelvedata_repo"
}