{
  "datetime": "2026-02-04 12:15:00",
  "open": 1.18095,
  "high": 1.18102,
  "low": 1.18076,
  "close": 1.18077,
  "rollH20": 1.18227,
  "rollL20": 1.18063,
  "up2": false,
  "dn2": false,
  "source": "twelvedata_repo"
}