{
  "datetime": "2025-10-22 12:10:00",
  "open": 1.15871,
  "high": 1.15879,
  "low": 1.15868,
  "close": 1.15868,
  "rollH20": 1.15984,
  "rollL20": 1.15831,
  "up2": false,
  "dn2": false,
  "source": "twelvedata_repo"
}