{
  "datetime": "2026-04-16 05:55:00",
  "open": 1.18084,
  "high": 1.18102,
  "low": 1.18084,
  "close": 1.181,
  "rollH20": 1.18193,
  "rollL20": 1.18082,
  "up2": false,
  "dn2": false,
  "source": "twelvedata_repo"
}