{
  "datetime": "2026-06-04 16:35:00",
  "open": 1.16246,
  "high": 1.16267,
  "low": 1.16243,
  "close": 1.16262,
  "rollH20": 1.164,
  "rollL20": 1.16229,
  "up2": false,
  "dn2": false,
  "source": "twelvedata_repo"
}