{
  "datetime": "2026-01-27 18:50:00",
  "open": 1.19814,
  "high": 1.19815,
  "low": 1.19791,
  "close": 1.19798,
  "rollH20": 1.19908,
  "rollL20": 1.19604,
  "up2": false,
  "dn2": false,
  "source": "twelvedata_repo"
}