{
  "datetime": "2026-03-16 21:50:00",
  "open": 1.15079,
  "high": 1.15092,
  "low": 1.15079,
  "close": 1.15083,
  "rollH20": 1.151,
  "rollL20": 1.15036,
  "up2": false,
  "dn2": false,
  "source": "twelvedata_repo"
}