{
  "datetime": "2025-11-04 17:55:00",
  "open": 1.14884,
  "high": 1.14902,
  "low": 1.1488,
  "close": 1.14901,
  "rollH20": 1.14963,
  "rollL20": 1.14779,
  "up2": false,
  "dn2": false,
  "source": "twelvedata_repo"
}