{
  "datetime": "2025-10-17 07:40:00",
  "open": 1.17116,
  "high": 1.1713,
  "low": 1.17106,
  "close": 1.17125,
  "rollH20": 1.17283,
  "rollL20": 1.17097,
  "up2": false,
  "dn2": false,
  "source": "twelvedata_repo"
}