{
  "datetime": "2026-05-10 15:30:00",
  "open": 1.17826,
  "high": 1.17831,
  "low": 1.17824,
  "close": 1.17827,
  "rollH20": 1.18019,
  "rollL20": 1.17716,
  "up2": false,
  "dn2": false,
  "source": "twelvedata_repo"
}