{
  "datetime": "2026-05-26 08:30:00",
  "open": 1.16335,
  "high": 1.1638,
  "low": 1.16316,
  "close": 1.16368,
  "rollH20": 1.16379,
  "rollL20": 1.16241,
  "up2": false,
  "dn2": false,
  "source": "twelvedata_repo"
}