{
  "datetime": "2026-05-01 16:00:00",
  "open": 1.17669,
  "high": 1.17682,
  "low": 1.17669,
  "close": 1.17678,
  "rollH20": 1.17844,
  "rollL20": 1.17454,
  "up2": false,
  "dn2": false,
  "source": "twelvedata_repo"
}