{
  "datetime": "2026-03-30 10:50:00",
  "open": 1.14947,
  "high": 1.14957,
  "low": 1.14947,
  "close": 1.14957,
  "rollH20": 1.14994,
  "rollL20": 1.14854,
  "up2": false,
  "dn2": false,
  "source": "twelvedata_repo"
}