{
  "datetime": "2026-01-20 16:55:00",
  "open": 1.17343,
  "high": 1.17343,
  "low": 1.17269,
  "close": 1.17275,
  "rollH20": 1.17373,
  "rollL20": 1.17172,
  "up2": false,
  "dn2": false,
  "source": "twelvedata_repo"
}