{
  "datetime": "2026-02-02 08:30:00",
  "open": 1.1863,
  "high": 1.18635,
  "low": 1.18539,
  "close": 1.1857,
  "rollH20": 1.18635,
  "rollL20": 1.18429,
  "up2": false,
  "dn2": false,
  "source": "twelvedata_repo"
}