{
  "datetime": "2026-04-10 16:55:00",
  "open": 1.17233,
  "high": 1.17238,
  "low": 1.17231,
  "close": 1.17233,
  "rollH20": 1.17393,
  "rollL20": 1.17229,
  "up2": false,
  "dn2": false,
  "source": "twelvedata_repo"
}