{
  "datetime": "2026-03-29 12:55:00",
  "open": 1.15316,
  "high": 1.15319,
  "low": 1.15315,
  "close": 1.15318,
  "rollH20": 1.1539,
  "rollL20": 1.15278,
  "up2": false,
  "dn2": false,
  "source": "twelvedata_repo"
}