{
  "datetime": "2025-10-09 21:55:00",
  "open": 1.1564,
  "high": 1.15644,
  "low": 1.15633,
  "close": 1.15644,
  "rollH20": 1.15669,
  "rollL20": 1.15501,
  "up2": false,
  "dn2": false,
  "source": "twelvedata_repo"
}