{
  "datetime": "2026-03-10 07:05:00",
  "open": 1.16332,
  "high": 1.16387,
  "low": 1.16332,
  "close": 1.1638,
  "rollH20": 1.16382,
  "rollL20": 1.16151,
  "up2": false,
  "dn2": false,
  "source": "twelvedata_repo"
}