{
  "datetime": "2025-09-30 03:15:00",
  "open": 1.17191,
  "high": 1.17224,
  "low": 1.1719,
  "close": 1.17224,
  "rollH20": 1.17258,
  "rollL20": 1.17123,
  "up2": false,
  "dn2": false,
  "source": "twelvedata_repo"
}