{
  "datetime": "2026-04-26 20:30:00",
  "open": 1.17018,
  "high": 1.17028,
  "low": 1.16937,
  "close": 1.16956,
  "rollH20": 1.17209,
  "rollL20": 1.16906,
  "up2": false,
  "dn2": false,
  "source": "twelvedata_repo"
}