{
  "datetime": "2026-03-23 04:40:00",
  "open": 1.1548,
  "high": 1.15497,
  "low": 1.15474,
  "close": 1.15492,
  "rollH20": 1.1557,
  "rollL20": 1.15427,
  "up2": false,
  "dn2": false,
  "source": "twelvedata_repo"
}