{
  "datetime": "2025-12-23 17:10:00",
  "open": 1.17754,
  "high": 1.17759,
  "low": 1.17754,
  "close": 1.17756,
  "rollH20": 1.17789,
  "rollL20": 1.17655,
  "up2": false,
  "dn2": false,
  "source": "twelvedata_repo"
}