{
  "datetime": "2026-02-10 16:30:00",
  "open": 1.19036,
  "high": 1.19038,
  "low": 1.18994,
  "close": 1.18994,
  "rollH20": 1.19271,
  "rollL20": 1.19013,
  "up2": false,
  "dn2": false,
  "source": "twelvedata_repo"
}