{
  "datetime": "2025-11-11 07:55:00",
  "open": 1.15529,
  "high": 1.15539,
  "low": 1.15522,
  "close": 1.15522,
  "rollH20": 1.1565,
  "rollL20": 1.15508,
  "up2": false,
  "dn2": false,
  "source": "twelvedata_repo"
}