{
  "datetime": "2026-03-26 19:00:00",
  "open": 1.15267,
  "high": 1.15269,
  "low": 1.15263,
  "close": 1.15263,
  "rollH20": 1.15389,
  "rollL20": 1.15263,
  "up2": false,
  "dn2": false,
  "source": "twelvedata_repo"
}