{
  "datetime": "2025-12-26 08:35:00",
  "open": 1.17752,
  "high": 1.1776,
  "low": 1.17752,
  "close": 1.1776,
  "rollH20": 1.17876,
  "rollL20": 1.17729,
  "up2": false,
  "dn2": false,
  "source": "twelvedata_repo"
}