{
  "datetime": "2025-10-16 23:45:00",
  "open": 1.16973,
  "high": 1.16973,
  "low": 1.16973,
  "close": 1.16973,
  "rollH20": 1.16986,
  "rollL20": 1.16848,
  "up2": false,
  "dn2": false,
  "source": "twelvedata_repo"
}