{
  "datetime": "2026-02-13 02:05:00",
  "open": 1.18709,
  "high": 1.18712,
  "low": 1.18692,
  "close": 1.18698,
  "rollH20": 1.18729,
  "rollL20": 1.18671,
  "up2": false,
  "dn2": false,
  "source": "twelvedata_repo"
}