{
  "datetime": "2026-02-12 01:30:00",
  "open": 1.18765,
  "high": 1.18773,
  "low": 1.18765,
  "close": 1.18772,
  "rollH20": 1.18776,
  "rollL20": 1.18672,
  "up2": false,
  "dn2": false,
  "source": "twelvedata_repo"
}