{
  "datetime": "2025-10-08 09:10:00",
  "open": 1.16344,
  "high": 1.16345,
  "low": 1.16314,
  "close": 1.16314,
  "rollH20": 1.16355,
  "rollL20": 1.16071,
  "up2": false,
  "dn2": false,
  "source": "twelvedata_repo"
}