{
  "datetime": "2026-02-10 23:20:00",
  "open": 1.18952,
  "high": 1.18956,
  "low": 1.18952,
  "close": 1.18956,
  "rollH20": 1.19032,
  "rollL20": 1.18931,
  "up2": false,
  "dn2": false,
  "source": "twelvedata_repo"
}