{
  "datetime": "2026-01-22 23:15:00",
  "open": 1.17537,
  "high": 1.17539,
  "low": 1.17537,
  "close": 1.17538,
  "rollH20": 1.1756,
  "rollL20": 1.17466,
  "up2": false,
  "dn2": false,
  "source": "twelvedata_repo"
}