{
  "datetime": "2026-04-04 08:25:00",
  "open": 1.15191,
  "high": 1.15196,
  "low": 1.15189,
  "close": 1.15194,
  "rollH20": 1.15198,
  "rollL20": 1.15141,
  "up2": false,
  "dn2": false,
  "source": "twelvedata_repo"
}