{
  "datetime": "2026-02-24 23:55:00",
  "open": 1.17752,
  "high": 1.17753,
  "low": 1.17736,
  "close": 1.1774,
  "rollH20": 1.17787,
  "rollL20": 1.17727,
  "up2": false,
  "dn2": false,
  "source": "twelvedata_repo"
}