{
  "datetime": "2026-01-15 09:35:00",
  "open": 1.16319,
  "high": 1.16339,
  "low": 1.16319,
  "close": 1.16339,
  "rollH20": 1.16369,
  "rollL20": 1.16266,
  "up2": false,
  "dn2": false,
  "source": "twelvedata_repo"
}