{
  "datetime": "2025-10-23 10:05:00",
  "open": 1.15966,
  "high": 1.15968,
  "low": 1.1594,
  "close": 1.15945,
  "rollH20": 1.16059,
  "rollL20": 1.15909,
  "up2": false,
  "dn2": false,
  "source": "twelvedata_repo"
}