{
  "datetime": "2026-03-18 17:00:00",
  "open": 1.15112,
  "high": 1.1512,
  "low": 1.15109,
  "close": 1.15109,
  "rollH20": 1.15262,
  "rollL20": 1.15077,
  "up2": false,
  "dn2": false,
  "source": "twelvedata_repo"
}