{
  "datetime": "2026-07-11 05:10:00",
  "open": 1.1413,
  "high": 1.14187,
  "low": 1.14114,
  "close": 1.14116,
  "rollH20": 1.14218,
  "rollL20": 1.14061,
  "up2": false,
  "dn2": false,
  "source": "twelvedata_repo"
}