{
  "datetime": "2025-12-03 19:25:00",
  "open": 1.1671,
  "high": 1.16718,
  "low": 1.16706,
  "close": 1.16709,
  "rollH20": 1.16739,
  "rollL20": 1.16579,
  "up2": false,
  "dn2": false,
  "source": "twelvedata_repo"
}