{
  "datetime": "2025-12-18 16:55:00",
  "open": 1.17281,
  "high": 1.17287,
  "low": 1.17266,
  "close": 1.1727,
  "rollH20": 1.17482,
  "rollL20": 1.17198,
  "up2": false,
  "dn2": false,
  "source": "twelvedata_repo"
}