{
  "datetime": "2026-01-13 15:45:00",
  "open": 1.16608,
  "high": 1.16629,
  "low": 1.16608,
  "close": 1.16629,
  "rollH20": 1.16757,
  "rollL20": 1.16507,
  "up2": false,
  "dn2": false,
  "source": "twelvedata_repo"
}