{
  "datetime": "2025-09-15 08:40:00",
  "open": 1.17432,
  "high": 1.17432,
  "low": 1.17416,
  "close": 1.17417,
  "rollH20": 1.17441,
  "rollL20": 1.17162,
  "up2": false,
  "dn2": false,
  "source": "twelvedata_repo"
}