{
  "datetime": "2025-11-14 10:35:00",
  "open": 1.16278,
  "high": 1.16294,
  "low": 1.16273,
  "close": 1.16274,
  "rollH20": 1.16373,
  "rollL20": 1.16206,
  "up2": false,
  "dn2": false,
  "source": "twelvedata_repo"
}