{
  "datetime": "2025-09-30 21:10:00",
  "open": 1.17353,
  "high": 1.17358,
  "low": 1.17348,
  "close": 1.17352,
  "rollH20": 1.17435,
  "rollL20": 1.17352,
  "up2": false,
  "dn2": false,
  "source": "twelvedata_repo"
}