{
  "datetime": "2026-02-14 16:45:00",
  "open": 1.18577,
  "high": 1.18582,
  "low": 1.18577,
  "close": 1.18577,
  "rollH20": 1.18713,
  "rollL20": 1.18461,
  "up2": false,
  "dn2": false,
  "source": "twelvedata_repo"
}