{
  "datetime": "2025-09-29 05:25:00",
  "open": 1.17263,
  "high": 1.17266,
  "low": 1.17259,
  "close": 1.17266,
  "rollH20": 1.17293,
  "rollL20": 1.17226,
  "up2": false,
  "dn2": false,
  "source": "twelvedata_repo"
}