{
  "datetime": "2026-06-30 22:05:00",
  "open": 1.14214,
  "high": 1.14237,
  "low": 1.14214,
  "close": 1.14235,
  "rollH20": 1.14275,
  "rollL20": 1.14153,
  "up2": false,
  "dn2": false,
  "source": "twelvedata_repo"
}