{
  "datetime": "2026-05-01 23:20:00",
  "open": 1.17225,
  "high": 1.1725,
  "low": 1.1721,
  "close": 1.17223,
  "rollH20": 1.17266,
  "rollL20": 1.1716,
  "up2": false,
  "dn2": false,
  "source": "twelvedata_repo"
}