{
  "datetime": "2026-04-18 00:35:00",
  "open": 1.17869,
  "high": 1.17926,
  "low": 1.17867,
  "close": 1.17926,
  "rollH20": 1.17952,
  "rollL20": 1.17766,
  "up2": false,
  "dn2": false,
  "source": "twelvedata_repo"
}