{
  "datetime": "2025-11-11 20:50:00",
  "open": 1.15884,
  "high": 1.15887,
  "low": 1.15861,
  "close": 1.15863,
  "rollH20": 1.15958,
  "rollL20": 1.15874,
  "up2": false,
  "dn2": false,
  "source": "twelvedata_repo"
}