{
  "datetime": "2026-05-11 07:15:00",
  "open": 1.17579,
  "high": 1.17582,
  "low": 1.17567,
  "close": 1.17569,
  "rollH20": 1.17585,
  "rollL20": 1.17492,
  "up2": false,
  "dn2": false,
  "source": "twelvedata_repo"
}