{
  "datetime": "2025-12-22 07:15:00",
  "open": 1.17175,
  "high": 1.17198,
  "low": 1.17175,
  "close": 1.17191,
  "rollH20": 1.17224,
  "rollL20": 1.1716,
  "up2": false,
  "dn2": false,
  "source": "twelvedata_repo"
}