{
  "datetime": "2026-05-05 06:05:00",
  "open": 1.16798,
  "high": 1.168,
  "low": 1.16784,
  "close": 1.16799,
  "rollH20": 1.16884,
  "rollL20": 1.16769,
  "up2": false,
  "dn2": false,
  "source": "twelvedata_repo"
}