{
  "datetime": "2026-03-07 18:55:00",
  "open": 1.16187,
  "high": 1.16191,
  "low": 1.16185,
  "close": 1.16189,
  "rollH20": 1.16199,
  "rollL20": 1.16179,
  "up2": false,
  "dn2": false,
  "source": "twelvedata_repo"
}