{
  "datetime": "2026-04-27 12:55:00",
  "open": 1.17389,
  "high": 1.17412,
  "low": 1.17386,
  "close": 1.17411,
  "rollH20": 1.17477,
  "rollL20": 1.17389,
  "up2": false,
  "dn2": false,
  "source": "twelvedata_repo"
}