{
  "datetime": "2026-02-20 18:00:00",
  "open": 1.17797,
  "high": 1.17807,
  "low": 1.17797,
  "close": 1.17807,
  "rollH20": 1.17872,
  "rollL20": 1.17671,
  "up2": false,
  "dn2": false,
  "source": "twelvedata_repo"
}