{
  "datetime": "2026-01-13 19:00:00",
  "open": 1.16457,
  "high": 1.16467,
  "low": 1.16456,
  "close": 1.1646,
  "rollH20": 1.16492,
  "rollL20": 1.16358,
  "up2": false,
  "dn2": false,
  "source": "twelvedata_repo"
}