{
  "datetime": "2026-03-31 20:25:00",
  "open": 1.15439,
  "high": 1.15442,
  "low": 1.15421,
  "close": 1.15424,
  "rollH20": 1.15551,
  "rollL20": 1.15398,
  "up2": false,
  "dn2": false,
  "source": "twelvedata_repo"
}