{
  "datetime": "2026-03-21 03:50:00",
  "open": 1.15915,
  "high": 1.1592,
  "low": 1.15913,
  "close": 1.15917,
  "rollH20": 1.1592,
  "rollL20": 1.15908,
  "up2": false,
  "dn2": false,
  "source": "twelvedata_repo"
}