{
  "datetime": "2026-04-24 06:55:00",
  "open": 1.16817,
  "high": 1.16823,
  "low": 1.16817,
  "close": 1.16823,
  "rollH20": 1.16834,
  "rollL20": 1.16771,
  "up2": false,
  "dn2": false,
  "source": "twelvedata_repo"
}