{
  "datetime": "2026-02-14 21:35:00",
  "open": 1.18531,
  "high": 1.18536,
  "low": 1.18529,
  "close": 1.18533,
  "rollH20": 1.186,
  "rollL20": 1.18451,
  "up2": false,
  "dn2": false,
  "source": "twelvedata_repo"
}