{
  "datetime": "2026-03-20 11:25:00",
  "open": 1.15698,
  "high": 1.15712,
  "low": 1.15688,
  "close": 1.15712,
  "rollH20": 1.15699,
  "rollL20": 1.15364,
  "up2": false,
  "dn2": false,
  "source": "twelvedata_repo"
}