{
  "datetime": "2026-05-03 17:45:00",
  "open": 1.17205,
  "high": 1.17223,
  "low": 1.17199,
  "close": 1.17205,
  "rollH20": 1.17299,
  "rollL20": 1.17168,
  "up2": false,
  "dn2": false,
  "source": "twelvedata_repo"
}