{
  "datetime": "2026-02-11 22:50:00",
  "open": 1.18716,
  "high": 1.18718,
  "low": 1.18709,
  "close": 1.18715,
  "rollH20": 1.18783,
  "rollL20": 1.18691,
  "up2": false,
  "dn2": false,
  "source": "twelvedata_repo"
}