{
  "datetime": "2025-10-27 15:40:00",
  "open": 1.16376,
  "high": 1.16379,
  "low": 1.16362,
  "close": 1.16366,
  "rollH20": 1.16421,
  "rollL20": 1.16324,
  "up2": false,
  "dn2": false,
  "source": "twelvedata_repo"
}