{
  "datetime": "2026-01-14 06:00:00",
  "open": 1.16443,
  "high": 1.16456,
  "low": 1.16442,
  "close": 1.16453,
  "rollH20": 1.16494,
  "rollL20": 1.16438,
  "up2": false,
  "dn2": false,
  "source": "twelvedata_repo"
}