{
  "datetime": "2026-03-14 11:20:00",
  "open": 1.14249,
  "high": 1.14249,
  "low": 1.14201,
  "close": 1.14217,
  "rollH20": 1.14377,
  "rollL20": 1.14121,
  "up2": false,
  "dn2": false,
  "source": "twelvedata_repo"
}