{
  "datetime": "2026-05-24 16:00:00",
  "open": 1.16033,
  "high": 1.16035,
  "low": 1.16008,
  "close": 1.16012,
  "rollH20": 1.16064,
  "rollL20": 1.16003,
  "up2": false,
  "dn2": false,
  "source": "twelvedata_repo"
}