{
  "datetime": "2026-02-19 18:25:00",
  "open": 1.17706,
  "high": 1.17723,
  "low": 1.17703,
  "close": 1.17717,
  "rollH20": 1.17716,
  "rollL20": 1.17564,
  "up2": false,
  "dn2": false,
  "source": "twelvedata_repo"
}