{
  "datetime": "2026-06-06 23:25:00",
  "open": 1.15217,
  "high": 1.15221,
  "low": 1.15213,
  "close": 1.15217,
  "rollH20": 1.15246,
  "rollL20": 1.15203,
  "up2": false,
  "dn2": false,
  "source": "twelvedata_repo"
}