{
  "datetime": "2026-02-18 21:35:00",
  "open": 1.17866,
  "high": 1.17869,
  "low": 1.17854,
  "close": 1.17859,
  "rollH20": 1.17905,
  "rollL20": 1.17826,
  "up2": false,
  "dn2": false,
  "source": "twelvedata_repo"
}