{
  "datetime": "2026-06-06 21:10:00",
  "open": 1.15218,
  "high": 1.15221,
  "low": 1.15213,
  "close": 1.1522,
  "rollH20": 1.15245,
  "rollL20": 1.15203,
  "up2": false,
  "dn2": false,
  "source": "twelvedata_repo"
}