{
  "datetime": "2025-09-23 06:40:00",
  "open": 1.18036,
  "high": 1.18036,
  "low": 1.17998,
  "close": 1.18011,
  "rollH20": 1.18076,
  "rollL20": 1.1795,
  "up2": false,
  "dn2": false,
  "source": "twelvedata_repo"
}