{
  "datetime": "2026-03-05 20:35:00",
  "open": 1.16056,
  "high": 1.1609,
  "low": 1.16056,
  "close": 1.16074,
  "rollH20": 1.16089,
  "rollL20": 1.15708,
  "up2": false,
  "dn2": false,
  "source": "twelvedata_repo"
}