{
  "datetime": "2026-03-08 02:10:00",
  "open": 1.16191,
  "high": 1.16193,
  "low": 1.16191,
  "close": 1.16193,
  "rollH20": 1.16205,
  "rollL20": 1.16173,
  "up2": false,
  "dn2": false,
  "source": "twelvedata_repo"
}