{
  "datetime": "2026-01-28 22:30:00",
  "open": 1.1944,
  "high": 1.1944,
  "low": 1.19432,
  "close": 1.19433,
  "rollH20": 1.1953,
  "rollL20": 1.19284,
  "up2": false,
  "dn2": false,
  "source": "twelvedata_repo"
}