{
  "datetime": "2026-03-08 21:25:00",
  "open": 1.15558,
  "high": 1.15561,
  "low": 1.1554,
  "close": 1.15546,
  "rollH20": 1.1588,
  "rollL20": 1.15381,
  "up2": false,
  "dn2": false,
  "source": "twelvedata_repo"
}