{
  "datetime": "2025-11-05 16:45:00",
  "open": 1.14769,
  "high": 1.1481,
  "low": 1.14759,
  "close": 1.14793,
  "rollH20": 1.14925,
  "rollL20": 1.14704,
  "up2": false,
  "dn2": false,
  "source": "twelvedata_repo"
}