{
  "datetime": "2025-12-16 16:45:00",
  "open": 1.17784,
  "high": 1.17784,
  "low": 1.17779,
  "close": 1.17779,
  "rollH20": 1.18017,
  "rollL20": 1.17727,
  "up2": false,
  "dn2": false,
  "source": "twelvedata_repo"
}