{
  "datetime": "2026-06-28 12:25:00",
  "open": 1.13924,
  "high": 1.13928,
  "low": 1.13923,
  "close": 1.13927,
  "rollH20": 1.13941,
  "rollL20": 1.1392,
  "up2": false,
  "dn2": false,
  "source": "twelvedata_repo"
}