{
  "datetime": "2026-05-08 22:50:00",
  "open": 1.17888,
  "high": 1.179,
  "low": 1.17852,
  "close": 1.17889,
  "rollH20": 1.1793,
  "rollL20": 1.17813,
  "up2": false,
  "dn2": false,
  "source": "twelvedata_repo"
}