{
  "datetime": "2026-05-21 08:45:00",
  "open": 1.16024,
  "high": 1.16058,
  "low": 1.16024,
  "close": 1.16057,
  "rollH20": 1.16267,
  "rollL20": 1.15945,
  "up2": false,
  "dn2": false,
  "source": "twelvedata_repo"
}