{
  "datetime": "2026-02-11 13:25:00",
  "open": 1.19036,
  "high": 1.19043,
  "low": 1.19034,
  "close": 1.19039,
  "rollH20": 1.19268,
  "rollL20": 1.1903,
  "up2": false,
  "dn2": false,
  "source": "twelvedata_repo"
}