{
  "datetime": "2025-12-25 17:55:00",
  "open": 1.17866,
  "high": 1.17866,
  "low": 1.17816,
  "close": 1.1784,
  "rollH20": 1.17891,
  "rollL20": 1.17794,
  "up2": false,
  "dn2": false,
  "source": "twelvedata_repo"
}