{
  "datetime": "2026-06-28 15:35:00",
  "open": 1.13862,
  "high": 1.13866,
  "low": 1.1386,
  "close": 1.13862,
  "rollH20": 1.13904,
  "rollL20": 1.13834,
  "up2": false,
  "dn2": false,
  "source": "twelvedata_repo"
}