{
  "datetime": "2025-09-05 08:55:00",
  "open": 1.16766,
  "high": 1.16781,
  "low": 1.16763,
  "close": 1.16778,
  "rollH20": 1.16779,
  "rollL20": 1.16658,
  "up2": false,
  "dn2": false,
  "source": "twelvedata_repo"
}