{
  "datetime": "2025-10-14 08:00:00",
  "open": 1.15696,
  "high": 1.15729,
  "low": 1.15696,
  "close": 1.15711,
  "rollH20": 1.15935,
  "rollL20": 1.15629,
  "up2": false,
  "dn2": false,
  "source": "twelvedata_repo"
}