{
  "datetime": "2026-01-12 11:05:00",
  "open": 1.16829,
  "high": 1.16843,
  "low": 1.16826,
  "close": 1.16832,
  "rollH20": 1.16956,
  "rollL20": 1.1677,
  "up2": false,
  "dn2": false,
  "source": "twelvedata_repo"
}