{
  "datetime": "2026-04-24 15:50:00",
  "open": 1.17093,
  "high": 1.17099,
  "low": 1.17092,
  "close": 1.17099,
  "rollH20": 1.1716,
  "rollL20": 1.16996,
  "up2": false,
  "dn2": false,
  "source": "twelvedata_repo"
}