{
  "datetime": "2026-01-15 21:35:00",
  "open": 1.1605,
  "high": 1.16054,
  "low": 1.16023,
  "close": 1.16036,
  "rollH20": 1.16178,
  "rollL20": 1.16042,
  "up2": false,
  "dn2": false,
  "source": "twelvedata_repo"
}