{
  "datetime": "2026-01-14 10:35:00",
  "open": 1.16512,
  "high": 1.16534,
  "low": 1.1651,
  "close": 1.16525,
  "rollH20": 1.16517,
  "rollL20": 1.16417,
  "up2": false,
  "dn2": false,
  "source": "twelvedata_repo"
}