{
  "datetime": "2026-07-01 00:45:00",
  "open": 1.14162,
  "high": 1.14162,
  "low": 1.14149,
  "close": 1.14153,
  "rollH20": 1.14235,
  "rollL20": 1.14158,
  "up2": false,
  "dn2": false,
  "source": "twelvedata_repo"
}