{
  "datetime": "2025-12-30 20:40:00",
  "open": 1.17516,
  "high": 1.17526,
  "low": 1.17514,
  "close": 1.17514,
  "rollH20": 1.17604,
  "rollL20": 1.17487,
  "up2": false,
  "dn2": false,
  "source": "twelvedata_repo"
}