{
  "datetime": "2025-11-20 23:25:00",
  "open": 1.15304,
  "high": 1.15307,
  "low": 1.15304,
  "close": 1.15305,
  "rollH20": 1.15308,
  "rollL20": 1.1524,
  "up2": false,
  "dn2": false,
  "source": "twelvedata_repo"
}