{
  "datetime": "2026-04-18 02:15:00",
  "open": 1.1763,
  "high": 1.17658,
  "low": 1.17629,
  "close": 1.17648,
  "rollH20": 1.17969,
  "rollL20": 1.17629,
  "up2": false,
  "dn2": false,
  "source": "twelvedata_repo"
}