{
  "datetime": "2026-06-17 23:45:00",
  "open": 1.15055,
  "high": 1.15055,
  "low": 1.15043,
  "close": 1.15049,
  "rollH20": 1.15058,
  "rollL20": 1.15007,
  "up2": false,
  "dn2": false,
  "source": "twelvedata_repo"
}