{
  "datetime": "2025-10-08 15:45:00",
  "open": 1.16325,
  "high": 1.16354,
  "low": 1.16313,
  "close": 1.16328,
  "rollH20": 1.16445,
  "rollL20": 1.16274,
  "up2": false,
  "dn2": false,
  "source": "twelvedata_repo"
}