{
  "datetime": "2026-01-20 18:45:00",
  "open": 1.1734,
  "high": 1.17342,
  "low": 1.1731,
  "close": 1.17316,
  "rollH20": 1.17436,
  "rollL20": 1.17281,
  "up2": false,
  "dn2": false,
  "source": "twelvedata_repo"
}