{
  "datetime": "2025-12-17 21:50:00",
  "open": 1.17461,
  "high": 1.17466,
  "low": 1.17456,
  "close": 1.17457,
  "rollH20": 1.1747,
  "rollL20": 1.17412,
  "up2": false,
  "dn2": false,
  "source": "twelvedata_repo"
}