{
  "datetime": "2025-10-14 16:40:00",
  "open": 1.15914,
  "high": 1.15955,
  "low": 1.15912,
  "close": 1.15934,
  "rollH20": 1.15973,
  "rollL20": 1.1569,
  "up2": false,
  "dn2": false,
  "source": "twelvedata_repo"
}