{
  "datetime": "2025-10-02 06:30:00",
  "open": 1.17316,
  "high": 1.17322,
  "low": 1.17304,
  "close": 1.17307,
  "rollH20": 1.1737,
  "rollL20": 1.17295,
  "up2": false,
  "dn2": false,
  "source": "twelvedata_repo"
}