{
  "datetime": "2025-12-29 20:35:00",
  "open": 1.17628,
  "high": 1.17633,
  "low": 1.17625,
  "close": 1.17627,
  "rollH20": 1.17633,
  "rollL20": 1.17508,
  "up2": false,
  "dn2": false,
  "source": "twelvedata_repo"
}