{
  "datetime": "2025-10-22 07:45:00",
  "open": 1.16119,
  "high": 1.16142,
  "low": 1.16117,
  "close": 1.16138,
  "rollH20": 1.16156,
  "rollL20": 1.16043,
  "up2": false,
  "dn2": false,
  "source": "twelvedata_repo"
}