{
  "datetime": "2026-06-28 16:35:00",
  "open": 1.13848,
  "high": 1.13853,
  "low": 1.13847,
  "close": 1.13851,
  "rollH20": 1.13884,
  "rollL20": 1.13817,
  "up2": false,
  "dn2": false,
  "source": "twelvedata_repo"
}