{
  "datetime": "2026-01-28 10:30:00",
  "open": 1.19838,
  "high": 1.19863,
  "low": 1.19823,
  "close": 1.19863,
  "rollH20": 1.20034,
  "rollL20": 1.19716,
  "up2": false,
  "dn2": false,
  "source": "twelvedata_repo"
}