{
  "datetime": "2026-04-12 15:20:00",
  "open": 1.17216,
  "high": 1.1722,
  "low": 1.17216,
  "close": 1.17217,
  "rollH20": 1.17312,
  "rollL20": 1.17215,
  "up2": false,
  "dn2": false,
  "source": "twelvedata_repo"
}