{
  "datetime": "2025-09-26 14:40:00",
  "open": 1.16853,
  "high": 1.16874,
  "low": 1.16829,
  "close": 1.16858,
  "rollH20": 1.1694,
  "rollL20": 1.16667,
  "up2": false,
  "dn2": false,
  "source": "twelvedata_repo"
}