{
  "datetime": "2025-09-16 12:55:00",
  "open": 1.18189,
  "high": 1.18213,
  "low": 1.18189,
  "close": 1.18199,
  "rollH20": 1.18203,
  "rollL20": 1.18013,
  "up2": false,
  "dn2": false,
  "source": "twelvedata_repo"
}