{
  "datetime": "2025-10-01 06:35:00",
  "open": 1.17591,
  "high": 1.17604,
  "low": 1.17589,
  "close": 1.17592,
  "rollH20": 1.17668,
  "rollL20": 1.17374,
  "up2": false,
  "dn2": false,
  "source": "twelvedata_repo"
}