{
  "datetime": "2026-03-16 15:40:00",
  "open": 1.14978,
  "high": 1.15,
  "low": 1.14975,
  "close": 1.14991,
  "rollH20": 1.15016,
  "rollL20": 1.14813,
  "up2": false,
  "dn2": false,
  "source": "twelvedata_repo"
}