{
  "datetime": "2026-02-02 16:00:00",
  "open": 1.1824,
  "high": 1.1824,
  "low": 1.18094,
  "close": 1.18112,
  "rollH20": 1.18334,
  "rollL20": 1.18074,
  "up2": false,
  "dn2": false,
  "source": "twelvedata_repo"
}