{
  "datetime": "2025-09-19 21:55:00",
  "open": 1.17432,
  "high": 1.17442,
  "low": 1.17427,
  "close": 1.1744,
  "rollH20": 1.17507,
  "rollL20": 1.17406,
  "up2": false,
  "dn2": false,
  "source": "twelvedata_repo"
}