{
  "datetime": "2025-09-23 18:45:00",
  "open": 1.18148,
  "high": 1.18164,
  "low": 1.18147,
  "close": 1.18151,
  "rollH20": 1.18173,
  "rollL20": 1.17928,
  "up2": false,
  "dn2": false,
  "source": "twelvedata_repo"
}