{
  "datetime": "2025-10-07 15:45:00",
  "open": 1.16562,
  "high": 1.16583,
  "low": 1.16561,
  "close": 1.16582,
  "rollH20": 1.167,
  "rollL20": 1.16547,
  "up2": false,
  "dn2": false,
  "source": "twelvedata_repo"
}