{
  "datetime": "2026-02-08 22:55:00",
  "open": 1.18135,
  "high": 1.18135,
  "low": 1.18128,
  "close": 1.18135,
  "rollH20": 1.18196,
  "rollL20": 1.18134,
  "up2": false,
  "dn2": false,
  "source": "twelvedata_repo"
}