{
  "datetime": "2026-02-13 12:30:00",
  "open": 1.18582,
  "high": 1.18582,
  "low": 1.18567,
  "close": 1.18569,
  "rollH20": 1.18664,
  "rollL20": 1.18537,
  "up2": false,
  "dn2": false,
  "source": "twelvedata_repo"
}