{
  "datetime": "2026-04-21 00:05:00",
  "open": 1.17898,
  "high": 1.179,
  "low": 1.17882,
  "close": 1.17886,
  "rollH20": 1.1791,
  "rollL20": 1.17858,
  "up2": false,
  "dn2": false,
  "source": "twelvedata_repo"
}