{
  "datetime": "2026-02-05 00:40:00",
  "open": 1.18053,
  "high": 1.18055,
  "low": 1.18045,
  "close": 1.18049,
  "rollH20": 1.18083,
  "rollL20": 1.18038,
  "up2": false,
  "dn2": false,
  "source": "twelvedata_repo"
}