{
  "datetime": "2026-01-26 12:15:00",
  "open": 1.18548,
  "high": 1.18549,
  "low": 1.18547,
  "close": 1.18549,
  "rollH20": 1.18665,
  "rollL20": 1.18533,
  "up2": false,
  "dn2": false,
  "source": "twelvedata_repo"
}