{
  "datetime": "2026-04-30 18:00:00",
  "open": 1.17258,
  "high": 1.17318,
  "low": 1.17258,
  "close": 1.17307,
  "rollH20": 1.17356,
  "rollL20": 1.17232,
  "up2": false,
  "dn2": false,
  "source": "twelvedata_repo"
}