{
  "datetime": "2026-01-06 23:30:00",
  "open": 1.1688,
  "high": 1.16885,
  "low": 1.16879,
  "close": 1.16883,
  "rollH20": 1.16925,
  "rollL20": 1.16852,
  "up2": false,
  "dn2": false,
  "source": "twelvedata_repo"
}