{
  "datetime": "2026-03-26 04:30:00",
  "open": 1.15678,
  "high": 1.15682,
  "low": 1.15676,
  "close": 1.15682,
  "rollH20": 1.15677,
  "rollL20": 1.15562,
  "up2": false,
  "dn2": false,
  "source": "twelvedata_repo"
}