{
  "datetime": "2026-07-05 06:10:00",
  "open": 1.14422,
  "high": 1.14426,
  "low": 1.14422,
  "close": 1.14424,
  "rollH20": 1.14439,
  "rollL20": 1.14409,
  "up2": false,
  "dn2": false,
  "source": "twelvedata_repo"
}