{
  "datetime": "2026-06-04 06:25:00",
  "open": 1.16068,
  "high": 1.16068,
  "low": 1.16058,
  "close": 1.16064,
  "rollH20": 1.16124,
  "rollL20": 1.16029,
  "up2": false,
  "dn2": false,
  "source": "twelvedata_repo"
}