{
  "datetime": "2026-04-10 06:35:00",
  "open": 1.16901,
  "high": 1.16905,
  "low": 1.16895,
  "close": 1.16899,
  "rollH20": 1.1697,
  "rollL20": 1.1688,
  "up2": false,
  "dn2": false,
  "source": "twelvedata_repo"
}