{
  "datetime": "2025-12-17 15:50:00",
  "open": 1.17428,
  "high": 1.17429,
  "low": 1.17428,
  "close": 1.17429,
  "rollH20": 1.17429,
  "rollL20": 1.17209,
  "up2": false,
  "dn2": false,
  "source": "twelvedata_repo"
}