{
  "datetime": "2025-09-01 09:45:00",
  "open": 1.17268,
  "high": 1.1731,
  "low": 1.17264,
  "close": 1.17301,
  "rollH20": 1.17275,
  "rollL20": 1.17152,
  "up2": false,
  "dn2": false,
  "source": "twelvedata_repo"
}