{
  "datetime": "2026-02-16 12:45:00",
  "open": 1.18565,
  "high": 1.18568,
  "low": 1.18554,
  "close": 1.18559,
  "rollH20": 1.18666,
  "rollL20": 1.18554,
  "up2": false,
  "dn2": false,
  "source": "twelvedata_repo"
}