{
  "datetime": "2025-11-21 05:15:00",
  "open": 1.15403,
  "high": 1.15417,
  "low": 1.15403,
  "close": 1.15417,
  "rollH20": 1.15409,
  "rollL20": 1.15328,
  "up2": false,
  "dn2": false,
  "source": "twelvedata_repo"
}