{
  "datetime": "2026-05-07 14:40:00",
  "open": 1.17722,
  "high": 1.17727,
  "low": 1.17707,
  "close": 1.17708,
  "rollH20": 1.17779,
  "rollL20": 1.17664,
  "up2": false,
  "dn2": false,
  "source": "twelvedata_repo"
}