{
  "datetime": "2026-02-26 19:10:00",
  "open": 1.17867,
  "high": 1.1788,
  "low": 1.17867,
  "close": 1.1788,
  "rollH20": 1.17874,
  "rollL20": 1.1774,
  "up2": false,
  "dn2": false,
  "source": "twelvedata_repo"
}