{
  "datetime": "2025-12-18 23:40:00",
  "open": 1.17248,
  "high": 1.17252,
  "low": 1.17246,
  "close": 1.17246,
  "rollH20": 1.17255,
  "rollL20": 1.17205,
  "up2": false,
  "dn2": false,
  "source": "twelvedata_repo"
}