{
  "datetime": "2026-03-19 07:40:00",
  "open": 1.1463,
  "high": 1.14643,
  "low": 1.1459,
  "close": 1.14607,
  "rollH20": 1.1476,
  "rollL20": 1.14528,
  "up2": false,
  "dn2": false,
  "source": "twelvedata_repo"
}