{
  "datetime": "2026-05-17 15:40:00",
  "open": 1.16244,
  "high": 1.16248,
  "low": 1.16243,
  "close": 1.16246,
  "rollH20": 1.16294,
  "rollL20": 1.16203,
  "up2": false,
  "dn2": false,
  "source": "twelvedata_repo"
}