{
  "datetime": "2025-11-12 17:40:00",
  "open": 1.15925,
  "high": 1.15945,
  "low": 1.15918,
  "close": 1.15945,
  "rollH20": 1.15982,
  "rollL20": 1.15729,
  "up2": false,
  "dn2": false,
  "source": "twelvedata_repo"
}