{
  "datetime": "2025-12-04 06:35:00",
  "open": 1.16589,
  "high": 1.16603,
  "low": 1.16588,
  "close": 1.16603,
  "rollH20": 1.16594,
  "rollL20": 1.16559,
  "up2": false,
  "dn2": false,
  "source": "twelvedata_repo"
}