{
  "datetime": "2025-09-18 05:45:00",
  "open": 1.18023,
  "high": 1.18023,
  "low": 1.18017,
  "close": 1.1802,
  "rollH20": 1.182,
  "rollL20": 1.18019,
  "up2": false,
  "dn2": false,
  "source": "twelvedata_repo"
}