{
  "datetime": "2025-12-11 14:50:00",
  "open": 1.17337,
  "high": 1.17368,
  "low": 1.17333,
  "close": 1.1735,
  "rollH20": 1.17336,
  "rollL20": 1.17112,
  "up2": false,
  "dn2": false,
  "source": "twelvedata_repo"
}