{
  "datetime": "2025-10-02 12:20:00",
  "open": 1.17518,
  "high": 1.17522,
  "low": 1.17513,
  "close": 1.1752,
  "rollH20": 1.1756,
  "rollL20": 1.17462,
  "up2": false,
  "dn2": false,
  "source": "twelvedata_repo"
}