{
  "datetime": "2026-03-13 17:30:00",
  "open": 1.14443,
  "high": 1.14447,
  "low": 1.14424,
  "close": 1.14437,
  "rollH20": 1.14493,
  "rollL20": 1.14357,
  "up2": false,
  "dn2": false,
  "source": "twelvedata_repo"
}