{
  "datetime": "2025-12-15 00:10:00",
  "open": 1.1739,
  "high": 1.17401,
  "low": 1.1738,
  "close": 1.17392,
  "rollH20": 1.17434,
  "rollL20": 1.17354,
  "up2": false,
  "dn2": false,
  "source": "twelvedata_repo"
}