{
  "datetime": "2025-11-07 18:55:00",
  "open": 1.15796,
  "high": 1.15822,
  "low": 1.15796,
  "close": 1.15816,
  "rollH20": 1.1582,
  "rollL20": 1.15722,
  "up2": false,
  "dn2": false,
  "source": "twelvedata_repo"
}