{
  "datetime": "2026-02-25 14:30:00",
  "open": 1.17822,
  "high": 1.17835,
  "low": 1.17821,
  "close": 1.17826,
  "rollH20": 1.179,
  "rollL20": 1.17738,
  "up2": false,
  "dn2": false,
  "source": "twelvedata_repo"
}