{
  "datetime": "2025-11-19 05:40:00",
  "open": 1.15811,
  "high": 1.15811,
  "low": 1.15801,
  "close": 1.15801,
  "rollH20": 1.15875,
  "rollL20": 1.15773,
  "up2": false,
  "dn2": false,
  "source": "twelvedata_repo"
}