{
  "datetime": "2026-05-07 05:10:00",
  "open": 1.17505,
  "high": 1.17514,
  "low": 1.175,
  "close": 1.17501,
  "rollH20": 1.17582,
  "rollL20": 1.17483,
  "up2": false,
  "dn2": false,
  "source": "twelvedata_repo"
}