{
  "datetime": "2025-12-09 11:40:00",
  "open": 1.16435,
  "high": 1.16439,
  "low": 1.16417,
  "close": 1.16424,
  "rollH20": 1.16575,
  "rollL20": 1.16437,
  "up2": false,
  "dn2": false,
  "source": "twelvedata_repo"
}