{
  "datetime": "2026-04-08 12:00:00",
  "open": 1.16908,
  "high": 1.16911,
  "low": 1.16861,
  "close": 1.16888,
  "rollH20": 1.16922,
  "rollL20": 1.16788,
  "up2": false,
  "dn2": false,
  "source": "twelvedata_repo"
}