{
  "datetime": "2026-05-15 23:10:00",
  "open": 1.16247,
  "high": 1.16252,
  "low": 1.1623,
  "close": 1.1625,
  "rollH20": 1.16261,
  "rollL20": 1.16212,
  "up2": false,
  "dn2": false,
  "source": "twelvedata_repo"
}