{
  "datetime": "2026-02-24 16:40:00",
  "open": 1.17865,
  "high": 1.17877,
  "low": 1.17862,
  "close": 1.17873,
  "rollH20": 1.17899,
  "rollL20": 1.17671,
  "up2": false,
  "dn2": false,
  "source": "twelvedata_repo"
}