{
  "datetime": "2026-04-13 15:20:00",
  "open": 1.17064,
  "high": 1.17088,
  "low": 1.17063,
  "close": 1.17083,
  "rollH20": 1.1709,
  "rollL20": 1.16866,
  "up2": false,
  "dn2": false,
  "source": "twelvedata_repo"
}