{
  "datetime": "2026-04-16 03:40:00",
  "open": 1.1807,
  "high": 1.18088,
  "low": 1.1807,
  "close": 1.18088,
  "rollH20": 1.18091,
  "rollL20": 1.17973,
  "up2": false,
  "dn2": false,
  "source": "twelvedata_repo"
}