{
  "datetime": "2026-07-12 16:05:00",
  "open": 1.14103,
  "high": 1.14108,
  "low": 1.14102,
  "close": 1.14102,
  "rollH20": 1.14206,
  "rollL20": 1.14074,
  "up2": false,
  "dn2": false,
  "source": "twelvedata_repo"
}