{
  "datetime": "2025-11-14 12:40:00",
  "open": 1.16162,
  "high": 1.1617,
  "low": 1.16159,
  "close": 1.16163,
  "rollH20": 1.16219,
  "rollL20": 1.1609,
  "up2": false,
  "dn2": false,
  "source": "twelvedata_repo"
}