{
  "datetime": "2026-04-01 16:15:00",
  "open": 1.16158,
  "high": 1.16161,
  "low": 1.16157,
  "close": 1.16159,
  "rollH20": 1.1626,
  "rollL20": 1.16068,
  "up2": false,
  "dn2": false,
  "source": "twelvedata_repo"
}