{
  "datetime": "2026-04-18 14:10:00",
  "open": 1.17696,
  "high": 1.17701,
  "low": 1.17695,
  "close": 1.17696,
  "rollH20": 1.17754,
  "rollL20": 1.17632,
  "up2": false,
  "dn2": false,
  "source": "twelvedata_repo"
}