{
  "datetime": "2025-09-19 08:55:00",
  "open": 1.17716,
  "high": 1.17735,
  "low": 1.17713,
  "close": 1.17714,
  "rollH20": 1.17781,
  "rollL20": 1.17574,
  "up2": false,
  "dn2": false,
  "source": "twelvedata_repo"
}