{
  "datetime": "2025-12-07 23:05:00",
  "open": 1.16406,
  "high": 1.16408,
  "low": 1.16399,
  "close": 1.16399,
  "rollH20": 1.16481,
  "rollL20": 1.16396,
  "up2": false,
  "dn2": false,
  "source": "twelvedata_repo"
}