{
  "datetime": "2026-04-20 06:10:00",
  "open": 1.17597,
  "high": 1.176,
  "low": 1.17581,
  "close": 1.17587,
  "rollH20": 1.17626,
  "rollL20": 1.17568,
  "up2": false,
  "dn2": false,
  "source": "twelvedata_repo"
}