{
  "datetime": "2026-03-28 17:25:00",
  "open": 1.15394,
  "high": 1.15398,
  "low": 1.15393,
  "close": 1.15394,
  "rollH20": 1.15403,
  "rollL20": 1.15319,
  "up2": false,
  "dn2": false,
  "source": "twelvedata_repo"
}