{
  "datetime": "2025-11-25 10:45:00",
  "open": 1.15361,
  "high": 1.15366,
  "low": 1.15361,
  "close": 1.15363,
  "rollH20": 1.15369,
  "rollL20": 1.15215,
  "up2": false,
  "dn2": false,
  "source": "twelvedata_repo"
}