{
  "datetime": "2025-10-13 20:20:00",
  "open": 1.15734,
  "high": 1.15736,
  "low": 1.1573,
  "close": 1.15734,
  "rollH20": 1.15776,
  "rollL20": 1.15658,
  "up2": false,
  "dn2": false,
  "source": "twelvedata_repo"
}