{
  "datetime": "2026-03-14 21:40:00",
  "open": 1.14653,
  "high": 1.14657,
  "low": 1.14652,
  "close": 1.14652,
  "rollH20": 1.14676,
  "rollL20": 1.14549,
  "up2": false,
  "dn2": false,
  "source": "twelvedata_repo"
}