{
  "datetime": "2026-01-16 06:10:00",
  "open": 1.16109,
  "high": 1.16115,
  "low": 1.16095,
  "close": 1.16095,
  "rollH20": 1.16142,
  "rollL20": 1.16088,
  "up2": false,
  "dn2": false,
  "source": "twelvedata_repo"
}