{
  "datetime": "2026-04-03 17:55:00",
  "open": 1.15215,
  "high": 1.15215,
  "low": 1.15214,
  "close": 1.15215,
  "rollH20": 1.15276,
  "rollL20": 1.15185,
  "up2": false,
  "dn2": false,
  "source": "twelvedata_repo"
}