{
  "datetime": "2025-10-23 08:30:00",
  "open": 1.1596,
  "high": 1.15969,
  "low": 1.15945,
  "close": 1.15956,
  "rollH20": 1.16038,
  "rollL20": 1.15907,
  "up2": false,
  "dn2": false,
  "source": "twelvedata_repo"
}