{
  "datetime": "2025-12-19 06:30:00",
  "open": 1.17198,
  "high": 1.17203,
  "low": 1.17188,
  "close": 1.17192,
  "rollH20": 1.17224,
  "rollL20": 1.17159,
  "up2": false,
  "dn2": false,
  "source": "twelvedata_repo"
}