{
  "datetime": "2026-07-13 04:10:00",
  "open": 1.13923,
  "high": 1.13928,
  "low": 1.13908,
  "close": 1.13911,
  "rollH20": 1.14006,
  "rollL20": 1.13878,
  "up2": false,
  "dn2": false,
  "source": "twelvedata_repo"
}