{
  "datetime": "2025-11-12 05:45:00",
  "open": 1.15727,
  "high": 1.15727,
  "low": 1.15705,
  "close": 1.15716,
  "rollH20": 1.15816,
  "rollL20": 1.15708,
  "up2": false,
  "dn2": false,
  "source": "twelvedata_repo"
}