{
  "datetime": "2026-01-27 15:50:00",
  "open": 1.19415,
  "high": 1.19416,
  "low": 1.19411,
  "close": 1.19413,
  "rollH20": 1.19537,
  "rollL20": 1.19148,
  "up2": false,
  "dn2": false,
  "source": "twelvedata_repo"
}