{
  "datetime": "2026-07-04 17:15:00",
  "open": 1.14387,
  "high": 1.1439,
  "low": 1.14386,
  "close": 1.1439,
  "rollH20": 1.1444,
  "rollL20": 1.14354,
  "up2": false,
  "dn2": false,
  "source": "twelvedata_repo"
}