{
  "datetime": "2026-04-04 09:00:00",
  "open": 1.15198,
  "high": 1.15199,
  "low": 1.1516,
  "close": 1.15174,
  "rollH20": 1.15209,
  "rollL20": 1.15141,
  "up2": false,
  "dn2": false,
  "source": "twelvedata_repo"
}