{
  "datetime": "2026-03-14 12:20:00",
  "open": 1.14171,
  "high": 1.14172,
  "low": 1.14167,
  "close": 1.14168,
  "rollH20": 1.1471,
  "rollL20": 1.14147,
  "up2": false,
  "dn2": false,
  "source": "twelvedata_repo"
}