{
  "datetime": "2026-01-07 13:50:00",
  "open": 1.16859,
  "high": 1.16869,
  "low": 1.16855,
  "close": 1.16869,
  "rollH20": 1.1693,
  "rollL20": 1.16816,
  "up2": false,
  "dn2": false,
  "source": "twelvedata_repo"
}