{
  "datetime": "2026-04-20 11:00:00",
  "open": 1.17653,
  "high": 1.17658,
  "low": 1.17652,
  "close": 1.17658,
  "rollH20": 1.17656,
  "rollL20": 1.17561,
  "up2": false,
  "dn2": false,
  "source": "twelvedata_repo"
}