{
  "datetime": "2026-04-22 22:10:00",
  "open": 1.1706,
  "high": 1.17064,
  "low": 1.17056,
  "close": 1.17057,
  "rollH20": 1.17109,
  "rollL20": 1.17035,
  "up2": false,
  "dn2": false,
  "source": "twelvedata_repo"
}