{
  "datetime": "2025-10-21 18:10:00",
  "open": 1.16085,
  "high": 1.16085,
  "low": 1.16082,
  "close": 1.16083,
  "rollH20": 1.16242,
  "rollL20": 1.16055,
  "up2": false,
  "dn2": false,
  "source": "twelvedata_repo"
}