{
  "datetime": "2026-05-05 07:00:00",
  "open": 1.16833,
  "high": 1.16852,
  "low": 1.16818,
  "close": 1.16834,
  "rollH20": 1.16873,
  "rollL20": 1.16769,
  "up2": false,
  "dn2": false,
  "source": "twelvedata_repo"
}