{
  "datetime": "2026-02-28 19:20:00",
  "open": 1.18161,
  "high": 1.18165,
  "low": 1.18161,
  "close": 1.18161,
  "rollH20": 1.18166,
  "rollL20": 1.18146,
  "up2": false,
  "dn2": false,
  "source": "twelvedata_repo"
}