{
  "datetime": "2026-04-08 16:50:00",
  "open": 1.1691,
  "high": 1.16926,
  "low": 1.1691,
  "close": 1.16922,
  "rollH20": 1.17026,
  "rollL20": 1.16857,
  "up2": false,
  "dn2": false,
  "source": "twelvedata_repo"
}