{
  "datetime": "2025-09-16 18:40:00",
  "open": 1.18708,
  "high": 1.18709,
  "low": 1.18683,
  "close": 1.18694,
  "rollH20": 1.18782,
  "rollL20": 1.18463,
  "up2": false,
  "dn2": false,
  "source": "twelvedata_repo"
}