{
  "datetime": "2026-02-05 21:55:00",
  "open": 1.17819,
  "high": 1.17823,
  "low": 1.17813,
  "close": 1.17818,
  "rollH20": 1.17975,
  "rollL20": 1.17799,
  "up2": false,
  "dn2": false,
  "source": "twelvedata_repo"
}