{
  "datetime": "2026-07-10 23:25:00",
  "open": 1.14167,
  "high": 1.14185,
  "low": 1.14159,
  "close": 1.14179,
  "rollH20": 1.1421,
  "rollL20": 1.14078,
  "up2": false,
  "dn2": false,
  "source": "twelvedata_repo"
}