{
  "datetime": "2026-04-22 21:50:00",
  "open": 1.17074,
  "high": 1.17075,
  "low": 1.17064,
  "close": 1.17072,
  "rollH20": 1.17112,
  "rollL20": 1.17035,
  "up2": false,
  "dn2": false,
  "source": "twelvedata_repo"
}