{
  "datetime": "2026-06-26 23:00:00",
  "open": 1.13919,
  "high": 1.13921,
  "low": 1.1389,
  "close": 1.13919,
  "rollH20": 1.13951,
  "rollL20": 1.13816,
  "up2": false,
  "dn2": false,
  "source": "twelvedata_repo"
}