{
  "datetime": "2026-07-10 22:15:00",
  "open": 1.14145,
  "high": 1.14176,
  "low": 1.14145,
  "close": 1.14169,
  "rollH20": 1.1421,
  "rollL20": 1.14078,
  "up2": false,
  "dn2": false,
  "source": "twelvedata_repo"
}