{
  "datetime": "2026-06-03 11:35:00",
  "open": 1.16163,
  "high": 1.1617,
  "low": 1.16155,
  "close": 1.16169,
  "rollH20": 1.16233,
  "rollL20": 1.16086,
  "up2": false,
  "dn2": false,
  "source": "twelvedata_repo"
}