{
  "datetime": "2026-03-03 15:00:00",
  "open": 1.15675,
  "high": 1.15696,
  "low": 1.15661,
  "close": 1.15696,
  "rollH20": 1.16042,
  "rollL20": 1.15675,
  "up2": false,
  "dn2": false,
  "source": "twelvedata_repo"
}