{
  "datetime": "2026-01-07 21:20:00",
  "open": 1.16829,
  "high": 1.16833,
  "low": 1.16829,
  "close": 1.16833,
  "rollH20": 1.16898,
  "rollL20": 1.16791,
  "up2": false,
  "dn2": false,
  "source": "twelvedata_repo"
}