{
  "datetime": "2026-06-25 18:50:00",
  "open": 1.13731,
  "high": 1.13756,
  "low": 1.13731,
  "close": 1.13752,
  "rollH20": 1.13867,
  "rollL20": 1.13719,
  "up2": false,
  "dn2": false,
  "source": "twelvedata_repo"
}