{
  "datetime": "2025-11-21 09:55:00",
  "open": 1.15455,
  "high": 1.15455,
  "low": 1.15455,
  "close": 1.15455,
  "rollH20": 1.1552,
  "rollL20": 1.15344,
  "up2": false,
  "dn2": false,
  "source": "twelvedata_repo"
}