{
  "datetime": "2026-03-24 17:55:00",
  "open": 1.1587,
  "high": 1.15871,
  "low": 1.15869,
  "close": 1.15871,
  "rollH20": 1.15955,
  "rollL20": 1.15758,
  "up2": false,
  "dn2": false,
  "source": "twelvedata_repo"
}