{
  "datetime": "2025-11-14 11:50:00",
  "open": 1.16179,
  "high": 1.16186,
  "low": 1.16176,
  "close": 1.16179,
  "rollH20": 1.16315,
  "rollL20": 1.16128,
  "up2": false,
  "dn2": false,
  "source": "twelvedata_repo"
}