{
  "datetime": "2026-06-22 18:10:00",
  "open": 1.14322,
  "high": 1.14335,
  "low": 1.14309,
  "close": 1.14315,
  "rollH20": 1.14423,
  "rollL20": 1.14254,
  "up2": false,
  "dn2": false,
  "source": "twelvedata_repo"
}