{
  "datetime": "2025-09-08 18:40:00",
  "open": 1.17449,
  "high": 1.17452,
  "low": 1.17419,
  "close": 1.17426,
  "rollH20": 1.17521,
  "rollL20": 1.17346,
  "up2": false,
  "dn2": false,
  "source": "twelvedata_repo"
}