{
  "datetime": "2026-01-11 21:30:00",
  "open": 1.16388,
  "high": 1.16391,
  "low": 1.1637,
  "close": 1.1637,
  "rollH20": 1.16428,
  "rollL20": 1.16349,
  "up2": false,
  "dn2": false,
  "source": "twelvedata_repo"
}