{
  "datetime": "2025-11-14 09:55:00",
  "open": 1.16311,
  "high": 1.16328,
  "low": 1.16309,
  "close": 1.16324,
  "rollH20": 1.16464,
  "rollL20": 1.16206,
  "up2": false,
  "dn2": false,
  "source": "twelvedata_repo"
}