{
  "datetime": "2025-10-01 12:10:00",
  "open": 1.17279,
  "high": 1.17308,
  "low": 1.17266,
  "close": 1.17301,
  "rollH20": 1.17449,
  "rollL20": 1.17159,
  "up2": false,
  "dn2": false,
  "source": "twelvedata_repo"
}