{
  "datetime": "2026-01-07 09:35:00",
  "open": 1.16785,
  "high": 1.16823,
  "low": 1.16785,
  "close": 1.16822,
  "rollH20": 1.16993,
  "rollL20": 1.1674,
  "up2": false,
  "dn2": false,
  "source": "twelvedata_repo"
}