{
  "datetime": "2025-10-23 12:35:00",
  "open": 1.15914,
  "high": 1.15929,
  "low": 1.1589,
  "close": 1.15895,
  "rollH20": 1.15947,
  "rollL20": 1.15854,
  "up2": false,
  "dn2": false,
  "source": "twelvedata_repo"
}