{
  "datetime": "2025-11-27 14:45:00",
  "open": 1.15895,
  "high": 1.15906,
  "low": 1.15895,
  "close": 1.15906,
  "rollH20": 1.15943,
  "rollL20": 1.15818,
  "up2": false,
  "dn2": false,
  "source": "twelvedata_repo"
}