{
  "datetime": "2026-01-20 20:15:00",
  "open": 1.17217,
  "high": 1.17248,
  "low": 1.17217,
  "close": 1.17247,
  "rollH20": 1.17363,
  "rollL20": 1.17212,
  "up2": false,
  "dn2": false,
  "source": "twelvedata_repo"
}