{
  "datetime": "2025-12-08 16:55:00",
  "open": 1.1627,
  "high": 1.16274,
  "low": 1.16242,
  "close": 1.16242,
  "rollH20": 1.16543,
  "rollL20": 1.16186,
  "up2": false,
  "dn2": false,
  "source": "twelvedata_repo"
}