{
  "datetime": "2026-01-13 16:55:00",
  "open": 1.16532,
  "high": 1.16551,
  "low": 1.16504,
  "close": 1.16506,
  "rollH20": 1.16689,
  "rollL20": 1.16454,
  "up2": false,
  "dn2": false,
  "source": "twelvedata_repo"
}