{
  "datetime": "2026-01-07 12:30:00",
  "open": 1.169,
  "high": 1.16913,
  "low": 1.169,
  "close": 1.16902,
  "rollH20": 1.16941,
  "rollL20": 1.16829,
  "up2": false,
  "dn2": false,
  "source": "twelvedata_repo"
}