{
  "datetime": "2026-03-14 18:15:00",
  "open": 1.1443,
  "high": 1.14431,
  "low": 1.1443,
  "close": 1.14431,
  "rollH20": 1.14702,
  "rollL20": 1.14325,
  "up2": false,
  "dn2": false,
  "source": "twelvedata_repo"
}