{
  "datetime": "2025-10-27 08:25:00",
  "open": 1.16229,
  "high": 1.16238,
  "low": 1.16213,
  "close": 1.16214,
  "rollH20": 1.16322,
  "rollL20": 1.16212,
  "up2": false,
  "dn2": false,
  "source": "twelvedata_repo"
}