{
  "datetime": "2026-06-08 06:05:00",
  "open": 1.15341,
  "high": 1.15354,
  "low": 1.15341,
  "close": 1.15352,
  "rollH20": 1.15352,
  "rollL20": 1.15266,
  "up2": false,
  "dn2": false,
  "source": "twelvedata_repo"
}