{
  "datetime": "2026-01-08 16:35:00",
  "open": 1.16692,
  "high": 1.16705,
  "low": 1.16692,
  "close": 1.16705,
  "rollH20": 1.16731,
  "rollL20": 1.16571,
  "up2": false,
  "dn2": false,
  "source": "twelvedata_repo"
}