{
  "datetime": "2026-04-13 16:35:00",
  "open": 1.17052,
  "high": 1.17072,
  "low": 1.17049,
  "close": 1.17066,
  "rollH20": 1.17194,
  "rollL20": 1.17018,
  "up2": false,
  "dn2": false,
  "source": "twelvedata_repo"
}