{
  "datetime": "2026-01-19 08:10:00",
  "open": 1.16354,
  "high": 1.16357,
  "low": 1.16343,
  "close": 1.16345,
  "rollH20": 1.16389,
  "rollL20": 1.16259,
  "up2": false,
  "dn2": false,
  "source": "twelvedata_repo"
}