{
  "datetime": "2025-09-22 12:45:00",
  "open": 1.17761,
  "high": 1.17762,
  "low": 1.17735,
  "close": 1.17755,
  "rollH20": 1.17857,
  "rollL20": 1.17694,
  "up2": false,
  "dn2": false,
  "source": "twelvedata_repo"
}