{
  "datetime": "2026-01-17 09:45:00",
  "open": 1.15942,
  "high": 1.15993,
  "low": 1.1594,
  "close": 1.15957,
  "rollH20": 1.1599,
  "rollL20": 1.15937,
  "up2": false,
  "dn2": false,
  "source": "twelvedata_repo"
}