{
  "datetime": "2026-02-17 05:35:00",
  "open": 1.18414,
  "high": 1.18414,
  "low": 1.18403,
  "close": 1.18404,
  "rollH20": 1.18431,
  "rollL20": 1.18374,
  "up2": false,
  "dn2": false,
  "source": "twelvedata_repo"
}