{
  "datetime": "2025-10-03 16:25:00",
  "open": 1.17443,
  "high": 1.17472,
  "low": 1.17442,
  "close": 1.17462,
  "rollH20": 1.17586,
  "rollL20": 1.17342,
  "up2": false,
  "dn2": false,
  "source": "twelvedata_repo"
}