{
  "datetime": "2025-11-06 10:55:00",
  "open": 1.15131,
  "high": 1.15149,
  "low": 1.15131,
  "close": 1.15132,
  "rollH20": 1.15232,
  "rollL20": 1.15061,
  "up2": false,
  "dn2": false,
  "source": "twelvedata_repo"
}