{
  "datetime": "2026-05-20 21:10:00",
  "open": 1.16279,
  "high": 1.16282,
  "low": 1.16271,
  "close": 1.16279,
  "rollH20": 1.16356,
  "rollL20": 1.16265,
  "up2": false,
  "dn2": false,
  "source": "twelvedata_repo"
}