{
  "datetime": "2026-07-07 23:40:00",
  "open": 1.14041,
  "high": 1.14054,
  "low": 1.14036,
  "close": 1.14052,
  "rollH20": 1.14162,
  "rollL20": 1.14025,
  "up2": false,
  "dn2": false,
  "source": "twelvedata_repo"
}