{
  "datetime": "2025-11-10 10:10:00",
  "open": 1.15712,
  "high": 1.15714,
  "low": 1.1567,
  "close": 1.15684,
  "rollH20": 1.1583,
  "rollL20": 1.15611,
  "up2": false,
  "dn2": false,
  "source": "twelvedata_repo"
}