{
  "datetime": "2025-10-23 19:35:00",
  "open": 1.16154,
  "high": 1.16156,
  "low": 1.16149,
  "close": 1.16155,
  "rollH20": 1.16156,
  "rollL20": 1.1605,
  "up2": false,
  "dn2": false,
  "source": "twelvedata_repo"
}