{
  "datetime": "2026-03-01 04:25:00",
  "open": 1.1817,
  "high": 1.18175,
  "low": 1.18165,
  "close": 1.18165,
  "rollH20": 1.18175,
  "rollL20": 1.18161,
  "up2": false,
  "dn2": false,
  "source": "twelvedata_repo"
}