{
  "datetime": "2025-12-31 12:40:00",
  "open": 1.17461,
  "high": 1.17461,
  "low": 1.17456,
  "close": 1.17457,
  "rollH20": 1.17463,
  "rollL20": 1.17289,
  "up2": false,
  "dn2": false,
  "source": "twelvedata_repo"
}