{
  "datetime": "2025-09-29 06:30:00",
  "open": 1.17275,
  "high": 1.17275,
  "low": 1.17272,
  "close": 1.17274,
  "rollH20": 1.17332,
  "rollL20": 1.17226,
  "up2": false,
  "dn2": false,
  "source": "twelvedata_repo"
}