{
  "datetime": "2026-02-16 05:30:00",
  "open": 1.18641,
  "high": 1.18644,
  "low": 1.18626,
  "close": 1.18627,
  "rollH20": 1.18682,
  "rollL20": 1.18608,
  "up2": false,
  "dn2": false,
  "source": "twelvedata_repo"
}