{
  "datetime": "2026-04-26 02:45:00",
  "open": 1.17223,
  "high": 1.17228,
  "low": 1.17222,
  "close": 1.17222,
  "rollH20": 1.17228,
  "rollL20": 1.17204,
  "up2": false,
  "dn2": false,
  "source": "twelvedata_repo"
}