{
  "datetime": "2026-03-18 04:55:00",
  "open": 1.15415,
  "high": 1.15418,
  "low": 1.15407,
  "close": 1.15407,
  "rollH20": 1.15426,
  "rollL20": 1.15326,
  "up2": false,
  "dn2": false,
  "source": "twelvedata_repo"
}