{
  "datetime": "2026-04-30 00:05:00",
  "open": 1.16777,
  "high": 1.16778,
  "low": 1.16776,
  "close": 1.16778,
  "rollH20": 1.16791,
  "rollL20": 1.16711,
  "up2": false,
  "dn2": false,
  "source": "twelvedata_repo"
}