{
  "datetime": "2026-02-07 14:55:00",
  "open": 1.18166,
  "high": 1.18171,
  "low": 1.18164,
  "close": 1.18165,
  "rollH20": 1.18171,
  "rollL20": 1.18083,
  "up2": false,
  "dn2": false,
  "source": "twelvedata_repo"
}