{
  "datetime": "2025-09-18 21:40:00",
  "open": 1.17836,
  "high": 1.17849,
  "low": 1.17835,
  "close": 1.17848,
  "rollH20": 1.17911,
  "rollL20": 1.17812,
  "up2": false,
  "dn2": false,
  "source": "twelvedata_repo"
}