{
  "datetime": "2025-08-28 14:55:00",
  "open": 1.16711,
  "high": 1.16767,
  "low": 1.16704,
  "close": 1.16759,
  "rollH20": 1.16872,
  "rollL20": 1.16583,
  "up2": false,
  "dn2": false,
  "source": "twelvedata_repo"
}