{
  "datetime": "2026-01-07 20:30:00",
  "open": 1.16797,
  "high": 1.16807,
  "low": 1.16791,
  "close": 1.16796,
  "rollH20": 1.16908,
  "rollL20": 1.16794,
  "up2": false,
  "dn2": false,
  "source": "twelvedata_repo"
}