{
  "datetime": "2025-12-23 12:45:00",
  "open": 1.17976,
  "high": 1.17982,
  "low": 1.17974,
  "close": 1.17982,
  "rollH20": 1.18005,
  "rollL20": 1.17922,
  "up2": false,
  "dn2": false,
  "source": "twelvedata_repo"
}