{
  "datetime": "2026-01-23 09:40:00",
  "open": 1.17397,
  "high": 1.17448,
  "low": 1.17394,
  "close": 1.17448,
  "rollH20": 1.17448,
  "rollL20": 1.17288,
  "up2": false,
  "dn2": false,
  "source": "twelvedata_repo"
}