{
  "datetime": "2025-10-16 07:55:00",
  "open": 1.16537,
  "high": 1.1655,
  "low": 1.16537,
  "close": 1.16546,
  "rollH20": 1.16676,
  "rollL20": 1.16521,
  "up2": false,
  "dn2": false,
  "source": "twelvedata_repo"
}