{
  "datetime": "2026-01-11 12:40:00",
  "open": 1.16345,
  "high": 1.16349,
  "low": 1.16337,
  "close": 1.1634,
  "rollH20": 1.1635,
  "rollL20": 1.16343,
  "up2": false,
  "dn2": false,
  "source": "twelvedata_repo"
}