{
  "datetime": "2025-12-12 16:50:00",
  "open": 1.17387,
  "high": 1.17389,
  "low": 1.1737,
  "close": 1.1737,
  "rollH20": 1.1745,
  "rollL20": 1.17241,
  "up2": false,
  "dn2": false,
  "source": "twelvedata_repo"
}