{
  "datetime": "2026-01-29 00:45:00",
  "open": 1.19712,
  "high": 1.19742,
  "low": 1.19708,
  "close": 1.19731,
  "rollH20": 1.19772,
  "rollL20": 1.19536,
  "up2": false,
  "dn2": false,
  "source": "twelvedata_repo"
}