{
  "datetime": "2025-10-09 05:45:00",
  "open": 1.16435,
  "high": 1.16443,
  "low": 1.16435,
  "close": 1.1644,
  "rollH20": 1.16462,
  "rollL20": 1.16405,
  "up2": false,
  "dn2": false,
  "source": "twelvedata_repo"
}