{
  "datetime": "2026-01-06 11:20:00",
  "open": 1.17123,
  "high": 1.17143,
  "low": 1.17123,
  "close": 1.17142,
  "rollH20": 1.17323,
  "rollL20": 1.17086,
  "up2": false,
  "dn2": false,
  "source": "twelvedata_repo"
}