{
  "datetime": "2025-11-18 06:45:00",
  "open": 1.1598,
  "high": 1.15991,
  "low": 1.15979,
  "close": 1.15991,
  "rollH20": 1.16034,
  "rollL20": 1.15888,
  "up2": false,
  "dn2": false,
  "source": "twelvedata_repo"
}