{
  "datetime": "2025-10-16 08:55:00",
  "open": 1.16493,
  "high": 1.1651,
  "low": 1.16432,
  "close": 1.16471,
  "rollH20": 1.16676,
  "rollL20": 1.1644,
  "up2": false,
  "dn2": false,
  "source": "twelvedata_repo"
}