{
  "datetime": "2026-01-24 22:15:00",
  "open": 1.18244,
  "high": 1.18247,
  "low": 1.18244,
  "close": 1.18246,
  "rollH20": 1.1825,
  "rollL20": 1.18229,
  "up2": false,
  "dn2": false,
  "source": "twelvedata_repo"
}