{
  "datetime": "2026-04-02 12:45:00",
  "open": 1.15166,
  "high": 1.15169,
  "low": 1.15147,
  "close": 1.15149,
  "rollH20": 1.15237,
  "rollL20": 1.15093,
  "up2": false,
  "dn2": false,
  "source": "twelvedata_repo"
}