{
  "datetime": "2026-04-05 21:25:00",
  "open": 1.15193,
  "high": 1.15231,
  "low": 1.15165,
  "close": 1.15208,
  "rollH20": 1.15249,
  "rollL20": 1.144,
  "up2": false,
  "dn2": false,
  "source": "twelvedata_repo"
}