{
  "datetime": "2026-04-08 20:10:00",
  "open": 1.16494,
  "high": 1.16518,
  "low": 1.16493,
  "close": 1.16511,
  "rollH20": 1.16796,
  "rollL20": 1.16458,
  "up2": false,
  "dn2": false,
  "source": "twelvedata_repo"
}