{
  "datetime": "2026-04-24 23:20:00",
  "open": 1.17225,
  "high": 1.17231,
  "low": 1.17215,
  "close": 1.1722,
  "rollH20": 1.1726,
  "rollL20": 1.17177,
  "up2": false,
  "dn2": false,
  "source": "twelvedata_repo"
}