{
  "datetime": "2026-07-17 14:35:00",
  "open": 1.14289,
  "high": 1.14315,
  "low": 1.14289,
  "close": 1.14314,
  "rollH20": 1.14354,
  "rollL20": 1.14239,
  "up2": false,
  "dn2": false,
  "source": "twelvedata_repo"
}