{
  "datetime": "2026-01-26 21:20:00",
  "open": 1.18822,
  "high": 1.1883,
  "low": 1.18817,
  "close": 1.18822,
  "rollH20": 1.18869,
  "rollL20": 1.18703,
  "up2": false,
  "dn2": false,
  "source": "twelvedata_repo"
}