{
  "datetime": "2026-03-29 23:10:00",
  "open": 1.14946,
  "high": 1.14952,
  "low": 1.14945,
  "close": 1.1495,
  "rollH20": 1.15131,
  "rollL20": 1.14887,
  "up2": false,
  "dn2": false,
  "source": "twelvedata_repo"
}