{
  "datetime": "2025-09-03 10:40:00",
  "open": 1.16626,
  "high": 1.16645,
  "low": 1.1661,
  "close": 1.16637,
  "rollH20": 1.16641,
  "rollL20": 1.1635,
  "up2": false,
  "dn2": false,
  "source": "twelvedata_repo"
}