{
  "datetime": "2026-01-30 13:20:00",
  "open": 1.19473,
  "high": 1.19474,
  "low": 1.19473,
  "close": 1.19473,
  "rollH20": 1.19544,
  "rollL20": 1.19168,
  "up2": false,
  "dn2": false,
  "source": "twelvedata_repo"
}