{
  "datetime": "2025-11-11 08:55:00",
  "open": 1.1558,
  "high": 1.15596,
  "low": 1.1558,
  "close": 1.15596,
  "rollH20": 1.15624,
  "rollL20": 1.15501,
  "up2": false,
  "dn2": false,
  "source": "twelvedata_repo"
}