{
  "datetime": "2025-09-17 08:45:00",
  "open": 1.18442,
  "high": 1.18459,
  "low": 1.1844,
  "close": 1.18453,
  "rollH20": 1.18596,
  "rollL20": 1.18381,
  "up2": false,
  "dn2": false,
  "source": "twelvedata_repo"
}