{
  "datetime": "2026-04-08 15:15:00",
  "open": 1.16983,
  "high": 1.16985,
  "low": 1.16959,
  "close": 1.16962,
  "rollH20": 1.17208,
  "rollL20": 1.16886,
  "up2": false,
  "dn2": false,
  "source": "twelvedata_repo"
}