{
  "datetime": "2026-06-04 04:50:00",
  "open": 1.16032,
  "high": 1.16048,
  "low": 1.16031,
  "close": 1.16044,
  "rollH20": 1.16114,
  "rollL20": 1.16027,
  "up2": false,
  "dn2": false,
  "source": "twelvedata_repo"
}