{
  "datetime": "2025-11-24 22:45:00",
  "open": 1.15216,
  "high": 1.15222,
  "low": 1.15215,
  "close": 1.15219,
  "rollH20": 1.15283,
  "rollL20": 1.15196,
  "up2": false,
  "dn2": false,
  "source": "twelvedata_repo"
}