{
  "datetime": "2026-06-12 19:30:00",
  "open": 1.15755,
  "high": 1.15762,
  "low": 1.15753,
  "close": 1.15755,
  "rollH20": 1.1577,
  "rollL20": 1.15723,
  "up2": false,
  "dn2": false,
  "source": "twelvedata_repo"
}