{
  "datetime": "2025-10-16 18:15:00",
  "open": 1.16901,
  "high": 1.16919,
  "low": 1.16893,
  "close": 1.16901,
  "rollH20": 1.169,
  "rollL20": 1.16611,
  "up2": false,
  "dn2": false,
  "source": "twelvedata_repo"
}