{
  "datetime": "2026-04-08 01:55:00",
  "open": 1.16732,
  "high": 1.16735,
  "low": 1.16698,
  "close": 1.16709,
  "rollH20": 1.16939,
  "rollL20": 1.16673,
  "up2": false,
  "dn2": false,
  "source": "twelvedata_repo"
}