{
  "datetime": "2026-05-30 20:35:00",
  "open": 1.16596,
  "high": 1.16598,
  "low": 1.16596,
  "close": 1.16598,
  "rollH20": 1.16602,
  "rollL20": 1.16588,
  "up2": false,
  "dn2": false,
  "source": "twelvedata_repo"
}