{
  "datetime": "2025-11-05 15:45:00",
  "open": 1.1485,
  "high": 1.14868,
  "low": 1.14844,
  "close": 1.1485,
  "rollH20": 1.14932,
  "rollL20": 1.14689,
  "up2": false,
  "dn2": false,
  "source": "twelvedata_repo"
}