{
  "datetime": "2026-07-17 21:45:00",
  "open": 1.14375,
  "high": 1.1438,
  "low": 1.14368,
  "close": 1.1437,
  "rollH20": 1.14427,
  "rollL20": 1.14343,
  "up2": false,
  "dn2": false,
  "source": "twelvedata_repo"
}