{
  "datetime": "2026-07-03 19:00:00",
  "open": 1.14409,
  "high": 1.14418,
  "low": 1.14403,
  "close": 1.14417,
  "rollH20": 1.14422,
  "rollL20": 1.1435,
  "up2": false,
  "dn2": false,
  "source": "twelvedata_repo"
}