{
  "datetime": "2026-01-07 02:45:00",
  "open": 1.16981,
  "high": 1.16985,
  "low": 1.16979,
  "close": 1.16985,
  "rollH20": 1.16987,
  "rollL20": 1.16861,
  "up2": false,
  "dn2": false,
  "source": "twelvedata_repo"
}