{
  "datetime": "2025-10-14 10:30:00",
  "open": 1.156,
  "high": 1.15613,
  "low": 1.15583,
  "close": 1.15598,
  "rollH20": 1.15628,
  "rollL20": 1.15456,
  "up2": false,
  "dn2": false,
  "source": "twelvedata_repo"
}