{
  "datetime": "2026-07-21 05:45:00",
  "open": 1.14168,
  "high": 1.14173,
  "low": 1.14159,
  "close": 1.14171,
  "rollH20": 1.14173,
  "rollL20": 1.14093,
  "up2": false,
  "dn2": false,
  "source": "twelvedata_repo"
}