{
  "datetime": "2026-07-04 19:30:00",
  "open": 1.14404,
  "high": 1.14417,
  "low": 1.14384,
  "close": 1.14392,
  "rollH20": 1.14456,
  "rollL20": 1.14352,
  "up2": false,
  "dn2": false,
  "source": "twelvedata_repo"
}