{
  "datetime": "2025-09-05 00:55:00",
  "open": 1.16566,
  "high": 1.1657,
  "low": 1.16555,
  "close": 1.16561,
  "rollH20": 1.16581,
  "rollL20": 1.16484,
  "up2": false,
  "dn2": false,
  "source": "twelvedata_repo"
}