{
  "datetime": "2026-04-03 08:40:00",
  "open": 1.15446,
  "high": 1.15461,
  "low": 1.15445,
  "close": 1.15458,
  "rollH20": 1.15465,
  "rollL20": 1.15354,
  "up2": false,
  "dn2": false,
  "source": "twelvedata_repo"
}