{
  "datetime": "2025-11-12 20:15:00",
  "open": 1.1586,
  "high": 1.15864,
  "low": 1.15858,
  "close": 1.15861,
  "rollH20": 1.15956,
  "rollL20": 1.15857,
  "up2": false,
  "dn2": false,
  "source": "twelvedata_repo"
}