{
  "datetime": "2026-01-15 18:35:00",
  "open": 1.16127,
  "high": 1.16144,
  "low": 1.16124,
  "close": 1.16137,
  "rollH20": 1.16128,
  "rollL20": 1.15993,
  "up2": false,
  "dn2": false,
  "source": "twelvedata_repo"
}