{
  "datetime": "2025-09-16 20:35:00",
  "open": 1.18602,
  "high": 1.18604,
  "low": 1.18598,
  "close": 1.18604,
  "rollH20": 1.1871,
  "rollL20": 1.18601,
  "up2": false,
  "dn2": false,
  "source": "twelvedata_repo"
}