{
  "datetime": "2026-06-01 16:05:00",
  "open": 1.16182,
  "high": 1.16192,
  "low": 1.16168,
  "close": 1.1619,
  "rollH20": 1.16309,
  "rollL20": 1.16075,
  "up2": false,
  "dn2": false,
  "source": "twelvedata_repo"
}