{
  "datetime": "2026-04-02 20:00:00",
  "open": 1.1538,
  "high": 1.15397,
  "low": 1.15379,
  "close": 1.15382,
  "rollH20": 1.15498,
  "rollL20": 1.15336,
  "up2": false,
  "dn2": false,
  "source": "twelvedata_repo"
}