{
  "datetime": "2026-03-02 11:50:00",
  "open": 1.17398,
  "high": 1.17399,
  "low": 1.17397,
  "close": 1.17399,
  "rollH20": 1.17468,
  "rollL20": 1.17273,
  "up2": false,
  "dn2": false,
  "source": "twelvedata_repo"
}