{
  "datetime": "2025-12-08 00:30:00",
  "open": 1.16437,
  "high": 1.16464,
  "low": 1.16435,
  "close": 1.16454,
  "rollH20": 1.16471,
  "rollL20": 1.16394,
  "up2": false,
  "dn2": false,
  "source": "twelvedata_repo"
}