{
  "datetime": "2026-03-10 23:10:00",
  "open": 1.16066,
  "high": 1.16074,
  "low": 1.16066,
  "close": 1.16074,
  "rollH20": 1.16143,
  "rollL20": 1.16034,
  "up2": false,
  "dn2": false,
  "source": "twelvedata_repo"
}