{
  "datetime": "2025-11-06 05:20:00",
  "open": 1.15078,
  "high": 1.15078,
  "low": 1.15077,
  "close": 1.15077,
  "rollH20": 1.15081,
  "rollL20": 1.15031,
  "up2": false,
  "dn2": false,
  "source": "twelvedata_repo"
}