{
  "datetime": "2026-04-08 23:20:00",
  "open": 1.16631,
  "high": 1.16634,
  "low": 1.16608,
  "close": 1.16614,
  "rollH20": 1.16674,
  "rollL20": 1.1661,
  "up2": false,
  "dn2": false,
  "source": "twelvedata_repo"
}