{
  "datetime": "2025-11-13 20:30:00",
  "open": 1.16375,
  "high": 1.1639,
  "low": 1.16369,
  "close": 1.16383,
  "rollH20": 1.16539,
  "rollL20": 1.16369,
  "up2": false,
  "dn2": false,
  "source": "twelvedata_repo"
}