{
  "datetime": "2026-06-13 18:55:00",
  "open": 1.15677,
  "high": 1.1568,
  "low": 1.15676,
  "close": 1.15679,
  "rollH20": 1.15792,
  "rollL20": 1.15656,
  "up2": false,
  "dn2": false,
  "source": "twelvedata_repo"
}