{
  "datetime": "2026-03-11 05:25:00",
  "open": 1.16318,
  "high": 1.1632,
  "low": 1.16301,
  "close": 1.16309,
  "rollH20": 1.16364,
  "rollL20": 1.16275,
  "up2": false,
  "dn2": false,
  "source": "twelvedata_repo"
}