{
  "datetime": "2025-11-24 19:30:00",
  "open": 1.15209,
  "high": 1.15221,
  "low": 1.15207,
  "close": 1.1522,
  "rollH20": 1.15252,
  "rollL20": 1.15123,
  "up2": false,
  "dn2": false,
  "source": "twelvedata_repo"
}