{
  "datetime": "2026-01-08 16:55:00",
  "open": 1.16674,
  "high": 1.16686,
  "low": 1.1667,
  "close": 1.16675,
  "rollH20": 1.16731,
  "rollL20": 1.16571,
  "up2": false,
  "dn2": false,
  "source": "twelvedata_repo"
}