{
  "datetime": "2025-10-01 17:35:00",
  "open": 1.17207,
  "high": 1.17209,
  "low": 1.17184,
  "close": 1.17184,
  "rollH20": 1.17493,
  "rollL20": 1.17165,
  "up2": false,
  "dn2": false,
  "source": "twelvedata_repo"
}