{
  "datetime": "2026-07-23 19:35:00",
  "open": 1.13758,
  "high": 1.13762,
  "low": 1.1375,
  "close": 1.13751,
  "rollH20": 1.1381,
  "rollL20": 1.13711,
  "up2": false,
  "dn2": false,
  "source": "twelvedata_repo"
}