{
  "datetime": "2026-02-27 17:15:00",
  "open": 1.18206,
  "high": 1.18211,
  "low": 1.18201,
  "close": 1.18208,
  "rollH20": 1.18263,
  "rollL20": 1.18006,
  "up2": false,
  "dn2": false,
  "source": "twelvedata_repo"
}