{
  "datetime": "2025-10-21 11:45:00",
  "open": 1.16091,
  "high": 1.16108,
  "low": 1.16077,
  "close": 1.16077,
  "rollH20": 1.16271,
  "rollL20": 1.16066,
  "up2": false,
  "dn2": false,
  "source": "twelvedata_repo"
}