{
  "datetime": "2025-10-10 07:40:00",
  "open": 1.15674,
  "high": 1.15683,
  "low": 1.15637,
  "close": 1.15662,
  "rollH20": 1.15777,
  "rollL20": 1.15657,
  "up2": false,
  "dn2": false,
  "source": "twelvedata_repo"
}