{
  "datetime": "2025-09-02 08:25:00",
  "open": 1.16751,
  "high": 1.16798,
  "low": 1.1673,
  "close": 1.16735,
  "rollH20": 1.17077,
  "rollL20": 1.1675,
  "up2": false,
  "dn2": false,
  "source": "twelvedata_repo"
}