{
  "datetime": "2026-01-16 00:00:00",
  "open": 1.1608,
  "high": 1.1609,
  "low": 1.16077,
  "close": 1.1609,
  "rollH20": 1.16111,
  "rollL20": 1.16066,
  "up2": false,
  "dn2": false,
  "source": "twelvedata_repo"
}