{
  "datetime": "2026-01-16 02:50:00",
  "open": 1.16078,
  "high": 1.16091,
  "low": 1.16076,
  "close": 1.16082,
  "rollH20": 1.1609,
  "rollL20": 1.16027,
  "up2": false,
  "dn2": false,
  "source": "twelvedata_repo"
}