{
  "datetime": "2026-01-06 02:10:00",
  "open": 1.17158,
  "high": 1.17159,
  "low": 1.17129,
  "close": 1.17136,
  "rollH20": 1.17206,
  "rollL20": 1.17109,
  "up2": false,
  "dn2": false,
  "source": "twelvedata_repo"
}