{
  "datetime": "2026-04-05 23:45:00",
  "open": 1.15116,
  "high": 1.15124,
  "low": 1.15116,
  "close": 1.15124,
  "rollH20": 1.15251,
  "rollL20": 1.15066,
  "up2": false,
  "dn2": false,
  "source": "twelvedata_repo"
}