{
  "datetime": "2025-10-27 18:25:00",
  "open": 1.16363,
  "high": 1.16375,
  "low": 1.16361,
  "close": 1.16374,
  "rollH20": 1.16413,
  "rollL20": 1.16332,
  "up2": false,
  "dn2": false,
  "source": "twelvedata_repo"
}