{
  "datetime": "2025-12-01 11:55:00",
  "open": 1.16272,
  "high": 1.16285,
  "low": 1.16269,
  "close": 1.16277,
  "rollH20": 1.16277,
  "rollL20": 1.16154,
  "up2": false,
  "dn2": false,
  "source": "twelvedata_repo"
}