{
  "datetime": "2025-09-29 14:50:00",
  "open": 1.17511,
  "high": 1.17511,
  "low": 1.17477,
  "close": 1.17479,
  "rollH20": 1.17544,
  "rollL20": 1.17185,
  "up2": false,
  "dn2": false,
  "source": "twelvedata_repo"
}