{
  "datetime": "2026-05-14 23:35:00",
  "open": 1.16704,
  "high": 1.16708,
  "low": 1.16698,
  "close": 1.16706,
  "rollH20": 1.16743,
  "rollL20": 1.16671,
  "up2": false,
  "dn2": false,
  "source": "twelvedata_repo"
}