{
  "datetime": "2026-03-05 11:15:00",
  "open": 1.16127,
  "high": 1.16147,
  "low": 1.16127,
  "close": 1.1614,
  "rollH20": 1.1628,
  "rollL20": 1.16071,
  "up2": false,
  "dn2": false,
  "source": "twelvedata_repo"
}