{
  "datetime": "2025-10-20 21:40:00",
  "open": 1.16441,
  "high": 1.16441,
  "low": 1.16423,
  "close": 1.1643,
  "rollH20": 1.16491,
  "rollL20": 1.16399,
  "up2": false,
  "dn2": false,
  "source": "twelvedata_repo"
}