{
  "datetime": "2026-07-14 18:15:00",
  "open": 1.14254,
  "high": 1.14254,
  "low": 1.14209,
  "close": 1.14214,
  "rollH20": 1.14427,
  "rollL20": 1.14243,
  "up2": false,
  "dn2": false,
  "source": "twelvedata_repo"
}