{
  "datetime": "2026-01-14 08:45:00",
  "open": 1.16491,
  "high": 1.16497,
  "low": 1.16488,
  "close": 1.16489,
  "rollH20": 1.16516,
  "rollL20": 1.16429,
  "up2": false,
  "dn2": false,
  "source": "twelvedata_repo"
}