{
  "datetime": "2026-03-20 06:50:00",
  "open": 1.15627,
  "high": 1.15641,
  "low": 1.15625,
  "close": 1.15636,
  "rollH20": 1.15667,
  "rollL20": 1.15531,
  "up2": false,
  "dn2": false,
  "source": "twelvedata_repo"
}