{
  "datetime": "2025-11-27 08:55:00",
  "open": 1.15895,
  "high": 1.15906,
  "low": 1.15894,
  "close": 1.15906,
  "rollH20": 1.16039,
  "rollL20": 1.1586,
  "up2": false,
  "dn2": false,
  "source": "twelvedata_repo"
}