{
  "datetime": "2026-06-14 23:30:00",
  "open": 1.16089,
  "high": 1.16112,
  "low": 1.16066,
  "close": 1.16072,
  "rollH20": 1.16179,
  "rollL20": 1.15576,
  "up2": false,
  "dn2": false,
  "source": "twelvedata_repo"
}