{
  "datetime": "2026-04-24 13:00:00",
  "open": 1.17152,
  "high": 1.17179,
  "low": 1.17152,
  "close": 1.17174,
  "rollH20": 1.17184,
  "rollL20": 1.16888,
  "up2": false,
  "dn2": false,
  "source": "twelvedata_repo"
}