{
  "datetime": "2026-03-29 19:55:00",
  "open": 1.1511,
  "high": 1.15121,
  "low": 1.15108,
  "close": 1.15117,
  "rollH20": 1.15197,
  "rollL20": 1.14874,
  "up2": false,
  "dn2": false,
  "source": "twelvedata_repo"
}