{
  "datetime": "2025-12-19 04:45:00",
  "open": 1.17189,
  "high": 1.17199,
  "low": 1.17189,
  "close": 1.17198,
  "rollH20": 1.17288,
  "rollL20": 1.17186,
  "up2": false,
  "dn2": false,
  "source": "twelvedata_repo"
}