{
  "datetime": "2025-12-10 00:40:00",
  "open": 1.16273,
  "high": 1.16276,
  "low": 1.16269,
  "close": 1.16269,
  "rollH20": 1.16289,
  "rollL20": 1.16256,
  "up2": false,
  "dn2": false,
  "source": "twelvedata_repo"
}