{
  "datetime": "2026-01-31 09:55:00",
  "open": 1.18606,
  "high": 1.18609,
  "low": 1.18606,
  "close": 1.18608,
  "rollH20": 1.18614,
  "rollL20": 1.18585,
  "up2": false,
  "dn2": false,
  "source": "twelvedata_repo"
}