{
  "datetime": "2026-02-18 17:40:00",
  "open": 1.18037,
  "high": 1.18064,
  "low": 1.18037,
  "close": 1.18056,
  "rollH20": 1.18254,
  "rollL20": 1.18039,
  "up2": false,
  "dn2": false,
  "source": "twelvedata_repo"
}