{
  "datetime": "2026-02-17 19:35:00",
  "open": 1.18443,
  "high": 1.18448,
  "low": 1.1844,
  "close": 1.18445,
  "rollH20": 1.18531,
  "rollL20": 1.18375,
  "up2": false,
  "dn2": false,
  "source": "twelvedata_repo"
}