{
  "datetime": "2025-11-13 08:45:00",
  "open": 1.1603,
  "high": 1.16038,
  "low": 1.1603,
  "close": 1.16038,
  "rollH20": 1.16043,
  "rollL20": 1.15814,
  "up2": false,
  "dn2": false,
  "source": "twelvedata_repo"
}