{
  "datetime": "2026-01-29 13:30:00",
  "open": 1.19517,
  "high": 1.1952,
  "low": 1.19488,
  "close": 1.19499,
  "rollH20": 1.19539,
  "rollL20": 1.19384,
  "up2": false,
  "dn2": false,
  "source": "twelvedata_repo"
}