{
  "datetime": "2026-07-04 13:15:00",
  "open": 1.14384,
  "high": 1.14388,
  "low": 1.14378,
  "close": 1.14386,
  "rollH20": 1.14458,
  "rollL20": 1.14326,
  "up2": false,
  "dn2": false,
  "source": "twelvedata_repo"
}