{
  "datetime": "2026-03-17 09:30:00",
  "open": 1.15235,
  "high": 1.15237,
  "low": 1.15225,
  "close": 1.15227,
  "rollH20": 1.15237,
  "rollL20": 1.14893,
  "up2": false,
  "dn2": false,
  "source": "twelvedata_repo"
}