{
  "datetime": "2026-01-10 07:25:00",
  "open": 1.16406,
  "high": 1.1641,
  "low": 1.16404,
  "close": 1.16406,
  "rollH20": 1.16412,
  "rollL20": 1.16372,
  "up2": false,
  "dn2": false,
  "source": "twelvedata_repo"
}