{
  "datetime": "2026-01-28 08:40:00",
  "open": 1.1991,
  "high": 1.19936,
  "low": 1.19906,
  "close": 1.19914,
  "rollH20": 1.20233,
  "rollL20": 1.19888,
  "up2": false,
  "dn2": false,
  "source": "twelvedata_repo"
}