{
  "datetime": "2026-07-02 13:20:00",
  "open": 1.13983,
  "high": 1.13983,
  "low": 1.13959,
  "close": 1.13966,
  "rollH20": 1.1415,
  "rollL20": 1.13964,
  "up2": false,
  "dn2": false,
  "source": "twelvedata_repo"
}