{
  "datetime": "2026-05-25 10:30:00",
  "open": 1.16439,
  "high": 1.16441,
  "low": 1.16423,
  "close": 1.16437,
  "rollH20": 1.16454,
  "rollL20": 1.16332,
  "up2": false,
  "dn2": false,
  "source": "twelvedata_repo"
}