{
  "datetime": "2026-01-07 09:50:00",
  "open": 1.16855,
  "high": 1.16863,
  "low": 1.16855,
  "close": 1.16859,
  "rollH20": 1.16986,
  "rollL20": 1.1674,
  "up2": false,
  "dn2": false,
  "source": "twelvedata_repo"
}