{
  "datetime": "2025-10-31 02:05:00",
  "open": 1.15758,
  "high": 1.15759,
  "low": 1.15746,
  "close": 1.15755,
  "rollH20": 1.15769,
  "rollL20": 1.15665,
  "up2": false,
  "dn2": false,
  "source": "twelvedata_repo"
}