{
  "datetime": "2026-01-09 09:35:00",
  "open": 1.16444,
  "high": 1.16448,
  "low": 1.16425,
  "close": 1.16429,
  "rollH20": 1.16519,
  "rollL20": 1.16405,
  "up2": false,
  "dn2": false,
  "source": "twelvedata_repo"
}