{
  "datetime": "2026-01-19 15:55:00",
  "open": 1.1641,
  "high": 1.16411,
  "low": 1.16402,
  "close": 1.16402,
  "rollH20": 1.16425,
  "rollL20": 1.16306,
  "up2": false,
  "dn2": false,
  "source": "twelvedata_repo"
}