{
  "datetime": "2026-01-27 02:40:00",
  "open": 1.18754,
  "high": 1.18773,
  "low": 1.18754,
  "close": 1.18772,
  "rollH20": 1.18831,
  "rollL20": 1.18731,
  "up2": false,
  "dn2": false,
  "source": "twelvedata_repo"
}