{
  "datetime": "2026-05-10 16:25:00",
  "open": 1.1781,
  "high": 1.17813,
  "low": 1.1781,
  "close": 1.17812,
  "rollH20": 1.18019,
  "rollL20": 1.17642,
  "up2": false,
  "dn2": false,
  "source": "twelvedata_repo"
}