{
  "datetime": "2026-03-16 05:25:00",
  "open": 1.14409,
  "high": 1.14415,
  "low": 1.14409,
  "close": 1.14412,
  "rollH20": 1.14536,
  "rollL20": 1.14404,
  "up2": false,
  "dn2": false,
  "source": "twelvedata_repo"
}