{
  "datetime": "2026-01-09 07:45:00",
  "open": 1.16521,
  "high": 1.16524,
  "low": 1.16515,
  "close": 1.16524,
  "rollH20": 1.16564,
  "rollL20": 1.16485,
  "up2": false,
  "dn2": false,
  "source": "twelvedata_repo"
}