{
  "datetime": "2026-02-01 23:55:00",
  "open": 1.18488,
  "high": 1.18494,
  "low": 1.18488,
  "close": 1.18494,
  "rollH20": 1.1862,
  "rollL20": 1.18467,
  "up2": false,
  "dn2": false,
  "source": "twelvedata_repo"
}