{
  "datetime": "2026-01-06 07:10:00",
  "open": 1.17317,
  "high": 1.17331,
  "low": 1.17315,
  "close": 1.17328,
  "rollH20": 1.17373,
  "rollL20": 1.17284,
  "up2": false,
  "dn2": false,
  "source": "twelvedata_repo"
}