{
  "datetime": "2026-01-05 15:00:00",
  "open": 1.16736,
  "high": 1.1675,
  "low": 1.16734,
  "close": 1.1675,
  "rollH20": 1.16852,
  "rollL20": 1.16597,
  "up2": false,
  "dn2": false,
  "source": "twelvedata_repo"
}