{
  "datetime": "2025-12-30 01:35:00",
  "open": 1.17739,
  "high": 1.17739,
  "low": 1.1773,
  "close": 1.17735,
  "rollH20": 1.17757,
  "rollL20": 1.17683,
  "up2": false,
  "dn2": false,
  "source": "twelvedata_repo"
}