{
  "datetime": "2025-10-15 05:25:00",
  "open": 1.16188,
  "high": 1.1619,
  "low": 1.16177,
  "close": 1.16185,
  "rollH20": 1.16258,
  "rollL20": 1.16185,
  "up2": false,
  "dn2": false,
  "source": "twelvedata_repo"
}