{
  "datetime": "2026-04-18 19:30:00",
  "open": 1.17688,
  "high": 1.17693,
  "low": 1.17687,
  "close": 1.1769,
  "rollH20": 1.17739,
  "rollL20": 1.1762,
  "up2": false,
  "dn2": false,
  "source": "twelvedata_repo"
}