{
  "datetime": "2026-03-10 19:55:00",
  "open": 1.16134,
  "high": 1.16161,
  "low": 1.16117,
  "close": 1.16144,
  "rollH20": 1.16378,
  "rollL20": 1.161,
  "up2": false,
  "dn2": false,
  "source": "twelvedata_repo"
}