{
  "datetime": "2025-10-27 00:55:00",
  "open": 1.16316,
  "high": 1.16316,
  "low": 1.16301,
  "close": 1.16313,
  "rollH20": 1.16356,
  "rollL20": 1.16261,
  "up2": false,
  "dn2": false,
  "source": "twelvedata_repo"
}