{
  "datetime": "2025-12-10 22:45:00",
  "open": 1.16915,
  "high": 1.16916,
  "low": 1.16905,
  "close": 1.16906,
  "rollH20": 1.17011,
  "rollL20": 1.16852,
  "up2": false,
  "dn2": false,
  "source": "twelvedata_repo"
}