{
  "datetime": "2025-12-22 16:05:00",
  "open": 1.17633,
  "high": 1.17639,
  "low": 1.17611,
  "close": 1.17638,
  "rollH20": 1.17661,
  "rollL20": 1.17451,
  "up2": false,
  "dn2": false,
  "source": "twelvedata_repo"
}