{
  "datetime": "2026-03-04 04:55:00",
  "open": 1.15932,
  "high": 1.15957,
  "low": 1.1593,
  "close": 1.15944,
  "rollH20": 1.16106,
  "rollL20": 1.15926,
  "up2": false,
  "dn2": false,
  "source": "twelvedata_repo"
}