{
  "datetime": "2026-04-01 18:25:00",
  "open": 1.1612,
  "high": 1.16122,
  "low": 1.16082,
  "close": 1.16098,
  "rollH20": 1.16235,
  "rollL20": 1.16062,
  "up2": false,
  "dn2": false,
  "source": "twelvedata_repo"
}