{
  "datetime": "2025-10-17 13:20:00",
  "open": 1.16763,
  "high": 1.16784,
  "low": 1.16759,
  "close": 1.16782,
  "rollH20": 1.17026,
  "rollL20": 1.16742,
  "up2": false,
  "dn2": false,
  "source": "twelvedata_repo"
}