{
  "datetime": "2026-07-22 15:00:00",
  "open": 1.14147,
  "high": 1.14151,
  "low": 1.14129,
  "close": 1.14145,
  "rollH20": 1.14218,
  "rollL20": 1.14047,
  "up2": false,
  "dn2": false,
  "source": "twelvedata_repo"
}