{
  "datetime": "2026-02-24 20:45:00",
  "open": 1.17826,
  "high": 1.17831,
  "low": 1.17825,
  "close": 1.1783,
  "rollH20": 1.17843,
  "rollL20": 1.17763,
  "up2": false,
  "dn2": false,
  "source": "twelvedata_repo"
}