{
  "datetime": "2026-01-09 12:00:00",
  "open": 1.16464,
  "high": 1.1647,
  "low": 1.16462,
  "close": 1.16463,
  "rollH20": 1.16474,
  "rollL20": 1.16383,
  "up2": false,
  "dn2": false,
  "source": "twelvedata_repo"
}