{
  "datetime": "2025-09-26 15:40:00",
  "open": 1.1693,
  "high": 1.16958,
  "low": 1.16923,
  "close": 1.16943,
  "rollH20": 1.16974,
  "rollL20": 1.16782,
  "up2": false,
  "dn2": false,
  "source": "twelvedata_repo"
}