{
  "datetime": "2026-06-21 01:10:00",
  "open": 1.1475,
  "high": 1.14753,
  "low": 1.14747,
  "close": 1.14749,
  "rollH20": 1.14804,
  "rollL20": 1.14739,
  "up2": false,
  "dn2": false,
  "source": "twelvedata_repo"
}