{
  "datetime": "2026-06-24 01:35:00",
  "open": 1.13756,
  "high": 1.13768,
  "low": 1.13756,
  "close": 1.13768,
  "rollH20": 1.13838,
  "rollL20": 1.13736,
  "up2": false,
  "dn2": false,
  "source": "twelvedata_repo"
}