{
  "datetime": "2025-10-15 06:55:00",
  "open": 1.16216,
  "high": 1.16228,
  "low": 1.16204,
  "close": 1.16204,
  "rollH20": 1.16265,
  "rollL20": 1.16169,
  "up2": false,
  "dn2": false,
  "source": "twelvedata_repo"
}