{
  "datetime": "2025-10-01 05:55:00",
  "open": 1.17553,
  "high": 1.17572,
  "low": 1.17553,
  "close": 1.17572,
  "rollH20": 1.17563,
  "rollL20": 1.17339,
  "up2": false,
  "dn2": false,
  "source": "twelvedata_repo"
}