{
  "datetime": "2026-06-15 23:50:00",
  "open": 1.1588,
  "high": 1.15882,
  "low": 1.15874,
  "close": 1.15882,
  "rollH20": 1.1597,
  "rollL20": 1.15855,
  "up2": false,
  "dn2": false,
  "source": "twelvedata_repo"
}