{
  "datetime": "2026-03-14 19:35:00",
  "open": 1.14519,
  "high": 1.1452,
  "low": 1.14519,
  "close": 1.1452,
  "rollH20": 1.1459,
  "rollL20": 1.14296,
  "up2": false,
  "dn2": false,
  "source": "twelvedata_repo"
}