{
  "datetime": "2026-04-04 08:50:00",
  "open": 1.15154,
  "high": 1.15157,
  "low": 1.15147,
  "close": 1.15149,
  "rollH20": 1.15198,
  "rollL20": 1.15141,
  "up2": false,
  "dn2": false,
  "source": "twelvedata_repo"
}