{
  "datetime": "2025-12-18 07:10:00",
  "open": 1.17455,
  "high": 1.17458,
  "low": 1.17431,
  "close": 1.17437,
  "rollH20": 1.17473,
  "rollL20": 1.17391,
  "up2": false,
  "dn2": false,
  "source": "twelvedata_repo"
}