{
  "datetime": "2026-05-17 22:25:00",
  "open": 1.16216,
  "high": 1.16234,
  "low": 1.16201,
  "close": 1.1622,
  "rollH20": 1.16259,
  "rollL20": 1.16199,
  "up2": false,
  "dn2": false,
  "source": "twelvedata_repo"
}