{
  "datetime": "2025-11-11 10:40:00",
  "open": 1.15681,
  "high": 1.15681,
  "low": 1.15668,
  "close": 1.15671,
  "rollH20": 1.15684,
  "rollL20": 1.15542,
  "up2": false,
  "dn2": false,
  "source": "twelvedata_repo"
}