{
  "datetime": "2026-06-14 16:55:00",
  "open": 1.15684,
  "high": 1.15686,
  "low": 1.15684,
  "close": 1.15686,
  "rollH20": 1.15697,
  "rollL20": 1.15646,
  "up2": false,
  "dn2": false,
  "source": "twelvedata_repo"
}