{
  "datetime": "2026-03-21 17:35:00",
  "open": 1.15819,
  "high": 1.15821,
  "low": 1.15818,
  "close": 1.1582,
  "rollH20": 1.15924,
  "rollL20": 1.15788,
  "up2": false,
  "dn2": false,
  "source": "twelvedata_repo"
}