{
  "datetime": "2025-11-14 16:40:00",
  "open": 1.16129,
  "high": 1.16131,
  "low": 1.16114,
  "close": 1.16117,
  "rollH20": 1.16382,
  "rollL20": 1.16131,
  "up2": false,
  "dn2": false,
  "source": "twelvedata_repo"
}