{
  "datetime": "2025-10-02 04:40:00",
  "open": 1.17343,
  "high": 1.17343,
  "low": 1.17337,
  "close": 1.17342,
  "rollH20": 1.17418,
  "rollL20": 1.17335,
  "up2": false,
  "dn2": false,
  "source": "twelvedata_repo"
}