{
  "datetime": "2026-06-10 12:55:00",
  "open": 1.15397,
  "high": 1.15415,
  "low": 1.15368,
  "close": 1.15371,
  "rollH20": 1.15573,
  "rollL20": 1.15354,
  "up2": false,
  "dn2": false,
  "source": "twelvedata_repo"
}