{
  "datetime": "2026-04-20 22:25:00",
  "open": 1.17861,
  "high": 1.17876,
  "low": 1.1786,
  "close": 1.17873,
  "rollH20": 1.17885,
  "rollL20": 1.17834,
  "up2": false,
  "dn2": false,
  "source": "twelvedata_repo"
}