{
  "datetime": "2026-01-22 07:10:00",
  "open": 1.16873,
  "high": 1.16877,
  "low": 1.16855,
  "close": 1.16858,
  "rollH20": 1.16948,
  "rollL20": 1.16845,
  "up2": false,
  "dn2": false,
  "source": "twelvedata_repo"
}