{
  "datetime": "2025-11-04 14:55:00",
  "open": 1.14933,
  "high": 1.14933,
  "low": 1.14915,
  "close": 1.14924,
  "rollH20": 1.14966,
  "rollL20": 1.14777,
  "up2": false,
  "dn2": false,
  "source": "twelvedata_repo"
}