{
  "datetime": "2025-10-29 21:45:00",
  "open": 1.16017,
  "high": 1.16024,
  "low": 1.15993,
  "close": 1.16004,
  "rollH20": 1.16067,
  "rollL20": 1.15782,
  "up2": false,
  "dn2": false,
  "source": "twelvedata_repo"
}