{
  "datetime": "2026-03-14 07:50:00",
  "open": 1.14164,
  "high": 1.14168,
  "low": 1.14162,
  "close": 1.14165,
  "rollH20": 1.14375,
  "rollL20": 1.14131,
  "up2": false,
  "dn2": false,
  "source": "twelvedata_repo"
}