{
  "datetime": "2026-01-11 16:10:00",
  "open": 1.16337,
  "high": 1.16385,
  "low": 1.16335,
  "close": 1.16359,
  "rollH20": 1.1634,
  "rollL20": 1.16331,
  "up2": false,
  "dn2": false,
  "source": "twelvedata_repo"
}