{
  "datetime": "2026-02-11 02:00:00",
  "open": 1.18974,
  "high": 1.18981,
  "low": 1.18972,
  "close": 1.1898,
  "rollH20": 1.19005,
  "rollL20": 1.18861,
  "up2": false,
  "dn2": false,
  "source": "twelvedata_repo"
}