{
  "datetime": "2025-11-25 17:25:00",
  "open": 1.15707,
  "high": 1.15709,
  "low": 1.15694,
  "close": 1.15694,
  "rollH20": 1.15842,
  "rollL20": 1.15617,
  "up2": false,
  "dn2": false,
  "source": "twelvedata_repo"
}