{
  "datetime": "2026-03-24 10:50:00",
  "open": 1.15939,
  "high": 1.15941,
  "low": 1.15919,
  "close": 1.15926,
  "rollH20": 1.16075,
  "rollL20": 1.15796,
  "up2": false,
  "dn2": false,
  "source": "twelvedata_repo"
}