{
  "datetime": "2026-06-26 21:15:00",
  "open": 1.13888,
  "high": 1.13906,
  "low": 1.13885,
  "close": 1.13903,
  "rollH20": 1.13913,
  "rollL20": 1.13811,
  "up2": false,
  "dn2": false,
  "source": "twelvedata_repo"
}