{
  "datetime": "2026-01-06 00:15:00",
  "open": 1.17193,
  "high": 1.17196,
  "low": 1.17179,
  "close": 1.17186,
  "rollH20": 1.17236,
  "rollL20": 1.17183,
  "up2": false,
  "dn2": false,
  "source": "twelvedata_repo"
}