{
  "datetime": "2025-10-24 18:25:00",
  "open": 1.16281,
  "high": 1.16288,
  "low": 1.16277,
  "close": 1.16288,
  "rollH20": 1.16315,
  "rollL20": 1.16216,
  "up2": false,
  "dn2": false,
  "source": "twelvedata_repo"
}