{
  "datetime": "2026-02-27 09:00:00",
  "open": 1.18092,
  "high": 1.18095,
  "low": 1.18079,
  "close": 1.18083,
  "rollH20": 1.18221,
  "rollL20": 1.17996,
  "up2": false,
  "dn2": false,
  "source": "twelvedata_repo"
}