{
  "datetime": "2026-02-17 03:30:00",
  "open": 1.18412,
  "high": 1.18417,
  "low": 1.18405,
  "close": 1.18407,
  "rollH20": 1.18474,
  "rollL20": 1.18394,
  "up2": false,
  "dn2": false,
  "source": "twelvedata_repo"
}