{
  "datetime": "2025-12-23 14:45:00",
  "open": 1.17867,
  "high": 1.17869,
  "low": 1.17836,
  "close": 1.17839,
  "rollH20": 1.18021,
  "rollL20": 1.17806,
  "up2": false,
  "dn2": false,
  "source": "twelvedata_repo"
}