{
  "datetime": "2026-05-17 14:00:00",
  "open": 1.16249,
  "high": 1.16254,
  "low": 1.16248,
  "close": 1.16248,
  "rollH20": 1.16257,
  "rollL20": 1.16242,
  "up2": false,
  "dn2": false,
  "source": "twelvedata_repo"
}