{
  "datetime": "2026-03-16 06:05:00",
  "open": 1.14325,
  "high": 1.1433,
  "low": 1.14325,
  "close": 1.1433,
  "rollH20": 1.14474,
  "rollL20": 1.14325,
  "up2": false,
  "dn2": false,
  "source": "twelvedata_repo"
}