{
  "datetime": "2026-03-23 11:55:00",
  "open": 1.14907,
  "high": 1.14907,
  "low": 1.14858,
  "close": 1.14869,
  "rollH20": 1.15265,
  "rollL20": 1.14845,
  "up2": false,
  "dn2": false,
  "source": "twelvedata_repo"
}