{
  "datetime": "2025-12-03 20:50:00",
  "open": 1.16736,
  "high": 1.16743,
  "low": 1.16736,
  "close": 1.16739,
  "rollH20": 1.16781,
  "rollL20": 1.16696,
  "up2": false,
  "dn2": false,
  "source": "twelvedata_repo"
}