{
  "datetime": "2026-05-14 05:30:00",
  "open": 1.1716,
  "high": 1.1716,
  "low": 1.1715,
  "close": 1.1715,
  "rollH20": 1.17165,
  "rollL20": 1.17099,
  "up2": false,
  "dn2": false,
  "source": "twelvedata_repo"
}