{
  "datetime": "2026-04-25 00:20:00",
  "open": 1.17211,
  "high": 1.17218,
  "low": 1.17211,
  "close": 1.17214,
  "rollH20": 1.17252,
  "rollL20": 1.17195,
  "up2": false,
  "dn2": false,
  "source": "twelvedata_repo"
}