{
  "datetime": "2026-06-23 01:00:00",
  "open": 1.14265,
  "high": 1.14269,
  "low": 1.14262,
  "close": 1.14265,
  "rollH20": 1.14297,
  "rollL20": 1.14253,
  "up2": false,
  "dn2": false,
  "source": "twelvedata_repo"
}