{
  "datetime": "2026-03-03 21:55:00",
  "open": 1.16114,
  "high": 1.1613,
  "low": 1.16114,
  "close": 1.16127,
  "rollH20": 1.16241,
  "rollL20": 1.16104,
  "up2": false,
  "dn2": false,
  "source": "twelvedata_repo"
}