{
  "datetime": "2025-12-11 12:45:00",
  "open": 1.17155,
  "high": 1.17156,
  "low": 1.1715,
  "close": 1.17151,
  "rollH20": 1.17176,
  "rollL20": 1.17003,
  "up2": false,
  "dn2": false,
  "source": "twelvedata_repo"
}