{
  "datetime": "2026-03-10 10:55:00",
  "open": 1.16329,
  "high": 1.16387,
  "low": 1.16329,
  "close": 1.16387,
  "rollH20": 1.16586,
  "rollL20": 1.1622,
  "up2": false,
  "dn2": false,
  "source": "twelvedata_repo"
}