{
  "datetime": "2025-11-28 20:45:00",
  "open": 1.16039,
  "high": 1.16039,
  "low": 1.16032,
  "close": 1.16037,
  "rollH20": 1.16046,
  "rollL20": 1.15968,
  "up2": false,
  "dn2": false,
  "source": "twelvedata_repo"
}