{
  "datetime": "2026-05-03 05:20:00",
  "open": 1.17232,
  "high": 1.17237,
  "low": 1.1723,
  "close": 1.17234,
  "rollH20": 1.17254,
  "rollL20": 1.17204,
  "up2": false,
  "dn2": false,
  "source": "twelvedata_repo"
}