{
  "datetime": "2026-03-03 16:05:00",
  "open": 1.15727,
  "high": 1.15747,
  "low": 1.15713,
  "close": 1.15747,
  "rollH20": 1.15862,
  "rollL20": 1.15316,
  "up2": false,
  "dn2": false,
  "source": "twelvedata_repo"
}