{
  "datetime": "2026-07-18 20:00:00",
  "open": 1.14376,
  "high": 1.14381,
  "low": 1.14374,
  "close": 1.14378,
  "rollH20": 1.14416,
  "rollL20": 1.14374,
  "up2": false,
  "dn2": false,
  "source": "twelvedata_repo"
}