{
  "datetime": "2025-10-01 19:40:00",
  "open": 1.17406,
  "high": 1.17414,
  "low": 1.17384,
  "close": 1.17385,
  "rollH20": 1.17419,
  "rollL20": 1.17216,
  "up2": false,
  "dn2": false,
  "source": "twelvedata_repo"
}