{
  "datetime": "2025-09-05 16:55:00",
  "open": 1.17544,
  "high": 1.1759,
  "low": 1.1753,
  "close": 1.17579,
  "rollH20": 1.17582,
  "rollL20": 1.17225,
  "up2": false,
  "dn2": false,
  "source": "twelvedata_repo"
}