{
  "datetime": "2026-05-24 23:45:00",
  "open": 1.16434,
  "high": 1.16453,
  "low": 1.16433,
  "close": 1.16452,
  "rollH20": 1.16442,
  "rollL20": 1.16025,
  "up2": false,
  "dn2": false,
  "source": "twelvedata_repo"
}