{
  "datetime": "2026-01-29 11:35:00",
  "open": 1.19538,
  "high": 1.19538,
  "low": 1.19533,
  "close": 1.19533,
  "rollH20": 1.1975,
  "rollL20": 1.19464,
  "up2": false,
  "dn2": false,
  "source": "twelvedata_repo"
}