{
  "datetime": "2025-12-05 08:30:00",
  "open": 1.1668,
  "high": 1.16693,
  "low": 1.1668,
  "close": 1.16687,
  "rollH20": 1.16685,
  "rollL20": 1.16555,
  "up2": false,
  "dn2": false,
  "source": "twelvedata_repo"
}