{
  "datetime": "2026-02-10 07:40:00",
  "open": 1.19074,
  "high": 1.19074,
  "low": 1.19043,
  "close": 1.19045,
  "rollH20": 1.19126,
  "rollL20": 1.19037,
  "up2": false,
  "dn2": false,
  "source": "twelvedata_repo"
}