{
  "datetime": "2026-06-08 18:15:00",
  "open": 1.15398,
  "high": 1.15405,
  "low": 1.15398,
  "close": 1.15404,
  "rollH20": 1.15473,
  "rollL20": 1.15368,
  "up2": false,
  "dn2": false,
  "source": "twelvedata_repo"
}