{
  "datetime": "2026-07-19 21:35:00",
  "open": 1.14275,
  "high": 1.14445,
  "low": 1.14211,
  "close": 1.14317,
  "rollH20": 1.14466,
  "rollL20": 1.14089,
  "up2": false,
  "dn2": false,
  "source": "twelvedata_repo"
}