{
  "datetime": "2026-03-31 15:00:00",
  "open": 1.15317,
  "high": 1.15343,
  "low": 1.1531,
  "close": 1.15328,
  "rollH20": 1.15314,
  "rollL20": 1.14959,
  "up2": false,
  "dn2": false,
  "source": "twelvedata_repo"
}