{
  "datetime": "2026-01-24 12:40:00",
  "open": 1.18231,
  "high": 1.18236,
  "low": 1.18217,
  "close": 1.18223,
  "rollH20": 1.18245,
  "rollL20": 1.1823,
  "up2": false,
  "dn2": false,
  "source": "twelvedata_repo"
}