{
  "datetime": "2026-02-18 20:05:00",
  "open": 1.17893,
  "high": 1.17905,
  "low": 1.17886,
  "close": 1.17887,
  "rollH20": 1.17964,
  "rollL20": 1.17836,
  "up2": false,
  "dn2": false,
  "source": "twelvedata_repo"
}