{
  "datetime": "2026-01-26 10:15:00",
  "open": 1.18471,
  "high": 1.18478,
  "low": 1.18436,
  "close": 1.18468,
  "rollH20": 1.18607,
  "rollL20": 1.1837,
  "up2": false,
  "dn2": false,
  "source": "twelvedata_repo"
}