{
  "datetime": "2026-03-13 20:30:00",
  "open": 1.14149,
  "high": 1.14166,
  "low": 1.14149,
  "close": 1.14163,
  "rollH20": 1.1441,
  "rollL20": 1.14139,
  "up2": false,
  "dn2": false,
  "source": "twelvedata_repo"
}