{
  "datetime": "2026-07-10 19:50:00",
  "open": 1.14145,
  "high": 1.14154,
  "low": 1.14145,
  "close": 1.14153,
  "rollH20": 1.14292,
  "rollL20": 1.14119,
  "up2": false,
  "dn2": false,
  "source": "twelvedata_repo"
}