{
  "datetime": "2026-05-19 21:45:00",
  "open": 1.16065,
  "high": 1.16068,
  "low": 1.16046,
  "close": 1.1605,
  "rollH20": 1.16084,
  "rollL20": 1.16028,
  "up2": false,
  "dn2": false,
  "source": "twelvedata_repo"
}