{
  "datetime": "2026-04-24 20:55:00",
  "open": 1.17174,
  "high": 1.17178,
  "low": 1.17174,
  "close": 1.17176,
  "rollH20": 1.17207,
  "rollL20": 1.17128,
  "up2": false,
  "dn2": false,
  "source": "twelvedata_repo"
}