{
  "datetime": "2025-10-21 18:40:00",
  "open": 1.16044,
  "high": 1.16046,
  "low": 1.1603,
  "close": 1.16038,
  "rollH20": 1.16242,
  "rollL20": 1.16027,
  "up2": false,
  "dn2": false,
  "source": "twelvedata_repo"
}