{
  "datetime": "2026-01-16 18:55:00",
  "open": 1.15959,
  "high": 1.15964,
  "low": 1.15958,
  "close": 1.1596,
  "rollH20": 1.16055,
  "rollL20": 1.1594,
  "up2": false,
  "dn2": false,
  "source": "twelvedata_repo"
}