{
  "datetime": "2025-09-18 19:45:00",
  "open": 1.17823,
  "high": 1.17829,
  "low": 1.1782,
  "close": 1.17829,
  "rollH20": 1.17937,
  "rollL20": 1.17823,
  "up2": false,
  "dn2": false,
  "source": "twelvedata_repo"
}