{
  "datetime": "2026-03-12 19:45:00",
  "open": 1.15177,
  "high": 1.15182,
  "low": 1.15174,
  "close": 1.15182,
  "rollH20": 1.15223,
  "rollL20": 1.15113,
  "up2": false,
  "dn2": false,
  "source": "twelvedata_repo"
}