{
  "datetime": "2026-04-17 14:40:00",
  "open": 1.18416,
  "high": 1.18418,
  "low": 1.18414,
  "close": 1.18414,
  "rollH20": 1.18488,
  "rollL20": 1.17941,
  "up2": false,
  "dn2": false,
  "source": "twelvedata_repo"
}