{
  "datetime": "2025-09-23 22:35:00",
  "open": 1.18106,
  "high": 1.18126,
  "low": 1.18104,
  "close": 1.18126,
  "rollH20": 1.18183,
  "rollL20": 1.18102,
  "up2": false,
  "dn2": false,
  "source": "twelvedata_repo"
}