{
  "datetime": "2026-02-20 14:00:00",
  "open": 1.17682,
  "high": 1.17697,
  "low": 1.17648,
  "close": 1.17665,
  "rollH20": 1.17797,
  "rollL20": 1.17579,
  "up2": false,
  "dn2": false,
  "source": "twelvedata_repo"
}