{
  "datetime": "2026-02-24 21:00:00",
  "open": 1.17762,
  "high": 1.17767,
  "low": 1.17756,
  "close": 1.17767,
  "rollH20": 1.17843,
  "rollL20": 1.17759,
  "up2": false,
  "dn2": false,
  "source": "twelvedata_repo"
}