{
  "datetime": "2026-03-22 19:30:00",
  "open": 1.1545,
  "high": 1.15454,
  "low": 1.15442,
  "close": 1.15446,
  "rollH20": 1.15739,
  "rollL20": 1.1545,
  "up2": false,
  "dn2": false,
  "source": "twelvedata_repo"
}