{
  "datetime": "2026-01-26 20:15:00",
  "open": 1.18744,
  "high": 1.18748,
  "low": 1.18722,
  "close": 1.18732,
  "rollH20": 1.18899,
  "rollL20": 1.1873,
  "up2": false,
  "dn2": false,
  "source": "twelvedata_repo"
}