{
  "datetime": "2025-12-01 12:40:00",
  "open": 1.16294,
  "high": 1.16298,
  "low": 1.1629,
  "close": 1.1629,
  "rollH20": 1.16319,
  "rollL20": 1.16196,
  "up2": false,
  "dn2": false,
  "source": "twelvedata_repo"
}