{
  "datetime": "2026-02-01 11:15:00",
  "open": 1.18542,
  "high": 1.18546,
  "low": 1.18542,
  "close": 1.18543,
  "rollH20": 1.1855,
  "rollL20": 1.18541,
  "up2": false,
  "dn2": false,
  "source": "twelvedata_repo"
}