{
  "datetime": "2025-10-06 11:35:00",
  "open": 1.16619,
  "high": 1.16627,
  "low": 1.16609,
  "close": 1.16624,
  "rollH20": 1.16699,
  "rollL20": 1.16526,
  "up2": false,
  "dn2": false,
  "source": "twelvedata_repo"
}