{
  "datetime": "2026-03-28 20:25:00",
  "open": 1.15374,
  "high": 1.15379,
  "low": 1.15373,
  "close": 1.15373,
  "rollH20": 1.15379,
  "rollL20": 1.15303,
  "up2": false,
  "dn2": false,
  "source": "twelvedata_repo"
}