{
  "datetime": "2026-07-22 18:00:00",
  "open": 1.14097,
  "high": 1.14106,
  "low": 1.1409,
  "close": 1.14105,
  "rollH20": 1.14148,
  "rollL20": 1.14051,
  "up2": false,
  "dn2": false,
  "source": "twelvedata_repo"
}