{
  "datetime": "2026-04-05 22:55:00",
  "open": 1.1521,
  "high": 1.15211,
  "low": 1.15205,
  "close": 1.15211,
  "rollH20": 1.15251,
  "rollL20": 1.15147,
  "up2": false,
  "dn2": false,
  "source": "twelvedata_repo"
}