{
  "datetime": "2025-09-09 22:45:00",
  "open": 1.17106,
  "high": 1.17135,
  "low": 1.17078,
  "close": 1.17107,
  "rollH20": 1.17142,
  "rollL20": 1.17043,
  "up2": false,
  "dn2": false,
  "source": "twelvedata_repo"
}