{
  "datetime": "2025-12-22 11:40:00",
  "open": 1.1736,
  "high": 1.17363,
  "low": 1.17335,
  "close": 1.17337,
  "rollH20": 1.17391,
  "rollL20": 1.17284,
  "up2": false,
  "dn2": false,
  "source": "twelvedata_repo"
}