{
  "datetime": "2026-05-14 19:05:00",
  "open": 1.16763,
  "high": 1.16775,
  "low": 1.16759,
  "close": 1.16772,
  "rollH20": 1.16811,
  "rollL20": 1.16716,
  "up2": false,
  "dn2": false,
  "source": "twelvedata_repo"
}