{
  "datetime": "2026-02-24 23:45:00",
  "open": 1.17751,
  "high": 1.17761,
  "low": 1.17749,
  "close": 1.17758,
  "rollH20": 1.17787,
  "rollL20": 1.17727,
  "up2": false,
  "dn2": false,
  "source": "twelvedata_repo"
}