{
  "datetime": "2026-07-11 19:05:00",
  "open": 1.14142,
  "high": 1.14144,
  "low": 1.14142,
  "close": 1.14144,
  "rollH20": 1.1421,
  "rollL20": 1.14101,
  "up2": false,
  "dn2": false,
  "source": "twelvedata_repo"
}