{
  "datetime": "2026-02-06 07:45:00",
  "open": 1.17988,
  "high": 1.18009,
  "low": 1.17988,
  "close": 1.17998,
  "rollH20": 1.18028,
  "rollL20": 1.17952,
  "up2": false,
  "dn2": false,
  "source": "twelvedata_repo"
}