{
  "datetime": "2026-01-06 08:55:00",
  "open": 1.17327,
  "high": 1.17331,
  "low": 1.17309,
  "close": 1.17309,
  "rollH20": 1.17426,
  "rollL20": 1.17315,
  "up2": false,
  "dn2": false,
  "source": "twelvedata_repo"
}