{
  "datetime": "2025-10-30 06:05:00",
  "open": 1.16305,
  "high": 1.16307,
  "low": 1.16282,
  "close": 1.16307,
  "rollH20": 1.16345,
  "rollL20": 1.16066,
  "up2": false,
  "dn2": false,
  "source": "twelvedata_repo"
}