{
  "datetime": "2026-03-01 00:55:00",
  "open": 1.18164,
  "high": 1.18167,
  "low": 1.18163,
  "close": 1.18164,
  "rollH20": 1.18173,
  "rollL20": 1.1816,
  "up2": false,
  "dn2": false,
  "source": "twelvedata_repo"
}