{
  "datetime": "2025-10-20 05:45:00",
  "open": 1.16712,
  "high": 1.16735,
  "low": 1.16712,
  "close": 1.16734,
  "rollH20": 1.16717,
  "rollL20": 1.16653,
  "up2": false,
  "dn2": false,
  "source": "twelvedata_repo"
}