{
  "datetime": "2025-11-13 11:55:00",
  "open": 1.16149,
  "high": 1.16162,
  "low": 1.16148,
  "close": 1.16162,
  "rollH20": 1.16332,
  "rollL20": 1.16108,
  "up2": false,
  "dn2": false,
  "source": "twelvedata_repo"
}