{
  "datetime": "2026-02-20 10:05:00",
  "open": 1.17672,
  "high": 1.17686,
  "low": 1.17672,
  "close": 1.17686,
  "rollH20": 1.17686,
  "rollL20": 1.17544,
  "up2": false,
  "dn2": false,
  "source": "twelvedata_repo"
}