{
  "datetime": "2026-05-04 02:05:00",
  "open": 1.17236,
  "high": 1.17253,
  "low": 1.17221,
  "close": 1.17234,
  "rollH20": 1.17325,
  "rollL20": 1.17223,
  "up2": false,
  "dn2": false,
  "source": "twelvedata_repo"
}