{
  "datetime": "2025-10-02 17:30:00",
  "open": 1.17074,
  "high": 1.17104,
  "low": 1.17066,
  "close": 1.17101,
  "rollH20": 1.17146,
  "rollL20": 1.16833,
  "up2": false,
  "dn2": false,
  "source": "twelvedata_repo"
}