{
  "datetime": "2025-11-14 14:25:00",
  "open": 1.16498,
  "high": 1.16502,
  "low": 1.16467,
  "close": 1.16471,
  "rollH20": 1.16536,
  "rollL20": 1.16138,
  "up2": false,
  "dn2": false,
  "source": "twelvedata_repo"
}