{
  "datetime": "2026-05-17 05:05:00",
  "open": 1.16245,
  "high": 1.1625,
  "low": 1.16244,
  "close": 1.16245,
  "rollH20": 1.16255,
  "rollL20": 1.16225,
  "up2": false,
  "dn2": false,
  "source": "twelvedata_repo"
}