{
  "datetime": "2025-11-11 10:55:00",
  "open": 1.1566,
  "high": 1.15667,
  "low": 1.15655,
  "close": 1.15664,
  "rollH20": 1.15684,
  "rollL20": 1.15542,
  "up2": false,
  "dn2": false,
  "source": "twelvedata_repo"
}