{
  "datetime": "2026-03-20 22:45:00",
  "open": 1.15999,
  "high": 1.16042,
  "low": 1.15999,
  "close": 1.16036,
  "rollH20": 1.16124,
  "rollL20": 1.15708,
  "up2": false,
  "dn2": false,
  "source": "twelvedata_repo"
}