{
  "datetime": "2025-11-04 16:45:00",
  "open": 1.14881,
  "high": 1.14881,
  "low": 1.14851,
  "close": 1.14854,
  "rollH20": 1.14912,
  "rollL20": 1.14729,
  "up2": false,
  "dn2": false,
  "source": "twelvedata_repo"
}