{
  "datetime": "2026-07-19 12:25:00",
  "open": 1.14386,
  "high": 1.14392,
  "low": 1.14385,
  "close": 1.14386,
  "rollH20": 1.14407,
  "rollL20": 1.14384,
  "up2": false,
  "dn2": false,
  "source": "twelvedata_repo"
}