{
  "datetime": "2025-12-04 14:10:00",
  "open": 1.16677,
  "high": 1.16678,
  "low": 1.16662,
  "close": 1.16667,
  "rollH20": 1.16813,
  "rollL20": 1.16657,
  "up2": false,
  "dn2": false,
  "source": "twelvedata_repo"
}