{
  "datetime": "2026-03-16 23:40:00",
  "open": 1.14984,
  "high": 1.1499,
  "low": 1.14983,
  "close": 1.14984,
  "rollH20": 1.15079,
  "rollL20": 1.14956,
  "up2": false,
  "dn2": false,
  "source": "twelvedata_repo"
}