{
  "datetime": "2026-02-03 00:55:00",
  "open": 1.17962,
  "high": 1.17976,
  "low": 1.17962,
  "close": 1.17973,
  "rollH20": 1.17984,
  "rollL20": 1.1788,
  "up2": false,
  "dn2": false,
  "source": "twelvedata_repo"
}