{
  "datetime": "2026-02-16 20:45:00",
  "open": 1.18541,
  "high": 1.1855,
  "low": 1.18539,
  "close": 1.18547,
  "rollH20": 1.18558,
  "rollL20": 1.18509,
  "up2": false,
  "dn2": false,
  "source": "twelvedata_repo"
}