{
  "datetime": "2026-05-13 22:40:00",
  "open": 1.17156,
  "high": 1.1716,
  "low": 1.17119,
  "close": 1.1716,
  "rollH20": 1.1717,
  "rollL20": 1.17092,
  "up2": false,
  "dn2": false,
  "source": "twelvedata_repo"
}