{
  "datetime": "2026-02-17 15:40:00",
  "open": 1.18062,
  "high": 1.18067,
  "low": 1.18062,
  "close": 1.18065,
  "rollH20": 1.18281,
  "rollL20": 1.18061,
  "up2": false,
  "dn2": false,
  "source": "twelvedata_repo"
}