{
  "datetime": "2026-02-28 18:55:00",
  "open": 1.18158,
  "high": 1.18163,
  "low": 1.18157,
  "close": 1.18157,
  "rollH20": 1.18166,
  "rollL20": 1.18146,
  "up2": false,
  "dn2": false,
  "source": "twelvedata_repo"
}