{
  "datetime": "2026-04-27 10:50:00",
  "open": 1.17421,
  "high": 1.17434,
  "low": 1.17418,
  "close": 1.17434,
  "rollH20": 1.17516,
  "rollL20": 1.17404,
  "up2": false,
  "dn2": false,
  "source": "twelvedata_repo"
}