{
  "datetime": "2026-06-08 03:10:00",
  "open": 1.15234,
  "high": 1.15234,
  "low": 1.15207,
  "close": 1.15212,
  "rollH20": 1.15349,
  "rollL20": 1.15128,
  "up2": false,
  "dn2": false,
  "source": "twelvedata_repo"
}