{
  "datetime": "2026-06-21 21:45:00",
  "open": 1.14639,
  "high": 1.14772,
  "low": 1.14611,
  "close": 1.14621,
  "rollH20": 1.1483,
  "rollL20": 1.14471,
  "up2": false,
  "dn2": false,
  "source": "twelvedata_repo"
}