{
  "datetime": "2026-01-31 16:25:00",
  "open": 1.18554,
  "high": 1.18559,
  "low": 1.18552,
  "close": 1.18553,
  "rollH20": 1.18574,
  "rollL20": 1.18552,
  "up2": false,
  "dn2": false,
  "source": "twelvedata_repo"
}