{
  "datetime": "2025-12-15 00:55:00",
  "open": 1.17386,
  "high": 1.17387,
  "low": 1.17368,
  "close": 1.17374,
  "rollH20": 1.17407,
  "rollL20": 1.1736,
  "up2": false,
  "dn2": false,
  "source": "twelvedata_repo"
}