{
  "datetime": "2026-06-05 08:55:00",
  "open": 1.1635,
  "high": 1.16352,
  "low": 1.16329,
  "close": 1.16343,
  "rollH20": 1.1637,
  "rollL20": 1.16135,
  "up2": false,
  "dn2": false,
  "source": "twelvedata_repo"
}