{
  "datetime": "2025-12-04 18:40:00",
  "open": 1.16558,
  "high": 1.16563,
  "low": 1.16558,
  "close": 1.16563,
  "rollH20": 1.16749,
  "rollL20": 1.16534,
  "up2": false,
  "dn2": false,
  "source": "twelvedata_repo"
}