{
  "datetime": "2026-04-09 04:25:00",
  "open": 1.1664,
  "high": 1.16642,
  "low": 1.16639,
  "close": 1.16642,
  "rollH20": 1.1667,
  "rollL20": 1.16568,
  "up2": false,
  "dn2": false,
  "source": "twelvedata_repo"
}