{
  "datetime": "2026-03-30 01:00:00",
  "open": 1.1491,
  "high": 1.14917,
  "low": 1.14908,
  "close": 1.14917,
  "rollH20": 1.14988,
  "rollL20": 1.14868,
  "up2": false,
  "dn2": false,
  "source": "twelvedata_repo"
}