{
  "datetime": "2026-04-15 04:45:00",
  "open": 1.1787,
  "high": 1.17891,
  "low": 1.17867,
  "close": 1.17891,
  "rollH20": 1.17913,
  "rollL20": 1.17794,
  "up2": false,
  "dn2": false,
  "source": "twelvedata_repo"
}