{
  "datetime": "2025-11-21 12:30:00",
  "open": 1.1521,
  "high": 1.1523,
  "low": 1.1521,
  "close": 1.1523,
  "rollH20": 1.15335,
  "rollL20": 1.15122,
  "up2": false,
  "dn2": false,
  "source": "twelvedata_repo"
}