{
  "datetime": "2025-10-21 23:25:00",
  "open": 1.1605,
  "high": 1.16063,
  "low": 1.1605,
  "close": 1.1605,
  "rollH20": 1.16104,
  "rollL20": 1.15993,
  "up2": false,
  "dn2": false,
  "source": "twelvedata_repo"
}