{
  "datetime": "2025-09-29 12:15:00",
  "open": 1.17134,
  "high": 1.17161,
  "low": 1.17129,
  "close": 1.17158,
  "rollH20": 1.17238,
  "rollL20": 1.1713,
  "up2": false,
  "dn2": false,
  "source": "twelvedata_repo"
}