{
  "datetime": "2026-07-09 17:35:00",
  "open": 1.14378,
  "high": 1.14378,
  "low": 1.14355,
  "close": 1.14361,
  "rollH20": 1.14417,
  "rollL20": 1.14294,
  "up2": false,
  "dn2": false,
  "source": "twelvedata_repo"
}