{
  "datetime": "2025-12-04 16:25:00",
  "open": 1.16668,
  "high": 1.16681,
  "low": 1.16667,
  "close": 1.16681,
  "rollH20": 1.16767,
  "rollL20": 1.16575,
  "up2": false,
  "dn2": false,
  "source": "twelvedata_repo"
}