{
  "datetime": "2026-02-06 22:55:00",
  "open": 1.18152,
  "high": 1.18156,
  "low": 1.18142,
  "close": 1.18145,
  "rollH20": 1.1824,
  "rollL20": 1.18144,
  "up2": false,
  "dn2": false,
  "source": "twelvedata_repo"
}