{
  "datetime": "2025-09-12 17:45:00",
  "open": 1.1729,
  "high": 1.17316,
  "low": 1.1729,
  "close": 1.17314,
  "rollH20": 1.1729,
  "rollL20": 1.171,
  "up2": false,
  "dn2": false,
  "source": "twelvedata_repo"
}