{
  "datetime": "2026-02-23 02:10:00",
  "open": 1.18272,
  "high": 1.18276,
  "low": 1.18263,
  "close": 1.18273,
  "rollH20": 1.18354,
  "rollL20": 1.18209,
  "up2": false,
  "dn2": false,
  "source": "twelvedata_repo"
}