{
  "datetime": "2025-12-16 21:10:00",
  "open": 1.17626,
  "high": 1.17631,
  "low": 1.17617,
  "close": 1.1762,
  "rollH20": 1.17772,
  "rollL20": 1.17363,
  "up2": false,
  "dn2": false,
  "source": "twelvedata_repo"
}