{
  "datetime": "2026-02-20 08:15:00",
  "open": 1.17478,
  "high": 1.17491,
  "low": 1.17475,
  "close": 1.17486,
  "rollH20": 1.17622,
  "rollL20": 1.17448,
  "up2": false,
  "dn2": false,
  "source": "twelvedata_repo"
}