{
  "datetime": "2026-06-04 08:00:00",
  "open": 1.1609,
  "high": 1.16122,
  "low": 1.1609,
  "close": 1.16118,
  "rollH20": 1.16151,
  "rollL20": 1.16056,
  "up2": false,
  "dn2": false,
  "source": "twelvedata_repo"
}