{
  "datetime": "2025-11-19 20:10:00",
  "open": 1.15233,
  "high": 1.15246,
  "low": 1.1523,
  "close": 1.15243,
  "rollH20": 1.15374,
  "rollL20": 1.15189,
  "up2": false,
  "dn2": false,
  "source": "twelvedata_repo"
}