{
  "datetime": "2026-02-24 08:45:00",
  "open": 1.17876,
  "high": 1.17884,
  "low": 1.17876,
  "close": 1.17879,
  "rollH20": 1.17896,
  "rollL20": 1.17718,
  "up2": false,
  "dn2": false,
  "source": "twelvedata_repo"
}