{
  "datetime": "2025-09-30 18:15:00",
  "open": 1.17542,
  "high": 1.17563,
  "low": 1.1754,
  "close": 1.17554,
  "rollH20": 1.1759,
  "rollL20": 1.17266,
  "up2": false,
  "dn2": false,
  "source": "twelvedata_repo"
}