{
  "datetime": "2026-03-20 13:55:00",
  "open": 1.15453,
  "high": 1.1549,
  "low": 1.15444,
  "close": 1.15465,
  "rollH20": 1.15788,
  "rollL20": 1.15434,
  "up2": false,
  "dn2": false,
  "source": "twelvedata_repo"
}