{
  "datetime": "2025-11-12 21:35:00",
  "open": 1.15874,
  "high": 1.15874,
  "low": 1.15863,
  "close": 1.15871,
  "rollH20": 1.15925,
  "rollL20": 1.15847,
  "up2": false,
  "dn2": false,
  "source": "twelvedata_repo"
}