{
  "datetime": "2025-12-17 08:40:00",
  "open": 1.17111,
  "high": 1.17115,
  "low": 1.17075,
  "close": 1.17076,
  "rollH20": 1.17304,
  "rollL20": 1.17046,
  "up2": false,
  "dn2": false,
  "source": "twelvedata_repo"
}