{
  "datetime": "2026-01-19 10:00:00",
  "open": 1.16245,
  "high": 1.16263,
  "low": 1.16242,
  "close": 1.16257,
  "rollH20": 1.16382,
  "rollL20": 1.16191,
  "up2": false,
  "dn2": false,
  "source": "twelvedata_repo"
}