{
  "datetime": "2026-02-09 23:10:00",
  "open": 1.19119,
  "high": 1.1913,
  "low": 1.19117,
  "close": 1.19126,
  "rollH20": 1.19197,
  "rollL20": 1.19112,
  "up2": false,
  "dn2": false,
  "source": "twelvedata_repo"
}