{
  "datetime": "2025-12-12 14:05:00",
  "open": 1.1728,
  "high": 1.1733,
  "low": 1.17279,
  "close": 1.17327,
  "rollH20": 1.1729,
  "rollL20": 1.17193,
  "up2": false,
  "dn2": false,
  "source": "twelvedata_repo"
}