{
  "datetime": "2026-05-12 00:50:00",
  "open": 1.17784,
  "high": 1.17793,
  "low": 1.17775,
  "close": 1.17784,
  "rollH20": 1.17883,
  "rollL20": 1.17766,
  "up2": false,
  "dn2": false,
  "source": "twelvedata_repo"
}