{
  "datetime": "2025-11-14 20:10:00",
  "open": 1.16181,
  "high": 1.16189,
  "low": 1.16166,
  "close": 1.16186,
  "rollH20": 1.16187,
  "rollL20": 1.16094,
  "up2": false,
  "dn2": false,
  "source": "twelvedata_repo"
}