{
  "datetime": "2026-01-21 21:20:00",
  "open": 1.16839,
  "high": 1.16854,
  "low": 1.16812,
  "close": 1.16818,
  "rollH20": 1.17061,
  "rollL20": 1.16781,
  "up2": false,
  "dn2": false,
  "source": "twelvedata_repo"
}