{
  "datetime": "2026-02-09 11:50:00",
  "open": 1.18585,
  "high": 1.18605,
  "low": 1.18573,
  "close": 1.1858,
  "rollH20": 1.18692,
  "rollL20": 1.18557,
  "up2": false,
  "dn2": false,
  "source": "twelvedata_repo"
}