{
  "datetime": "2026-04-18 15:40:00",
  "open": 1.17714,
  "high": 1.17717,
  "low": 1.17714,
  "close": 1.17715,
  "rollH20": 1.17732,
  "rollL20": 1.17691,
  "up2": false,
  "dn2": false,
  "source": "twelvedata_repo"
}