{
  "datetime": "2026-01-20 01:05:00",
  "open": 1.16389,
  "high": 1.16389,
  "low": 1.16383,
  "close": 1.16383,
  "rollH20": 1.16481,
  "rollL20": 1.16387,
  "up2": false,
  "dn2": false,
  "source": "twelvedata_repo"
}