{
  "datetime": "2025-10-28 15:40:00",
  "open": 1.1661,
  "high": 1.16631,
  "low": 1.16609,
  "close": 1.16626,
  "rollH20": 1.1661,
  "rollL20": 1.1626,
  "up2": false,
  "dn2": false,
  "source": "twelvedata_repo"
}