{
  "datetime": "2026-04-17 12:25:00",
  "open": 1.17986,
  "high": 1.1799,
  "low": 1.17973,
  "close": 1.17978,
  "rollH20": 1.17991,
  "rollL20": 1.17915,
  "up2": false,
  "dn2": false,
  "source": "twelvedata_repo"
}