{
  "datetime": "2026-01-05 17:30:00",
  "open": 1.17104,
  "high": 1.17142,
  "low": 1.17104,
  "close": 1.17127,
  "rollH20": 1.1711,
  "rollL20": 1.16792,
  "up2": false,
  "dn2": false,
  "source": "twelvedata_repo"
}