{
  "datetime": "2026-01-11 19:10:00",
  "open": 1.16362,
  "high": 1.16362,
  "low": 1.16321,
  "close": 1.16335,
  "rollH20": 1.16562,
  "rollL20": 1.1636,
  "up2": false,
  "dn2": false,
  "source": "twelvedata_repo"
}