{
  "datetime": "2026-02-21 06:20:00",
  "open": 1.17841,
  "high": 1.17844,
  "low": 1.17837,
  "close": 1.17839,
  "rollH20": 1.17852,
  "rollL20": 1.17832,
  "up2": false,
  "dn2": false,
  "source": "twelvedata_repo"
}