{
  "datetime": "2026-01-15 21:55:00",
  "open": 1.1606,
  "high": 1.16061,
  "low": 1.16055,
  "close": 1.1606,
  "rollH20": 1.16178,
  "rollL20": 1.16023,
  "up2": false,
  "dn2": false,
  "source": "twelvedata_repo"
}