{
  "datetime": "2025-12-05 12:55:00",
  "open": 1.16452,
  "high": 1.16463,
  "low": 1.16452,
  "close": 1.16456,
  "rollH20": 1.16545,
  "rollL20": 1.16426,
  "up2": false,
  "dn2": false,
  "source": "twelvedata_repo"
}