{
  "datetime": "2025-09-22 17:50:00",
  "open": 1.17863,
  "high": 1.17889,
  "low": 1.17863,
  "close": 1.17888,
  "rollH20": 1.179,
  "rollL20": 1.17642,
  "up2": false,
  "dn2": false,
  "source": "twelvedata_repo"
}