{
  "datetime": "2026-01-07 23:55:00",
  "open": 1.16777,
  "high": 1.16782,
  "low": 1.16773,
  "close": 1.16775,
  "rollH20": 1.16789,
  "rollL20": 1.16722,
  "up2": false,
  "dn2": false,
  "source": "twelvedata_repo"
}