{
  "datetime": "2026-01-18 17:00:00",
  "open": 1.1588,
  "high": 1.15884,
  "low": 1.1588,
  "close": 1.15883,
  "rollH20": 1.15964,
  "rollL20": 1.15813,
  "up2": false,
  "dn2": false,
  "source": "twelvedata_repo"
}