{
  "datetime": "2025-09-04 06:55:00",
  "open": 1.16541,
  "high": 1.16551,
  "low": 1.16528,
  "close": 1.16542,
  "rollH20": 1.16551,
  "rollL20": 1.16484,
  "up2": false,
  "dn2": false,
  "source": "twelvedata_repo"
}