{
  "datetime": "2025-11-20 09:55:00",
  "open": 1.15219,
  "high": 1.15223,
  "low": 1.1521,
  "close": 1.1521,
  "rollH20": 1.15234,
  "rollL20": 1.15125,
  "up2": false,
  "dn2": false,
  "source": "twelvedata_repo"
}