{
  "datetime": "2026-02-10 00:40:00",
  "open": 1.1905,
  "high": 1.19051,
  "low": 1.19049,
  "close": 1.1905,
  "rollH20": 1.1916,
  "rollL20": 1.19049,
  "up2": false,
  "dn2": false,
  "source": "twelvedata_repo"
}