{
  "datetime": "2026-05-01 15:05:00",
  "open": 1.17711,
  "high": 1.17751,
  "low": 1.17675,
  "close": 1.1773,
  "rollH20": 1.17717,
  "rollL20": 1.17454,
  "up2": false,
  "dn2": false,
  "source": "twelvedata_repo"
}