{
  "datetime": "2026-04-30 11:25:00",
  "open": 1.16963,
  "high": 1.17038,
  "low": 1.16956,
  "close": 1.17038,
  "rollH20": 1.16974,
  "rollL20": 1.16745,
  "up2": false,
  "dn2": false,
  "source": "twelvedata_repo"
}