{
  "datetime": "2025-09-29 06:40:00",
  "open": 1.17269,
  "high": 1.17277,
  "low": 1.17253,
  "close": 1.17259,
  "rollH20": 1.17332,
  "rollL20": 1.17226,
  "up2": false,
  "dn2": false,
  "source": "twelvedata_repo"
}