{
  "datetime": "2025-11-07 07:45:00",
  "open": 1.15326,
  "high": 1.15339,
  "low": 1.15326,
  "close": 1.15338,
  "rollH20": 1.15383,
  "rollL20": 1.153,
  "up2": false,
  "dn2": false,
  "source": "twelvedata_repo"
}