{
  "datetime": "2026-04-15 11:35:00",
  "open": 1.17745,
  "high": 1.1775,
  "low": 1.17744,
  "close": 1.1775,
  "rollH20": 1.17909,
  "rollL20": 1.17738,
  "up2": false,
  "dn2": false,
  "source": "twelvedata_repo"
}