{
  "datetime": "2025-08-28 22:55:00",
  "open": 1.16788,
  "high": 1.16819,
  "low": 1.16759,
  "close": 1.1679,
  "rollH20": 1.16864,
  "rollL20": 1.16743,
  "up2": false,
  "dn2": false,
  "source": "twelvedata_repo"
}