{
  "datetime": "2026-07-17 04:30:00",
  "open": 1.14391,
  "high": 1.14398,
  "low": 1.14391,
  "close": 1.14396,
  "rollH20": 1.14417,
  "rollL20": 1.14367,
  "up2": false,
  "dn2": false,
  "source": "twelvedata_repo"
}