{
  "datetime": "2025-12-15 23:45:00",
  "open": 1.17522,
  "high": 1.17526,
  "low": 1.1752,
  "close": 1.17521,
  "rollH20": 1.17547,
  "rollL20": 1.17487,
  "up2": false,
  "dn2": false,
  "source": "twelvedata_repo"
}