{
  "datetime": "2025-12-18 16:45:00",
  "open": 1.17302,
  "high": 1.17306,
  "low": 1.17266,
  "close": 1.17268,
  "rollH20": 1.17538,
  "rollL20": 1.17198,
  "up2": false,
  "dn2": false,
  "source": "twelvedata_repo"
}