{
  "datetime": "2026-03-16 13:05:00",
  "open": 1.1477,
  "high": 1.14798,
  "low": 1.14765,
  "close": 1.14777,
  "rollH20": 1.14878,
  "rollL20": 1.14729,
  "up2": false,
  "dn2": false,
  "source": "twelvedata_repo"
}