{
  "datetime": "2026-04-14 07:15:00",
  "open": 1.17627,
  "high": 1.17629,
  "low": 1.17605,
  "close": 1.17615,
  "rollH20": 1.17705,
  "rollL20": 1.17606,
  "up2": false,
  "dn2": false,
  "source": "twelvedata_repo"
}