{
  "datetime": "2026-03-24 08:30:00",
  "open": 1.16051,
  "high": 1.16053,
  "low": 1.15998,
  "close": 1.15998,
  "rollH20": 1.16139,
  "rollL20": 1.15799,
  "up2": false,
  "dn2": false,
  "source": "twelvedata_repo"
}