{
  "datetime": "2025-10-13 21:10:00",
  "open": 1.15683,
  "high": 1.15687,
  "low": 1.1568,
  "close": 1.1568,
  "rollH20": 1.15763,
  "rollL20": 1.1565,
  "up2": false,
  "dn2": false,
  "source": "twelvedata_repo"
}