{
  "datetime": "2025-10-20 20:20:00",
  "open": 1.16467,
  "high": 1.16467,
  "low": 1.16452,
  "close": 1.1646,
  "rollH20": 1.16491,
  "rollL20": 1.16384,
  "up2": false,
  "dn2": false,
  "source": "twelvedata_repo"
}