{
  "datetime": "2026-03-21 20:35:00",
  "open": 1.15903,
  "high": 1.15907,
  "low": 1.15901,
  "close": 1.15905,
  "rollH20": 1.15932,
  "rollL20": 1.15838,
  "up2": false,
  "dn2": false,
  "source": "twelvedata_repo"
}