{
  "datetime": "2026-02-04 23:05:00",
  "open": 1.1806,
  "high": 1.18083,
  "low": 1.18047,
  "close": 1.18052,
  "rollH20": 1.18079,
  "rollL20": 1.18018,
  "up2": false,
  "dn2": false,
  "source": "twelvedata_repo"
}