{
  "datetime": "2026-01-29 22:55:00",
  "open": 1.19702,
  "high": 1.19713,
  "low": 1.197,
  "close": 1.19712,
  "rollH20": 1.19714,
  "rollL20": 1.19553,
  "up2": false,
  "dn2": false,
  "source": "twelvedata_repo"
}