{
  "datetime": "2025-12-19 18:40:00",
  "open": 1.17174,
  "high": 1.17179,
  "low": 1.17173,
  "close": 1.17179,
  "rollH20": 1.17209,
  "rollL20": 1.17091,
  "up2": false,
  "dn2": false,
  "source": "twelvedata_repo"
}