{
  "datetime": "2026-01-07 02:05:00",
  "open": 1.16925,
  "high": 1.16929,
  "low": 1.16925,
  "close": 1.16929,
  "rollH20": 1.16942,
  "rollL20": 1.16861,
  "up2": false,
  "dn2": false,
  "source": "twelvedata_repo"
}