{
  "datetime": "2025-09-17 17:50:00",
  "open": 1.18534,
  "high": 1.18547,
  "low": 1.18516,
  "close": 1.18524,
  "rollH20": 1.18562,
  "rollL20": 1.18424,
  "up2": false,
  "dn2": false,
  "source": "twelvedata_repo"
}