{
  "datetime": "2025-10-28 12:20:00",
  "open": 1.16574,
  "high": 1.16581,
  "low": 1.16568,
  "close": 1.1657,
  "rollH20": 1.16647,
  "rollL20": 1.16549,
  "up2": false,
  "dn2": false,
  "source": "twelvedata_repo"
}