{
  "datetime": "2026-03-09 14:45:00",
  "open": 1.15654,
  "high": 1.15658,
  "low": 1.15628,
  "close": 1.15653,
  "rollH20": 1.15877,
  "rollL20": 1.15463,
  "up2": false,
  "dn2": false,
  "source": "twelvedata_repo"
}