{
  "datetime": "2026-05-25 03:05:00",
  "open": 1.16402,
  "high": 1.16412,
  "low": 1.16399,
  "close": 1.16411,
  "rollH20": 1.16495,
  "rollL20": 1.16349,
  "up2": false,
  "dn2": false,
  "source": "twelvedata_repo"
}