{
  "datetime": "2025-08-29 08:40:00",
  "open": 1.16679,
  "high": 1.16691,
  "low": 1.16664,
  "close": 1.16667,
  "rollH20": 1.16726,
  "rollL20": 1.16608,
  "up2": false,
  "dn2": false,
  "source": "twelvedata_repo"
}