{
  "datetime": "2026-04-15 07:15:00",
  "open": 1.17942,
  "high": 1.17944,
  "low": 1.17922,
  "close": 1.17928,
  "rollH20": 1.18004,
  "rollL20": 1.17872,
  "up2": false,
  "dn2": false,
  "source": "twelvedata_repo"
}