{
  "datetime": "2025-11-05 06:45:00",
  "open": 1.14929,
  "high": 1.14933,
  "low": 1.14928,
  "close": 1.14928,
  "rollH20": 1.14936,
  "rollL20": 1.14885,
  "up2": false,
  "dn2": false,
  "source": "twelvedata_repo"
}