{
  "datetime": "2025-12-30 19:25:00",
  "open": 1.17574,
  "high": 1.17577,
  "low": 1.17569,
  "close": 1.17573,
  "rollH20": 1.17675,
  "rollL20": 1.17552,
  "up2": false,
  "dn2": false,
  "source": "twelvedata_repo"
}