{
  "datetime": "2026-03-29 23:45:00",
  "open": 1.14894,
  "high": 1.14898,
  "low": 1.14894,
  "close": 1.14895,
  "rollH20": 1.15052,
  "rollL20": 1.14896,
  "up2": false,
  "dn2": false,
  "source": "twelvedata_repo"
}