{
  "datetime": "2026-01-13 09:35:00",
  "open": 1.16597,
  "high": 1.16602,
  "low": 1.16596,
  "close": 1.16596,
  "rollH20": 1.16686,
  "rollL20": 1.16561,
  "up2": false,
  "dn2": false,
  "source": "twelvedata_repo"
}