{
  "datetime": "2025-11-09 23:55:00",
  "open": 1.15562,
  "high": 1.15599,
  "low": 1.1556,
  "close": 1.15586,
  "rollH20": 1.15672,
  "rollL20": 1.15558,
  "up2": false,
  "dn2": false,
  "source": "twelvedata_repo"
}