{
  "datetime": "2025-10-20 08:25:00",
  "open": 1.16619,
  "high": 1.16631,
  "low": 1.16612,
  "close": 1.16628,
  "rollH20": 1.16742,
  "rollL20": 1.16537,
  "up2": false,
  "dn2": false,
  "source": "twelvedata_repo"
}