{
  "datetime": "2026-07-13 02:55:00",
  "open": 1.13959,
  "high": 1.13959,
  "low": 1.13939,
  "close": 1.13943,
  "rollH20": 1.14051,
  "rollL20": 1.13858,
  "up2": false,
  "dn2": false,
  "source": "twelvedata_repo"
}