{
  "datetime": "2026-06-16 23:15:00",
  "open": 1.16106,
  "high": 1.16112,
  "low": 1.16103,
  "close": 1.16107,
  "rollH20": 1.16131,
  "rollL20": 1.16066,
  "up2": false,
  "dn2": false,
  "source": "twelvedata_repo"
}