{
  "datetime": "2026-04-08 09:15:00",
  "open": 1.16885,
  "high": 1.16887,
  "low": 1.16865,
  "close": 1.16877,
  "rollH20": 1.17074,
  "rollL20": 1.16813,
  "up2": false,
  "dn2": false,
  "source": "twelvedata_repo"
}