{
  "datetime": "2026-01-27 10:30:00",
  "open": 1.18669,
  "high": 1.18698,
  "low": 1.18669,
  "close": 1.1869,
  "rollH20": 1.18739,
  "rollL20": 1.1851,
  "up2": false,
  "dn2": false,
  "source": "twelvedata_repo"
}