{
  "datetime": "2026-03-15 07:20:00",
  "open": 1.14673,
  "high": 1.14679,
  "low": 1.14672,
  "close": 1.14674,
  "rollH20": 1.1469,
  "rollL20": 1.14619,
  "up2": false,
  "dn2": false,
  "source": "twelvedata_repo"
}