{
  "datetime": "2025-09-11 16:40:00",
  "open": 1.17364,
  "high": 1.17374,
  "low": 1.17349,
  "close": 1.17374,
  "rollH20": 1.17459,
  "rollL20": 1.17256,
  "up2": false,
  "dn2": false,
  "source": "twelvedata_repo"
}