{
  "datetime": "2026-02-11 23:40:00",
  "open": 1.18741,
  "high": 1.18742,
  "low": 1.18738,
  "close": 1.18739,
  "rollH20": 1.18767,
  "rollL20": 1.18691,
  "up2": false,
  "dn2": false,
  "source": "twelvedata_repo"
}