{
  "datetime": "2025-10-23 07:15:00",
  "open": 1.16,
  "high": 1.1603,
  "low": 1.16,
  "close": 1.16027,
  "rollH20": 1.16038,
  "rollL20": 1.15952,
  "up2": false,
  "dn2": false,
  "source": "twelvedata_repo"
}