{
  "datetime": "2025-11-12 12:55:00",
  "open": 1.15739,
  "high": 1.15762,
  "low": 1.15735,
  "close": 1.1576,
  "rollH20": 1.15746,
  "rollL20": 1.15656,
  "up2": false,
  "dn2": false,
  "source": "twelvedata_repo"
}