{
  "datetime": "2025-12-17 23:40:00",
  "open": 1.17426,
  "high": 1.17434,
  "low": 1.17424,
  "close": 1.17428,
  "rollH20": 1.17442,
  "rollL20": 1.17391,
  "up2": false,
  "dn2": false,
  "source": "twelvedata_repo"
}