{
  "datetime": "2025-11-04 18:15:00",
  "open": 1.14854,
  "high": 1.14854,
  "low": 1.14846,
  "close": 1.14846,
  "rollH20": 1.14963,
  "rollL20": 1.14847,
  "up2": false,
  "dn2": false,
  "source": "twelvedata_repo"
}