{
  "datetime": "2026-07-19 22:25:00",
  "open": 1.14315,
  "high": 1.14363,
  "low": 1.14313,
  "close": 1.14347,
  "rollH20": 1.14445,
  "rollL20": 1.14211,
  "up2": false,
  "dn2": false,
  "source": "twelvedata_repo"
}