{
  "datetime": "2026-01-12 17:40:00",
  "open": 1.16781,
  "high": 1.16788,
  "low": 1.16778,
  "close": 1.16778,
  "rollH20": 1.16865,
  "rollL20": 1.16733,
  "up2": false,
  "dn2": false,
  "source": "twelvedata_repo"
}