{
  "datetime": "2026-07-23 02:25:00",
  "open": 1.14181,
  "high": 1.14184,
  "low": 1.14173,
  "close": 1.14184,
  "rollH20": 1.14203,
  "rollL20": 1.14106,
  "up2": false,
  "dn2": false,
  "source": "twelvedata_repo"
}