{
  "datetime": "2026-02-12 16:45:00",
  "open": 1.1883,
  "high": 1.18847,
  "low": 1.18827,
  "close": 1.18847,
  "rollH20": 1.18877,
  "rollL20": 1.18789,
  "up2": false,
  "dn2": false,
  "source": "twelvedata_repo"
}