{
  "datetime": "2026-04-15 15:50:00",
  "open": 1.17973,
  "high": 1.17978,
  "low": 1.17961,
  "close": 1.17962,
  "rollH20": 1.17995,
  "rollL20": 1.17848,
  "up2": false,
  "dn2": false,
  "source": "twelvedata_repo"
}