{
  "datetime": "2026-05-17 10:05:00",
  "open": 1.16232,
  "high": 1.16237,
  "low": 1.1623,
  "close": 1.16231,
  "rollH20": 1.16243,
  "rollL20": 1.16225,
  "up2": false,
  "dn2": false,
  "source": "twelvedata_repo"
}