{
  "datetime": "2026-01-08 06:55:00",
  "open": 1.16818,
  "high": 1.1683,
  "low": 1.16815,
  "close": 1.1683,
  "rollH20": 1.16838,
  "rollL20": 1.16778,
  "up2": false,
  "dn2": false,
  "source": "twelvedata_repo"
}