{
  "datetime": "2026-02-23 07:40:00",
  "open": 1.18236,
  "high": 1.18243,
  "low": 1.18236,
  "close": 1.18243,
  "rollH20": 1.18345,
  "rollL20": 1.18176,
  "up2": false,
  "dn2": false,
  "source": "twelvedata_repo"
}