{
  "datetime": "2026-04-25 21:20:00",
  "open": 1.17211,
  "high": 1.17215,
  "low": 1.17211,
  "close": 1.17211,
  "rollH20": 1.17221,
  "rollL20": 1.17177,
  "up2": false,
  "dn2": false,
  "source": "twelvedata_repo"
}