{
  "datetime": "2025-12-18 20:10:00",
  "open": 1.17224,
  "high": 1.17245,
  "low": 1.17224,
  "close": 1.17226,
  "rollH20": 1.17253,
  "rollL20": 1.17165,
  "up2": false,
  "dn2": false,
  "source": "twelvedata_repo"
}