{
  "datetime": "2026-01-30 21:10:00",
  "open": 1.18645,
  "high": 1.1865,
  "low": 1.18643,
  "close": 1.1865,
  "rollH20": 1.1885,
  "rollL20": 1.18548,
  "up2": false,
  "dn2": false,
  "source": "twelvedata_repo"
}