{
  "datetime": "2025-09-17 06:40:00",
  "open": 1.18564,
  "high": 1.18574,
  "low": 1.18564,
  "close": 1.18564,
  "rollH20": 1.18596,
  "rollL20": 1.18513,
  "up2": false,
  "dn2": false,
  "source": "twelvedata_repo"
}