{
  "datetime": "2026-06-09 22:45:00",
  "open": 1.15383,
  "high": 1.15391,
  "low": 1.15358,
  "close": 1.15389,
  "rollH20": 1.15474,
  "rollL20": 1.15367,
  "up2": false,
  "dn2": false,
  "source": "twelvedata_repo"
}