{
  "datetime": "2026-02-26 16:30:00",
  "open": 1.17939,
  "high": 1.17941,
  "low": 1.17932,
  "close": 1.17932,
  "rollH20": 1.1815,
  "rollL20": 1.17804,
  "up2": false,
  "dn2": false,
  "source": "twelvedata_repo"
}