{
  "datetime": "2025-12-08 15:40:00",
  "open": 1.16472,
  "high": 1.16493,
  "low": 1.16472,
  "close": 1.16483,
  "rollH20": 1.16565,
  "rollL20": 1.16473,
  "up2": false,
  "dn2": false,
  "source": "twelvedata_repo"
}