{
  "datetime": "2026-01-26 09:15:00",
  "open": 1.18443,
  "high": 1.18444,
  "low": 1.18381,
  "close": 1.18397,
  "rollH20": 1.18636,
  "rollL20": 1.1837,
  "up2": false,
  "dn2": false,
  "source": "twelvedata_repo"
}