{
  "datetime": "2026-04-23 07:25:00",
  "open": 1.17045,
  "high": 1.17055,
  "low": 1.17044,
  "close": 1.17054,
  "rollH20": 1.17081,
  "rollL20": 1.16992,
  "up2": false,
  "dn2": false,
  "source": "twelvedata_repo"
}