{
  "datetime": "2025-09-16 09:55:00",
  "open": 1.17942,
  "high": 1.17955,
  "low": 1.1794,
  "close": 1.17953,
  "rollH20": 1.18036,
  "rollL20": 1.17891,
  "up2": false,
  "dn2": false,
  "source": "twelvedata_repo"
}