{
  "datetime": "2026-01-08 12:30:00",
  "open": 1.16767,
  "high": 1.16771,
  "low": 1.1676,
  "close": 1.16766,
  "rollH20": 1.16815,
  "rollL20": 1.16708,
  "up2": false,
  "dn2": false,
  "source": "twelvedata_repo"
}