{
  "datetime": "2025-10-09 16:45:00",
  "open": 1.15487,
  "high": 1.15501,
  "low": 1.15486,
  "close": 1.15496,
  "rollH20": 1.16002,
  "rollL20": 1.15471,
  "up2": false,
  "dn2": false,
  "source": "twelvedata_repo"
}