{
  "datetime": "2026-04-03 06:45:00",
  "open": 1.15345,
  "high": 1.15376,
  "low": 1.1534,
  "close": 1.15359,
  "rollH20": 1.15368,
  "rollL20": 1.15294,
  "up2": false,
  "dn2": false,
  "source": "twelvedata_repo"
}