{
  "datetime": "2026-03-03 09:40:00",
  "open": 1.16123,
  "high": 1.16135,
  "low": 1.16122,
  "close": 1.16135,
  "rollH20": 1.16449,
  "rollL20": 1.16067,
  "up2": false,
  "dn2": false,
  "source": "twelvedata_repo"
}