{
  "datetime": "2026-03-28 13:45:00",
  "open": 1.15173,
  "high": 1.15176,
  "low": 1.15172,
  "close": 1.15175,
  "rollH20": 1.15221,
  "rollL20": 1.1509,
  "up2": false,
  "dn2": false,
  "source": "twelvedata_repo"
}