{
  "datetime": "2025-09-22 06:40:00",
  "open": 1.17345,
  "high": 1.17349,
  "low": 1.17329,
  "close": 1.17348,
  "rollH20": 1.17348,
  "rollL20": 1.17264,
  "up2": false,
  "dn2": false,
  "source": "twelvedata_repo"
}