{
  "datetime": "2025-11-26 23:20:00",
  "open": 1.15946,
  "high": 1.15958,
  "low": 1.15946,
  "close": 1.15956,
  "rollH20": 1.15977,
  "rollL20": 1.15888,
  "up2": false,
  "dn2": false,
  "source": "twelvedata_repo"
}