{
  "datetime": "2025-10-21 05:30:00",
  "open": 1.16335,
  "high": 1.16336,
  "low": 1.1632,
  "close": 1.16331,
  "rollH20": 1.16357,
  "rollL20": 1.1632,
  "up2": false,
  "dn2": false,
  "source": "twelvedata_repo"
}