{
  "datetime": "2025-10-21 21:30:00",
  "open": 1.15991,
  "high": 1.15994,
  "low": 1.15991,
  "close": 1.15994,
  "rollH20": 1.16076,
  "rollL20": 1.1599,
  "up2": false,
  "dn2": false,
  "source": "twelvedata_repo"
}