{
  "datetime": "2026-02-16 23:00:00",
  "open": 1.18511,
  "high": 1.18513,
  "low": 1.1851,
  "close": 1.18513,
  "rollH20": 1.18542,
  "rollL20": 1.185,
  "up2": false,
  "dn2": false,
  "source": "twelvedata_repo"
}