{
  "datetime": "2026-03-06 23:25:00",
  "open": 1.1621,
  "high": 1.16221,
  "low": 1.1621,
  "close": 1.16214,
  "rollH20": 1.1624,
  "rollL20": 1.16085,
  "up2": false,
  "dn2": false,
  "source": "twelvedata_repo"
}