{
  "datetime": "2025-12-17 05:25:00",
  "open": 1.17339,
  "high": 1.17343,
  "low": 1.17319,
  "close": 1.1732,
  "rollH20": 1.17407,
  "rollL20": 1.17336,
  "up2": false,
  "dn2": false,
  "source": "twelvedata_repo"
}