{
  "datetime": "2025-10-14 12:40:00",
  "open": 1.15554,
  "high": 1.15564,
  "low": 1.15525,
  "close": 1.15526,
  "rollH20": 1.15594,
  "rollL20": 1.15462,
  "up2": false,
  "dn2": false,
  "source": "twelvedata_repo"
}