{
  "datetime": "2026-03-15 22:00:00",
  "open": 1.14287,
  "high": 1.14321,
  "low": 1.14284,
  "close": 1.14308,
  "rollH20": 1.14309,
  "rollL20": 1.14157,
  "up2": false,
  "dn2": false,
  "source": "twelvedata_repo"
}