{
  "datetime": "2025-11-10 16:40:00",
  "open": 1.15529,
  "high": 1.15535,
  "low": 1.15502,
  "close": 1.15509,
  "rollH20": 1.15684,
  "rollL20": 1.1552,
  "up2": false,
  "dn2": false,
  "source": "twelvedata_repo"
}