{
  "datetime": "2025-11-05 09:20:00",
  "open": 1.14914,
  "high": 1.14919,
  "low": 1.14911,
  "close": 1.14911,
  "rollH20": 1.14956,
  "rollL20": 1.14834,
  "up2": false,
  "dn2": false,
  "source": "twelvedata_repo"
}