{
  "datetime": "2026-03-09 11:50:00",
  "open": 1.15585,
  "high": 1.15652,
  "low": 1.15574,
  "close": 1.15638,
  "rollH20": 1.15673,
  "rollL20": 1.15478,
  "up2": false,
  "dn2": false,
  "source": "twelvedata_repo"
}