{
  "datetime": "2025-09-23 23:40:00",
  "open": 1.1815,
  "high": 1.18157,
  "low": 1.1815,
  "close": 1.18157,
  "rollH20": 1.18188,
  "rollL20": 1.18102,
  "up2": false,
  "dn2": false,
  "source": "twelvedata_repo"
}