{
  "datetime": "2026-02-10 05:30:00",
  "open": 1.19072,
  "high": 1.19076,
  "low": 1.19062,
  "close": 1.19066,
  "rollH20": 1.19176,
  "rollL20": 1.19071,
  "up2": false,
  "dn2": false,
  "source": "twelvedata_repo"
}