{
  "datetime": "2026-01-13 05:25:00",
  "open": 1.16649,
  "high": 1.16654,
  "low": 1.16648,
  "close": 1.16654,
  "rollH20": 1.16658,
  "rollL20": 1.16571,
  "up2": false,
  "dn2": false,
  "source": "twelvedata_repo"
}