{
  "datetime": "2026-04-29 21:55:00",
  "open": 1.16737,
  "high": 1.16756,
  "low": 1.16725,
  "close": 1.16755,
  "rollH20": 1.16795,
  "rollL20": 1.16671,
  "up2": false,
  "dn2": false,
  "source": "twelvedata_repo"
}