{
  "datetime": "2026-02-22 22:55:00",
  "open": 1.17945,
  "high": 1.17948,
  "low": 1.17929,
  "close": 1.17943,
  "rollH20": 1.1798,
  "rollL20": 1.17885,
  "up2": false,
  "dn2": false,
  "source": "twelvedata_repo"
}