{
  "datetime": "2025-11-07 17:40:00",
  "open": 1.15777,
  "high": 1.15777,
  "low": 1.15765,
  "close": 1.15767,
  "rollH20": 1.15912,
  "rollL20": 1.15716,
  "up2": false,
  "dn2": false,
  "source": "twelvedata_repo"
}