{
  "datetime": "2026-04-02 21:15:00",
  "open": 1.1537,
  "high": 1.15379,
  "low": 1.15368,
  "close": 1.15376,
  "rollH20": 1.15441,
  "rollL20": 1.15335,
  "up2": false,
  "dn2": false,
  "source": "twelvedata_repo"
}