{
  "datetime": "2026-03-23 12:20:00",
  "open": 1.15688,
  "high": 1.15691,
  "low": 1.1543,
  "close": 1.1543,
  "rollH20": 1.16148,
  "rollL20": 1.14832,
  "up2": false,
  "dn2": false,
  "source": "twelvedata_repo"
}