{
  "datetime": "2026-04-28 07:05:00",
  "open": 1.17044,
  "high": 1.17073,
  "low": 1.17044,
  "close": 1.17073,
  "rollH20": 1.17165,
  "rollL20": 1.17013,
  "up2": false,
  "dn2": false,
  "source": "twelvedata_repo"
}