{
  "datetime": "2026-02-14 21:20:00",
  "open": 1.18494,
  "high": 1.18496,
  "low": 1.18494,
  "close": 1.18494,
  "rollH20": 1.186,
  "rollL20": 1.18451,
  "up2": false,
  "dn2": false,
  "source": "twelvedata_repo"
}