{
  "datetime": "2025-10-15 12:55:00",
  "open": 1.16215,
  "high": 1.16221,
  "low": 1.16202,
  "close": 1.16205,
  "rollH20": 1.16322,
  "rollL20": 1.16206,
  "up2": false,
  "dn2": false,
  "source": "twelvedata_repo"
}