{
  "datetime": "2025-10-17 11:10:00",
  "open": 1.16948,
  "high": 1.16972,
  "low": 1.16943,
  "close": 1.1697,
  "rollH20": 1.17077,
  "rollL20": 1.16916,
  "up2": false,
  "dn2": false,
  "source": "twelvedata_repo"
}