{
  "datetime": "2025-11-13 16:55:00",
  "open": 1.16389,
  "high": 1.16422,
  "low": 1.16382,
  "close": 1.16401,
  "rollH20": 1.16427,
  "rollL20": 1.16172,
  "up2": false,
  "dn2": false,
  "source": "twelvedata_repo"
}