{
  "datetime": "2026-03-23 21:05:00",
  "open": 1.16124,
  "high": 1.16131,
  "low": 1.16121,
  "close": 1.1613,
  "rollH20": 1.16374,
  "rollL20": 1.16075,
  "up2": false,
  "dn2": false,
  "source": "twelvedata_repo"
}