{
  "datetime": "2026-04-18 08:05:00",
  "open": 1.17632,
  "high": 1.17634,
  "low": 1.17631,
  "close": 1.17631,
  "rollH20": 1.17694,
  "rollL20": 1.17628,
  "up2": false,
  "dn2": false,
  "source": "twelvedata_repo"
}