{
  "datetime": "2025-12-09 22:55:00",
  "open": 1.16273,
  "high": 1.16278,
  "low": 1.16249,
  "close": 1.16271,
  "rollH20": 1.16324,
  "rollL20": 1.16255,
  "up2": false,
  "dn2": false,
  "source": "twelvedata_repo"
}