{
  "datetime": "2025-12-22 16:55:00",
  "open": 1.17656,
  "high": 1.17657,
  "low": 1.17616,
  "close": 1.17616,
  "rollH20": 1.17688,
  "rollL20": 1.17489,
  "up2": false,
  "dn2": false,
  "source": "twelvedata_repo"
}