{
  "datetime": "2026-03-06 10:15:00",
  "open": 1.15787,
  "high": 1.15793,
  "low": 1.15787,
  "close": 1.15791,
  "rollH20": 1.16135,
  "rollL20": 1.15719,
  "up2": false,
  "dn2": false,
  "source": "twelvedata_repo"
}