{
  "datetime": "2026-01-28 10:55:00",
  "open": 1.19885,
  "high": 1.19906,
  "low": 1.19884,
  "close": 1.19892,
  "rollH20": 1.20034,
  "rollL20": 1.19716,
  "up2": false,
  "dn2": false,
  "source": "twelvedata_repo"
}