{
  "datetime": "2026-04-27 16:25:00",
  "open": 1.17324,
  "high": 1.1733,
  "low": 1.17303,
  "close": 1.17329,
  "rollH20": 1.1748,
  "rollL20": 1.17314,
  "up2": false,
  "dn2": false,
  "source": "twelvedata_repo"
}