{
  "datetime": "2026-04-22 05:50:00",
  "open": 1.17421,
  "high": 1.17427,
  "low": 1.17421,
  "close": 1.17423,
  "rollH20": 1.17435,
  "rollL20": 1.17381,
  "up2": false,
  "dn2": false,
  "source": "twelvedata_repo"
}