{
  "datetime": "2026-03-23 23:10:00",
  "open": 1.16151,
  "high": 1.1616,
  "low": 1.16134,
  "close": 1.16151,
  "rollH20": 1.16161,
  "rollL20": 1.16084,
  "up2": false,
  "dn2": false,
  "source": "twelvedata_repo"
}