{
  "datetime": "2026-02-01 03:30:00",
  "open": 1.18549,
  "high": 1.18552,
  "low": 1.18548,
  "close": 1.18551,
  "rollH20": 1.18567,
  "rollL20": 1.18547,
  "up2": false,
  "dn2": false,
  "source": "twelvedata_repo"
}