{
  "datetime": "2026-01-16 22:40:00",
  "open": 1.15998,
  "high": 1.16003,
  "low": 1.15998,
  "close": 1.15999,
  "rollH20": 1.16027,
  "rollL20": 1.15961,
  "up2": false,
  "dn2": false,
  "source": "twelvedata_repo"
}