{
  "datetime": "2026-01-09 08:45:00",
  "open": 1.16413,
  "high": 1.16437,
  "low": 1.1641,
  "close": 1.16436,
  "rollH20": 1.16533,
  "rollL20": 1.16405,
  "up2": false,
  "dn2": false,
  "source": "twelvedata_repo"
}