{
  "datetime": "2026-04-11 11:30:00",
  "open": 1.17185,
  "high": 1.17189,
  "low": 1.17181,
  "close": 1.17181,
  "rollH20": 1.17232,
  "rollL20": 1.17161,
  "up2": false,
  "dn2": false,
  "source": "twelvedata_repo"
}