{
  "datetime": "2026-01-25 00:45:00",
  "open": 1.18231,
  "high": 1.18233,
  "low": 1.1823,
  "close": 1.18233,
  "rollH20": 1.1825,
  "rollL20": 1.18229,
  "up2": false,
  "dn2": false,
  "source": "twelvedata_repo"
}