{
  "datetime": "2026-02-25 23:55:00",
  "open": 1.18149,
  "high": 1.18159,
  "low": 1.18149,
  "close": 1.18159,
  "rollH20": 1.18164,
  "rollL20": 1.1806,
  "up2": false,
  "dn2": false,
  "source": "twelvedata_repo"
}