{
  "datetime": "2026-01-26 00:40:00",
  "open": 1.18648,
  "high": 1.18663,
  "low": 1.18639,
  "close": 1.18663,
  "rollH20": 1.18957,
  "rollL20": 1.18519,
  "up2": false,
  "dn2": false,
  "source": "twelvedata_repo"
}