{
  "datetime": "2026-02-17 00:25:00",
  "open": 1.18484,
  "high": 1.18486,
  "low": 1.18465,
  "close": 1.18479,
  "rollH20": 1.18523,
  "rollL20": 1.18476,
  "up2": false,
  "dn2": false,
  "source": "twelvedata_repo"
}