{
  "datetime": "2026-02-23 12:20:00",
  "open": 1.17822,
  "high": 1.17825,
  "low": 1.17775,
  "close": 1.17779,
  "rollH20": 1.18004,
  "rollL20": 1.17815,
  "up2": false,
  "dn2": false,
  "source": "twelvedata_repo"
}