{
  "datetime": "2026-03-04 10:35:00",
  "open": 1.16366,
  "high": 1.16369,
  "low": 1.16285,
  "close": 1.16285,
  "rollH20": 1.16542,
  "rollL20": 1.15948,
  "up2": false,
  "dn2": false,
  "source": "twelvedata_repo"
}