{
  "datetime": "2025-11-14 11:40:00",
  "open": 1.16136,
  "high": 1.16146,
  "low": 1.16136,
  "close": 1.16142,
  "rollH20": 1.16315,
  "rollL20": 1.16128,
  "up2": false,
  "dn2": false,
  "source": "twelvedata_repo"
}