{
  "datetime": "2026-03-24 16:00:00",
  "open": 1.16012,
  "high": 1.16018,
  "low": 1.15982,
  "close": 1.15982,
  "rollH20": 1.16019,
  "rollL20": 1.15693,
  "up2": false,
  "dn2": false,
  "source": "twelvedata_repo"
}