{
  "datetime": "2026-03-13 11:35:00",
  "open": 1.14699,
  "high": 1.14699,
  "low": 1.14609,
  "close": 1.14632,
  "rollH20": 1.14694,
  "rollL20": 1.1453,
  "up2": false,
  "dn2": false,
  "source": "twelvedata_repo"
}