{
  "datetime": "2026-05-12 02:50:00",
  "open": 1.1761,
  "high": 1.17638,
  "low": 1.17605,
  "close": 1.17635,
  "rollH20": 1.17777,
  "rollL20": 1.17582,
  "up2": false,
  "dn2": false,
  "source": "twelvedata_repo"
}