{
  "datetime": "2026-01-13 21:30:00",
  "open": 1.16471,
  "high": 1.16473,
  "low": 1.16469,
  "close": 1.16473,
  "rollH20": 1.16547,
  "rollL20": 1.16464,
  "up2": false,
  "dn2": false,
  "source": "twelvedata_repo"
}