{
  "datetime": "2026-05-29 00:10:00",
  "open": 1.16517,
  "high": 1.16521,
  "low": 1.16513,
  "close": 1.1652,
  "rollH20": 1.16534,
  "rollL20": 1.16493,
  "up2": false,
  "dn2": false,
  "source": "twelvedata_repo"
}