{
  "datetime": "2026-05-08 02:55:00",
  "open": 1.17324,
  "high": 1.17327,
  "low": 1.17319,
  "close": 1.1732,
  "rollH20": 1.17339,
  "rollL20": 1.17267,
  "up2": false,
  "dn2": false,
  "source": "twelvedata_repo"
}