{
  "datetime": "2026-03-19 22:40:00",
  "open": 1.15804,
  "high": 1.15809,
  "low": 1.15801,
  "close": 1.15809,
  "rollH20": 1.15975,
  "rollL20": 1.15797,
  "up2": false,
  "dn2": false,
  "source": "twelvedata_repo"
}