{
  "datetime": "2026-02-13 20:45:00",
  "open": 1.18693,
  "high": 1.18699,
  "low": 1.18692,
  "close": 1.18699,
  "rollH20": 1.18807,
  "rollL20": 1.18687,
  "up2": false,
  "dn2": false,
  "source": "twelvedata_repo"
}