{
  "datetime": "2025-11-05 18:10:00",
  "open": 1.1482,
  "high": 1.14834,
  "low": 1.1482,
  "close": 1.14831,
  "rollH20": 1.14874,
  "rollL20": 1.14712,
  "up2": false,
  "dn2": false,
  "source": "twelvedata_repo"
}