{
  "datetime": "2026-02-03 11:35:00",
  "open": 1.17917,
  "high": 1.17919,
  "low": 1.17895,
  "close": 1.17897,
  "rollH20": 1.18188,
  "rollL20": 1.17891,
  "up2": false,
  "dn2": false,
  "source": "twelvedata_repo"
}