{
  "datetime": "2026-03-17 04:45:00",
  "open": 1.14956,
  "high": 1.1499,
  "low": 1.14956,
  "close": 1.14983,
  "rollH20": 1.15021,
  "rollL20": 1.14897,
  "up2": false,
  "dn2": false,
  "source": "twelvedata_repo"
}