{
  "datetime": "2026-07-24 00:50:00",
  "open": 1.13781,
  "high": 1.13785,
  "low": 1.13762,
  "close": 1.13764,
  "rollH20": 1.13805,
  "rollL20": 1.13763,
  "up2": false,
  "dn2": false,
  "source": "twelvedata_repo"
}