{
  "datetime": "2025-09-30 22:00:00",
  "open": 1.17331,
  "high": 1.17331,
  "low": 1.17331,
  "close": 1.17331,
  "rollH20": 1.17411,
  "rollL20": 1.1733,
  "up2": false,
  "dn2": false,
  "source": "twelvedata_repo"
}