{
  "datetime": "2026-03-31 05:20:00",
  "open": 1.1471,
  "high": 1.14718,
  "low": 1.14701,
  "close": 1.14708,
  "rollH20": 1.14794,
  "rollL20": 1.14675,
  "up2": false,
  "dn2": false,
  "source": "twelvedata_repo"
}