{
  "datetime": "2026-02-17 08:00:00",
  "open": 1.18326,
  "high": 1.1833,
  "low": 1.18326,
  "close": 1.1833,
  "rollH20": 1.1846,
  "rollL20": 1.18299,
  "up2": false,
  "dn2": false,
  "source": "twelvedata_repo"
}