{
  "datetime": "2026-06-07 21:10:00",
  "open": 1.15161,
  "high": 1.15237,
  "low": 1.15155,
  "close": 1.15208,
  "rollH20": 1.15264,
  "rollL20": 1.15119,
  "up2": false,
  "dn2": false,
  "source": "twelvedata_repo"
}