{
  "datetime": "2026-07-04 08:40:00",
  "open": 1.14373,
  "high": 1.14377,
  "low": 1.14369,
  "close": 1.1437,
  "rollH20": 1.14448,
  "rollL20": 1.14359,
  "up2": false,
  "dn2": false,
  "source": "twelvedata_repo"
}