{
  "datetime": "2026-04-12 23:00:00",
  "open": 1.16761,
  "high": 1.16783,
  "low": 1.16718,
  "close": 1.16773,
  "rollH20": 1.17017,
  "rollL20": 1.16654,
  "up2": false,
  "dn2": false,
  "source": "twelvedata_repo"
}