{
  "datetime": "2025-11-24 07:55:00",
  "open": 1.15213,
  "high": 1.15221,
  "low": 1.15199,
  "close": 1.15203,
  "rollH20": 1.15273,
  "rollL20": 1.15213,
  "up2": false,
  "dn2": false,
  "source": "twelvedata_repo"
}