{
  "datetime": "2025-09-29 10:30:00",
  "open": 1.1724,
  "high": 1.17243,
  "low": 1.17234,
  "close": 1.17235,
  "rollH20": 1.1732,
  "rollL20": 1.17081,
  "up2": false,
  "dn2": false,
  "source": "twelvedata_repo"
}