{
  "datetime": "2026-04-24 01:05:00",
  "open": 1.16829,
  "high": 1.16847,
  "low": 1.16825,
  "close": 1.16839,
  "rollH20": 1.1687,
  "rollL20": 1.16821,
  "up2": false,
  "dn2": false,
  "source": "twelvedata_repo"
}