{
  "datetime": "2025-09-03 22:35:00",
  "open": 1.16612,
  "high": 1.16646,
  "low": 1.16568,
  "close": 1.16602,
  "rollH20": 1.16655,
  "rollL20": 1.16558,
  "up2": false,
  "dn2": false,
  "source": "twelvedata_repo"
}