{
  "datetime": "2026-01-19 20:55:00",
  "open": 1.16431,
  "high": 1.16439,
  "low": 1.16429,
  "close": 1.16434,
  "rollH20": 1.16494,
  "rollL20": 1.16428,
  "up2": false,
  "dn2": false,
  "source": "twelvedata_repo"
}