{
  "datetime": "2026-03-08 15:55:00",
  "open": 1.16181,
  "high": 1.16186,
  "low": 1.16179,
  "close": 1.16183,
  "rollH20": 1.16186,
  "rollL20": 1.16133,
  "up2": false,
  "dn2": false,
  "source": "twelvedata_repo"
}