{
  "datetime": "2026-05-21 07:25:00",
  "open": 1.16246,
  "high": 1.16257,
  "low": 1.1624,
  "close": 1.16242,
  "rollH20": 1.16267,
  "rollL20": 1.16185,
  "up2": false,
  "dn2": false,
  "source": "twelvedata_repo"
}