{
  "datetime": "2026-05-30 01:15:00",
  "open": 1.166,
  "high": 1.16607,
  "low": 1.16597,
  "close": 1.16598,
  "rollH20": 1.16619,
  "rollL20": 1.1658,
  "up2": false,
  "dn2": false,
  "source": "twelvedata_repo"
}