{
  "datetime": "2026-05-18 08:45:00",
  "open": 1.16374,
  "high": 1.16375,
  "low": 1.16356,
  "close": 1.16369,
  "rollH20": 1.16398,
  "rollL20": 1.16228,
  "up2": false,
  "dn2": false,
  "source": "twelvedata_repo"
}