{
  "datetime": "2026-06-27 12:15:00",
  "open": 1.13865,
  "high": 1.13867,
  "low": 1.13861,
  "close": 1.13867,
  "rollH20": 1.13956,
  "rollL20": 1.13852,
  "up2": false,
  "dn2": false,
  "source": "twelvedata_repo"
}