{
  "datetime": "2026-01-17 23:55:00",
  "open": 1.16055,
  "high": 1.16058,
  "low": 1.16016,
  "close": 1.16032,
  "rollH20": 1.16063,
  "rollL20": 1.16045,
  "up2": false,
  "dn2": false,
  "source": "twelvedata_repo"
}