{
  "datetime": "2025-09-09 22:20:00",
  "open": 1.17094,
  "high": 1.17129,
  "low": 1.17043,
  "close": 1.17077,
  "rollH20": 1.17141,
  "rollL20": 1.17045,
  "up2": false,
  "dn2": false,
  "source": "twelvedata_repo"
}