{
  "datetime": "2026-01-12 03:50:00",
  "open": 1.16607,
  "high": 1.16609,
  "low": 1.16577,
  "close": 1.16592,
  "rollH20": 1.1671,
  "rollL20": 1.16554,
  "up2": false,
  "dn2": false,
  "source": "twelvedata_repo"
}