{
  "datetime": "2026-01-25 09:20:00",
  "open": 1.18247,
  "high": 1.18251,
  "low": 1.18245,
  "close": 1.18249,
  "rollH20": 1.18252,
  "rollL20": 1.18235,
  "up2": false,
  "dn2": false,
  "source": "twelvedata_repo"
}