{
  "datetime": "2026-01-23 16:15:00",
  "open": 1.17484,
  "high": 1.17489,
  "low": 1.17482,
  "close": 1.17489,
  "rollH20": 1.17511,
  "rollL20": 1.17329,
  "up2": false,
  "dn2": false,
  "source": "twelvedata_repo"
}