{
  "datetime": "2026-07-06 17:00:00",
  "open": 1.14241,
  "high": 1.14262,
  "low": 1.14241,
  "close": 1.14259,
  "rollH20": 1.14256,
  "rollL20": 1.14119,
  "up2": false,
  "dn2": false,
  "source": "twelvedata_repo"
}