{
  "datetime": "2025-09-30 15:30:00",
  "open": 1.17408,
  "high": 1.17456,
  "low": 1.17408,
  "close": 1.17436,
  "rollH20": 1.17487,
  "rollL20": 1.17165,
  "up2": false,
  "dn2": false,
  "source": "twelvedata_repo"
}