{
  "datetime": "2026-06-14 02:20:00",
  "open": 1.1573,
  "high": 1.15735,
  "low": 1.15729,
  "close": 1.15732,
  "rollH20": 1.15774,
  "rollL20": 1.15709,
  "up2": false,
  "dn2": false,
  "source": "twelvedata_repo"
}