{
  "datetime": "2025-09-15 17:50:00",
  "open": 1.17606,
  "high": 1.17606,
  "low": 1.17576,
  "close": 1.17577,
  "rollH20": 1.17744,
  "rollL20": 1.17579,
  "up2": false,
  "dn2": false,
  "source": "twelvedata_repo"
}