{
  "datetime": "2026-06-04 12:10:00",
  "open": 1.1634,
  "high": 1.16363,
  "low": 1.1634,
  "close": 1.16361,
  "rollH20": 1.16354,
  "rollL20": 1.16201,
  "up2": false,
  "dn2": false,
  "source": "twelvedata_repo"
}