{
  "datetime": "2026-04-06 11:15:00",
  "open": 1.15518,
  "high": 1.1552,
  "low": 1.15507,
  "close": 1.15507,
  "rollH20": 1.1562,
  "rollL20": 1.15477,
  "up2": false,
  "dn2": false,
  "source": "twelvedata_repo"
}