{
  "datetime": "2026-04-22 01:30:00",
  "open": 1.17475,
  "high": 1.17483,
  "low": 1.17475,
  "close": 1.17482,
  "rollH20": 1.17516,
  "rollL20": 1.17379,
  "up2": false,
  "dn2": false,
  "source": "twelvedata_repo"
}