{
  "datetime": "2026-06-13 16:10:00",
  "open": 1.15711,
  "high": 1.15716,
  "low": 1.1571,
  "close": 1.15714,
  "rollH20": 1.15788,
  "rollL20": 1.15647,
  "up2": false,
  "dn2": false,
  "source": "twelvedata_repo"
}