{
  "datetime": "2026-04-07 00:25:00",
  "open": 1.1542,
  "high": 1.15425,
  "low": 1.15418,
  "close": 1.15418,
  "rollH20": 1.15479,
  "rollL20": 1.1541,
  "up2": false,
  "dn2": false,
  "source": "twelvedata_repo"
}