{
  "datetime": "2025-10-20 12:20:00",
  "open": 1.16535,
  "high": 1.16536,
  "low": 1.16526,
  "close": 1.1653,
  "rollH20": 1.16676,
  "rollL20": 1.16505,
  "up2": false,
  "dn2": false,
  "source": "twelvedata_repo"
}