{
  "datetime": "2026-01-20 14:25:00",
  "open": 1.17223,
  "high": 1.17227,
  "low": 1.17219,
  "close": 1.1722,
  "rollH20": 1.17434,
  "rollL20": 1.17203,
  "up2": false,
  "dn2": false,
  "source": "twelvedata_repo"
}