{
  "datetime": "2026-03-22 20:00:00",
  "open": 1.15392,
  "high": 1.15403,
  "low": 1.15391,
  "close": 1.15399,
  "rollH20": 1.15722,
  "rollL20": 1.15315,
  "up2": false,
  "dn2": false,
  "source": "twelvedata_repo"
}