{
  "datetime": "2026-05-13 11:05:00",
  "open": 1.17066,
  "high": 1.17066,
  "low": 1.17041,
  "close": 1.17059,
  "rollH20": 1.17116,
  "rollL20": 1.16963,
  "up2": false,
  "dn2": false,
  "source": "twelvedata_repo"
}