{
  "datetime": "2026-02-03 13:00:00",
  "open": 1.17878,
  "high": 1.17896,
  "low": 1.17876,
  "close": 1.17896,
  "rollH20": 1.17967,
  "rollL20": 1.17815,
  "up2": false,
  "dn2": false,
  "source": "twelvedata_repo"
}