{
  "datetime": "2025-09-29 15:05:00",
  "open": 1.17393,
  "high": 1.17425,
  "low": 1.1738,
  "close": 1.1739,
  "rollH20": 1.17544,
  "rollL20": 1.17185,
  "up2": false,
  "dn2": false,
  "source": "twelvedata_repo"
}