{
  "datetime": "2026-03-10 21:10:00",
  "open": 1.1608,
  "high": 1.16085,
  "low": 1.16071,
  "close": 1.16073,
  "rollH20": 1.16182,
  "rollL20": 1.16069,
  "up2": false,
  "dn2": false,
  "source": "twelvedata_repo"
}