{
  "datetime": "2025-11-18 16:30:00",
  "open": 1.1606,
  "high": 1.16081,
  "low": 1.16034,
  "close": 1.16034,
  "rollH20": 1.16061,
  "rollL20": 1.15931,
  "up2": false,
  "dn2": false,
  "source": "twelvedata_repo"
}