{
  "datetime": "2026-01-08 12:40:00",
  "open": 1.16766,
  "high": 1.16771,
  "low": 1.16765,
  "close": 1.16771,
  "rollH20": 1.16815,
  "rollL20": 1.16755,
  "up2": false,
  "dn2": false,
  "source": "twelvedata_repo"
}