{
  "datetime": "2025-12-17 06:35:00",
  "open": 1.17259,
  "high": 1.17284,
  "low": 1.17257,
  "close": 1.17279,
  "rollH20": 1.17403,
  "rollL20": 1.17256,
  "up2": false,
  "dn2": false,
  "source": "twelvedata_repo"
}