{
  "datetime": "2025-11-28 13:15:00",
  "open": 1.1567,
  "high": 1.1567,
  "low": 1.15667,
  "close": 1.15667,
  "rollH20": 1.15688,
  "rollL20": 1.15554,
  "up2": false,
  "dn2": false,
  "source": "twelvedata_repo"
}