{
  "datetime": "2026-07-22 18:35:00",
  "open": 1.14115,
  "high": 1.14115,
  "low": 1.14094,
  "close": 1.14097,
  "rollH20": 1.14144,
  "rollL20": 1.14051,
  "up2": false,
  "dn2": false,
  "source": "twelvedata_repo"
}