{
  "datetime": "2025-10-21 10:30:00",
  "open": 1.16221,
  "high": 1.16247,
  "low": 1.16208,
  "close": 1.16247,
  "rollH20": 1.16317,
  "rollL20": 1.16129,
  "up2": false,
  "dn2": false,
  "source": "twelvedata_repo"
}