{
  "datetime": "2026-03-21 22:55:00",
  "open": 1.15908,
  "high": 1.15908,
  "low": 1.15822,
  "close": 1.15862,
  "rollH20": 1.15935,
  "rollL20": 1.15836,
  "up2": false,
  "dn2": false,
  "source": "twelvedata_repo"
}