{
  "datetime": "2026-04-17 10:55:00",
  "open": 1.17943,
  "high": 1.17945,
  "low": 1.17936,
  "close": 1.17937,
  "rollH20": 1.17994,
  "rollL20": 1.17807,
  "up2": false,
  "dn2": false,
  "source": "twelvedata_repo"
}