{
  "datetime": "2026-01-07 06:10:00",
  "open": 1.16928,
  "high": 1.1693,
  "low": 1.16912,
  "close": 1.16923,
  "rollH20": 1.17025,
  "rollL20": 1.16911,
  "up2": false,
  "dn2": false,
  "source": "twelvedata_repo"
}