{
  "datetime": "2026-01-20 10:50:00",
  "open": 1.17247,
  "high": 1.17252,
  "low": 1.17239,
  "close": 1.17242,
  "rollH20": 1.17333,
  "rollL20": 1.16929,
  "up2": false,
  "dn2": false,
  "source": "twelvedata_repo"
}