{
  "datetime": "2026-04-20 13:10:00",
  "open": 1.17619,
  "high": 1.17621,
  "low": 1.17601,
  "close": 1.17601,
  "rollH20": 1.17752,
  "rollL20": 1.17619,
  "up2": false,
  "dn2": false,
  "source": "twelvedata_repo"
}