{
  "datetime": "2026-04-04 09:55:00",
  "open": 1.15155,
  "high": 1.15158,
  "low": 1.15148,
  "close": 1.15149,
  "rollH20": 1.15225,
  "rollL20": 1.15137,
  "up2": false,
  "dn2": false,
  "source": "twelvedata_repo"
}