{
  "datetime": "2025-10-23 23:55:00",
  "open": 1.16192,
  "high": 1.16193,
  "low": 1.1618,
  "close": 1.1618,
  "rollH20": 1.16219,
  "rollL20": 1.16143,
  "up2": false,
  "dn2": false,
  "source": "twelvedata_repo"
}