{
  "datetime": "2025-12-26 06:55:00",
  "open": 1.17855,
  "high": 1.17861,
  "low": 1.17855,
  "close": 1.1786,
  "rollH20": 1.1788,
  "rollL20": 1.17806,
  "up2": false,
  "dn2": false,
  "source": "twelvedata_repo"
}