{
  "datetime": "2026-02-19 21:00:00",
  "open": 1.1768,
  "high": 1.17692,
  "low": 1.1768,
  "close": 1.17692,
  "rollH20": 1.17707,
  "rollL20": 1.17605,
  "up2": false,
  "dn2": false,
  "source": "twelvedata_repo"
}