{
  "datetime": "2026-01-30 11:35:00",
  "open": 1.19159,
  "high": 1.19175,
  "low": 1.19157,
  "close": 1.19166,
  "rollH20": 1.19363,
  "rollL20": 1.18984,
  "up2": false,
  "dn2": false,
  "source": "twelvedata_repo"
}