{
  "datetime": "2025-10-10 17:30:00",
  "open": 1.16119,
  "high": 1.1615,
  "low": 1.16119,
  "close": 1.1615,
  "rollH20": 1.16305,
  "rollL20": 1.15739,
  "up2": false,
  "dn2": false,
  "source": "twelvedata_repo"
}