{
  "datetime": "2026-03-22 19:10:00",
  "open": 1.1565,
  "high": 1.1565,
  "low": 1.15564,
  "close": 1.15571,
  "rollH20": 1.15767,
  "rollL20": 1.15614,
  "up2": false,
  "dn2": true,
  "source": "twelvedata_repo"
}