{
  "datetime": "2025-10-20 20:35:00",
  "open": 1.16435,
  "high": 1.16436,
  "low": 1.16433,
  "close": 1.16433,
  "rollH20": 1.16491,
  "rollL20": 1.16384,
  "up2": false,
  "dn2": false,
  "source": "twelvedata_repo"
}