{
  "datetime": "2026-05-31 01:15:00",
  "open": 1.16597,
  "high": 1.16599,
  "low": 1.16588,
  "close": 1.16599,
  "rollH20": 1.16611,
  "rollL20": 1.16588,
  "up2": false,
  "dn2": false,
  "source": "twelvedata_repo"
}