{
  "datetime": "2025-10-14 17:55:00",
  "open": 1.1611,
  "high": 1.16128,
  "low": 1.16103,
  "close": 1.16103,
  "rollH20": 1.16147,
  "rollL20": 1.15872,
  "up2": false,
  "dn2": false,
  "source": "twelvedata_repo"
}