{
  "datetime": "2026-01-23 07:05:00",
  "open": 1.1752,
  "high": 1.17521,
  "low": 1.17519,
  "close": 1.17521,
  "rollH20": 1.17544,
  "rollL20": 1.17449,
  "up2": false,
  "dn2": false,
  "source": "twelvedata_repo"
}