{
  "datetime": "2026-04-23 14:05:00",
  "open": 1.16927,
  "high": 1.16931,
  "low": 1.16918,
  "close": 1.16918,
  "rollH20": 1.16978,
  "rollL20": 1.16795,
  "up2": false,
  "dn2": false,
  "source": "twelvedata_repo"
}