{
  "datetime": "2026-05-10 15:05:00",
  "open": 1.17929,
  "high": 1.17936,
  "low": 1.17861,
  "close": 1.17866,
  "rollH20": 1.17942,
  "rollL20": 1.17849,
  "up2": false,
  "dn2": false,
  "source": "twelvedata_repo"
}