{
  "datetime": "2025-12-04 08:35:00",
  "open": 1.16563,
  "high": 1.16578,
  "low": 1.16559,
  "close": 1.16572,
  "rollH20": 1.16613,
  "rollL20": 1.16532,
  "up2": false,
  "dn2": false,
  "source": "twelvedata_repo"
}