{
  "datetime": "2026-06-13 03:25:00",
  "open": 1.15669,
  "high": 1.15673,
  "low": 1.15666,
  "close": 1.15672,
  "rollH20": 1.15786,
  "rollL20": 1.15659,
  "up2": false,
  "dn2": false,
  "source": "twelvedata_repo"
}