{
  "datetime": "2026-03-29 16:45:00",
  "open": 1.1503,
  "high": 1.15034,
  "low": 1.1503,
  "close": 1.1503,
  "rollH20": 1.15203,
  "rollL20": 1.1488,
  "up2": false,
  "dn2": false,
  "source": "twelvedata_repo"
}