{
  "datetime": "2026-02-26 09:05:00",
  "open": 1.18028,
  "high": 1.18031,
  "low": 1.18014,
  "close": 1.18018,
  "rollH20": 1.18179,
  "rollL20": 1.18029,
  "up2": false,
  "dn2": false,
  "source": "twelvedata_repo"
}