{
  "datetime": "2025-11-14 18:05:00",
  "open": 1.16148,
  "high": 1.16155,
  "low": 1.16138,
  "close": 1.16147,
  "rollH20": 1.16242,
  "rollL20": 1.16068,
  "up2": false,
  "dn2": false,
  "source": "twelvedata_repo"
}