{
  "datetime": "2026-05-01 13:55:00",
  "open": 1.17582,
  "high": 1.176,
  "low": 1.17577,
  "close": 1.1759,
  "rollH20": 1.17686,
  "rollL20": 1.17462,
  "up2": false,
  "dn2": false,
  "source": "twelvedata_repo"
}