{
  "datetime": "2025-10-31 00:45:00",
  "open": 1.15692,
  "high": 1.15693,
  "low": 1.15681,
  "close": 1.15687,
  "rollH20": 1.15701,
  "rollL20": 1.15661,
  "up2": false,
  "dn2": false,
  "source": "twelvedata_repo"
}