{
  "datetime": "2026-03-27 12:00:00",
  "open": 1.15116,
  "high": 1.1513,
  "low": 1.15105,
  "close": 1.15124,
  "rollH20": 1.15268,
  "rollL20": 1.15114,
  "up2": false,
  "dn2": false,
  "source": "twelvedata_repo"
}