{
  "datetime": "2026-05-09 19:25:00",
  "open": 1.17871,
  "high": 1.179,
  "low": 1.17863,
  "close": 1.17896,
  "rollH20": 1.17925,
  "rollL20": 1.17834,
  "up2": false,
  "dn2": false,
  "source": "twelvedata_repo"
}