{
  "datetime": "2025-11-24 17:45:00",
  "open": 1.15241,
  "high": 1.15253,
  "low": 1.15239,
  "close": 1.15245,
  "rollH20": 1.15308,
  "rollL20": 1.15177,
  "up2": false,
  "dn2": false,
  "source": "twelvedata_repo"
}