{
  "datetime": "2025-12-15 14:55:00",
  "open": 1.17517,
  "high": 1.1752,
  "low": 1.17482,
  "close": 1.175,
  "rollH20": 1.17603,
  "rollL20": 1.17514,
  "up2": false,
  "dn2": false,
  "source": "twelvedata_repo"
}