{
  "datetime": "2026-01-02 11:30:00",
  "open": 1.17139,
  "high": 1.17189,
  "low": 1.17139,
  "close": 1.17167,
  "rollH20": 1.1737,
  "rollL20": 1.17139,
  "up2": false,
  "dn2": false,
  "source": "twelvedata_repo"
}