{
  "datetime": "2026-03-14 01:15:00",
  "open": 1.14676,
  "high": 1.14681,
  "low": 1.14675,
  "close": 1.14679,
  "rollH20": 1.14689,
  "rollL20": 1.14431,
  "up2": false,
  "dn2": false,
  "source": "twelvedata_repo"
}