{
  "datetime": "2025-10-20 09:40:00",
  "open": 1.16629,
  "high": 1.16635,
  "low": 1.16621,
  "close": 1.16627,
  "rollH20": 1.1668,
  "rollL20": 1.16537,
  "up2": false,
  "dn2": false,
  "source": "twelvedata_repo"
}