{
  "datetime": "2025-09-23 00:45:00",
  "open": 1.18016,
  "high": 1.18019,
  "low": 1.18011,
  "close": 1.18018,
  "rollH20": 1.18036,
  "rollL20": 1.17993,
  "up2": false,
  "dn2": false,
  "source": "twelvedata_repo"
}