{
  "datetime": "2025-09-02 18:40:00",
  "open": 1.16454,
  "high": 1.16467,
  "low": 1.1642,
  "close": 1.16423,
  "rollH20": 1.16556,
  "rollL20": 1.16414,
  "up2": false,
  "dn2": false,
  "source": "twelvedata_repo"
}