{
  "datetime": "2025-09-03 18:55:00",
  "open": 1.16637,
  "high": 1.16644,
  "low": 1.16587,
  "close": 1.16601,
  "rollH20": 1.16776,
  "rollL20": 1.16634,
  "up2": false,
  "dn2": false,
  "source": "twelvedata_repo"
}