{
  "datetime": "2025-09-26 10:40:00",
  "open": 1.1683,
  "high": 1.16836,
  "low": 1.16828,
  "close": 1.16836,
  "rollH20": 1.16878,
  "rollL20": 1.16706,
  "up2": false,
  "dn2": false,
  "source": "twelvedata_repo"
}