{
  "datetime": "2026-04-07 10:40:00",
  "open": 1.15703,
  "high": 1.15706,
  "low": 1.15695,
  "close": 1.15695,
  "rollH20": 1.15759,
  "rollL20": 1.15426,
  "up2": false,
  "dn2": false,
  "source": "twelvedata_repo"
}