{
  "datetime": "2026-03-03 22:10:00",
  "open": 1.1616,
  "high": 1.16164,
  "low": 1.16135,
  "close": 1.16137,
  "rollH20": 1.16241,
  "rollL20": 1.16104,
  "up2": false,
  "dn2": false,
  "source": "twelvedata_repo"
}