{
  "datetime": "2026-04-03 21:10:00",
  "open": 1.15155,
  "high": 1.15256,
  "low": 1.15152,
  "close": 1.15206,
  "rollH20": 1.15199,
  "rollL20": 1.15141,
  "up2": false,
  "dn2": false,
  "source": "twelvedata_repo"
}