{
  "datetime": "2026-02-15 12:30:00",
  "open": 1.18712,
  "high": 1.18716,
  "low": 1.18711,
  "close": 1.18713,
  "rollH20": 1.18717,
  "rollL20": 1.18708,
  "up2": false,
  "dn2": false,
  "source": "twelvedata_repo"
}