{
  "datetime": "2026-06-20 03:25:00",
  "open": 1.14745,
  "high": 1.14748,
  "low": 1.14745,
  "close": 1.14748,
  "rollH20": 1.14796,
  "rollL20": 1.14728,
  "up2": false,
  "dn2": false,
  "source": "twelvedata_repo"
}