{
  "datetime": "2026-01-10 09:10:00",
  "open": 1.16407,
  "high": 1.16409,
  "low": 1.16407,
  "close": 1.16407,
  "rollH20": 1.16413,
  "rollL20": 1.16353,
  "up2": false,
  "dn2": false,
  "source": "twelvedata_repo"
}