{
  "datetime": "2025-10-15 15:10:00",
  "open": 1.16238,
  "high": 1.16275,
  "low": 1.1622,
  "close": 1.16267,
  "rollH20": 1.16319,
  "rollL20": 1.16105,
  "up2": false,
  "dn2": false,
  "source": "twelvedata_repo"
}