{
  "datetime": "2025-10-30 04:45:00",
  "open": 1.16105,
  "high": 1.16124,
  "low": 1.16105,
  "close": 1.16118,
  "rollH20": 1.16198,
  "rollL20": 1.16066,
  "up2": false,
  "dn2": false,
  "source": "twelvedata_repo"
}