{
  "datetime": "2025-10-21 08:30:00",
  "open": 1.16305,
  "high": 1.16313,
  "low": 1.16292,
  "close": 1.16292,
  "rollH20": 1.16354,
  "rollL20": 1.16187,
  "up2": false,
  "dn2": false,
  "source": "twelvedata_repo"
}