{
  "datetime": "2026-03-10 17:55:00",
  "open": 1.16441,
  "high": 1.16443,
  "low": 1.16438,
  "close": 1.16438,
  "rollH20": 1.16684,
  "rollL20": 1.16424,
  "up2": false,
  "dn2": false,
  "source": "twelvedata_repo"
}