{
  "datetime": "2026-02-17 14:30:00",
  "open": 1.18204,
  "high": 1.18223,
  "low": 1.18202,
  "close": 1.18221,
  "rollH20": 1.18305,
  "rollL20": 1.18168,
  "up2": false,
  "dn2": false,
  "source": "twelvedata_repo"
}