{
  "datetime": "2026-03-09 04:20:00",
  "open": 1.15223,
  "high": 1.15226,
  "low": 1.15219,
  "close": 1.1522,
  "rollH20": 1.15284,
  "rollL20": 1.15137,
  "up2": false,
  "dn2": false,
  "source": "twelvedata_repo"
}