{
  "datetime": "2026-01-25 21:55:00",
  "open": 1.18582,
  "high": 1.18793,
  "low": 1.18509,
  "close": 1.18687,
  "rollH20": 1.1883,
  "rollL20": 1.18368,
  "up2": false,
  "dn2": false,
  "source": "twelvedata_repo"
}