{
  "datetime": "2026-03-31 03:20:00",
  "open": 1.14769,
  "high": 1.14773,
  "low": 1.14763,
  "close": 1.14765,
  "rollH20": 1.14902,
  "rollL20": 1.14566,
  "up2": false,
  "dn2": false,
  "source": "twelvedata_repo"
}