{
  "datetime": "2026-04-27 15:05:00",
  "open": 1.17394,
  "high": 1.17422,
  "low": 1.17394,
  "close": 1.17403,
  "rollH20": 1.17547,
  "rollL20": 1.17365,
  "up2": false,
  "dn2": false,
  "source": "twelvedata_repo"
}