{
  "datetime": "2025-09-16 06:40:00",
  "open": 1.17773,
  "high": 1.17773,
  "low": 1.17761,
  "close": 1.17767,
  "rollH20": 1.17803,
  "rollL20": 1.1774,
  "up2": false,
  "dn2": false,
  "source": "twelvedata_repo"
}