{
  "datetime": "2026-07-12 20:25:00",
  "open": 1.14074,
  "high": 1.14172,
  "low": 1.14054,
  "close": 1.14059,
  "rollH20": 1.14301,
  "rollL20": 1.14037,
  "up2": false,
  "dn2": false,
  "source": "twelvedata_repo"
}