{
  "datetime": "2026-01-10 05:15:00",
  "open": 1.16402,
  "high": 1.16407,
  "low": 1.16401,
  "close": 1.16407,
  "rollH20": 1.16412,
  "rollL20": 1.16373,
  "up2": false,
  "dn2": false,
  "source": "twelvedata_repo"
}