{
  "datetime": "2026-02-17 23:55:00",
  "open": 1.18512,
  "high": 1.18515,
  "low": 1.1851,
  "close": 1.18511,
  "rollH20": 1.1858,
  "rollL20": 1.1851,
  "up2": false,
  "dn2": false,
  "source": "twelvedata_repo"
}