{
  "datetime": "2026-06-28 08:50:00",
  "open": 1.13904,
  "high": 1.13909,
  "low": 1.13904,
  "close": 1.13904,
  "rollH20": 1.13963,
  "rollL20": 1.13836,
  "up2": false,
  "dn2": false,
  "source": "twelvedata_repo"
}