{
  "datetime": "2026-05-04 23:00:00",
  "open": 1.16913,
  "high": 1.16923,
  "low": 1.16896,
  "close": 1.16914,
  "rollH20": 1.16951,
  "rollL20": 1.16874,
  "up2": false,
  "dn2": false,
  "source": "twelvedata_repo"
}