{
  "datetime": "2025-11-18 16:55:00",
  "open": 1.15911,
  "high": 1.15911,
  "low": 1.15874,
  "close": 1.15878,
  "rollH20": 1.16081,
  "rollL20": 1.15918,
  "up2": false,
  "dn2": false,
  "source": "twelvedata_repo"
}