{
  "datetime": "2026-02-26 23:45:00",
  "open": 1.18014,
  "high": 1.18017,
  "low": 1.18014,
  "close": 1.18016,
  "rollH20": 1.18025,
  "rollL20": 1.17963,
  "up2": false,
  "dn2": false,
  "source": "twelvedata_repo"
}