{
  "datetime": "2026-01-10 15:00:00",
  "open": 1.16349,
  "high": 1.16351,
  "low": 1.16347,
  "close": 1.16351,
  "rollH20": 1.16372,
  "rollL20": 1.16346,
  "up2": false,
  "dn2": false,
  "source": "twelvedata_repo"
}