{
  "datetime": "2025-12-17 19:30:00",
  "open": 1.17472,
  "high": 1.17476,
  "low": 1.17466,
  "close": 1.17471,
  "rollH20": 1.17559,
  "rollL20": 1.1746,
  "up2": false,
  "dn2": false,
  "source": "twelvedata_repo"
}