{
  "datetime": "2026-03-16 04:40:00",
  "open": 1.14454,
  "high": 1.14458,
  "low": 1.14437,
  "close": 1.14437,
  "rollH20": 1.14536,
  "rollL20": 1.14451,
  "up2": false,
  "dn2": false,
  "source": "twelvedata_repo"
}