{
  "datetime": "2026-02-04 03:05:00",
  "open": 1.18272,
  "high": 1.18318,
  "low": 1.18269,
  "close": 1.18301,
  "rollH20": 1.18314,
  "rollL20": 1.18126,
  "up2": false,
  "dn2": false,
  "source": "twelvedata_repo"
}