{
  "datetime": "2025-12-05 21:55:00",
  "open": 1.16409,
  "high": 1.16426,
  "low": 1.16405,
  "close": 1.16419,
  "rollH20": 1.16443,
  "rollL20": 1.16398,
  "up2": false,
  "dn2": false,
  "source": "twelvedata_repo"
}