{
  "datetime": "2025-10-16 22:35:00",
  "open": 1.16912,
  "high": 1.16913,
  "low": 1.16909,
  "close": 1.16909,
  "rollH20": 1.16932,
  "rollL20": 1.16848,
  "up2": false,
  "dn2": false,
  "source": "twelvedata_repo"
}