{
  "datetime": "2026-03-01 18:50:00",
  "open": 1.17771,
  "high": 1.17774,
  "low": 1.17743,
  "close": 1.17752,
  "rollH20": 1.18153,
  "rollL20": 1.17628,
  "up2": false,
  "dn2": false,
  "source": "twelvedata_repo"
}