{
  "datetime": "2026-01-22 18:00:00",
  "open": 1.17397,
  "high": 1.174,
  "low": 1.17385,
  "close": 1.17388,
  "rollH20": 1.17503,
  "rollL20": 1.17248,
  "up2": false,
  "dn2": false,
  "source": "twelvedata_repo"
}