{
  "datetime": "2026-02-04 19:05:00",
  "open": 1.17994,
  "high": 1.18002,
  "low": 1.17994,
  "close": 1.18,
  "rollH20": 1.18157,
  "rollL20": 1.17928,
  "up2": false,
  "dn2": false,
  "source": "twelvedata_repo"
}