{
  "datetime": "2026-02-09 02:05:00",
  "open": 1.18304,
  "high": 1.18304,
  "low": 1.18282,
  "close": 1.18283,
  "rollH20": 1.18329,
  "rollL20": 1.18111,
  "up2": false,
  "dn2": false,
  "source": "twelvedata_repo"
}