{
  "datetime": "2026-03-26 17:40:00",
  "open": 1.15339,
  "high": 1.15351,
  "low": 1.15327,
  "close": 1.15351,
  "rollH20": 1.15506,
  "rollL20": 1.15319,
  "up2": false,
  "dn2": false,
  "source": "twelvedata_repo"
}