{
  "datetime": "2026-01-20 08:00:00",
  "open": 1.16689,
  "high": 1.16689,
  "low": 1.16644,
  "close": 1.16655,
  "rollH20": 1.16702,
  "rollL20": 1.16628,
  "up2": false,
  "dn2": false,
  "source": "twelvedata_repo"
}