{
  "datetime": "2025-09-02 00:55:00",
  "open": 1.17155,
  "high": 1.17165,
  "low": 1.17146,
  "close": 1.17159,
  "rollH20": 1.17188,
  "rollL20": 1.17092,
  "up2": false,
  "dn2": false,
  "source": "twelvedata_repo"
}