{
  "datetime": "2026-04-23 09:25:00",
  "open": 1.17021,
  "high": 1.17049,
  "low": 1.17019,
  "close": 1.17045,
  "rollH20": 1.17122,
  "rollL20": 1.16962,
  "up2": false,
  "dn2": false,
  "source": "twelvedata_repo"
}