{
  "datetime": "2026-03-04 07:05:00",
  "open": 1.16136,
  "high": 1.16185,
  "low": 1.16136,
  "close": 1.16174,
  "rollH20": 1.16179,
  "rollL20": 1.15883,
  "up2": false,
  "dn2": false,
  "source": "twelvedata_repo"
}