{
  "datetime": "2026-03-17 02:15:00",
  "open": 1.14922,
  "high": 1.14935,
  "low": 1.1492,
  "close": 1.14932,
  "rollH20": 1.14951,
  "rollL20": 1.1487,
  "up2": false,
  "dn2": false,
  "source": "twelvedata_repo"
}