{
  "datetime": "2025-12-05 12:30:00",
  "open": 1.16468,
  "high": 1.16468,
  "low": 1.16466,
  "close": 1.16466,
  "rollH20": 1.16572,
  "rollL20": 1.16441,
  "up2": false,
  "dn2": false,
  "source": "twelvedata_repo"
}