{
  "datetime": "2026-05-21 00:15:00",
  "open": 1.16266,
  "high": 1.1627,
  "low": 1.16256,
  "close": 1.16261,
  "rollH20": 1.16286,
  "rollL20": 1.16244,
  "up2": false,
  "dn2": false,
  "source": "twelvedata_repo"
}