{
  "datetime": "2025-10-15 19:55:00",
  "open": 1.16313,
  "high": 1.16325,
  "low": 1.16304,
  "close": 1.16325,
  "rollH20": 1.16374,
  "rollL20": 1.16269,
  "up2": false,
  "dn2": false,
  "source": "twelvedata_repo"
}