{
  "datetime": "2026-04-03 01:00:00",
  "open": 1.15416,
  "high": 1.15456,
  "low": 1.15416,
  "close": 1.15448,
  "rollH20": 1.15434,
  "rollL20": 1.15393,
  "up2": false,
  "dn2": false,
  "source": "twelvedata_repo"
}