{
  "datetime": "2025-10-01 08:55:00",
  "open": 1.17545,
  "high": 1.17569,
  "low": 1.1747,
  "close": 1.17497,
  "rollH20": 1.17786,
  "rollL20": 1.1742,
  "up2": false,
  "dn2": false,
  "source": "twelvedata_repo"
}