{
  "datetime": "2026-03-28 15:30:00",
  "open": 1.15317,
  "high": 1.15322,
  "low": 1.15316,
  "close": 1.15316,
  "rollH20": 1.15336,
  "rollL20": 1.15163,
  "up2": false,
  "dn2": false,
  "source": "twelvedata_repo"
}