{
  "datetime": "2026-01-05 12:55:00",
  "open": 1.16838,
  "high": 1.16842,
  "low": 1.16831,
  "close": 1.16837,
  "rollH20": 1.1691,
  "rollL20": 1.16802,
  "up2": false,
  "dn2": false,
  "source": "twelvedata_repo"
}