{
  "datetime": "2025-10-28 20:05:00",
  "open": 1.16631,
  "high": 1.16644,
  "low": 1.16627,
  "close": 1.16644,
  "rollH20": 1.16665,
  "rollL20": 1.16562,
  "up2": false,
  "dn2": false,
  "source": "twelvedata_repo"
}