{
  "datetime": "2026-03-03 08:00:00",
  "open": 1.16445,
  "high": 1.16449,
  "low": 1.16428,
  "close": 1.16433,
  "rollH20": 1.16715,
  "rollL20": 1.16433,
  "up2": false,
  "dn2": false,
  "source": "twelvedata_repo"
}