{
  "datetime": "2026-02-11 03:40:00",
  "open": 1.19122,
  "high": 1.19122,
  "low": 1.19114,
  "close": 1.19114,
  "rollH20": 1.19128,
  "rollL20": 1.18954,
  "up2": false,
  "dn2": false,
  "source": "twelvedata_repo"
}