{
  "datetime": "2025-10-27 13:15:00",
  "open": 1.16464,
  "high": 1.16473,
  "low": 1.16453,
  "close": 1.16471,
  "rollH20": 1.16517,
  "rollL20": 1.16359,
  "up2": false,
  "dn2": false,
  "source": "twelvedata_repo"
}