{
  "datetime": "2025-11-21 18:40:00",
  "open": 1.15067,
  "high": 1.15067,
  "low": 1.15047,
  "close": 1.15048,
  "rollH20": 1.15128,
  "rollL20": 1.14912,
  "up2": false,
  "dn2": false,
  "source": "twelvedata_repo"
}