{
  "datetime": "2025-11-26 12:55:00",
  "open": 1.15724,
  "high": 1.15758,
  "low": 1.15719,
  "close": 1.15754,
  "rollH20": 1.15794,
  "rollL20": 1.15685,
  "up2": false,
  "dn2": false,
  "source": "twelvedata_repo"
}