{
  "datetime": "2025-11-06 06:15:00",
  "open": 1.15064,
  "high": 1.15064,
  "low": 1.15064,
  "close": 1.15064,
  "rollH20": 1.1508,
  "rollL20": 1.15036,
  "up2": false,
  "dn2": false,
  "source": "twelvedata_repo"
}