{
  "datetime": "2025-11-18 14:55:00",
  "open": 1.15974,
  "high": 1.15977,
  "low": 1.1597,
  "close": 1.15976,
  "rollH20": 1.16019,
  "rollL20": 1.15844,
  "up2": false,
  "dn2": false,
  "source": "twelvedata_repo"
}