{
  "datetime": "2025-09-26 08:40:00",
  "open": 1.1677,
  "high": 1.16777,
  "low": 1.1677,
  "close": 1.16775,
  "rollH20": 1.16838,
  "rollL20": 1.16716,
  "up2": false,
  "dn2": false,
  "source": "twelvedata_repo"
}