{
  "datetime": "2026-02-06 00:50:00",
  "open": 1.1778,
  "high": 1.17782,
  "low": 1.1778,
  "close": 1.17781,
  "rollH20": 1.17828,
  "rollL20": 1.17755,
  "up2": false,
  "dn2": false,
  "source": "twelvedata_repo"
}