{
  "datetime": "2026-04-08 07:40:00",
  "open": 1.17051,
  "high": 1.17074,
  "low": 1.17046,
  "close": 1.17055,
  "rollH20": 1.17064,
  "rollL20": 1.16751,
  "up2": false,
  "dn2": false,
  "source": "twelvedata_repo"
}