{
  "datetime": "2026-02-14 08:50:00",
  "open": 1.18624,
  "high": 1.18629,
  "low": 1.18624,
  "close": 1.18624,
  "rollH20": 1.18698,
  "rollL20": 1.18621,
  "up2": false,
  "dn2": false,
  "source": "twelvedata_repo"
}