{
  "datetime": "2026-03-23 00:50:00",
  "open": 1.15641,
  "high": 1.15641,
  "low": 1.15603,
  "close": 1.15612,
  "rollH20": 1.15644,
  "rollL20": 1.15474,
  "up2": false,
  "dn2": false,
  "source": "twelvedata_repo"
}