{
  "datetime": "2026-04-08 16:15:00",
  "open": 1.16865,
  "high": 1.16903,
  "low": 1.16862,
  "close": 1.16903,
  "rollH20": 1.17026,
  "rollL20": 1.16857,
  "up2": false,
  "dn2": false,
  "source": "twelvedata_repo"
}