{
  "datetime": "2026-04-10 12:00:00",
  "open": 1.17136,
  "high": 1.17137,
  "low": 1.1713,
  "close": 1.17137,
  "rollH20": 1.17162,
  "rollL20": 1.16956,
  "up2": false,
  "dn2": false,
  "source": "twelvedata_repo"
}