{
  "datetime": "2025-11-27 16:40:00",
  "open": 1.15944,
  "high": 1.15948,
  "low": 1.15927,
  "close": 1.15931,
  "rollH20": 1.15998,
  "rollL20": 1.15913,
  "up2": false,
  "dn2": false,
  "source": "twelvedata_repo"
}