{
  "datetime": "2025-12-29 14:20:00",
  "open": 1.17669,
  "high": 1.1767,
  "low": 1.17665,
  "close": 1.17665,
  "rollH20": 1.17705,
  "rollL20": 1.17571,
  "up2": false,
  "dn2": false,
  "source": "twelvedata_repo"
}