{
  "datetime": "2025-09-12 16:55:00",
  "open": 1.17167,
  "high": 1.1717,
  "low": 1.17162,
  "close": 1.17164,
  "rollH20": 1.17279,
  "rollL20": 1.17139,
  "up2": false,
  "dn2": false,
  "source": "twelvedata_repo"
}