{
  "datetime": "2026-07-17 16:20:00",
  "open": 1.14405,
  "high": 1.14444,
  "low": 1.14391,
  "close": 1.14443,
  "rollH20": 1.1444,
  "rollL20": 1.143,
  "up2": false,
  "dn2": false,
  "source": "twelvedata_repo"
}