{
  "datetime": "2025-09-23 12:45:00",
  "open": 1.17961,
  "high": 1.17978,
  "low": 1.17951,
  "close": 1.17951,
  "rollH20": 1.18067,
  "rollL20": 1.17908,
  "up2": false,
  "dn2": false,
  "source": "twelvedata_repo"
}