{
  "datetime": "2026-01-13 22:30:00",
  "open": 1.16458,
  "high": 1.16462,
  "low": 1.16457,
  "close": 1.16462,
  "rollH20": 1.16505,
  "rollL20": 1.16429,
  "up2": false,
  "dn2": false,
  "source": "twelvedata_repo"
}