{
  "datetime": "2025-12-10 13:25:00",
  "open": 1.16342,
  "high": 1.16374,
  "low": 1.16342,
  "close": 1.16371,
  "rollH20": 1.16382,
  "rollL20": 1.16281,
  "up2": false,
  "dn2": false,
  "source": "twelvedata_repo"
}