{
  "datetime": "2025-12-18 20:25:00",
  "open": 1.17231,
  "high": 1.17237,
  "low": 1.17231,
  "close": 1.17231,
  "rollH20": 1.17253,
  "rollL20": 1.17165,
  "up2": false,
  "dn2": false,
  "source": "twelvedata_repo"
}