{
  "datetime": "2026-02-28 21:15:00",
  "open": 1.18164,
  "high": 1.18167,
  "low": 1.18164,
  "close": 1.18164,
  "rollH20": 1.18169,
  "rollL20": 1.18155,
  "up2": false,
  "dn2": false,
  "source": "twelvedata_repo"
}