{
  "datetime": "2026-01-09 05:55:00",
  "open": 1.16555,
  "high": 1.16559,
  "low": 1.16542,
  "close": 1.16551,
  "rollH20": 1.1659,
  "rollL20": 1.16522,
  "up2": false,
  "dn2": false,
  "source": "twelvedata_repo"
}