{
  "datetime": "2025-10-15 06:30:00",
  "open": 1.1625,
  "high": 1.1625,
  "low": 1.16248,
  "close": 1.16248,
  "rollH20": 1.16251,
  "rollL20": 1.16169,
  "up2": false,
  "dn2": false,
  "source": "twelvedata_repo"
}