{
  "datetime": "2026-06-20 04:50:00",
  "open": 1.14747,
  "high": 1.1475,
  "low": 1.14745,
  "close": 1.14745,
  "rollH20": 1.148,
  "rollL20": 1.14726,
  "up2": false,
  "dn2": false,
  "source": "twelvedata_repo"
}