{
  "datetime": "2026-02-13 17:40:00",
  "open": 1.18714,
  "high": 1.18717,
  "low": 1.18694,
  "close": 1.18702,
  "rollH20": 1.18743,
  "rollL20": 1.18497,
  "up2": false,
  "dn2": false,
  "source": "twelvedata_repo"
}