{
  "datetime": "2026-03-05 14:25:00",
  "open": 1.15992,
  "high": 1.16028,
  "low": 1.15987,
  "close": 1.16011,
  "rollH20": 1.16248,
  "rollL20": 1.15919,
  "up2": false,
  "dn2": false,
  "source": "twelvedata_repo"
}