{
  "datetime": "2026-06-15 16:35:00",
  "open": 1.16003,
  "high": 1.16005,
  "low": 1.15999,
  "close": 1.16005,
  "rollH20": 1.16189,
  "rollL20": 1.15994,
  "up2": false,
  "dn2": false,
  "source": "twelvedata_repo"
}