{
  "datetime": "2025-11-20 14:55:00",
  "open": 1.15282,
  "high": 1.15295,
  "low": 1.15244,
  "close": 1.15277,
  "rollH20": 1.15393,
  "rollL20": 1.15078,
  "up2": false,
  "dn2": false,
  "source": "twelvedata_repo"
}