{
  "datetime": "2026-06-09 18:55:00",
  "open": 1.15496,
  "high": 1.15496,
  "low": 1.15467,
  "close": 1.15473,
  "rollH20": 1.15535,
  "rollL20": 1.15286,
  "up2": false,
  "dn2": false,
  "source": "twelvedata_repo"
}