{
  "datetime": "2026-06-25 09:35:00",
  "open": 1.13709,
  "high": 1.13718,
  "low": 1.13701,
  "close": 1.13717,
  "rollH20": 1.13711,
  "rollL20": 1.13437,
  "up2": false,
  "dn2": false,
  "source": "twelvedata_repo"
}