{
  "datetime": "2026-06-22 00:45:00",
  "open": 1.14593,
  "high": 1.14597,
  "low": 1.14583,
  "close": 1.14585,
  "rollH20": 1.14673,
  "rollL20": 1.14588,
  "up2": false,
  "dn2": false,
  "source": "twelvedata_repo"
}