{
  "datetime": "2025-11-10 17:10:00",
  "open": 1.15474,
  "high": 1.15518,
  "low": 1.15473,
  "close": 1.15518,
  "rollH20": 1.15673,
  "rollL20": 1.1545,
  "up2": false,
  "dn2": false,
  "source": "twelvedata_repo"
}