{
  "datetime": "2026-03-18 22:45:00",
  "open": 1.14562,
  "high": 1.1457,
  "low": 1.14562,
  "close": 1.14568,
  "rollH20": 1.14735,
  "rollL20": 1.14517,
  "up2": false,
  "dn2": false,
  "source": "twelvedata_repo"
}