{
  "datetime": "2025-10-03 19:55:00",
  "open": 1.17382,
  "high": 1.17402,
  "low": 1.17376,
  "close": 1.17396,
  "rollH20": 1.17416,
  "rollL20": 1.17267,
  "up2": false,
  "dn2": false,
  "source": "twelvedata_repo"
}