{
  "datetime": "2025-12-30 23:40:00",
  "open": 1.17484,
  "high": 1.17486,
  "low": 1.17484,
  "close": 1.17486,
  "rollH20": 1.17499,
  "rollL20": 1.17441,
  "up2": false,
  "dn2": false,
  "source": "twelvedata_repo"
}