{
  "datetime": "2026-01-06 17:55:00",
  "open": 1.1688,
  "high": 1.16919,
  "low": 1.16876,
  "close": 1.16894,
  "rollH20": 1.17001,
  "rollL20": 1.16855,
  "up2": false,
  "dn2": false,
  "source": "twelvedata_repo"
}