{
  "datetime": "2025-11-27 17:35:00",
  "open": 1.15982,
  "high": 1.15984,
  "low": 1.15978,
  "close": 1.15983,
  "rollH20": 1.16002,
  "rollL20": 1.15927,
  "up2": false,
  "dn2": false,
  "source": "twelvedata_repo"
}