{
  "datetime": "2025-12-02 11:55:00",
  "open": 1.1605,
  "high": 1.1605,
  "low": 1.16048,
  "close": 1.16048,
  "rollH20": 1.16142,
  "rollL20": 1.15996,
  "up2": false,
  "dn2": false,
  "source": "twelvedata_repo"
}