{
  "datetime": "2026-06-21 17:40:00",
  "open": 1.14722,
  "high": 1.14724,
  "low": 1.14722,
  "close": 1.14724,
  "rollH20": 1.14736,
  "rollL20": 1.14704,
  "up2": false,
  "dn2": false,
  "source": "twelvedata_repo"
}