{
  "datetime": "2025-11-06 00:25:00",
  "open": 1.14946,
  "high": 1.14951,
  "low": 1.14942,
  "close": 1.14949,
  "rollH20": 1.14954,
  "rollL20": 1.14904,
  "up2": false,
  "dn2": false,
  "source": "twelvedata_repo"
}