{
  "datetime": "2025-09-30 07:55:00",
  "open": 1.17367,
  "high": 1.17382,
  "low": 1.17367,
  "close": 1.17382,
  "rollH20": 1.17437,
  "rollL20": 1.17307,
  "up2": false,
  "dn2": false,
  "source": "twelvedata_repo"
}