{
  "datetime": "2025-11-19 11:55:00",
  "open": 1.15719,
  "high": 1.15729,
  "low": 1.15694,
  "close": 1.15695,
  "rollH20": 1.15787,
  "rollL20": 1.15661,
  "up2": false,
  "dn2": false,
  "source": "twelvedata_repo"
}