{
  "datetime": "2025-10-16 05:25:00",
  "open": 1.16596,
  "high": 1.16596,
  "low": 1.16592,
  "close": 1.16593,
  "rollH20": 1.16675,
  "rollL20": 1.16589,
  "up2": false,
  "dn2": false,
  "source": "twelvedata_repo"
}