{
  "datetime": "2025-12-19 08:50:00",
  "open": 1.17085,
  "high": 1.17087,
  "low": 1.17066,
  "close": 1.17071,
  "rollH20": 1.17221,
  "rollL20": 1.17077,
  "up2": false,
  "dn2": false,
  "source": "twelvedata_repo"
}