{
  "datetime": "2025-09-26 22:25:00",
  "open": 1.17009,
  "high": 1.17009,
  "low": 1.17009,
  "close": 1.17009,
  "rollH20": 1.17072,
  "rollL20": 1.16989,
  "up2": false,
  "dn2": false,
  "source": "twelvedata_repo"
}