{
  "datetime": "2026-02-10 15:35:00",
  "open": 1.19267,
  "high": 1.19271,
  "low": 1.19242,
  "close": 1.19242,
  "rollH20": 1.19271,
  "rollL20": 1.18903,
  "up2": false,
  "dn2": false,
  "source": "twelvedata_repo"
}