{
  "datetime": "2025-12-05 14:25:00",
  "open": 1.1647,
  "high": 1.16485,
  "low": 1.1647,
  "close": 1.16485,
  "rollH20": 1.16533,
  "rollL20": 1.16431,
  "up2": false,
  "dn2": false,
  "source": "twelvedata_repo"
}