{
  "datetime": "2026-06-21 22:15:00",
  "open": 1.14626,
  "high": 1.14705,
  "low": 1.14593,
  "close": 1.1465,
  "rollH20": 1.14809,
  "rollL20": 1.14471,
  "up2": false,
  "dn2": false,
  "source": "twelvedata_repo"
}