{
  "datetime": "2026-03-13 12:40:00",
  "open": 1.14737,
  "high": 1.14738,
  "low": 1.14726,
  "close": 1.14736,
  "rollH20": 1.14739,
  "rollL20": 1.14562,
  "up2": false,
  "dn2": false,
  "source": "twelvedata_repo"
}