{
  "datetime": "2026-01-18 14:20:00",
  "open": 1.15964,
  "high": 1.15976,
  "low": 1.15842,
  "close": 1.15905,
  "rollH20": 1.16067,
  "rollL20": 1.15963,
  "up2": false,
  "dn2": false,
  "source": "twelvedata_repo"
}