{
  "datetime": "2026-02-03 22:35:00",
  "open": 1.18239,
  "high": 1.18244,
  "low": 1.18239,
  "close": 1.18242,
  "rollH20": 1.18255,
  "rollL20": 1.18101,
  "up2": false,
  "dn2": false,
  "source": "twelvedata_repo"
}