{
  "datetime": "2026-04-12 21:10:00",
  "open": 1.16888,
  "high": 1.16916,
  "low": 1.16754,
  "close": 1.16892,
  "rollH20": 1.17234,
  "rollL20": 1.16594,
  "up2": false,
  "dn2": false,
  "source": "twelvedata_repo"
}