{
  "datetime": "2025-12-08 00:40:00",
  "open": 1.16448,
  "high": 1.16449,
  "low": 1.1643,
  "close": 1.16431,
  "rollH20": 1.16471,
  "rollL20": 1.16394,
  "up2": false,
  "dn2": false,
  "source": "twelvedata_repo"
}