{
  "datetime": "2025-08-29 10:40:00",
  "open": 1.16751,
  "high": 1.16754,
  "low": 1.16699,
  "close": 1.16715,
  "rollH20": 1.1691,
  "rollL20": 1.16687,
  "up2": false,
  "dn2": false,
  "source": "twelvedata_repo"
}