{
  "datetime": "2025-09-30 05:40:00",
  "open": 1.17216,
  "high": 1.1724,
  "low": 1.17216,
  "close": 1.17228,
  "rollH20": 1.17264,
  "rollL20": 1.17189,
  "up2": false,
  "dn2": false,
  "source": "twelvedata_repo"
}