{
  "datetime": "2026-01-10 06:55:00",
  "open": 1.16405,
  "high": 1.16409,
  "low": 1.16404,
  "close": 1.16408,
  "rollH20": 1.16413,
  "rollL20": 1.16372,
  "up2": false,
  "dn2": false,
  "source": "twelvedata_repo"
}