{
  "datetime": "2026-07-20 21:50:00",
  "open": 1.14136,
  "high": 1.1414,
  "low": 1.14127,
  "close": 1.14138,
  "rollH20": 1.14188,
  "rollL20": 1.14127,
  "up2": false,
  "dn2": false,
  "source": "twelvedata_repo"
}