{
  "datetime": "2026-04-20 15:40:00",
  "open": 1.1774,
  "high": 1.17747,
  "low": 1.1774,
  "close": 1.17747,
  "rollH20": 1.17815,
  "rollL20": 1.17616,
  "up2": false,
  "dn2": false,
  "source": "twelvedata_repo"
}