{
  "datetime": "2026-04-20 10:15:00",
  "open": 1.1764,
  "high": 1.17642,
  "low": 1.17624,
  "close": 1.17625,
  "rollH20": 1.17648,
  "rollL20": 1.17549,
  "up2": false,
  "dn2": false,
  "source": "twelvedata_repo"
}