{
  "datetime": "2026-06-20 21:50:00",
  "open": 1.14756,
  "high": 1.14759,
  "low": 1.14756,
  "close": 1.14758,
  "rollH20": 1.14805,
  "rollL20": 1.1473,
  "up2": false,
  "dn2": false,
  "source": "twelvedata_repo"
}