{
  "datetime": "2026-02-14 04:50:00",
  "open": 1.18634,
  "high": 1.18666,
  "low": 1.18626,
  "close": 1.18633,
  "rollH20": 1.1866,
  "rollL20": 1.18618,
  "up2": false,
  "dn2": false,
  "source": "twelvedata_repo"
}