{
  "datetime": "2026-03-26 09:25:00",
  "open": 1.15582,
  "high": 1.15587,
  "low": 1.15567,
  "close": 1.15569,
  "rollH20": 1.15669,
  "rollL20": 1.15483,
  "up2": false,
  "dn2": false,
  "source": "twelvedata_repo"
}