{
  "datetime": "2026-07-21 01:10:00",
  "open": 1.1416,
  "high": 1.14169,
  "low": 1.14154,
  "close": 1.14158,
  "rollH20": 1.14185,
  "rollL20": 1.14115,
  "up2": false,
  "dn2": false,
  "source": "twelvedata_repo"
}