{
  "datetime": "2026-03-17 09:55:00",
  "open": 1.15107,
  "high": 1.15114,
  "low": 1.15107,
  "close": 1.15114,
  "rollH20": 1.15237,
  "rollL20": 1.14893,
  "up2": false,
  "dn2": false,
  "source": "twelvedata_repo"
}