{
  "datetime": "2026-02-07 07:20:00",
  "open": 1.18095,
  "high": 1.18095,
  "low": 1.18094,
  "close": 1.18094,
  "rollH20": 1.18146,
  "rollL20": 1.18074,
  "up2": false,
  "dn2": false,
  "source": "twelvedata_repo"
}