{
  "datetime": "2025-11-18 18:30:00",
  "open": 1.15735,
  "high": 1.15768,
  "low": 1.15735,
  "close": 1.1576,
  "rollH20": 1.15959,
  "rollL20": 1.15721,
  "up2": false,
  "dn2": false,
  "source": "twelvedata_repo"
}