{
  "datetime": "2026-06-15 10:30:00",
  "open": 1.16048,
  "high": 1.16076,
  "low": 1.16048,
  "close": 1.16071,
  "rollH20": 1.16105,
  "rollL20": 1.15969,
  "up2": false,
  "dn2": false,
  "source": "twelvedata_repo"
}