{
  "datetime": "2026-03-16 23:10:00",
  "open": 1.14981,
  "high": 1.14983,
  "low": 1.14963,
  "close": 1.14963,
  "rollH20": 1.15092,
  "rollL20": 1.14981,
  "up2": false,
  "dn2": false,
  "source": "twelvedata_repo"
}