{
  "datetime": "2026-01-19 17:55:00",
  "open": 1.16446,
  "high": 1.16448,
  "low": 1.16435,
  "close": 1.16438,
  "rollH20": 1.16478,
  "rollL20": 1.16328,
  "up2": false,
  "dn2": false,
  "source": "twelvedata_repo"
}