{
  "datetime": "2026-03-11 20:30:00",
  "open": 1.1571,
  "high": 1.1572,
  "low": 1.15703,
  "close": 1.15717,
  "rollH20": 1.15767,
  "rollL20": 1.15678,
  "up2": false,
  "dn2": false,
  "source": "twelvedata_repo"
}