{
  "datetime": "2025-10-24 11:55:00",
  "open": 1.16138,
  "high": 1.16142,
  "low": 1.16124,
  "close": 1.16124,
  "rollH20": 1.16162,
  "rollL20": 1.16058,
  "up2": false,
  "dn2": false,
  "source": "twelvedata_repo"
}