{
  "datetime": "2026-03-13 21:15:00",
  "open": 1.1428,
  "high": 1.14298,
  "low": 1.14226,
  "close": 1.14234,
  "rollH20": 1.14297,
  "rollL20": 1.14113,
  "up2": false,
  "dn2": false,
  "source": "twelvedata_repo"
}