{
  "datetime": "2026-01-05 06:20:00",
  "open": 1.16828,
  "high": 1.16833,
  "low": 1.16828,
  "close": 1.1683,
  "rollH20": 1.16834,
  "rollL20": 1.16732,
  "up2": false,
  "dn2": false,
  "source": "twelvedata_repo"
}