{
  "datetime": "2026-02-20 22:50:00",
  "open": 1.17868,
  "high": 1.17877,
  "low": 1.17868,
  "close": 1.17877,
  "rollH20": 1.17925,
  "rollL20": 1.17808,
  "up2": false,
  "dn2": false,
  "source": "twelvedata_repo"
}