{
  "datetime": "2026-02-26 18:50:00",
  "open": 1.17831,
  "high": 1.17838,
  "low": 1.17831,
  "close": 1.17835,
  "rollH20": 1.17909,
  "rollL20": 1.1774,
  "up2": false,
  "dn2": false,
  "source": "twelvedata_repo"
}