{
  "datetime": "2026-01-12 17:50:00",
  "open": 1.16775,
  "high": 1.16777,
  "low": 1.16729,
  "close": 1.16737,
  "rollH20": 1.16865,
  "rollL20": 1.16733,
  "up2": false,
  "dn2": false,
  "source": "twelvedata_repo"
}