{
  "datetime": "2025-11-10 19:10:00",
  "open": 1.15636,
  "high": 1.15646,
  "low": 1.15633,
  "close": 1.15646,
  "rollH20": 1.15636,
  "rollL20": 1.15409,
  "up2": false,
  "dn2": false,
  "source": "twelvedata_repo"
}