{
  "datetime": "2026-01-11 21:20:00",
  "open": 1.16368,
  "high": 1.16371,
  "low": 1.16368,
  "close": 1.16369,
  "rollH20": 1.16428,
  "rollL20": 1.16349,
  "up2": false,
  "dn2": false,
  "source": "twelvedata_repo"
}