{
  "datetime": "2025-12-05 10:25:00",
  "open": 1.16533,
  "high": 1.16534,
  "low": 1.16501,
  "close": 1.16515,
  "rollH20": 1.16674,
  "rollL20": 1.16504,
  "up2": false,
  "dn2": false,
  "source": "twelvedata_repo"
}