{
  "datetime": "2026-04-17 21:15:00",
  "open": 1.17714,
  "high": 1.1772,
  "low": 1.17706,
  "close": 1.17706,
  "rollH20": 1.17933,
  "rollL20": 1.17668,
  "up2": false,
  "dn2": false,
  "source": "twelvedata_repo"
}