{
  "datetime": "2026-04-03 16:00:00",
  "open": 1.15218,
  "high": 1.15231,
  "low": 1.15218,
  "close": 1.15231,
  "rollH20": 1.1537,
  "rollL20": 1.15213,
  "up2": false,
  "dn2": false,
  "source": "twelvedata_repo"
}