{
  "datetime": "2025-10-29 14:55:00",
  "open": 1.16375,
  "high": 1.16392,
  "low": 1.16368,
  "close": 1.16369,
  "rollH20": 1.1645,
  "rollL20": 1.16277,
  "up2": false,
  "dn2": false,
  "source": "twelvedata_repo"
}