{
  "datetime": "2025-08-29 23:30:00",
  "open": 1.1683,
  "high": 1.1683,
  "low": 1.1683,
  "close": 1.1683,
  "rollH20": 1.16973,
  "rollL20": 1.16791,
  "up2": false,
  "dn2": false,
  "source": "twelvedata_repo"
}