{
  "datetime": "2026-02-20 03:55:00",
  "open": 1.17585,
  "high": 1.17589,
  "low": 1.17582,
  "close": 1.17588,
  "rollH20": 1.1759,
  "rollL20": 1.17545,
  "up2": false,
  "dn2": false,
  "source": "twelvedata_repo"
}