{
  "datetime": "2026-05-11 22:45:00",
  "open": 1.17828,
  "high": 1.1783,
  "low": 1.17822,
  "close": 1.1783,
  "rollH20": 1.17847,
  "rollL20": 1.17756,
  "up2": false,
  "dn2": false,
  "source": "twelvedata_repo"
}