{
  "datetime": "2026-04-07 20:15:00",
  "open": 1.15768,
  "high": 1.15883,
  "low": 1.15767,
  "close": 1.15857,
  "rollH20": 1.15832,
  "rollL20": 1.15715,
  "up2": false,
  "dn2": false,
  "source": "twelvedata_repo"
}