{
  "datetime": "2026-07-18 10:45:00",
  "open": 1.14377,
  "high": 1.14386,
  "low": 1.14376,
  "close": 1.14384,
  "rollH20": 1.14414,
  "rollL20": 1.14374,
  "up2": false,
  "dn2": false,
  "source": "twelvedata_repo"
}