{
  "datetime": "2026-04-25 11:25:00",
  "open": 1.17172,
  "high": 1.17177,
  "low": 1.17171,
  "close": 1.17171,
  "rollH20": 1.17216,
  "rollL20": 1.1717,
  "up2": false,
  "dn2": false,
  "source": "twelvedata_repo"
}