{
  "datetime": "2025-12-08 09:45:00",
  "open": 1.16528,
  "high": 1.16532,
  "low": 1.16518,
  "close": 1.16529,
  "rollH20": 1.16671,
  "rollL20": 1.16492,
  "up2": false,
  "dn2": false,
  "source": "twelvedata_repo"
}