{
  "datetime": "2026-02-16 01:20:00",
  "open": 1.18646,
  "high": 1.18649,
  "low": 1.18642,
  "close": 1.18647,
  "rollH20": 1.18687,
  "rollL20": 1.186,
  "up2": false,
  "dn2": false,
  "source": "twelvedata_repo"
}