{
  "datetime": "2025-10-17 07:10:00",
  "open": 1.17229,
  "high": 1.17229,
  "low": 1.17202,
  "close": 1.17202,
  "rollH20": 1.17283,
  "rollL20": 1.17064,
  "up2": false,
  "dn2": false,
  "source": "twelvedata_repo"
}