{
  "datetime": "2026-01-30 18:40:00",
  "open": 1.18747,
  "high": 1.18751,
  "low": 1.1872,
  "close": 1.18723,
  "rollH20": 1.18977,
  "rollL20": 1.18673,
  "up2": false,
  "dn2": false,
  "source": "twelvedata_repo"
}