{
  "datetime": "2026-07-24 10:50:00",
  "open": 1.13867,
  "high": 1.13867,
  "low": 1.13863,
  "close": 1.13867,
  "rollH20": 1.1389,
  "rollL20": 1.13816,
  "up2": false,
  "dn2": false,
  "source": "twelvedata_repo"
}