{
  "datetime": "2025-12-08 11:40:00",
  "open": 1.16511,
  "high": 1.16516,
  "low": 1.16508,
  "close": 1.16515,
  "rollH20": 1.16582,
  "rollL20": 1.16494,
  "up2": false,
  "dn2": false,
  "source": "twelvedata_repo"
}