{
  "datetime": "2025-09-26 16:55:00",
  "open": 1.16921,
  "high": 1.16921,
  "low": 1.1688,
  "close": 1.16893,
  "rollH20": 1.17046,
  "rollL20": 1.16866,
  "up2": false,
  "dn2": false,
  "source": "twelvedata_repo"
}