{
  "datetime": "2025-11-17 09:55:00",
  "open": 1.16044,
  "high": 1.16073,
  "low": 1.16043,
  "close": 1.16056,
  "rollH20": 1.16152,
  "rollL20": 1.15993,
  "up2": false,
  "dn2": false,
  "source": "twelvedata_repo"
}