{
  "datetime": "2025-11-24 23:35:00",
  "open": 1.15239,
  "high": 1.15245,
  "low": 1.15234,
  "close": 1.15234,
  "rollH20": 1.15253,
  "rollL20": 1.15196,
  "up2": false,
  "dn2": false,
  "source": "twelvedata_repo"
}