{
  "datetime": "2025-12-22 08:45:00",
  "open": 1.17243,
  "high": 1.17244,
  "low": 1.17235,
  "close": 1.17244,
  "rollH20": 1.17249,
  "rollL20": 1.17133,
  "up2": false,
  "dn2": false,
  "source": "twelvedata_repo"
}