{
  "datetime": "2026-02-18 11:45:00",
  "open": 1.18349,
  "high": 1.18366,
  "low": 1.18341,
  "close": 1.18358,
  "rollH20": 1.18411,
  "rollL20": 1.18304,
  "up2": false,
  "dn2": false,
  "source": "twelvedata_repo"
}