{
  "datetime": "2025-10-27 06:45:00",
  "open": 1.16244,
  "high": 1.16247,
  "low": 1.16244,
  "close": 1.16247,
  "rollH20": 1.16273,
  "rollL20": 1.16212,
  "up2": false,
  "dn2": false,
  "source": "twelvedata_repo"
}