{
  "datetime": "2025-12-26 06:45:00",
  "open": 1.17837,
  "high": 1.17867,
  "low": 1.17837,
  "close": 1.17859,
  "rollH20": 1.1788,
  "rollL20": 1.17806,
  "up2": false,
  "dn2": false,
  "source": "twelvedata_repo"
}