{
  "datetime": "2026-01-31 00:40:00",
  "open": 1.18567,
  "high": 1.1857,
  "low": 1.18567,
  "close": 1.18567,
  "rollH20": 1.18598,
  "rollL20": 1.18503,
  "up2": false,
  "dn2": false,
  "source": "twelvedata_repo"
}