{
  "datetime": "2026-04-05 06:20:00",
  "open": 1.15201,
  "high": 1.15205,
  "low": 1.15201,
  "close": 1.15201,
  "rollH20": 1.15206,
  "rollL20": 1.15194,
  "up2": false,
  "dn2": false,
  "source": "twelvedata_repo"
}