{
  "datetime": "2026-04-28 23:30:00",
  "open": 1.17156,
  "high": 1.17159,
  "low": 1.17155,
  "close": 1.17159,
  "rollH20": 1.17186,
  "rollL20": 1.17124,
  "up2": false,
  "dn2": false,
  "source": "twelvedata_repo"
}