{
  "datetime": "2025-09-03 12:20:00",
  "open": 1.16445,
  "high": 1.16449,
  "low": 1.16423,
  "close": 1.16435,
  "rollH20": 1.16656,
  "rollL20": 1.16392,
  "up2": false,
  "dn2": false,
  "source": "twelvedata_repo"
}