{
  "datetime": "2026-03-11 04:25:00",
  "open": 1.16319,
  "high": 1.16326,
  "low": 1.16319,
  "close": 1.16321,
  "rollH20": 1.16325,
  "rollL20": 1.16225,
  "up2": false,
  "dn2": false,
  "source": "twelvedata_repo"
}