{
  "datetime": "2026-01-13 22:05:00",
  "open": 1.16451,
  "high": 1.16458,
  "low": 1.16445,
  "close": 1.16446,
  "rollH20": 1.16505,
  "rollL20": 1.16453,
  "up2": false,
  "dn2": false,
  "source": "twelvedata_repo"
}