{
  "datetime": "2026-05-27 19:00:00",
  "open": 1.1628,
  "high": 1.16287,
  "low": 1.16244,
  "close": 1.16247,
  "rollH20": 1.16338,
  "rollL20": 1.16226,
  "up2": false,
  "dn2": false,
  "source": "twelvedata_repo"
}