{
  "datetime": "2026-03-26 15:05:00",
  "open": 1.15407,
  "high": 1.15429,
  "low": 1.15388,
  "close": 1.15423,
  "rollH20": 1.15527,
  "rollL20": 1.15274,
  "up2": false,
  "dn2": false,
  "source": "twelvedata_repo"
}