{
  "datetime": "2025-11-07 21:55:00",
  "open": 1.1564,
  "high": 1.15647,
  "low": 1.15638,
  "close": 1.15647,
  "rollH20": 1.15726,
  "rollL20": 1.1556,
  "up2": false,
  "dn2": false,
  "source": "twelvedata_repo"
}