{
  "datetime": "2026-03-01 20:15:00",
  "open": 1.17749,
  "high": 1.17749,
  "low": 1.17527,
  "close": 1.17615,
  "rollH20": 1.1805,
  "rollL20": 1.17502,
  "up2": false,
  "dn2": false,
  "source": "twelvedata_repo"
}