{
  "datetime": "2026-04-19 02:45:00",
  "open": 1.17718,
  "high": 1.17723,
  "low": 1.17716,
  "close": 1.17717,
  "rollH20": 1.17756,
  "rollL20": 1.17629,
  "up2": false,
  "dn2": false,
  "source": "twelvedata_repo"
}