{
  "datetime": "2026-02-24 07:50:00",
  "open": 1.17788,
  "high": 1.1779,
  "low": 1.17763,
  "close": 1.17763,
  "rollH20": 1.17826,
  "rollL20": 1.17718,
  "up2": false,
  "dn2": false,
  "source": "twelvedata_repo"
}