{
  "datetime": "2025-09-02 09:55:00",
  "open": 1.16472,
  "high": 1.16488,
  "low": 1.16439,
  "close": 1.16445,
  "rollH20": 1.16889,
  "rollL20": 1.16338,
  "up2": false,
  "dn2": false,
  "source": "twelvedata_repo"
}