{
  "datetime": "2026-04-21 14:00:00",
  "open": 1.1759,
  "high": 1.17627,
  "low": 1.1759,
  "close": 1.17623,
  "rollH20": 1.1768,
  "rollL20": 1.17573,
  "up2": false,
  "dn2": false,
  "source": "twelvedata_repo"
}