{
  "datetime": "2026-07-23 14:25:00",
  "open": 1.13737,
  "high": 1.1379,
  "low": 1.13735,
  "close": 1.13787,
  "rollH20": 1.13967,
  "rollL20": 1.13689,
  "up2": false,
  "dn2": false,
  "source": "twelvedata_repo"
}