{
  "datetime": "2025-12-29 02:55:00",
  "open": 1.17839,
  "high": 1.17851,
  "low": 1.17837,
  "close": 1.17848,
  "rollH20": 1.17867,
  "rollL20": 1.17727,
  "up2": false,
  "dn2": false,
  "source": "twelvedata_repo"
}