{
  "datetime": "2026-05-08 06:15:00",
  "open": 1.17345,
  "high": 1.17348,
  "low": 1.17336,
  "close": 1.17346,
  "rollH20": 1.1737,
  "rollL20": 1.17277,
  "up2": false,
  "dn2": false,
  "source": "twelvedata_repo"
}