{
  "datetime": "2025-11-24 12:10:00",
  "open": 1.15382,
  "high": 1.15383,
  "low": 1.15376,
  "close": 1.15382,
  "rollH20": 1.15419,
  "rollL20": 1.15244,
  "up2": false,
  "dn2": false,
  "source": "twelvedata_repo"
}