{
  "datetime": "2025-10-10 08:45:00",
  "open": 1.15746,
  "high": 1.15759,
  "low": 1.15737,
  "close": 1.15739,
  "rollH20": 1.15765,
  "rollL20": 1.1561,
  "up2": false,
  "dn2": false,
  "source": "twelvedata_repo"
}