{
  "datetime": "2025-11-11 23:35:00",
  "open": 1.15846,
  "high": 1.15849,
  "low": 1.15846,
  "close": 1.15848,
  "rollH20": 1.15867,
  "rollL20": 1.15817,
  "up2": false,
  "dn2": false,
  "source": "twelvedata_repo"
}