{
  "datetime": "2026-01-26 18:50:00",
  "open": 1.18762,
  "high": 1.1879,
  "low": 1.1876,
  "close": 1.18782,
  "rollH20": 1.1895,
  "rollL20": 1.18756,
  "up2": false,
  "dn2": false,
  "source": "twelvedata_repo"
}