{
  "datetime": "2026-04-17 22:40:00",
  "open": 1.17771,
  "high": 1.17771,
  "low": 1.1772,
  "close": 1.17743,
  "rollH20": 1.17783,
  "rollL20": 1.1763,
  "up2": false,
  "dn2": false,
  "source": "twelvedata_repo"
}