{
  "datetime": "2026-02-05 21:05:00",
  "open": 1.17926,
  "high": 1.17929,
  "low": 1.17903,
  "close": 1.17911,
  "rollH20": 1.18032,
  "rollL20": 1.17915,
  "up2": false,
  "dn2": false,
  "source": "twelvedata_repo"
}