{
  "datetime": "2026-07-24 02:05:00",
  "open": 1.13847,
  "high": 1.13847,
  "low": 1.1383,
  "close": 1.13832,
  "rollH20": 1.13863,
  "rollL20": 1.13756,
  "up2": false,
  "dn2": false,
  "source": "twelvedata_repo"
}