{
  "datetime": "2026-02-24 09:05:00",
  "open": 1.17843,
  "high": 1.17856,
  "low": 1.17843,
  "close": 1.17853,
  "rollH20": 1.17896,
  "rollL20": 1.17733,
  "up2": false,
  "dn2": false,
  "source": "twelvedata_repo"
}