{
  "datetime": "2026-02-15 21:55:00",
  "open": 1.18737,
  "high": 1.18746,
  "low": 1.1873,
  "close": 1.18734,
  "rollH20": 1.18794,
  "rollL20": 1.18698,
  "up2": false,
  "dn2": false,
  "source": "twelvedata_repo"
}