{
  "datetime": "2026-04-22 18:40:00",
  "open": 1.17143,
  "high": 1.17148,
  "low": 1.17136,
  "close": 1.17144,
  "rollH20": 1.17172,
  "rollL20": 1.17106,
  "up2": false,
  "dn2": false,
  "source": "twelvedata_repo"
}