{
  "datetime": "2025-10-27 07:50:00",
  "open": 1.16291,
  "high": 1.16292,
  "low": 1.16288,
  "close": 1.1629,
  "rollH20": 1.16322,
  "rollL20": 1.16217,
  "up2": false,
  "dn2": false,
  "source": "twelvedata_repo"
}