{
  "datetime": "2026-05-22 02:10:00",
  "open": 1.16142,
  "high": 1.1615,
  "low": 1.16135,
  "close": 1.16146,
  "rollH20": 1.16194,
  "rollL20": 1.16124,
  "up2": false,
  "dn2": false,
  "source": "twelvedata_repo"
}