{
  "datetime": "2026-06-21 11:00:00",
  "open": 1.14776,
  "high": 1.1478,
  "low": 1.14775,
  "close": 1.14778,
  "rollH20": 1.14791,
  "rollL20": 1.14763,
  "up2": false,
  "dn2": false,
  "source": "twelvedata_repo"
}