{
  "datetime": "2026-02-28 16:45:00",
  "open": 1.18146,
  "high": 1.18152,
  "low": 1.18145,
  "close": 1.18146,
  "rollH20": 1.1816,
  "rollL20": 1.18104,
  "up2": false,
  "dn2": false,
  "source": "twelvedata_repo"
}