{
  "datetime": "2026-01-22 21:45:00",
  "open": 1.1751,
  "high": 1.17531,
  "low": 1.1751,
  "close": 1.17517,
  "rollH20": 1.17511,
  "rollL20": 1.17419,
  "up2": false,
  "dn2": false,
  "source": "twelvedata_repo"
}