{
  "datetime": "2026-03-14 06:05:00",
  "open": 1.14192,
  "high": 1.14194,
  "low": 1.14183,
  "close": 1.14183,
  "rollH20": 1.14707,
  "rollL20": 1.14192,
  "up2": false,
  "dn2": false,
  "source": "twelvedata_repo"
}