{
  "datetime": "2026-07-05 20:50:00",
  "open": 1.14465,
  "high": 1.14492,
  "low": 1.14328,
  "close": 1.14484,
  "rollH20": 1.14658,
  "rollL20": 1.14241,
  "up2": false,
  "dn2": false,
  "source": "twelvedata_repo"
}