{
  "datetime": "2026-01-27 16:00:00",
  "open": 1.19443,
  "high": 1.19495,
  "low": 1.19443,
  "close": 1.19495,
  "rollH20": 1.19537,
  "rollL20": 1.19148,
  "up2": false,
  "dn2": false,
  "source": "twelvedata_repo"
}