{
  "datetime": "2026-02-04 09:20:00",
  "open": 1.18333,
  "high": 1.18334,
  "low": 1.1833,
  "close": 1.1833,
  "rollH20": 1.18375,
  "rollL20": 1.18255,
  "up2": false,
  "dn2": false,
  "source": "twelvedata_repo"
}