{
  "datetime": "2025-09-01 22:20:00",
  "open": 1.17091,
  "high": 1.17125,
  "low": 1.17057,
  "close": 1.1709,
  "rollH20": 1.17142,
  "rollL20": 1.1704,
  "up2": false,
  "dn2": false,
  "source": "twelvedata_repo"
}