{
  "datetime": "2026-04-02 08:15:00",
  "open": 1.15274,
  "high": 1.15342,
  "low": 1.15274,
  "close": 1.15317,
  "rollH20": 1.15363,
  "rollL20": 1.15164,
  "up2": false,
  "dn2": false,
  "source": "twelvedata_repo"
}