{
  "datetime": "2025-09-26 18:55:00",
  "open": 1.16983,
  "high": 1.17002,
  "low": 1.16983,
  "close": 1.16998,
  "rollH20": 1.17016,
  "rollL20": 1.16867,
  "up2": false,
  "dn2": false,
  "source": "twelvedata_repo"
}