{
  "datetime": "2026-07-20 18:10:00",
  "open": 1.1414,
  "high": 1.14145,
  "low": 1.14124,
  "close": 1.14138,
  "rollH20": 1.14171,
  "rollL20": 1.14077,
  "up2": false,
  "dn2": false,
  "source": "twelvedata_repo"
}