{
  "datetime": "2026-05-02 21:00:00",
  "open": 1.17225,
  "high": 1.17229,
  "low": 1.17219,
  "close": 1.17224,
  "rollH20": 1.17254,
  "rollL20": 1.17195,
  "up2": false,
  "dn2": false,
  "source": "twelvedata_repo"
}