{
  "datetime": "2026-01-26 19:30:00",
  "open": 1.18852,
  "high": 1.18867,
  "low": 1.18849,
  "close": 1.18862,
  "rollH20": 1.18913,
  "rollL20": 1.18756,
  "up2": false,
  "dn2": false,
  "source": "twelvedata_repo"
}