{
  "datetime": "2025-10-17 19:45:00",
  "open": 1.16706,
  "high": 1.16741,
  "low": 1.167,
  "close": 1.16708,
  "rollH20": 1.16781,
  "rollL20": 1.16638,
  "up2": false,
  "dn2": false,
  "source": "twelvedata_repo"
}