{
  "datetime": "2025-10-02 05:25:00",
  "open": 1.17345,
  "high": 1.17349,
  "low": 1.17342,
  "close": 1.17345,
  "rollH20": 1.17399,
  "rollL20": 1.17325,
  "up2": false,
  "dn2": false,
  "source": "twelvedata_repo"
}