{
  "datetime": "2026-03-31 22:00:00",
  "open": 1.15533,
  "high": 1.15536,
  "low": 1.15522,
  "close": 1.15524,
  "rollH20": 1.15633,
  "rollL20": 1.15421,
  "up2": false,
  "dn2": false,
  "source": "twelvedata_repo"
}