{
  "datetime": "2025-10-31 20:45:00",
  "open": 1.15299,
  "high": 1.15301,
  "low": 1.15284,
  "close": 1.15284,
  "rollH20": 1.15311,
  "rollL20": 1.15219,
  "up2": false,
  "dn2": false,
  "source": "twelvedata_repo"
}