{
  "datetime": "2026-04-15 00:25:00",
  "open": 1.17971,
  "high": 1.17974,
  "low": 1.1797,
  "close": 1.17971,
  "rollH20": 1.17989,
  "rollL20": 1.17914,
  "up2": false,
  "dn2": false,
  "source": "twelvedata_repo"
}