{
  "datetime": "2026-01-19 12:40:00",
  "open": 1.16238,
  "high": 1.16251,
  "low": 1.1623,
  "close": 1.16244,
  "rollH20": 1.16288,
  "rollL20": 1.16209,
  "up2": false,
  "dn2": false,
  "source": "twelvedata_repo"
}