{
  "datetime": "2026-03-26 19:55:00",
  "open": 1.15331,
  "high": 1.15336,
  "low": 1.15329,
  "close": 1.15335,
  "rollH20": 1.1538,
  "rollL20": 1.1526,
  "up2": false,
  "dn2": false,
  "source": "twelvedata_repo"
}