{
  "datetime": "2026-05-17 21:20:00",
  "open": 1.16253,
  "high": 1.16256,
  "low": 1.16252,
  "close": 1.16252,
  "rollH20": 1.1632,
  "rollL20": 1.1613,
  "up2": false,
  "dn2": false,
  "source": "twelvedata_repo"
}