{
  "datetime": "2026-05-07 08:25:00",
  "open": 1.17642,
  "high": 1.17669,
  "low": 1.17629,
  "close": 1.17668,
  "rollH20": 1.17684,
  "rollL20": 1.17454,
  "up2": false,
  "dn2": false,
  "source": "twelvedata_repo"
}