{
  "datetime": "2025-12-01 08:20:00",
  "open": 1.16035,
  "high": 1.16039,
  "low": 1.16031,
  "close": 1.16039,
  "rollH20": 1.16036,
  "rollL20": 1.15914,
  "up2": false,
  "dn2": false,
  "source": "twelvedata_repo"
}