{
  "datetime": "2026-02-09 02:50:00",
  "open": 1.18294,
  "high": 1.18301,
  "low": 1.18267,
  "close": 1.18268,
  "rollH20": 1.18329,
  "rollL20": 1.18241,
  "up2": false,
  "dn2": false,
  "source": "twelvedata_repo"
}