{
  "datetime": "2025-11-21 22:35:00",
  "open": 1.1514,
  "high": 1.15141,
  "low": 1.1513,
  "close": 1.1514,
  "rollH20": 1.1521,
  "rollL20": 1.15095,
  "up2": false,
  "dn2": false,
  "source": "twelvedata_repo"
}