{
  "datetime": "2025-08-28 19:45:00",
  "open": 1.16867,
  "high": 1.1687,
  "low": 1.16855,
  "close": 1.16863,
  "rollH20": 1.16978,
  "rollL20": 1.16846,
  "up2": false,
  "dn2": false,
  "source": "twelvedata_repo"
}