{
  "datetime": "2026-03-16 17:25:00",
  "open": 1.14991,
  "high": 1.14999,
  "low": 1.14989,
  "close": 1.14999,
  "rollH20": 1.15031,
  "rollL20": 1.14777,
  "up2": false,
  "dn2": false,
  "source": "twelvedata_repo"
}