{
  "datetime": "2026-06-18 06:45:00",
  "open": 1.15174,
  "high": 1.1518,
  "low": 1.15172,
  "close": 1.15178,
  "rollH20": 1.15259,
  "rollL20": 1.15161,
  "up2": false,
  "dn2": false,
  "source": "twelvedata_repo"
}