{
  "datetime": "2026-04-21 23:10:00",
  "open": 1.17399,
  "high": 1.17406,
  "low": 1.17399,
  "close": 1.17404,
  "rollH20": 1.17515,
  "rollL20": 1.17339,
  "up2": false,
  "dn2": false,
  "source": "twelvedata_repo"
}