{
  "datetime": "2025-11-21 06:25:00",
  "open": 1.15383,
  "high": 1.15385,
  "low": 1.15379,
  "close": 1.15385,
  "rollH20": 1.15417,
  "rollL20": 1.1536,
  "up2": false,
  "dn2": false,
  "source": "twelvedata_repo"
}