{
  "datetime": "2025-12-02 08:55:00",
  "open": 1.1612,
  "high": 1.16148,
  "low": 1.16116,
  "close": 1.16125,
  "rollH20": 1.16165,
  "rollL20": 1.16048,
  "up2": false,
  "dn2": false,
  "source": "twelvedata_repo"
}