{
  "datetime": "2026-02-17 22:25:00",
  "open": 1.18526,
  "high": 1.18531,
  "low": 1.18517,
  "close": 1.18521,
  "rollH20": 1.18553,
  "rollL20": 1.18486,
  "up2": false,
  "dn2": false,
  "source": "twelvedata_repo"
}