{
  "datetime": "2026-05-31 17:30:00",
  "open": 1.16602,
  "high": 1.16607,
  "low": 1.16602,
  "close": 1.16604,
  "rollH20": 1.16618,
  "rollL20": 1.16572,
  "up2": false,
  "dn2": false,
  "source": "twelvedata_repo"
}