{
  "datetime": "2025-10-01 18:35:00",
  "open": 1.17302,
  "high": 1.17305,
  "low": 1.1729,
  "close": 1.17295,
  "rollH20": 1.17325,
  "rollL20": 1.17155,
  "up2": false,
  "dn2": false,
  "source": "twelvedata_repo"
}