{
  "datetime": "2026-06-13 13:55:00",
  "open": 1.15681,
  "high": 1.15681,
  "low": 1.15675,
  "close": 1.15679,
  "rollH20": 1.15796,
  "rollL20": 1.15662,
  "up2": false,
  "dn2": false,
  "source": "twelvedata_repo"
}