{
  "datetime": "2025-12-15 09:50:00",
  "open": 1.17349,
  "high": 1.17364,
  "low": 1.17346,
  "close": 1.17348,
  "rollH20": 1.17383,
  "rollL20": 1.1728,
  "up2": false,
  "dn2": false,
  "source": "twelvedata_repo"
}