{
  "datetime": "2026-01-19 18:05:00",
  "open": 1.16413,
  "high": 1.16442,
  "low": 1.16413,
  "close": 1.16418,
  "rollH20": 1.16478,
  "rollL20": 1.16328,
  "up2": false,
  "dn2": false,
  "source": "twelvedata_repo"
}