{
  "datetime": "2026-03-09 21:45:00",
  "open": 1.16351,
  "high": 1.16355,
  "low": 1.1635,
  "close": 1.16355,
  "rollH20": 1.16376,
  "rollL20": 1.16121,
  "up2": false,
  "dn2": false,
  "source": "twelvedata_repo"
}