{
  "datetime": "2026-04-21 08:40:00",
  "open": 1.17717,
  "high": 1.17736,
  "low": 1.17716,
  "close": 1.17725,
  "rollH20": 1.17792,
  "rollL20": 1.17709,
  "up2": false,
  "dn2": false,
  "source": "twelvedata_repo"
}