{
  "datetime": "2026-03-06 04:50:00",
  "open": 1.16175,
  "high": 1.1618,
  "low": 1.16175,
  "close": 1.16177,
  "rollH20": 1.16213,
  "rollL20": 1.16166,
  "up2": false,
  "dn2": false,
  "source": "twelvedata_repo"
}