{
  "datetime": "2025-10-29 15:45:00",
  "open": 1.16436,
  "high": 1.16437,
  "low": 1.16423,
  "close": 1.16423,
  "rollH20": 1.16451,
  "rollL20": 1.16328,
  "up2": false,
  "dn2": false,
  "source": "twelvedata_repo"
}