{
  "datetime": "2026-07-21 13:25:00",
  "open": 1.14175,
  "high": 1.1418,
  "low": 1.1415,
  "close": 1.14178,
  "rollH20": 1.1426,
  "rollL20": 1.14159,
  "up2": false,
  "dn2": false,
  "source": "twelvedata_repo"
}