{
  "datetime": "2026-02-04 11:00:00",
  "open": 1.18154,
  "high": 1.18173,
  "low": 1.18153,
  "close": 1.18173,
  "rollH20": 1.18334,
  "rollL20": 1.18119,
  "up2": false,
  "dn2": false,
  "source": "twelvedata_repo"
}