{
  "datetime": "2026-03-14 05:25:00",
  "open": 1.14685,
  "high": 1.14688,
  "low": 1.14683,
  "close": 1.14687,
  "rollH20": 1.1469,
  "rollL20": 1.14605,
  "up2": false,
  "dn2": false,
  "source": "twelvedata_repo"
}