{
  "datetime": "2026-07-14 19:10:00",
  "open": 1.14246,
  "high": 1.14246,
  "low": 1.14239,
  "close": 1.14246,
  "rollH20": 1.14347,
  "rollL20": 1.14201,
  "up2": false,
  "dn2": false,
  "source": "twelvedata_repo"
}