{
  "datetime": "2026-03-27 00:55:00",
  "open": 1.15357,
  "high": 1.1536,
  "low": 1.15345,
  "close": 1.1535,
  "rollH20": 1.15404,
  "rollL20": 1.15349,
  "up2": false,
  "dn2": false,
  "source": "twelvedata_repo"
}