{
  "datetime": "2026-03-27 18:55:00",
  "open": 1.15128,
  "high": 1.15131,
  "low": 1.15115,
  "close": 1.15124,
  "rollH20": 1.15235,
  "rollL20": 1.15068,
  "up2": false,
  "dn2": false,
  "source": "twelvedata_repo"
}