{
  "datetime": "2026-02-17 09:00:00",
  "open": 1.18421,
  "high": 1.18432,
  "low": 1.18413,
  "close": 1.18426,
  "rollH20": 1.18442,
  "rollL20": 1.18293,
  "up2": false,
  "dn2": false,
  "source": "twelvedata_repo"
}