{
  "datetime": "2026-02-02 16:40:00",
  "open": 1.1802,
  "high": 1.18026,
  "low": 1.1802,
  "close": 1.18026,
  "rollH20": 1.18296,
  "rollL20": 1.17992,
  "up2": false,
  "dn2": false,
  "source": "twelvedata_repo"
}