{
  "datetime": "2025-09-01 17:40:00",
  "open": 1.17018,
  "high": 1.17024,
  "low": 1.17011,
  "close": 1.17014,
  "rollH20": 1.17116,
  "rollL20": 1.16963,
  "up2": false,
  "dn2": false,
  "source": "twelvedata_repo"
}