{
  "datetime": "2026-01-29 11:15:00",
  "open": 1.19532,
  "high": 1.19551,
  "low": 1.19495,
  "close": 1.19495,
  "rollH20": 1.1975,
  "rollL20": 1.1952,
  "up2": false,
  "dn2": false,
  "source": "twelvedata_repo"
}