{
  "datetime": "2026-07-02 20:45:00",
  "open": 1.14289,
  "high": 1.14292,
  "low": 1.14288,
  "close": 1.14291,
  "rollH20": 1.14372,
  "rollL20": 1.14276,
  "up2": false,
  "dn2": false,
  "source": "twelvedata_repo"
}