{
  "datetime": "2025-11-03 18:40:00",
  "open": 1.15329,
  "high": 1.15333,
  "low": 1.15321,
  "close": 1.15322,
  "rollH20": 1.15376,
  "rollL20": 1.1506,
  "up2": false,
  "dn2": false,
  "source": "twelvedata_repo"
}