{
  "datetime": "2026-01-27 20:25:00",
  "open": 1.19776,
  "high": 1.19784,
  "low": 1.19746,
  "close": 1.19755,
  "rollH20": 1.1987,
  "rollL20": 1.19727,
  "up2": false,
  "dn2": false,
  "source": "twelvedata_repo"
}