{
  "datetime": "2025-12-09 04:35:00",
  "open": 1.16469,
  "high": 1.16475,
  "low": 1.16462,
  "close": 1.16466,
  "rollH20": 1.16489,
  "rollL20": 1.16448,
  "up2": false,
  "dn2": false,
  "source": "twelvedata_repo"
}