{
  "datetime": "2025-12-05 16:55:00",
  "open": 1.16481,
  "high": 1.16484,
  "low": 1.16463,
  "close": 1.16469,
  "rollH20": 1.16589,
  "rollL20": 1.16453,
  "up2": false,
  "dn2": false,
  "source": "twelvedata_repo"
}