{
  "datetime": "2026-04-01 13:30:00",
  "open": 1.1597,
  "high": 1.16007,
  "low": 1.15967,
  "close": 1.16007,
  "rollH20": 1.16108,
  "rollL20": 1.15958,
  "up2": false,
  "dn2": false,
  "source": "twelvedata_repo"
}