{
  "datetime": "2026-04-09 12:30:00",
  "open": 1.16802,
  "high": 1.16825,
  "low": 1.16802,
  "close": 1.16819,
  "rollH20": 1.16816,
  "rollL20": 1.16713,
  "up2": false,
  "dn2": false,
  "source": "twelvedata_repo"
}