{
  "datetime": "2026-04-07 04:35:00",
  "open": 1.15314,
  "high": 1.15319,
  "low": 1.15309,
  "close": 1.15309,
  "rollH20": 1.15325,
  "rollL20": 1.15261,
  "up2": false,
  "dn2": false,
  "source": "twelvedata_repo"
}