{
  "datetime": "2026-02-06 20:40:00",
  "open": 1.18174,
  "high": 1.182,
  "low": 1.18174,
  "close": 1.18198,
  "rollH20": 1.18231,
  "rollL20": 1.18157,
  "up2": false,
  "dn2": false,
  "source": "twelvedata_repo"
}