{
  "datetime": "2026-05-10 19:05:00",
  "open": 1.17844,
  "high": 1.17848,
  "low": 1.17842,
  "close": 1.17847,
  "rollH20": 1.18088,
  "rollL20": 1.17762,
  "up2": false,
  "dn2": false,
  "source": "twelvedata_repo"
}