{
  "datetime": "2026-05-22 21:00:00",
  "open": 1.16069,
  "high": 1.16069,
  "low": 1.16042,
  "close": 1.16047,
  "rollH20": 1.16144,
  "rollL20": 1.16055,
  "up2": false,
  "dn2": false,
  "source": "twelvedata_repo"
}