{
  "datetime": "2025-10-27 06:30:00",
  "open": 1.1623,
  "high": 1.16242,
  "low": 1.16228,
  "close": 1.16239,
  "rollH20": 1.16308,
  "rollL20": 1.16212,
  "up2": false,
  "dn2": false,
  "source": "twelvedata_repo"
}