{
  "datetime": "2026-01-06 04:15:00",
  "open": 1.17339,
  "high": 1.17355,
  "low": 1.17335,
  "close": 1.17355,
  "rollH20": 1.1738,
  "rollL20": 1.17163,
  "up2": false,
  "dn2": false,
  "source": "twelvedata_repo"
}