{
  "datetime": "2026-06-25 00:15:00",
  "open": 1.13548,
  "high": 1.13564,
  "low": 1.13548,
  "close": 1.13561,
  "rollH20": 1.13601,
  "rollL20": 1.13538,
  "up2": false,
  "dn2": false,
  "source": "twelvedata_repo"
}