{
  "datetime": "2026-07-03 22:40:00",
  "open": 1.14397,
  "high": 1.14436,
  "low": 1.14369,
  "close": 1.14409,
  "rollH20": 1.14447,
  "rollL20": 1.14348,
  "up2": false,
  "dn2": false,
  "source": "twelvedata_repo"
}