{
  "datetime": "2026-04-24 16:15:00",
  "open": 1.17052,
  "high": 1.17062,
  "low": 1.17035,
  "close": 1.17049,
  "rollH20": 1.1716,
  "rollL20": 1.16996,
  "up2": false,
  "dn2": false,
  "source": "twelvedata_repo"
}