{
  "datetime": "2025-10-31 04:55:00",
  "open": 1.15664,
  "high": 1.15673,
  "low": 1.15658,
  "close": 1.15671,
  "rollH20": 1.15743,
  "rollL20": 1.15667,
  "up2": false,
  "dn2": false,
  "source": "twelvedata_repo"
}