{
  "datetime": "2026-01-21 14:00:00",
  "open": 1.17347,
  "high": 1.17349,
  "low": 1.17344,
  "close": 1.17344,
  "rollH20": 1.17354,
  "rollL20": 1.17069,
  "up2": false,
  "dn2": false,
  "source": "twelvedata_repo"
}