{
  "datetime": "2026-03-05 11:30:00",
  "open": 1.16095,
  "high": 1.16097,
  "low": 1.16063,
  "close": 1.16077,
  "rollH20": 1.1628,
  "rollL20": 1.16071,
  "up2": false,
  "dn2": false,
  "source": "twelvedata_repo"
}