{
  "datetime": "2026-05-01 06:25:00",
  "open": 1.1725,
  "high": 1.17254,
  "low": 1.17244,
  "close": 1.17249,
  "rollH20": 1.17341,
  "rollL20": 1.17243,
  "up2": false,
  "dn2": false,
  "source": "twelvedata_repo"
}