{
  "datetime": "2025-09-04 23:55:00",
  "open": 1.16498,
  "high": 1.16514,
  "low": 1.16489,
  "close": 1.16494,
  "rollH20": 1.16545,
  "rollL20": 1.16458,
  "up2": false,
  "dn2": false,
  "source": "twelvedata_repo"
}