{
  "datetime": "2026-03-02 23:05:00",
  "open": 1.16909,
  "high": 1.1694,
  "low": 1.16909,
  "close": 1.16937,
  "rollH20": 1.16958,
  "rollL20": 1.16836,
  "up2": false,
  "dn2": false,
  "source": "twelvedata_repo"
}