{
  "datetime": "2025-12-03 09:20:00",
  "open": 1.16425,
  "high": 1.16428,
  "low": 1.16419,
  "close": 1.16421,
  "rollH20": 1.16529,
  "rollL20": 1.16395,
  "up2": false,
  "dn2": false,
  "source": "twelvedata_repo"
}