{
  "datetime": "2026-02-15 18:10:00",
  "open": 1.18688,
  "high": 1.18706,
  "low": 1.18688,
  "close": 1.18706,
  "rollH20": 1.18704,
  "rollL20": 1.18553,
  "up2": false,
  "dn2": false,
  "source": "twelvedata_repo"
}