{
  "datetime": "2026-03-28 05:45:00",
  "open": 1.15454,
  "high": 1.15457,
  "low": 1.15453,
  "close": 1.15454,
  "rollH20": 1.15459,
  "rollL20": 1.15394,
  "up2": false,
  "dn2": false,
  "source": "twelvedata_repo"
}