{
  "datetime": "2026-04-02 21:00:00",
  "open": 1.15347,
  "high": 1.15351,
  "low": 1.15335,
  "close": 1.15351,
  "rollH20": 1.15441,
  "rollL20": 1.15336,
  "up2": false,
  "dn2": false,
  "source": "twelvedata_repo"
}