{
  "datetime": "2026-06-05 12:45:00",
  "open": 1.16366,
  "high": 1.16371,
  "low": 1.16351,
  "close": 1.16369,
  "rollH20": 1.16448,
  "rollL20": 1.16349,
  "up2": false,
  "dn2": false,
  "source": "twelvedata_repo"
}