{
  "datetime": "2026-03-28 11:00:00",
  "open": 1.15103,
  "high": 1.15189,
  "low": 1.15097,
  "close": 1.15189,
  "rollH20": 1.1537,
  "rollL20": 1.1509,
  "up2": false,
  "dn2": false,
  "source": "twelvedata_repo"
}