{
  "datetime": "2025-09-29 15:40:00",
  "open": 1.17326,
  "high": 1.17353,
  "low": 1.17323,
  "close": 1.17344,
  "rollH20": 1.17544,
  "rollL20": 1.17307,
  "up2": false,
  "dn2": false,
  "source": "twelvedata_repo"
}