{
  "datetime": "2026-02-21 07:15:00",
  "open": 1.17836,
  "high": 1.17841,
  "low": 1.17834,
  "close": 1.17835,
  "rollH20": 1.17852,
  "rollL20": 1.17833,
  "up2": false,
  "dn2": false,
  "source": "twelvedata_repo"
}