{
  "datetime": "2025-11-04 13:50:00",
  "open": 1.14844,
  "high": 1.14847,
  "low": 1.14844,
  "close": 1.14844,
  "rollH20": 1.15058,
  "rollL20": 1.14777,
  "up2": false,
  "dn2": false,
  "source": "twelvedata_repo"
}