{
  "datetime": "2025-10-28 09:20:00",
  "open": 1.16581,
  "high": 1.16581,
  "low": 1.16568,
  "close": 1.16572,
  "rollH20": 1.16617,
  "rollL20": 1.16508,
  "up2": false,
  "dn2": false,
  "source": "twelvedata_repo"
}