{
  "datetime": "2026-01-30 23:35:00",
  "open": 1.18547,
  "high": 1.1856,
  "low": 1.18543,
  "close": 1.18548,
  "rollH20": 1.18598,
  "rollL20": 1.18503,
  "up2": false,
  "dn2": false,
  "source": "twelvedata_repo"
}