{
  "datetime": "2026-03-15 21:10:00",
  "open": 1.14231,
  "high": 1.14249,
  "low": 1.14226,
  "close": 1.14245,
  "rollH20": 1.14309,
  "rollL20": 1.14157,
  "up2": false,
  "dn2": false,
  "source": "twelvedata_repo"
}