{
  "datetime": "2026-04-01 19:50:00",
  "open": 1.15859,
  "high": 1.15871,
  "low": 1.15834,
  "close": 1.15849,
  "rollH20": 1.16169,
  "rollL20": 1.1579,
  "up2": false,
  "dn2": false,
  "source": "twelvedata_repo"
}