{
  "datetime": "2025-11-10 15:55:00",
  "open": 1.1561,
  "high": 1.15643,
  "low": 1.15607,
  "close": 1.15643,
  "rollH20": 1.15776,
  "rollL20": 1.15596,
  "up2": false,
  "dn2": false,
  "source": "twelvedata_repo"
}