{
  "datetime": "2025-10-14 21:30:00",
  "open": 1.16008,
  "high": 1.1601,
  "low": 1.16,
  "close": 1.16001,
  "rollH20": 1.16112,
  "rollL20": 1.16004,
  "up2": false,
  "dn2": false,
  "source": "twelvedata_repo"
}