{
  "datetime": "2025-12-12 05:35:00",
  "open": 1.17345,
  "high": 1.1736,
  "low": 1.17342,
  "close": 1.17352,
  "rollH20": 1.17379,
  "rollL20": 1.17318,
  "up2": false,
  "dn2": false,
  "source": "twelvedata_repo"
}