{
  "datetime": "2026-06-19 22:40:00",
  "open": 1.14743,
  "high": 1.14792,
  "low": 1.14743,
  "close": 1.14771,
  "rollH20": 1.148,
  "rollL20": 1.14679,
  "up2": false,
  "dn2": false,
  "source": "twelvedata_repo"
}