{
  "datetime": "2025-10-24 02:20:00",
  "open": 1.16138,
  "high": 1.16139,
  "low": 1.16105,
  "close": 1.16118,
  "rollH20": 1.16216,
  "rollL20": 1.16141,
  "up2": false,
  "dn2": false,
  "source": "twelvedata_repo"
}