{
  "datetime": "2026-02-28 18:45:00",
  "open": 1.18154,
  "high": 1.18158,
  "low": 1.18153,
  "close": 1.18153,
  "rollH20": 1.18166,
  "rollL20": 1.18145,
  "up2": false,
  "dn2": false,
  "source": "twelvedata_repo"
}