{
  "datetime": "2026-03-04 19:40:00",
  "open": 1.16333,
  "high": 1.16345,
  "low": 1.16331,
  "close": 1.16344,
  "rollH20": 1.16349,
  "rollL20": 1.1624,
  "up2": false,
  "dn2": false,
  "source": "twelvedata_repo"
}