{
  "datetime": "2025-12-24 12:20:00",
  "open": 1.17966,
  "high": 1.17969,
  "low": 1.17955,
  "close": 1.17956,
  "rollH20": 1.1801,
  "rollL20": 1.17916,
  "up2": false,
  "dn2": false,
  "source": "twelvedata_repo"
}