{
  "datetime": "2026-07-13 23:45:00",
  "open": 1.13843,
  "high": 1.13854,
  "low": 1.13838,
  "close": 1.13839,
  "rollH20": 1.13882,
  "rollL20": 1.13815,
  "up2": false,
  "dn2": false,
  "source": "twelvedata_repo"
}