{
  "datetime": "2025-11-05 19:35:00",
  "open": 1.14806,
  "high": 1.1481,
  "low": 1.14804,
  "close": 1.14809,
  "rollH20": 1.1486,
  "rollL20": 1.14768,
  "up2": false,
  "dn2": false,
  "source": "twelvedata_repo"
}