{
  "datetime": "2025-08-28 21:40:00",
  "open": 1.16808,
  "high": 1.16818,
  "low": 1.1679,
  "close": 1.16796,
  "rollH20": 1.16904,
  "rollL20": 1.16789,
  "up2": false,
  "dn2": false,
  "source": "twelvedata_repo"
}