{
  "datetime": "2026-03-21 19:25:00",
  "open": 1.15855,
  "high": 1.1586,
  "low": 1.15855,
  "close": 1.15856,
  "rollH20": 1.15918,
  "rollL20": 1.15816,
  "up2": false,
  "dn2": false,
  "source": "twelvedata_repo"
}