{
  "datetime": "2025-11-28 05:25:00",
  "open": 1.15886,
  "high": 1.15897,
  "low": 1.15886,
  "close": 1.15897,
  "rollH20": 1.15909,
  "rollL20": 1.15821,
  "up2": false,
  "dn2": false,
  "source": "twelvedata_repo"
}