{
  "datetime": "2026-05-04 09:30:00",
  "open": 1.17187,
  "high": 1.17195,
  "low": 1.17171,
  "close": 1.17188,
  "rollH20": 1.17318,
  "rollL20": 1.17123,
  "up2": false,
  "dn2": false,
  "source": "twelvedata_repo"
}