{
  "datetime": "2026-04-21 21:25:00",
  "open": 1.17519,
  "high": 1.17521,
  "low": 1.17504,
  "close": 1.17508,
  "rollH20": 1.17636,
  "rollL20": 1.17161,
  "up2": false,
  "dn2": false,
  "source": "twelvedata_repo"
}