{
  "datetime": "2025-11-06 20:35:00",
  "open": 1.15521,
  "high": 1.15521,
  "low": 1.15506,
  "close": 1.15508,
  "rollH20": 1.15524,
  "rollL20": 1.15386,
  "up2": false,
  "dn2": false,
  "source": "twelvedata_repo"
}