{
  "datetime": "2026-05-22 01:05:00",
  "open": 1.16154,
  "high": 1.16154,
  "low": 1.16144,
  "close": 1.16146,
  "rollH20": 1.16195,
  "rollL20": 1.16144,
  "up2": false,
  "dn2": false,
  "source": "twelvedata_repo"
}