{
  "datetime": "2026-04-12 19:40:00",
  "open": 1.1711,
  "high": 1.17163,
  "low": 1.1711,
  "close": 1.1715,
  "rollH20": 1.17293,
  "rollL20": 1.17059,
  "up2": false,
  "dn2": false,
  "source": "twelvedata_repo"
}