{
  "datetime": "2025-09-29 16:30:00",
  "open": 1.17323,
  "high": 1.17323,
  "low": 1.17309,
  "close": 1.17309,
  "rollH20": 1.17511,
  "rollL20": 1.17227,
  "up2": false,
  "dn2": false,
  "source": "twelvedata_repo"
}