{
  "datetime": "2025-11-10 02:50:00",
  "open": 1.15593,
  "high": 1.15593,
  "low": 1.1557,
  "close": 1.15586,
  "rollH20": 1.15607,
  "rollL20": 1.15465,
  "up2": false,
  "dn2": false,
  "source": "twelvedata_repo"
}