{
  "datetime": "2025-11-20 22:40:00",
  "open": 1.15268,
  "high": 1.15268,
  "low": 1.15244,
  "close": 1.15258,
  "rollH20": 1.1538,
  "rollL20": 1.15244,
  "up2": false,
  "dn2": false,
  "source": "twelvedata_repo"
}