{
  "datetime": "2026-01-15 10:10:00",
  "open": 1.16336,
  "high": 1.16352,
  "low": 1.16328,
  "close": 1.16333,
  "rollH20": 1.16355,
  "rollL20": 1.16266,
  "up2": false,
  "dn2": false,
  "source": "twelvedata_repo"
}