{
  "datetime": "2025-10-14 21:10:00",
  "open": 1.16031,
  "high": 1.16034,
  "low": 1.16018,
  "close": 1.1603,
  "rollH20": 1.16112,
  "rollL20": 1.16024,
  "up2": false,
  "dn2": false,
  "source": "twelvedata_repo"
}