{
  "datetime": "2025-12-18 05:20:00",
  "open": 1.17397,
  "high": 1.174,
  "low": 1.17397,
  "close": 1.17397,
  "rollH20": 1.17422,
  "rollL20": 1.17376,
  "up2": false,
  "dn2": false,
  "source": "twelvedata_repo"
}