{
  "datetime": "2025-11-14 15:40:00",
  "open": 1.16334,
  "high": 1.16334,
  "low": 1.16285,
  "close": 1.16307,
  "rollH20": 1.16536,
  "rollL20": 1.16289,
  "up2": false,
  "dn2": false,
  "source": "twelvedata_repo"
}