{
  "datetime": "2026-07-19 16:05:00",
  "open": 1.14377,
  "high": 1.14379,
  "low": 1.14377,
  "close": 1.14377,
  "rollH20": 1.14393,
  "rollL20": 1.14367,
  "up2": false,
  "dn2": false,
  "source": "twelvedata_repo"
}