{
  "datetime": "2026-04-03 00:30:00",
  "open": 1.15418,
  "high": 1.15427,
  "low": 1.15416,
  "close": 1.15427,
  "rollH20": 1.15426,
  "rollL20": 1.15383,
  "up2": false,
  "dn2": false,
  "source": "twelvedata_repo"
}