{
  "datetime": "2026-07-14 14:10:00",
  "open": 1.14515,
  "high": 1.14525,
  "low": 1.14433,
  "close": 1.1444,
  "rollH20": 1.1462,
  "rollL20": 1.13955,
  "up2": false,
  "dn2": false,
  "source": "twelvedata_repo"
}