{
  "datetime": "2025-09-18 11:35:00",
  "open": 1.18363,
  "high": 1.18365,
  "low": 1.18356,
  "close": 1.18363,
  "rollH20": 1.18482,
  "rollL20": 1.18261,
  "up2": false,
  "dn2": false,
  "source": "twelvedata_repo"
}