{
  "datetime": "2025-10-13 08:05:00",
  "open": 1.16108,
  "high": 1.16118,
  "low": 1.16087,
  "close": 1.16087,
  "rollH20": 1.16296,
  "rollL20": 1.16064,
  "up2": false,
  "dn2": false,
  "source": "twelvedata_repo"
}