{
  "datetime": "2026-02-13 08:45:00",
  "open": 1.18529,
  "high": 1.18565,
  "low": 1.1852,
  "close": 1.18563,
  "rollH20": 1.18621,
  "rollL20": 1.18485,
  "up2": false,
  "dn2": false,
  "source": "twelvedata_repo"
}