{
  "datetime": "2026-01-14 20:25:00",
  "open": 1.16376,
  "high": 1.16381,
  "low": 1.16376,
  "close": 1.16378,
  "rollH20": 1.16485,
  "rollL20": 1.16366,
  "up2": false,
  "dn2": false,
  "source": "twelvedata_repo"
}