{
  "datetime": "2025-12-24 06:10:00",
  "open": 1.1792,
  "high": 1.17925,
  "low": 1.17918,
  "close": 1.17921,
  "rollH20": 1.17938,
  "rollL20": 1.1787,
  "up2": false,
  "dn2": false,
  "source": "twelvedata_repo"
}