{
  "datetime": "2025-11-20 23:40:00",
  "open": 1.15301,
  "high": 1.15301,
  "low": 1.15291,
  "close": 1.15291,
  "rollH20": 1.15308,
  "rollL20": 1.1524,
  "up2": false,
  "dn2": false,
  "source": "twelvedata_repo"
}