{
  "datetime": "2025-10-16 13:40:00",
  "open": 1.16536,
  "high": 1.16558,
  "low": 1.16514,
  "close": 1.16522,
  "rollH20": 1.16582,
  "rollL20": 1.16463,
  "up2": false,
  "dn2": false,
  "source": "twelvedata_repo"
}