{
  "datetime": "2026-01-18 20:50:00",
  "open": 1.1577,
  "high": 1.15796,
  "low": 1.15768,
  "close": 1.15788,
  "rollH20": 1.15926,
  "rollL20": 1.15717,
  "up2": false,
  "dn2": false,
  "source": "twelvedata_repo"
}