{
  "datetime": "2026-02-28 14:20:00",
  "open": 1.1814,
  "high": 1.18144,
  "low": 1.1814,
  "close": 1.18142,
  "rollH20": 1.18145,
  "rollL20": 1.18079,
  "up2": false,
  "dn2": false,
  "source": "twelvedata_repo"
}