{
  "datetime": "2025-12-02 15:25:00",
  "open": 1.1616,
  "high": 1.16189,
  "low": 1.1616,
  "close": 1.16183,
  "rollH20": 1.1623,
  "rollL20": 1.16112,
  "up2": false,
  "dn2": false,
  "source": "twelvedata_repo"
}