{
  "datetime": "2026-04-28 21:20:00",
  "open": 1.17119,
  "high": 1.17133,
  "low": 1.17117,
  "close": 1.17125,
  "rollH20": 1.17163,
  "rollL20": 1.17074,
  "up2": false,
  "dn2": false,
  "source": "twelvedata_repo"
}