{
  "datetime": "2025-10-22 21:25:00",
  "open": 1.16096,
  "high": 1.16099,
  "low": 1.1609,
  "close": 1.16098,
  "rollH20": 1.16111,
  "rollL20": 1.16047,
  "up2": false,
  "dn2": false,
  "source": "twelvedata_repo"
}