{
  "datetime": "2025-09-22 17:55:00",
  "open": 1.17884,
  "high": 1.17891,
  "low": 1.17876,
  "close": 1.17879,
  "rollH20": 1.179,
  "rollL20": 1.17642,
  "up2": false,
  "dn2": false,
  "source": "twelvedata_repo"
}