{
  "datetime": "2026-04-10 17:25:00",
  "open": 1.17224,
  "high": 1.1723,
  "low": 1.17224,
  "close": 1.1723,
  "rollH20": 1.17393,
  "rollL20": 1.17211,
  "up2": false,
  "dn2": false,
  "source": "twelvedata_repo"
}