{
  "datetime": "2026-02-19 01:20:00",
  "open": 1.17947,
  "high": 1.17949,
  "low": 1.1793,
  "close": 1.17935,
  "rollH20": 1.17951,
  "rollL20": 1.17861,
  "up2": false,
  "dn2": false,
  "source": "twelvedata_repo"
}