{
  "datetime": "2026-04-21 10:00:00",
  "open": 1.17646,
  "high": 1.1765,
  "low": 1.17624,
  "close": 1.17635,
  "rollH20": 1.17767,
  "rollL20": 1.17571,
  "up2": false,
  "dn2": false,
  "source": "twelvedata_repo"
}