{
  "datetime": "2026-01-28 21:05:00",
  "open": 1.1946,
  "high": 1.19475,
  "low": 1.1946,
  "close": 1.19469,
  "rollH20": 1.19461,
  "rollL20": 1.18966,
  "up2": false,
  "dn2": false,
  "source": "twelvedata_repo"
}