{
  "datetime": "2025-10-09 05:35:00",
  "open": 1.1644,
  "high": 1.16441,
  "low": 1.16434,
  "close": 1.16436,
  "rollH20": 1.16463,
  "rollL20": 1.16405,
  "up2": false,
  "dn2": false,
  "source": "twelvedata_repo"
}