{
  "datetime": "2025-11-07 22:15:00",
  "open": 1.15667,
  "high": 1.1567,
  "low": 1.15667,
  "close": 1.15668,
  "rollH20": 1.15672,
  "rollL20": 1.1556,
  "up2": false,
  "dn2": false,
  "source": "twelvedata_repo"
}