{
  "datetime": "2026-03-05 23:50:00",
  "open": 1.16096,
  "high": 1.16099,
  "low": 1.16084,
  "close": 1.16088,
  "rollH20": 1.16102,
  "rollL20": 1.16049,
  "up2": false,
  "dn2": false,
  "source": "twelvedata_repo"
}