{
  "datetime": "2025-12-05 20:20:00",
  "open": 1.1643,
  "high": 1.1644,
  "low": 1.16423,
  "close": 1.16429,
  "rollH20": 1.16491,
  "rollL20": 1.1637,
  "up2": false,
  "dn2": false,
  "source": "twelvedata_repo"
}