{
  "datetime": "2026-05-24 20:00:00",
  "open": 1.16243,
  "high": 1.16331,
  "low": 1.15921,
  "close": 1.16304,
  "rollH20": 1.16284,
  "rollL20": 1.15929,
  "up2": false,
  "dn2": false,
  "source": "twelvedata_repo"
}