{
  "datetime": "2026-03-11 10:20:00",
  "open": 1.16038,
  "high": 1.16041,
  "low": 1.16033,
  "close": 1.16035,
  "rollH20": 1.16145,
  "rollL20": 1.15913,
  "up2": false,
  "dn2": false,
  "source": "twelvedata_repo"
}