{
  "datetime": "2026-01-07 22:25:00",
  "open": 1.16777,
  "high": 1.16782,
  "low": 1.16756,
  "close": 1.16757,
  "rollH20": 1.16844,
  "rollL20": 1.16768,
  "up2": false,
  "dn2": false,
  "source": "twelvedata_repo"
}