{
  "datetime": "2026-03-10 15:10:00",
  "open": 1.16443,
  "high": 1.16447,
  "low": 1.16436,
  "close": 1.16438,
  "rollH20": 1.16508,
  "rollL20": 1.16288,
  "up2": false,
  "dn2": false,
  "source": "twelvedata_repo"
}