{
  "datetime": "2025-11-10 20:05:00",
  "open": 1.15602,
  "high": 1.1561,
  "low": 1.15596,
  "close": 1.15606,
  "rollH20": 1.15646,
  "rollL20": 1.15462,
  "up2": false,
  "dn2": false,
  "source": "twelvedata_repo"
}