{
  "datetime": "2026-04-01 03:40:00",
  "open": 1.15657,
  "high": 1.15659,
  "low": 1.15633,
  "close": 1.15643,
  "rollH20": 1.15756,
  "rollL20": 1.15558,
  "up2": false,
  "dn2": false,
  "source": "twelvedata_repo"
}