{
  "datetime": "2026-03-22 21:50:00",
  "open": 1.15371,
  "high": 1.15379,
  "low": 1.1537,
  "close": 1.15372,
  "rollH20": 1.15581,
  "rollL20": 1.15237,
  "up2": false,
  "dn2": false,
  "source": "twelvedata_repo"
}