{
  "datetime": "2026-07-01 07:30:00",
  "open": 1.14031,
  "high": 1.14046,
  "low": 1.14026,
  "close": 1.14045,
  "rollH20": 1.14109,
  "rollL20": 1.14019,
  "up2": false,
  "dn2": false,
  "source": "twelvedata_repo"
}