{
  "datetime": "2026-01-16 15:55:00",
  "open": 1.16202,
  "high": 1.16202,
  "low": 1.16179,
  "close": 1.1618,
  "rollH20": 1.16204,
  "rollL20": 1.16123,
  "up2": false,
  "dn2": false,
  "source": "twelvedata_repo"
}