{
  "datetime": "2026-03-06 15:25:00",
  "open": 1.1583,
  "high": 1.15888,
  "low": 1.15827,
  "close": 1.15856,
  "rollH20": 1.15928,
  "rollL20": 1.1547,
  "up2": false,
  "dn2": false,
  "source": "twelvedata_repo"
}