{
  "datetime": "2026-03-25 08:30:00",
  "open": 1.16009,
  "high": 1.16011,
  "low": 1.15945,
  "close": 1.15945,
  "rollH20": 1.16053,
  "rollL20": 1.15874,
  "up2": false,
  "dn2": false,
  "source": "twelvedata_repo"
}