{
  "datetime": "2026-01-14 07:10:00",
  "open": 1.16439,
  "high": 1.1645,
  "low": 1.16437,
  "close": 1.16447,
  "rollH20": 1.16464,
  "rollL20": 1.16418,
  "up2": false,
  "dn2": false,
  "source": "twelvedata_repo"
}