{
  "datetime": "2026-01-05 09:10:00",
  "open": 1.16853,
  "high": 1.16881,
  "low": 1.16849,
  "close": 1.16879,
  "rollH20": 1.16926,
  "rollL20": 1.16844,
  "up2": false,
  "dn2": false,
  "source": "twelvedata_repo"
}