{
  "datetime": "2026-07-24 11:30:00",
  "open": 1.13926,
  "high": 1.13926,
  "low": 1.13897,
  "close": 1.13918,
  "rollH20": 1.1393,
  "rollL20": 1.13816,
  "up2": false,
  "dn2": false,
  "source": "twelvedata_repo"
}