{
  "datetime": "2026-04-07 11:30:00",
  "open": 1.15543,
  "high": 1.15566,
  "low": 1.15543,
  "close": 1.15564,
  "rollH20": 1.15759,
  "rollL20": 1.15476,
  "up2": false,
  "dn2": false,
  "source": "twelvedata_repo"
}