{
  "datetime": "2025-11-04 08:35:00",
  "open": 1.15288,
  "high": 1.15288,
  "low": 1.15288,
  "close": 1.15288,
  "rollH20": 1.15308,
  "rollL20": 1.15115,
  "up2": false,
  "dn2": false,
  "source": "twelvedata_repo"
}