{
  "datetime": "2026-03-18 09:30:00",
  "open": 1.15336,
  "high": 1.15349,
  "low": 1.15335,
  "close": 1.15339,
  "rollH20": 1.15357,
  "rollL20": 1.15192,
  "up2": false,
  "dn2": false,
  "source": "twelvedata_repo"
}