{
  "datetime": "2026-03-27 19:25:00",
  "open": 1.151,
  "high": 1.15128,
  "low": 1.15089,
  "close": 1.15128,
  "rollH20": 1.15235,
  "rollL20": 1.15068,
  "up2": false,
  "dn2": false,
  "source": "twelvedata_repo"
}