{
  "datetime": "2026-04-20 23:25:00",
  "open": 1.17867,
  "high": 1.1787,
  "low": 1.17865,
  "close": 1.17869,
  "rollH20": 1.17891,
  "rollL20": 1.17853,
  "up2": false,
  "dn2": false,
  "source": "twelvedata_repo"
}