{
  "datetime": "2026-04-19 21:25:00",
  "open": 1.17396,
  "high": 1.17447,
  "low": 1.17395,
  "close": 1.17428,
  "rollH20": 1.17804,
  "rollL20": 1.17303,
  "up2": false,
  "dn2": false,
  "source": "twelvedata_repo"
}