{
  "datetime": "2026-02-16 17:55:00",
  "open": 1.1849,
  "high": 1.18494,
  "low": 1.18488,
  "close": 1.18493,
  "rollH20": 1.18565,
  "rollL20": 1.18465,
  "up2": false,
  "dn2": false,
  "source": "twelvedata_repo"
}