{
  "datetime": "2025-12-18 23:50:00",
  "open": 1.17257,
  "high": 1.17261,
  "low": 1.17248,
  "close": 1.17251,
  "rollH20": 1.17265,
  "rollL20": 1.17205,
  "up2": false,
  "dn2": false,
  "source": "twelvedata_repo"
}