{
  "datetime": "2025-11-12 21:45:00",
  "open": 1.15881,
  "high": 1.15884,
  "low": 1.15878,
  "close": 1.15878,
  "rollH20": 1.15897,
  "rollL20": 1.15847,
  "up2": false,
  "dn2": false,
  "source": "twelvedata_repo"
}