{
  "datetime": "2026-02-10 14:25:00",
  "open": 1.18929,
  "high": 1.18932,
  "low": 1.18903,
  "close": 1.18909,
  "rollH20": 1.19095,
  "rollL20": 1.18916,
  "up2": false,
  "dn2": false,
  "source": "twelvedata_repo"
}