{
  "datetime": "2026-05-09 23:00:00",
  "open": 1.17843,
  "high": 1.17846,
  "low": 1.17842,
  "close": 1.17845,
  "rollH20": 1.17925,
  "rollL20": 1.17818,
  "up2": false,
  "dn2": false,
  "source": "twelvedata_repo"
}