{
  "datetime": "2025-12-12 21:40:00",
  "open": 1.17425,
  "high": 1.1743,
  "low": 1.17421,
  "close": 1.17429,
  "rollH20": 1.17468,
  "rollL20": 1.17359,
  "up2": false,
  "dn2": false,
  "source": "twelvedata_repo"
}