{
  "datetime": "2026-03-26 06:45:00",
  "open": 1.15642,
  "high": 1.15643,
  "low": 1.15617,
  "close": 1.15619,
  "rollH20": 1.15727,
  "rollL20": 1.15632,
  "up2": false,
  "dn2": false,
  "source": "twelvedata_repo"
}