{
  "datetime": "2025-09-26 17:40:00",
  "open": 1.16905,
  "high": 1.16923,
  "low": 1.16903,
  "close": 1.16922,
  "rollH20": 1.16998,
  "rollL20": 1.16867,
  "up2": false,
  "dn2": false,
  "source": "twelvedata_repo"
}