{
  "datetime": "2026-04-18 22:45:00",
  "open": 1.17723,
  "high": 1.17726,
  "low": 1.17722,
  "close": 1.17723,
  "rollH20": 1.17731,
  "rollL20": 1.1766,
  "up2": false,
  "dn2": false,
  "source": "twelvedata_repo"
}