{
  "datetime": "2025-09-03 04:40:00",
  "open": 1.16263,
  "high": 1.16268,
  "low": 1.16249,
  "close": 1.16258,
  "rollH20": 1.16359,
  "rollL20": 1.16248,
  "up2": false,
  "dn2": false,
  "source": "twelvedata_repo"
}