{
  "datetime": "2025-11-07 02:45:00",
  "open": 1.15384,
  "high": 1.15384,
  "low": 1.15384,
  "close": 1.15384,
  "rollH20": 1.15482,
  "rollL20": 1.15376,
  "up2": false,
  "dn2": false,
  "source": "twelvedata_repo"
}