{
  "datetime": "2025-10-27 11:15:00",
  "open": 1.16412,
  "high": 1.1642,
  "low": 1.16412,
  "close": 1.1642,
  "rollH20": 1.16421,
  "rollL20": 1.16267,
  "up2": false,
  "dn2": false,
  "source": "twelvedata_repo"
}