{
  "datetime": "2026-05-21 12:30:00",
  "open": 1.16122,
  "high": 1.16145,
  "low": 1.16122,
  "close": 1.1614,
  "rollH20": 1.16305,
  "rollL20": 1.16006,
  "up2": false,
  "dn2": false,
  "source": "twelvedata_repo"
}