{
  "datetime": "2026-04-29 18:10:00",
  "open": 1.16815,
  "high": 1.16817,
  "low": 1.16805,
  "close": 1.16811,
  "rollH20": 1.1704,
  "rollL20": 1.16809,
  "up2": false,
  "dn2": false,
  "source": "twelvedata_repo"
}