{
  "datetime": "2026-03-01 05:30:00",
  "open": 1.18161,
  "high": 1.18163,
  "low": 1.18161,
  "close": 1.18161,
  "rollH20": 1.18175,
  "rollL20": 1.18151,
  "up2": false,
  "dn2": false,
  "source": "twelvedata_repo"
}