{
  "datetime": "2026-03-26 22:30:00",
  "open": 1.15318,
  "high": 1.15332,
  "low": 1.15312,
  "close": 1.15332,
  "rollH20": 1.15472,
  "rollL20": 1.15199,
  "up2": false,
  "dn2": false,
  "source": "twelvedata_repo"
}