{
  "datetime": "2026-02-25 11:35:00",
  "open": 1.17725,
  "high": 1.17763,
  "low": 1.17725,
  "close": 1.17756,
  "rollH20": 1.17897,
  "rollL20": 1.17712,
  "up2": false,
  "dn2": false,
  "source": "twelvedata_repo"
}