{
  "datetime": "2026-03-06 22:30:00",
  "open": 1.16223,
  "high": 1.16225,
  "low": 1.16203,
  "close": 1.16212,
  "rollH20": 1.16231,
  "rollL20": 1.1605,
  "up2": false,
  "dn2": false,
  "source": "twelvedata_repo"
}