{
  "datetime": "2026-02-06 06:10:00",
  "open": 1.17966,
  "high": 1.17973,
  "low": 1.17966,
  "close": 1.17973,
  "rollH20": 1.17976,
  "rollL20": 1.17861,
  "up2": false,
  "dn2": false,
  "source": "twelvedata_repo"
}