{
  "datetime": "2025-09-05 05:45:00",
  "open": 1.16664,
  "high": 1.16678,
  "low": 1.16659,
  "close": 1.16668,
  "rollH20": 1.16736,
  "rollL20": 1.16656,
  "up2": false,
  "dn2": false,
  "source": "twelvedata_repo"
}