{
  "datetime": "2026-02-11 22:05:00",
  "open": 1.18722,
  "high": 1.18745,
  "low": 1.18718,
  "close": 1.18738,
  "rollH20": 1.18847,
  "rollL20": 1.18703,
  "up2": false,
  "dn2": false,
  "source": "twelvedata_repo"
}