{
  "datetime": "2025-11-21 08:30:00",
  "open": 1.15406,
  "high": 1.1544,
  "low": 1.15402,
  "close": 1.1544,
  "rollH20": 1.15475,
  "rollL20": 1.15346,
  "up2": false,
  "dn2": false,
  "source": "twelvedata_repo"
}