{
  "datetime": "2026-02-26 09:25:00",
  "open": 1.18,
  "high": 1.18039,
  "low": 1.18,
  "close": 1.18031,
  "rollH20": 1.18179,
  "rollL20": 1.1798,
  "up2": false,
  "dn2": false,
  "source": "twelvedata_repo"
}