{
  "datetime": "2026-01-14 09:40:00",
  "open": 1.16454,
  "high": 1.16475,
  "low": 1.16453,
  "close": 1.16475,
  "rollH20": 1.16516,
  "rollL20": 1.16417,
  "up2": false,
  "dn2": false,
  "source": "twelvedata_repo"
}