{
  "datetime": "2025-12-16 11:15:00",
  "open": 1.17593,
  "high": 1.17595,
  "low": 1.17577,
  "close": 1.17577,
  "rollH20": 1.17627,
  "rollL20": 1.17478,
  "up2": false,
  "dn2": false,
  "source": "twelvedata_repo"
}