{
  "datetime": "2026-04-15 02:40:00",
  "open": 1.17914,
  "high": 1.17921,
  "low": 1.17907,
  "close": 1.17912,
  "rollH20": 1.17993,
  "rollL20": 1.17899,
  "up2": false,
  "dn2": false,
  "source": "twelvedata_repo"
}