{
  "datetime": "2026-02-11 06:15:00",
  "open": 1.19105,
  "high": 1.19116,
  "low": 1.19105,
  "close": 1.19116,
  "rollH20": 1.1915,
  "rollL20": 1.19067,
  "up2": false,
  "dn2": false,
  "source": "twelvedata_repo"
}