{
  "datetime": "2025-11-07 19:55:00",
  "open": 1.15698,
  "high": 1.15698,
  "low": 1.15697,
  "close": 1.15697,
  "rollH20": 1.15831,
  "rollL20": 1.15684,
  "up2": false,
  "dn2": false,
  "source": "twelvedata_repo"
}