{
  "datetime": "2026-01-13 18:10:00",
  "open": 1.16457,
  "high": 1.16458,
  "low": 1.16434,
  "close": 1.16436,
  "rollH20": 1.16552,
  "rollL20": 1.16357,
  "up2": false,
  "dn2": false,
  "source": "twelvedata_repo"
}