{
  "datetime": "2026-03-14 17:40:00",
  "open": 1.14409,
  "high": 1.14412,
  "low": 1.14408,
  "close": 1.14412,
  "rollH20": 1.14702,
  "rollL20": 1.14325,
  "up2": false,
  "dn2": false,
  "source": "twelvedata_repo"
}