{
  "datetime": "2025-09-12 12:40:00",
  "open": 1.17251,
  "high": 1.17253,
  "low": 1.17232,
  "close": 1.1725,
  "rollH20": 1.17351,
  "rollL20": 1.1722,
  "up2": false,
  "dn2": false,
  "source": "twelvedata_repo"
}