{
  "datetime": "2025-12-19 20:55:00",
  "open": 1.17229,
  "high": 1.17236,
  "low": 1.17228,
  "close": 1.17234,
  "rollH20": 1.17276,
  "rollL20": 1.17173,
  "up2": false,
  "dn2": false,
  "source": "twelvedata_repo"
}