{
  "datetime": "2025-09-22 05:45:00",
  "open": 1.17277,
  "high": 1.1729,
  "low": 1.17276,
  "close": 1.17282,
  "rollH20": 1.17348,
  "rollL20": 1.17264,
  "up2": false,
  "dn2": false,
  "source": "twelvedata_repo"
}