{
  "datetime": "2025-09-09 00:45:00",
  "open": 1.17693,
  "high": 1.17698,
  "low": 1.17675,
  "close": 1.17691,
  "rollH20": 1.17733,
  "rollL20": 1.17595,
  "up2": false,
  "dn2": false,
  "source": "twelvedata_repo"
}