{
  "datetime": "2026-05-30 14:45:00",
  "open": 1.16599,
  "high": 1.16604,
  "low": 1.16597,
  "close": 1.16601,
  "rollH20": 1.16609,
  "rollL20": 1.16588,
  "up2": false,
  "dn2": false,
  "source": "twelvedata_repo"
}