{
  "datetime": "2025-10-14 20:15:00",
  "open": 1.16064,
  "high": 1.16068,
  "low": 1.1605,
  "close": 1.1605,
  "rollH20": 1.16144,
  "rollL20": 1.16034,
  "up2": false,
  "dn2": false,
  "source": "twelvedata_repo"
}