{
  "datetime": "2026-01-29 17:40:00",
  "open": 1.1935,
  "high": 1.19381,
  "low": 1.1935,
  "close": 1.19381,
  "rollH20": 1.19697,
  "rollL20": 1.19073,
  "up2": false,
  "dn2": false,
  "source": "twelvedata_repo"
}