{
  "datetime": "2025-12-31 10:15:00",
  "open": 1.17259,
  "high": 1.17279,
  "low": 1.17259,
  "close": 1.17278,
  "rollH20": 1.17399,
  "rollL20": 1.1721,
  "up2": false,
  "dn2": false,
  "source": "twelvedata_repo"
}