{
  "datetime": "2026-01-24 07:25:00",
  "open": 1.18232,
  "high": 1.18237,
  "low": 1.1823,
  "close": 1.1823,
  "rollH20": 1.1824,
  "rollL20": 1.18204,
  "up2": false,
  "dn2": false,
  "source": "twelvedata_repo"
}