{
  "datetime": "2026-01-21 23:35:00",
  "open": 1.16858,
  "high": 1.16866,
  "low": 1.16858,
  "close": 1.16863,
  "rollH20": 1.169,
  "rollL20": 1.16831,
  "up2": false,
  "dn2": false,
  "source": "twelvedata_repo"
}