{
  "datetime": "2026-02-21 08:25:00",
  "open": 1.1784,
  "high": 1.17844,
  "low": 1.17838,
  "close": 1.1784,
  "rollH20": 1.17856,
  "rollL20": 1.17833,
  "up2": false,
  "dn2": false,
  "source": "twelvedata_repo"
}