{
  "datetime": "2026-04-12 10:05:00",
  "open": 1.17264,
  "high": 1.17268,
  "low": 1.17263,
  "close": 1.17266,
  "rollH20": 1.17268,
  "rollL20": 1.17246,
  "up2": false,
  "dn2": false,
  "source": "twelvedata_repo"
}