{
  "datetime": "2025-10-27 12:00:00",
  "open": 1.1642,
  "high": 1.1642,
  "low": 1.16413,
  "close": 1.16414,
  "rollH20": 1.16443,
  "rollL20": 1.16312,
  "up2": false,
  "dn2": false,
  "source": "twelvedata_repo"
}