{
  "datetime": "2026-01-21 00:50:00",
  "open": 1.17286,
  "high": 1.1729,
  "low": 1.1727,
  "close": 1.17277,
  "rollH20": 1.17286,
  "rollL20": 1.17225,
  "up2": false,
  "dn2": false,
  "source": "twelvedata_repo"
}