{
  "datetime": "2026-03-10 16:25:00",
  "open": 1.1645,
  "high": 1.16467,
  "low": 1.16448,
  "close": 1.16454,
  "rollH20": 1.1655,
  "rollL20": 1.16393,
  "up2": false,
  "dn2": false,
  "source": "twelvedata_repo"
}