{
  "datetime": "2025-10-30 18:35:00",
  "open": 1.15639,
  "high": 1.15652,
  "low": 1.15637,
  "close": 1.15638,
  "rollH20": 1.15714,
  "rollL20": 1.15598,
  "up2": false,
  "dn2": false,
  "source": "twelvedata_repo"
}