{
  "datetime": "2026-05-09 08:00:00",
  "open": 1.17846,
  "high": 1.17853,
  "low": 1.17844,
  "close": 1.1785,
  "rollH20": 1.17923,
  "rollL20": 1.17841,
  "up2": false,
  "dn2": false,
  "source": "twelvedata_repo"
}