{
  "datetime": "2026-06-04 21:50:00",
  "open": 1.1611,
  "high": 1.16119,
  "low": 1.16105,
  "close": 1.16118,
  "rollH20": 1.16135,
  "rollL20": 1.16082,
  "up2": false,
  "dn2": false,
  "source": "twelvedata_repo"
}