{
  "datetime": "2026-01-13 05:05:00",
  "open": 1.16595,
  "high": 1.16612,
  "low": 1.16594,
  "close": 1.1661,
  "rollH20": 1.16639,
  "rollL20": 1.16571,
  "up2": false,
  "dn2": false,
  "source": "twelvedata_repo"
}