{
  "datetime": "2025-10-16 22:05:00",
  "open": 1.1687,
  "high": 1.1687,
  "low": 1.1687,
  "close": 1.1687,
  "rollH20": 1.16941,
  "rollL20": 1.16849,
  "up2": false,
  "dn2": false,
  "source": "twelvedata_repo"
}