{
  "datetime": "2025-11-05 21:10:00",
  "open": 1.14901,
  "high": 1.14907,
  "low": 1.14901,
  "close": 1.14904,
  "rollH20": 1.14905,
  "rollL20": 1.1479,
  "up2": false,
  "dn2": false,
  "source": "twelvedata_repo"
}