{
  "datetime": "2026-03-11 21:00:00",
  "open": 1.15671,
  "high": 1.15671,
  "low": 1.15669,
  "close": 1.15669,
  "rollH20": 1.15767,
  "rollL20": 1.15648,
  "up2": false,
  "dn2": false,
  "source": "twelvedata_repo"
}