{
  "datetime": "2026-02-12 22:15:00",
  "open": 1.18718,
  "high": 1.18722,
  "low": 1.18701,
  "close": 1.18714,
  "rollH20": 1.18722,
  "rollL20": 1.18642,
  "up2": false,
  "dn2": false,
  "source": "twelvedata_repo"
}