{
  "datetime": "2025-09-03 05:45:00",
  "open": 1.16298,
  "high": 1.16308,
  "low": 1.16289,
  "close": 1.16295,
  "rollH20": 1.16307,
  "rollL20": 1.16217,
  "up2": false,
  "dn2": false,
  "source": "twelvedata_repo"
}