{
  "datetime": "2026-03-09 19:25:00",
  "open": 1.16137,
  "high": 1.16139,
  "low": 1.16123,
  "close": 1.16123,
  "rollH20": 1.16204,
  "rollL20": 1.15763,
  "up2": false,
  "dn2": false,
  "source": "twelvedata_repo"
}