{
  "datetime": "2025-11-19 11:15:00",
  "open": 1.15688,
  "high": 1.15715,
  "low": 1.15685,
  "close": 1.15715,
  "rollH20": 1.158,
  "rollL20": 1.15661,
  "up2": false,
  "dn2": false,
  "source": "twelvedata_repo"
}