{
  "datetime": "2026-03-30 14:35:00",
  "open": 1.14782,
  "high": 1.14783,
  "low": 1.14747,
  "close": 1.14752,
  "rollH20": 1.14908,
  "rollL20": 1.14737,
  "up2": false,
  "dn2": false,
  "source": "twelvedata_repo"
}