{
  "datetime": "2026-04-21 23:25:00",
  "open": 1.17398,
  "high": 1.17401,
  "low": 1.17396,
  "close": 1.17398,
  "rollH20": 1.17515,
  "rollL20": 1.17339,
  "up2": false,
  "dn2": false,
  "source": "twelvedata_repo"
}