{
  "datetime": "2025-12-05 10:50:00",
  "open": 1.16503,
  "high": 1.16519,
  "low": 1.16501,
  "close": 1.16515,
  "rollH20": 1.16614,
  "rollL20": 1.16486,
  "up2": false,
  "dn2": false,
  "source": "twelvedata_repo"
}