{
  "datetime": "2025-10-27 10:25:00",
  "open": 1.16342,
  "high": 1.16342,
  "low": 1.16312,
  "close": 1.16326,
  "rollH20": 1.16345,
  "rollL20": 1.1618,
  "up2": false,
  "dn2": false,
  "source": "twelvedata_repo"
}