{
  "datetime": "2026-05-31 18:25:00",
  "open": 1.16602,
  "high": 1.16607,
  "low": 1.166,
  "close": 1.16605,
  "rollH20": 1.16611,
  "rollL20": 1.16583,
  "up2": false,
  "dn2": false,
  "source": "twelvedata_repo"
}