{
  "datetime": "2026-01-22 10:45:00",
  "open": 1.16946,
  "high": 1.16952,
  "low": 1.16945,
  "close": 1.16946,
  "rollH20": 1.16962,
  "rollL20": 1.16851,
  "up2": false,
  "dn2": false,
  "source": "twelvedata_repo"
}