{
  "datetime": "2025-12-17 12:35:00",
  "open": 1.17141,
  "high": 1.17145,
  "low": 1.17141,
  "close": 1.17143,
  "rollH20": 1.17274,
  "rollL20": 1.17132,
  "up2": false,
  "dn2": false,
  "source": "twelvedata_repo"
}