{
  "datetime": "2026-01-18 22:15:00",
  "open": 1.15836,
  "high": 1.15848,
  "low": 1.15831,
  "close": 1.15836,
  "rollH20": 1.15875,
  "rollL20": 1.15753,
  "up2": false,
  "dn2": false,
  "source": "twelvedata_repo"
}