{
  "datetime": "2025-12-11 08:25:00",
  "open": 1.16944,
  "high": 1.16952,
  "low": 1.16944,
  "close": 1.16952,
  "rollH20": 1.16949,
  "rollL20": 1.16831,
  "up2": false,
  "dn2": false,
  "source": "twelvedata_repo"
}