{
  "datetime": "2025-12-09 17:45:00",
  "open": 1.1637,
  "high": 1.16379,
  "low": 1.16367,
  "close": 1.16379,
  "rollH20": 1.16404,
  "rollL20": 1.16165,
  "up2": false,
  "dn2": false,
  "source": "twelvedata_repo"
}