{
  "datetime": "2026-01-12 16:55:00",
  "open": 1.16844,
  "high": 1.16849,
  "low": 1.16813,
  "close": 1.1682,
  "rollH20": 1.16865,
  "rollL20": 1.16733,
  "up2": false,
  "dn2": false,
  "source": "twelvedata_repo"
}