{
  "datetime": "2025-11-10 17:55:00",
  "open": 1.1544,
  "high": 1.15446,
  "low": 1.15434,
  "close": 1.15446,
  "rollH20": 1.15657,
  "rollL20": 1.15433,
  "up2": false,
  "dn2": false,
  "source": "twelvedata_repo"
}