{
  "datetime": "2026-02-18 07:50:00",
  "open": 1.18342,
  "high": 1.18344,
  "low": 1.18342,
  "close": 1.18343,
  "rollH20": 1.1847,
  "rollL20": 1.18338,
  "up2": false,
  "dn2": false,
  "source": "twelvedata_repo"
}