{
  "datetime": "2026-03-09 21:00:00",
  "open": 1.16365,
  "high": 1.16365,
  "low": 1.16364,
  "close": 1.16365,
  "rollH20": 1.16376,
  "rollL20": 1.15892,
  "up2": false,
  "dn2": false,
  "source": "twelvedata_repo"
}