{
  "datetime": "2026-02-10 02:30:00",
  "open": 1.18972,
  "high": 1.18981,
  "low": 1.18972,
  "close": 1.18981,
  "rollH20": 1.1906,
  "rollL20": 1.18968,
  "up2": false,
  "dn2": false,
  "source": "twelvedata_repo"
}