{
  "datetime": "2026-02-10 13:25:00",
  "open": 1.19076,
  "high": 1.19081,
  "low": 1.19061,
  "close": 1.19063,
  "rollH20": 1.19175,
  "rollL20": 1.19011,
  "up2": false,
  "dn2": false,
  "source": "twelvedata_repo"
}