{
  "datetime": "2026-03-10 07:45:00",
  "open": 1.16522,
  "high": 1.16554,
  "low": 1.16522,
  "close": 1.16542,
  "rollH20": 1.16522,
  "rollL20": 1.16227,
  "up2": false,
  "dn2": false,
  "source": "twelvedata_repo"
}