{
  "datetime": "2025-11-25 04:30:00",
  "open": 1.15223,
  "high": 1.15228,
  "low": 1.15221,
  "close": 1.15223,
  "rollH20": 1.15304,
  "rollL20": 1.15225,
  "up2": false,
  "dn2": false,
  "source": "twelvedata_repo"
}