{
  "datetime": "2026-05-09 09:55:00",
  "open": 1.1785,
  "high": 1.17852,
  "low": 1.17848,
  "close": 1.17852,
  "rollH20": 1.17879,
  "rollL20": 1.17835,
  "up2": false,
  "dn2": false,
  "source": "twelvedata_repo"
}