{
  "datetime": "2026-01-21 00:40:00",
  "open": 1.1725,
  "high": 1.1726,
  "low": 1.1725,
  "close": 1.1726,
  "rollH20": 1.17271,
  "rollL20": 1.17225,
  "up2": false,
  "dn2": false,
  "source": "twelvedata_repo"
}