{
  "datetime": "2026-01-09 15:45:00",
  "open": 1.16359,
  "high": 1.16362,
  "low": 1.16329,
  "close": 1.16329,
  "rollH20": 1.1659,
  "rollL20": 1.16325,
  "up2": false,
  "dn2": false,
  "source": "twelvedata_repo"
}