{
  "datetime": "2026-03-20 23:40:00",
  "open": 1.16021,
  "high": 1.16023,
  "low": 1.15998,
  "close": 1.1601,
  "rollH20": 1.16124,
  "rollL20": 1.15937,
  "up2": false,
  "dn2": false,
  "source": "twelvedata_repo"
}