{
  "datetime": "2025-10-07 08:30:00",
  "open": 1.16798,
  "high": 1.1681,
  "low": 1.16778,
  "close": 1.16785,
  "rollH20": 1.16935,
  "rollL20": 1.16773,
  "up2": false,
  "dn2": false,
  "source": "twelvedata_repo"
}