{
  "datetime": "2025-11-14 12:20:00",
  "open": 1.16108,
  "high": 1.16108,
  "low": 1.161,
  "close": 1.16107,
  "rollH20": 1.16285,
  "rollL20": 1.1609,
  "up2": false,
  "dn2": false,
  "source": "twelvedata_repo"
}