{
  "datetime": "2026-02-01 23:45:00",
  "open": 1.18517,
  "high": 1.18528,
  "low": 1.1851,
  "close": 1.18528,
  "rollH20": 1.1862,
  "rollL20": 1.18422,
  "up2": false,
  "dn2": false,
  "source": "twelvedata_repo"
}