{
  "datetime": "2025-10-23 17:40:00",
  "open": 1.16135,
  "high": 1.16141,
  "low": 1.16101,
  "close": 1.16104,
  "rollH20": 1.16198,
  "rollL20": 1.16066,
  "up2": false,
  "dn2": false,
  "source": "twelvedata_repo"
}