{
  "datetime": "2026-03-02 19:55:00",
  "open": 1.17112,
  "high": 1.17122,
  "low": 1.17112,
  "close": 1.17122,
  "rollH20": 1.17137,
  "rollL20": 1.1687,
  "up2": false,
  "dn2": false,
  "source": "twelvedata_repo"
}