{
  "datetime": "2026-03-08 16:20:00",
  "open": 1.16182,
  "high": 1.16185,
  "low": 1.16181,
  "close": 1.16182,
  "rollH20": 1.16187,
  "rollL20": 1.16133,
  "up2": false,
  "dn2": false,
  "source": "twelvedata_repo"
}