{
  "datetime": "2026-05-07 17:15:00",
  "open": 1.17601,
  "high": 1.17611,
  "low": 1.17581,
  "close": 1.17593,
  "rollH20": 1.17783,
  "rollL20": 1.17594,
  "up2": false,
  "dn2": false,
  "source": "twelvedata_repo"
}