{
  "datetime": "2025-08-29 00:55:00",
  "open": 1.16821,
  "high": 1.16827,
  "low": 1.16815,
  "close": 1.16821,
  "rollH20": 1.16827,
  "rollL20": 1.16732,
  "up2": false,
  "dn2": false,
  "source": "twelvedata_repo"
}