{
  "datetime": "2026-01-02 16:35:00",
  "open": 1.17345,
  "high": 1.1736,
  "low": 1.17345,
  "close": 1.1736,
  "rollH20": 1.1738,
  "rollL20": 1.17164,
  "up2": false,
  "dn2": false,
  "source": "twelvedata_repo"
}