{
  "datetime": "2026-05-26 00:00:00",
  "open": 1.16416,
  "high": 1.16432,
  "low": 1.16409,
  "close": 1.16427,
  "rollH20": 1.1645,
  "rollL20": 1.16368,
  "up2": false,
  "dn2": false,
  "source": "twelvedata_repo"
}