{
  "datetime": "2025-12-01 14:45:00",
  "open": 1.1646,
  "high": 1.16466,
  "low": 1.1646,
  "close": 1.16466,
  "rollH20": 1.16519,
  "rollL20": 1.16273,
  "up2": false,
  "dn2": false,
  "source": "twelvedata_repo"
}