{
  "datetime": "2026-02-05 20:50:00",
  "open": 1.17965,
  "high": 1.17969,
  "low": 1.17939,
  "close": 1.17952,
  "rollH20": 1.18032,
  "rollL20": 1.17922,
  "up2": false,
  "dn2": false,
  "source": "twelvedata_repo"
}