{
  "datetime": "2026-02-15 06:50:00",
  "open": 1.1871,
  "high": 1.18713,
  "low": 1.1871,
  "close": 1.18712,
  "rollH20": 1.18716,
  "rollL20": 1.18707,
  "up2": false,
  "dn2": false,
  "source": "twelvedata_repo"
}