{
  "datetime": "2025-11-05 22:25:00",
  "open": 1.14928,
  "high": 1.14932,
  "low": 1.14912,
  "close": 1.14918,
  "rollH20": 1.14929,
  "rollL20": 1.14837,
  "up2": false,
  "dn2": false,
  "source": "twelvedata_repo"
}