{
  "datetime": "2026-02-21 11:30:00",
  "open": 1.17835,
  "high": 1.17839,
  "low": 1.17834,
  "close": 1.17834,
  "rollH20": 1.17848,
  "rollL20": 1.17832,
  "up2": false,
  "dn2": false,
  "source": "twelvedata_repo"
}