{
  "datetime": "2026-05-03 07:30:00",
  "open": 1.17218,
  "high": 1.17224,
  "low": 1.17218,
  "close": 1.1722,
  "rollH20": 1.17254,
  "rollL20": 1.17215,
  "up2": false,
  "dn2": false,
  "source": "twelvedata_repo"
}