{
  "datetime": "2025-11-19 17:55:00",
  "open": 1.15392,
  "high": 1.154,
  "low": 1.15379,
  "close": 1.154,
  "rollH20": 1.15552,
  "rollL20": 1.15346,
  "up2": false,
  "dn2": false,
  "source": "twelvedata_repo"
}