{
  "datetime": "2026-04-06 19:15:00",
  "open": 1.15484,
  "high": 1.15494,
  "low": 1.15482,
  "close": 1.15491,
  "rollH20": 1.15496,
  "rollL20": 1.15345,
  "up2": false,
  "dn2": false,
  "source": "twelvedata_repo"
}