{
  "datetime": "2026-01-06 21:20:00",
  "open": 1.16899,
  "high": 1.169,
  "low": 1.16892,
  "close": 1.16895,
  "rollH20": 1.16941,
  "rollL20": 1.16842,
  "up2": false,
  "dn2": false,
  "source": "twelvedata_repo"
}