{
  "datetime": "2025-11-17 10:50:00",
  "open": 1.16023,
  "high": 1.16029,
  "low": 1.16003,
  "close": 1.16016,
  "rollH20": 1.16151,
  "rollL20": 1.15975,
  "up2": false,
  "dn2": false,
  "source": "twelvedata_repo"
}