{
  "datetime": "2026-04-12 23:30:00",
  "open": 1.16677,
  "high": 1.16682,
  "low": 1.16669,
  "close": 1.16675,
  "rollH20": 1.169,
  "rollL20": 1.16667,
  "up2": false,
  "dn2": false,
  "source": "twelvedata_repo"
}