{
  "datetime": "2026-05-18 15:15:00",
  "open": 1.16477,
  "high": 1.16477,
  "low": 1.16448,
  "close": 1.16471,
  "rollH20": 1.16572,
  "rollL20": 1.16437,
  "up2": false,
  "dn2": false,
  "source": "twelvedata_repo"
}