{
  "datetime": "2026-03-18 22:15:00",
  "open": 1.14548,
  "high": 1.1455,
  "low": 1.14537,
  "close": 1.14537,
  "rollH20": 1.14735,
  "rollL20": 1.14499,
  "up2": false,
  "dn2": false,
  "source": "twelvedata_repo"
}