{
  "datetime": "2025-12-19 17:30:00",
  "open": 1.17161,
  "high": 1.17178,
  "low": 1.17159,
  "close": 1.17178,
  "rollH20": 1.17301,
  "rollL20": 1.17091,
  "up2": false,
  "dn2": false,
  "source": "twelvedata_repo"
}