{
  "datetime": "2025-10-07 15:35:00",
  "open": 1.1657,
  "high": 1.16577,
  "low": 1.16547,
  "close": 1.16575,
  "rollH20": 1.167,
  "rollL20": 1.1655,
  "up2": false,
  "dn2": false,
  "source": "twelvedata_repo"
}