{
  "datetime": "2026-03-09 16:00:00",
  "open": 1.15922,
  "high": 1.15923,
  "low": 1.15916,
  "close": 1.15923,
  "rollH20": 1.15924,
  "rollL20": 1.15609,
  "up2": false,
  "dn2": false,
  "source": "twelvedata_repo"
}