{
  "datetime": "2026-03-31 19:55:00",
  "open": 1.15431,
  "high": 1.15468,
  "low": 1.15427,
  "close": 1.15459,
  "rollH20": 1.15554,
  "rollL20": 1.15401,
  "up2": false,
  "dn2": false,
  "source": "twelvedata_repo"
}