{
  "datetime": "2025-10-16 20:55:00",
  "open": 1.16899,
  "high": 1.16914,
  "low": 1.16899,
  "close": 1.1691,
  "rollH20": 1.16941,
  "rollL20": 1.16803,
  "up2": false,
  "dn2": false,
  "source": "twelvedata_repo"
}