{
  "datetime": "2026-01-09 07:25:00",
  "open": 1.16501,
  "high": 1.16518,
  "low": 1.16499,
  "close": 1.16513,
  "rollH20": 1.16564,
  "rollL20": 1.16485,
  "up2": false,
  "dn2": false,
  "source": "twelvedata_repo"
}