{
  "datetime": "2026-01-29 21:10:00",
  "open": 1.19494,
  "high": 1.19556,
  "low": 1.19486,
  "close": 1.19555,
  "rollH20": 1.19634,
  "rollL20": 1.19471,
  "up2": false,
  "dn2": false,
  "source": "twelvedata_repo"
}