{
  "datetime": "2025-10-17 15:10:00",
  "open": 1.16632,
  "high": 1.16646,
  "low": 1.16626,
  "close": 1.16633,
  "rollH20": 1.16822,
  "rollL20": 1.16585,
  "up2": false,
  "dn2": false,
  "source": "twelvedata_repo"
}