{
  "datetime": "2026-05-24 05:30:00",
  "open": 1.16061,
  "high": 1.16064,
  "low": 1.16061,
  "close": 1.16061,
  "rollH20": 1.16075,
  "rollL20": 1.16009,
  "up2": false,
  "dn2": false,
  "source": "twelvedata_repo"
}