{
  "datetime": "2025-12-19 19:30:00",
  "open": 1.17249,
  "high": 1.17255,
  "low": 1.17223,
  "close": 1.17223,
  "rollH20": 1.17276,
  "rollL20": 1.17146,
  "up2": false,
  "dn2": false,
  "source": "twelvedata_repo"
}