{
  "datetime": "2026-03-30 01:55:00",
  "open": 1.15058,
  "high": 1.15064,
  "low": 1.15058,
  "close": 1.15063,
  "rollH20": 1.15125,
  "rollL20": 1.14868,
  "up2": false,
  "dn2": false,
  "source": "twelvedata_repo"
}