{
  "datetime": "2026-03-05 12:45:00",
  "open": 1.16213,
  "high": 1.16215,
  "low": 1.16202,
  "close": 1.16202,
  "rollH20": 1.16273,
  "rollL20": 1.16047,
  "up2": false,
  "dn2": false,
  "source": "twelvedata_repo"
}