{
  "datetime": "2026-04-27 18:45:00",
  "open": 1.17261,
  "high": 1.17262,
  "low": 1.17238,
  "close": 1.17243,
  "rollH20": 1.17345,
  "rollL20": 1.17203,
  "up2": false,
  "dn2": false,
  "source": "twelvedata_repo"
}