{
  "datetime": "2026-03-30 20:25:00",
  "open": 1.14571,
  "high": 1.14575,
  "low": 1.14559,
  "close": 1.14564,
  "rollH20": 1.14665,
  "rollL20": 1.14551,
  "up2": false,
  "dn2": false,
  "source": "twelvedata_repo"
}