{
  "datetime": "2026-02-03 13:40:00",
  "open": 1.17956,
  "high": 1.17974,
  "low": 1.17956,
  "close": 1.17967,
  "rollH20": 1.17977,
  "rollL20": 1.17815,
  "up2": false,
  "dn2": false,
  "source": "twelvedata_repo"
}