{
  "datetime": "2026-03-06 22:00:00",
  "open": 1.16177,
  "high": 1.16198,
  "low": 1.16174,
  "close": 1.16195,
  "rollH20": 1.1618,
  "rollL20": 1.15969,
  "up2": false,
  "dn2": false,
  "source": "twelvedata_repo"
}