{
  "datetime": "2026-02-24 04:40:00",
  "open": 1.17691,
  "high": 1.17699,
  "low": 1.17686,
  "close": 1.17689,
  "rollH20": 1.17856,
  "rollL20": 1.17685,
  "up2": false,
  "dn2": false,
  "source": "twelvedata_repo"
}