{
  "datetime": "2025-11-18 20:55:00",
  "open": 1.15861,
  "high": 1.15863,
  "low": 1.15861,
  "close": 1.15863,
  "rollH20": 1.15868,
  "rollL20": 1.15789,
  "up2": false,
  "dn2": false,
  "source": "twelvedata_repo"
}