{
  "datetime": "2025-12-11 16:55:00",
  "open": 1.17556,
  "high": 1.17559,
  "low": 1.17539,
  "close": 1.17546,
  "rollH20": 1.17564,
  "rollL20": 1.17327,
  "up2": false,
  "dn2": false,
  "source": "twelvedata_repo"
}