{
  "datetime": "2026-02-11 18:25:00",
  "open": 1.18878,
  "high": 1.18904,
  "low": 1.18878,
  "close": 1.18896,
  "rollH20": 1.18903,
  "rollL20": 1.18533,
  "up2": false,
  "dn2": false,
  "source": "twelvedata_repo"
}