{
  "datetime": "2026-01-13 08:10:00",
  "open": 1.16588,
  "high": 1.1659,
  "low": 1.16583,
  "close": 1.16583,
  "rollH20": 1.16676,
  "rollL20": 1.16543,
  "up2": false,
  "dn2": false,
  "source": "twelvedata_repo"
}