{
  "datetime": "2026-02-24 16:15:00",
  "open": 1.17851,
  "high": 1.17859,
  "low": 1.17851,
  "close": 1.17859,
  "rollH20": 1.17873,
  "rollL20": 1.17671,
  "up2": false,
  "dn2": false,
  "source": "twelvedata_repo"
}