{
  "datetime": "2025-10-28 16:30:00",
  "open": 1.16579,
  "high": 1.16613,
  "low": 1.16578,
  "close": 1.1658,
  "rollH20": 1.16667,
  "rollL20": 1.16356,
  "up2": false,
  "dn2": false,
  "source": "twelvedata_repo"
}