{
  "datetime": "2026-01-28 11:10:00",
  "open": 1.19828,
  "high": 1.19849,
  "low": 1.19828,
  "close": 1.1984,
  "rollH20": 1.20002,
  "rollL20": 1.19716,
  "up2": false,
  "dn2": false,
  "source": "twelvedata_repo"
}