{
  "datetime": "2025-12-05 15:50:00",
  "open": 1.16563,
  "high": 1.16569,
  "low": 1.16558,
  "close": 1.16569,
  "rollH20": 1.16591,
  "rollL20": 1.16431,
  "up2": false,
  "dn2": false,
  "source": "twelvedata_repo"
}