{
  "datetime": "2026-05-05 21:30:00",
  "open": 1.1695,
  "high": 1.16952,
  "low": 1.16943,
  "close": 1.16945,
  "rollH20": 1.17018,
  "rollL20": 1.16944,
  "up2": false,
  "dn2": false,
  "source": "twelvedata_repo"
}