{
  "datetime": "2026-05-20 21:55:00",
  "open": 1.16244,
  "high": 1.16268,
  "low": 1.16244,
  "close": 1.16267,
  "rollH20": 1.16343,
  "rollL20": 1.16239,
  "up2": false,
  "dn2": false,
  "source": "twelvedata_repo"
}