{
  "datetime": "2026-04-04 01:00:00",
  "open": 1.15208,
  "high": 1.15211,
  "low": 1.15181,
  "close": 1.15193,
  "rollH20": 1.15218,
  "rollL20": 1.1517,
  "up2": false,
  "dn2": false,
  "source": "twelvedata_repo"
}