{
  "datetime": "2026-05-19 09:15:00",
  "open": 1.16276,
  "high": 1.1629,
  "low": 1.16276,
  "close": 1.16286,
  "rollH20": 1.16442,
  "rollL20": 1.1627,
  "up2": false,
  "dn2": false,
  "source": "twelvedata_repo"
}