{
  "datetime": "2025-11-14 10:45:00",
  "open": 1.16247,
  "high": 1.16262,
  "low": 1.16231,
  "close": 1.16233,
  "rollH20": 1.16373,
  "rollL20": 1.16206,
  "up2": false,
  "dn2": false,
  "source": "twelvedata_repo"
}