{
  "datetime": "2026-05-30 00:15:00",
  "open": 1.16611,
  "high": 1.16617,
  "low": 1.16584,
  "close": 1.16594,
  "rollH20": 1.1662,
  "rollL20": 1.16579,
  "up2": false,
  "dn2": false,
  "source": "twelvedata_repo"
}