{
  "datetime": "2026-06-06 13:40:00",
  "open": 1.15214,
  "high": 1.15217,
  "low": 1.15214,
  "close": 1.15216,
  "rollH20": 1.15243,
  "rollL20": 1.15205,
  "up2": false,
  "dn2": false,
  "source": "twelvedata_repo"
}