{
  "datetime": "2025-10-23 12:50:00",
  "open": 1.15894,
  "high": 1.15898,
  "low": 1.15883,
  "close": 1.15898,
  "rollH20": 1.15947,
  "rollL20": 1.15854,
  "up2": false,
  "dn2": false,
  "source": "twelvedata_repo"
}