{
  "datetime": "2025-10-17 08:10:00",
  "open": 1.17063,
  "high": 1.17065,
  "low": 1.17004,
  "close": 1.1703,
  "rollH20": 1.17283,
  "rollL20": 1.17059,
  "up2": false,
  "dn2": false,
  "source": "twelvedata_repo"
}