{
  "datetime": "2025-11-11 22:40:00",
  "open": 1.15835,
  "high": 1.15836,
  "low": 1.15832,
  "close": 1.15836,
  "rollH20": 1.15892,
  "rollL20": 1.15825,
  "up2": false,
  "dn2": false,
  "source": "twelvedata_repo"
}