{
  "datetime": "2026-02-27 10:55:00",
  "open": 1.17985,
  "high": 1.17995,
  "low": 1.17985,
  "close": 1.17994,
  "rollH20": 1.18089,
  "rollL20": 1.17922,
  "up2": false,
  "dn2": false,
  "source": "twelvedata_repo"
}