{
  "datetime": "2026-01-26 09:35:00",
  "open": 1.1853,
  "high": 1.18607,
  "low": 1.1853,
  "close": 1.18571,
  "rollH20": 1.18636,
  "rollL20": 1.1837,
  "up2": false,
  "dn2": false,
  "source": "twelvedata_repo"
}