{
  "datetime": "2025-12-05 16:05:00",
  "open": 1.16493,
  "high": 1.16494,
  "low": 1.16453,
  "close": 1.16461,
  "rollH20": 1.16591,
  "rollL20": 1.16461,
  "up2": false,
  "dn2": false,
  "source": "twelvedata_repo"
}