{
  "datetime": "2026-03-01 22:20:00",
  "open": 1.17597,
  "high": 1.17598,
  "low": 1.17595,
  "close": 1.17598,
  "rollH20": 1.1797,
  "rollL20": 1.17571,
  "up2": false,
  "dn2": false,
  "source": "twelvedata_repo"
}