{
  "datetime": "2026-04-30 18:35:00",
  "open": 1.17281,
  "high": 1.17284,
  "low": 1.17272,
  "close": 1.17282,
  "rollH20": 1.17356,
  "rollL20": 1.17232,
  "up2": false,
  "dn2": false,
  "source": "twelvedata_repo"
}