{
  "datetime": "2025-11-30 23:35:00",
  "open": 1.15963,
  "high": 1.15968,
  "low": 1.15962,
  "close": 1.15962,
  "rollH20": 1.16045,
  "rollL20": 1.15932,
  "up2": false,
  "dn2": false,
  "source": "twelvedata_repo"
}