{
  "datetime": "2026-02-16 20:10:00",
  "open": 1.18529,
  "high": 1.18543,
  "low": 1.18529,
  "close": 1.1854,
  "rollH20": 1.18548,
  "rollL20": 1.18481,
  "up2": false,
  "dn2": false,
  "source": "twelvedata_repo"
}