{
  "datetime": "2026-01-10 20:30:00",
  "open": 1.1635,
  "high": 1.16352,
  "low": 1.1635,
  "close": 1.16351,
  "rollH20": 1.1636,
  "rollL20": 1.16346,
  "up2": false,
  "dn2": false,
  "source": "twelvedata_repo"
}