{
  "datetime": "2026-07-23 16:05:00",
  "open": 1.13733,
  "high": 1.13749,
  "low": 1.13713,
  "close": 1.13719,
  "rollH20": 1.13858,
  "rollL20": 1.13645,
  "up2": false,
  "dn2": false,
  "source": "twelvedata_repo"
}