{
  "datetime": "2026-05-13 20:50:00",
  "open": 1.17103,
  "high": 1.17112,
  "low": 1.17102,
  "close": 1.1711,
  "rollH20": 1.1714,
  "rollL20": 1.17055,
  "up2": false,
  "dn2": false,
  "source": "twelvedata_repo"
}