{
  "datetime": "2025-11-13 10:40:00",
  "open": 1.16141,
  "high": 1.16141,
  "low": 1.16118,
  "close": 1.16121,
  "rollH20": 1.16347,
  "rollL20": 1.16105,
  "up2": false,
  "dn2": false,
  "source": "twelvedata_repo"
}