{
  "datetime": "2026-07-21 23:25:00",
  "open": 1.14002,
  "high": 1.14008,
  "low": 1.13989,
  "close": 1.14006,
  "rollH20": 1.14039,
  "rollL20": 1.13976,
  "up2": false,
  "dn2": false,
  "source": "twelvedata_repo"
}