{
  "datetime": "2026-02-24 05:40:00",
  "open": 1.1773,
  "high": 1.17734,
  "low": 1.17728,
  "close": 1.17731,
  "rollH20": 1.17769,
  "rollL20": 1.17685,
  "up2": false,
  "dn2": false,
  "source": "twelvedata_repo"
}