{
  "datetime": "2026-04-15 18:30:00",
  "open": 1.18,
  "high": 1.18001,
  "low": 1.1796,
  "close": 1.17967,
  "rollH20": 1.18028,
  "rollL20": 1.1798,
  "up2": false,
  "dn2": false,
  "source": "twelvedata_repo"
}