{
  "datetime": "2026-05-23 14:45:00",
  "open": 1.16048,
  "high": 1.16052,
  "low": 1.16047,
  "close": 1.16049,
  "rollH20": 1.16074,
  "rollL20": 1.16009,
  "up2": false,
  "dn2": false,
  "source": "twelvedata_repo"
}