{
  "datetime": "2026-03-21 20:20:00",
  "open": 1.15899,
  "high": 1.15903,
  "low": 1.15898,
  "close": 1.15902,
  "rollH20": 1.15932,
  "rollL20": 1.1582,
  "up2": false,
  "dn2": false,
  "source": "twelvedata_repo"
}