{
  "datetime": "2026-01-30 15:50:00",
  "open": 1.19148,
  "high": 1.19154,
  "low": 1.19132,
  "close": 1.19138,
  "rollH20": 1.19242,
  "rollL20": 1.19031,
  "up2": false,
  "dn2": false,
  "source": "twelvedata_repo"
}