{
  "datetime": "2026-07-14 04:15:00",
  "open": 1.13923,
  "high": 1.13923,
  "low": 1.13908,
  "close": 1.13911,
  "rollH20": 1.13946,
  "rollL20": 1.13854,
  "up2": false,
  "dn2": false,
  "source": "twelvedata_repo"
}