{
  "datetime": "2026-06-25 05:45:00",
  "open": 1.13672,
  "high": 1.13674,
  "low": 1.13665,
  "close": 1.13666,
  "rollH20": 1.13714,
  "rollL20": 1.13647,
  "up2": false,
  "dn2": false,
  "source": "twelvedata_repo"
}