{
  "datetime": "2026-01-15 20:30:00",
  "open": 1.1617,
  "high": 1.16171,
  "low": 1.16169,
  "close": 1.16171,
  "rollH20": 1.16178,
  "rollL20": 1.16065,
  "up2": false,
  "dn2": false,
  "source": "twelvedata_repo"
}