{
  "datetime": "2026-04-06 06:35:00",
  "open": 1.15259,
  "high": 1.15268,
  "low": 1.15259,
  "close": 1.15268,
  "rollH20": 1.15297,
  "rollL20": 1.15182,
  "up2": false,
  "dn2": false,
  "source": "twelvedata_repo"
}