{
  "datetime": "2026-02-25 15:50:00",
  "open": 1.17994,
  "high": 1.17995,
  "low": 1.1799,
  "close": 1.1799,
  "rollH20": 1.18026,
  "rollL20": 1.17744,
  "up2": false,
  "dn2": false,
  "source": "twelvedata_repo"
}