{
  "datetime": "2026-06-10 22:40:00",
  "open": 1.15375,
  "high": 1.15387,
  "low": 1.15373,
  "close": 1.15382,
  "rollH20": 1.15421,
  "rollL20": 1.1535,
  "up2": false,
  "dn2": false,
  "source": "twelvedata_repo"
}