{
  "datetime": "2025-11-13 04:10:00",
  "open": 1.1591,
  "high": 1.15912,
  "low": 1.15898,
  "close": 1.159,
  "rollH20": 1.15926,
  "rollL20": 1.15816,
  "up2": false,
  "dn2": false,
  "source": "twelvedata_repo"
}