{
  "datetime": "2026-01-31 18:30:00",
  "open": 1.18543,
  "high": 1.18547,
  "low": 1.18541,
  "close": 1.18543,
  "rollH20": 1.18554,
  "rollL20": 1.18517,
  "up2": false,
  "dn2": false,
  "source": "twelvedata_repo"
}