{
  "datetime": "2026-01-22 12:40:00",
  "open": 1.17017,
  "high": 1.17026,
  "low": 1.1701,
  "close": 1.17013,
  "rollH20": 1.17028,
  "rollL20": 1.16873,
  "up2": false,
  "dn2": false,
  "source": "twelvedata_repo"
}