{
  "datetime": "2025-09-10 16:40:00",
  "open": 1.17227,
  "high": 1.17233,
  "low": 1.172,
  "close": 1.172,
  "rollH20": 1.17305,
  "rollL20": 1.1715,
  "up2": false,
  "dn2": false,
  "source": "twelvedata_repo"
}