{
  "datetime": "2026-04-02 04:25:00",
  "open": 1.15467,
  "high": 1.15467,
  "low": 1.15449,
  "close": 1.15452,
  "rollH20": 1.15599,
  "rollL20": 1.1545,
  "up2": false,
  "dn2": false,
  "source": "twelvedata_repo"
}