{
  "datetime": "2026-03-13 07:10:00",
  "open": 1.14768,
  "high": 1.14772,
  "low": 1.14763,
  "close": 1.14764,
  "rollH20": 1.15065,
  "rollL20": 1.14759,
  "up2": false,
  "dn2": false,
  "source": "twelvedata_repo"
}