{
  "datetime": "2026-03-20 10:35:00",
  "open": 1.15452,
  "high": 1.15466,
  "low": 1.15452,
  "close": 1.15466,
  "rollH20": 1.1573,
  "rollL20": 1.15364,
  "up2": false,
  "dn2": false,
  "source": "twelvedata_repo"
}