{
  "datetime": "2026-06-25 11:45:00",
  "open": 1.13497,
  "high": 1.13498,
  "low": 1.13464,
  "close": 1.13467,
  "rollH20": 1.13728,
  "rollL20": 1.13491,
  "up2": false,
  "dn2": false,
  "source": "twelvedata_repo"
}