{
  "datetime": "2026-04-07 17:40:00",
  "open": 1.15751,
  "high": 1.15753,
  "low": 1.15745,
  "close": 1.15745,
  "rollH20": 1.1578,
  "rollL20": 1.1567,
  "up2": false,
  "dn2": false,
  "source": "twelvedata_repo"
}