{
  "datetime": "2025-09-19 12:55:00",
  "open": 1.1743,
  "high": 1.17448,
  "low": 1.1743,
  "close": 1.17448,
  "rollH20": 1.17647,
  "rollL20": 1.1743,
  "up2": false,
  "dn2": false,
  "source": "twelvedata_repo"
}