{
  "datetime": "2026-02-15 21:25:00",
  "open": 1.18725,
  "high": 1.18725,
  "low": 1.18724,
  "close": 1.18725,
  "rollH20": 1.18794,
  "rollL20": 1.18641,
  "up2": false,
  "dn2": false,
  "source": "twelvedata_repo"
}