{
  "datetime": "2025-10-16 11:35:00",
  "open": 1.16572,
  "high": 1.1659,
  "low": 1.16571,
  "close": 1.16573,
  "rollH20": 1.16637,
  "rollL20": 1.16523,
  "up2": false,
  "dn2": false,
  "source": "twelvedata_repo"
}