{
  "datetime": "2026-02-15 02:10:00",
  "open": 1.18689,
  "high": 1.18694,
  "low": 1.18689,
  "close": 1.18689,
  "rollH20": 1.18725,
  "rollL20": 1.18652,
  "up2": false,
  "dn2": false,
  "source": "twelvedata_repo"
}