{
  "datetime": "2026-06-08 00:55:00",
  "open": 1.1521,
  "high": 1.15228,
  "low": 1.1521,
  "close": 1.15226,
  "rollH20": 1.1522,
  "rollL20": 1.1512,
  "up2": false,
  "dn2": false,
  "source": "twelvedata_repo"
}