{
  "datetime": "2025-12-10 21:40:00",
  "open": 1.16962,
  "high": 1.16963,
  "low": 1.16911,
  "close": 1.1692,
  "rollH20": 1.17011,
  "rollL20": 1.16487,
  "up2": false,
  "dn2": false,
  "source": "twelvedata_repo"
}