{
  "datetime": "2025-11-10 21:45:00",
  "open": 1.1563,
  "high": 1.15643,
  "low": 1.1563,
  "close": 1.15643,
  "rollH20": 1.15648,
  "rollL20": 1.15596,
  "up2": false,
  "dn2": false,
  "source": "twelvedata_repo"
}