{
  "datetime": "2025-09-30 23:55:00",
  "open": 1.17332,
  "high": 1.17332,
  "low": 1.17332,
  "close": 1.17332,
  "rollH20": 1.17418,
  "rollL20": 1.1733,
  "up2": false,
  "dn2": false,
  "source": "twelvedata_repo"
}