{
  "datetime": "2026-01-22 01:35:00",
  "open": 1.16828,
  "high": 1.16852,
  "low": 1.16813,
  "close": 1.16841,
  "rollH20": 1.16865,
  "rollL20": 1.16701,
  "up2": false,
  "dn2": false,
  "source": "twelvedata_repo"
}