{
  "datetime": "2026-04-23 20:40:00",
  "open": 1.16846,
  "high": 1.16849,
  "low": 1.16825,
  "close": 1.16837,
  "rollH20": 1.16985,
  "rollL20": 1.16819,
  "up2": false,
  "dn2": false,
  "source": "twelvedata_repo"
}