{
  "datetime": "2026-07-16 21:25:00",
  "open": 1.14399,
  "high": 1.14399,
  "low": 1.14386,
  "close": 1.14389,
  "rollH20": 1.14424,
  "rollL20": 1.14347,
  "up2": false,
  "dn2": false,
  "source": "twelvedata_repo"
}