{
  "datetime": "2026-04-19 15:55:00",
  "open": 1.17586,
  "high": 1.17591,
  "low": 1.17585,
  "close": 1.17588,
  "rollH20": 1.17667,
  "rollL20": 1.175,
  "up2": false,
  "dn2": false,
  "source": "twelvedata_repo"
}