{
  "datetime": "2025-12-05 16:30:00",
  "open": 1.16558,
  "high": 1.16574,
  "low": 1.16557,
  "close": 1.16568,
  "rollH20": 1.16591,
  "rollL20": 1.16453,
  "up2": false,
  "dn2": false,
  "source": "twelvedata_repo"
}