{
  "datetime": "2026-01-09 07:10:00",
  "open": 1.16502,
  "high": 1.16504,
  "low": 1.1649,
  "close": 1.16491,
  "rollH20": 1.16564,
  "rollL20": 1.16499,
  "up2": false,
  "dn2": false,
  "source": "twelvedata_repo"
}