{
  "datetime": "2026-02-04 10:20:00",
  "open": 1.18275,
  "high": 1.18279,
  "low": 1.18274,
  "close": 1.18278,
  "rollH20": 1.18375,
  "rollL20": 1.18248,
  "up2": false,
  "dn2": false,
  "source": "twelvedata_repo"
}