{
  "datetime": "2026-06-17 03:20:00",
  "open": 1.16123,
  "high": 1.1615,
  "low": 1.16123,
  "close": 1.16148,
  "rollH20": 1.16165,
  "rollL20": 1.16108,
  "up2": false,
  "dn2": false,
  "source": "twelvedata_repo"
}