{
  "datetime": "2026-04-08 10:40:00",
  "open": 1.16838,
  "high": 1.16862,
  "low": 1.16825,
  "close": 1.16838,
  "rollH20": 1.16977,
  "rollL20": 1.16726,
  "up2": false,
  "dn2": false,
  "source": "twelvedata_repo"
}