{
  "datetime": "2025-09-04 05:45:00",
  "open": 1.16533,
  "high": 1.16541,
  "low": 1.16527,
  "close": 1.16532,
  "rollH20": 1.16561,
  "rollL20": 1.16496,
  "up2": false,
  "dn2": false,
  "source": "twelvedata_repo"
}