{
  "datetime": "2026-01-07 00:25:00",
  "open": 1.169,
  "high": 1.16904,
  "low": 1.16897,
  "close": 1.16898,
  "rollH20": 1.16902,
  "rollL20": 1.16859,
  "up2": false,
  "dn2": false,
  "source": "twelvedata_repo"
}