{
  "datetime": "2025-10-27 14:35:00",
  "open": 1.16379,
  "high": 1.16383,
  "low": 1.16373,
  "close": 1.16373,
  "rollH20": 1.16517,
  "rollL20": 1.16379,
  "up2": false,
  "dn2": false,
  "source": "twelvedata_repo"
}