{
  "datetime": "2026-01-20 16:15:00",
  "open": 1.17234,
  "high": 1.17234,
  "low": 1.17233,
  "close": 1.17233,
  "rollH20": 1.1749,
  "rollL20": 1.17172,
  "up2": false,
  "dn2": false,
  "source": "twelvedata_repo"
}