{
  "datetime": "2026-03-11 18:30:00",
  "open": 1.15734,
  "high": 1.15737,
  "low": 1.15713,
  "close": 1.15722,
  "rollH20": 1.15764,
  "rollL20": 1.15637,
  "up2": false,
  "dn2": false,
  "source": "twelvedata_repo"
}