{
  "datetime": "2025-10-23 14:15:00",
  "open": 1.16006,
  "high": 1.16017,
  "low": 1.16003,
  "close": 1.16008,
  "rollH20": 1.16059,
  "rollL20": 1.15865,
  "up2": false,
  "dn2": false,
  "source": "twelvedata_repo"
}