{
  "datetime": "2026-04-07 02:35:00",
  "open": 1.15367,
  "high": 1.15371,
  "low": 1.1536,
  "close": 1.15362,
  "rollH20": 1.15437,
  "rollL20": 1.15357,
  "up2": false,
  "dn2": false,
  "source": "twelvedata_repo"
}