{
  "datetime": "2026-04-03 05:25:00",
  "open": 1.15361,
  "high": 1.15367,
  "low": 1.1536,
  "close": 1.15367,
  "rollH20": 1.15378,
  "rollL20": 1.15346,
  "up2": false,
  "dn2": false,
  "source": "twelvedata_repo"
}