{
  "datetime": "2025-11-27 05:50:00",
  "open": 1.16016,
  "high": 1.16026,
  "low": 1.16016,
  "close": 1.16026,
  "rollH20": 1.16066,
  "rollL20": 1.16009,
  "up2": false,
  "dn2": false,
  "source": "twelvedata_repo"
}