{
  "datetime": "2025-12-02 18:40:00",
  "open": 1.16058,
  "high": 1.16062,
  "low": 1.16057,
  "close": 1.16061,
  "rollH20": 1.1609,
  "rollL20": 1.15931,
  "up2": false,
  "dn2": false,
  "source": "twelvedata_repo"
}