{
  "datetime": "2026-02-20 10:40:00",
  "open": 1.1765,
  "high": 1.17666,
  "low": 1.1765,
  "close": 1.17666,
  "rollH20": 1.17691,
  "rollL20": 1.17579,
  "up2": false,
  "dn2": false,
  "source": "twelvedata_repo"
}