{
  "datetime": "2025-10-28 18:55:00",
  "open": 1.16623,
  "high": 1.16633,
  "low": 1.16623,
  "close": 1.16627,
  "rollH20": 1.16681,
  "rollL20": 1.16536,
  "up2": false,
  "dn2": false,
  "source": "twelvedata_repo"
}