{
  "datetime": "2026-02-11 02:40:00",
  "open": 1.18963,
  "high": 1.18967,
  "low": 1.18958,
  "close": 1.18967,
  "rollH20": 1.19022,
  "rollL20": 1.18875,
  "up2": false,
  "dn2": false,
  "source": "twelvedata_repo"
}