{
  "datetime": "2026-02-07 00:55:00",
  "open": 1.18182,
  "high": 1.18208,
  "low": 1.18182,
  "close": 1.18189,
  "rollH20": 1.18238,
  "rollL20": 1.18148,
  "up2": false,
  "dn2": false,
  "source": "twelvedata_repo"
}