{
  "datetime": "2025-12-29 08:45:00",
  "open": 1.17755,
  "high": 1.17761,
  "low": 1.17755,
  "close": 1.17759,
  "rollH20": 1.17754,
  "rollL20": 1.17544,
  "up2": false,
  "dn2": false,
  "source": "twelvedata_repo"
}