{
  "datetime": "2026-06-17 10:00:00",
  "open": 1.16024,
  "high": 1.16025,
  "low": 1.16005,
  "close": 1.16023,
  "rollH20": 1.16155,
  "rollL20": 1.15985,
  "up2": false,
  "dn2": false,
  "source": "twelvedata_repo"
}