{
  "datetime": "2026-03-02 08:40:00",
  "open": 1.17009,
  "high": 1.1709,
  "low": 1.17009,
  "close": 1.1709,
  "rollH20": 1.17336,
  "rollL20": 1.16992,
  "up2": false,
  "dn2": false,
  "source": "twelvedata_repo"
}