{
  "datetime": "2026-05-20 03:05:00",
  "open": 1.15979,
  "high": 1.16,
  "low": 1.15974,
  "close": 1.15999,
  "rollH20": 1.16104,
  "rollL20": 1.15931,
  "up2": false,
  "dn2": false,
  "source": "twelvedata_repo"
}