{
  "datetime": "2026-07-04 23:30:00",
  "open": 1.14389,
  "high": 1.14435,
  "low": 1.14388,
  "close": 1.1442,
  "rollH20": 1.14454,
  "rollL20": 1.14356,
  "up2": false,
  "dn2": false,
  "source": "twelvedata_repo"
}