{
  "datetime": "2026-06-26 21:55:00",
  "open": 1.13846,
  "high": 1.13846,
  "low": 1.13816,
  "close": 1.13821,
  "rollH20": 1.13916,
  "rollL20": 1.13811,
  "up2": false,
  "dn2": false,
  "source": "twelvedata_repo"
}