{
  "datetime": "2025-10-20 05:55:00",
  "open": 1.16729,
  "high": 1.16732,
  "low": 1.16721,
  "close": 1.16723,
  "rollH20": 1.16738,
  "rollL20": 1.16655,
  "up2": false,
  "dn2": false,
  "source": "twelvedata_repo"
}