{
  "datetime": "2026-04-12 21:30:00",
  "open": 1.16854,
  "high": 1.16874,
  "low": 1.16743,
  "close": 1.16861,
  "rollH20": 1.17203,
  "rollL20": 1.16594,
  "up2": false,
  "dn2": false,
  "source": "twelvedata_repo"
}