{
  "datetime": "2026-02-27 07:50:00",
  "open": 1.1816,
  "high": 1.18171,
  "low": 1.18159,
  "close": 1.18167,
  "rollH20": 1.18167,
  "rollL20": 1.17977,
  "up2": false,
  "dn2": false,
  "source": "twelvedata_repo"
}