{
  "datetime": "2026-02-04 07:40:00",
  "open": 1.18344,
  "high": 1.18346,
  "low": 1.18342,
  "close": 1.18346,
  "rollH20": 1.18364,
  "rollL20": 1.18321,
  "up2": false,
  "dn2": false,
  "source": "twelvedata_repo"
}