{
  "datetime": "2025-11-12 09:55:00",
  "open": 1.15787,
  "high": 1.15806,
  "low": 1.15778,
  "close": 1.15804,
  "rollH20": 1.15887,
  "rollL20": 1.15782,
  "up2": false,
  "dn2": false,
  "source": "twelvedata_repo"
}