{
  "datetime": "2025-10-20 12:55:00",
  "open": 1.16524,
  "high": 1.16535,
  "low": 1.16521,
  "close": 1.16533,
  "rollH20": 1.16576,
  "rollL20": 1.16444,
  "up2": false,
  "dn2": false,
  "source": "twelvedata_repo"
}