{
  "datetime": "2025-09-24 11:55:00",
  "open": 1.17521,
  "high": 1.17523,
  "low": 1.17515,
  "close": 1.17521,
  "rollH20": 1.17734,
  "rollL20": 1.17509,
  "up2": false,
  "dn2": false,
  "source": "twelvedata_repo"
}