{
  "datetime": "2026-04-18 15:20:00",
  "open": 1.17727,
  "high": 1.17731,
  "low": 1.17727,
  "close": 1.17727,
  "rollH20": 1.17732,
  "rollL20": 1.17686,
  "up2": false,
  "dn2": false,
  "source": "twelvedata_repo"
}