{
  "datetime": "2026-01-06 10:55:00",
  "open": 1.1717,
  "high": 1.17173,
  "low": 1.17143,
  "close": 1.17162,
  "rollH20": 1.17382,
  "rollL20": 1.17086,
  "up2": false,
  "dn2": false,
  "source": "twelvedata_repo"
}