{
  "datetime": "2025-09-24 20:40:00",
  "open": 1.17363,
  "high": 1.17389,
  "low": 1.17362,
  "close": 1.17375,
  "rollH20": 1.17385,
  "rollL20": 1.17321,
  "up2": false,
  "dn2": false,
  "source": "twelvedata_repo"
}