{
  "datetime": "2026-01-09 14:55:00",
  "open": 1.1646,
  "high": 1.16471,
  "low": 1.16446,
  "close": 1.16451,
  "rollH20": 1.1659,
  "rollL20": 1.16325,
  "up2": false,
  "dn2": false,
  "source": "twelvedata_repo"
}