{
  "datetime": "2026-07-20 01:50:00",
  "open": 1.14323,
  "high": 1.14332,
  "low": 1.14318,
  "close": 1.14323,
  "rollH20": 1.14331,
  "rollL20": 1.14237,
  "up2": false,
  "dn2": false,
  "source": "twelvedata_repo"
}