{
  "datetime": "2025-10-27 15:05:00",
  "open": 1.16345,
  "high": 1.16353,
  "low": 1.16338,
  "close": 1.16352,
  "rollH20": 1.16464,
  "rollL20": 1.16324,
  "up2": false,
  "dn2": false,
  "source": "twelvedata_repo"
}