{
  "datetime": "2025-11-14 00:25:00",
  "open": 1.16259,
  "high": 1.16268,
  "low": 1.16259,
  "close": 1.16264,
  "rollH20": 1.16393,
  "rollL20": 1.16231,
  "up2": false,
  "dn2": false,
  "source": "twelvedata_repo"
}