{
  "datetime": "2025-12-22 13:15:00",
  "open": 1.17385,
  "high": 1.17389,
  "low": 1.17375,
  "close": 1.17375,
  "rollH20": 1.17429,
  "rollL20": 1.17298,
  "up2": false,
  "dn2": false,
  "source": "twelvedata_repo"
}