{
  "datetime": "2025-12-04 22:15:00",
  "open": 1.16443,
  "high": 1.16447,
  "low": 1.16437,
  "close": 1.16439,
  "rollH20": 1.16555,
  "rollL20": 1.16414,
  "up2": false,
  "dn2": false,
  "source": "twelvedata_repo"
}