{
  "datetime": "2026-02-01 20:10:00",
  "open": 1.18593,
  "high": 1.18665,
  "low": 1.18508,
  "close": 1.18514,
  "rollH20": 1.18739,
  "rollL20": 1.18487,
  "up2": false,
  "dn2": false,
  "source": "twelvedata_repo"
}