{
  "datetime": "2026-03-14 03:50:00",
  "open": 1.14685,
  "high": 1.14689,
  "low": 1.14684,
  "close": 1.14686,
  "rollH20": 1.14692,
  "rollL20": 1.14436,
  "up2": false,
  "dn2": false,
  "source": "twelvedata_repo"
}