{
  "datetime": "2026-06-26 18:00:00",
  "open": 1.13906,
  "high": 1.13916,
  "low": 1.13891,
  "close": 1.13914,
  "rollH20": 1.14088,
  "rollL20": 1.13834,
  "up2": false,
  "dn2": false,
  "source": "twelvedata_repo"
}