{
  "datetime": "2026-07-21 12:10:00",
  "open": 1.14198,
  "high": 1.14198,
  "low": 1.14176,
  "close": 1.14177,
  "rollH20": 1.1429,
  "rollL20": 1.14183,
  "up2": false,
  "dn2": false,
  "source": "twelvedata_repo"
}