{
  "datetime": "2026-05-07 22:50:00",
  "open": 1.17279,
  "high": 1.1728,
  "low": 1.17269,
  "close": 1.17274,
  "rollH20": 1.17401,
  "rollL20": 1.17233,
  "up2": false,
  "dn2": false,
  "source": "twelvedata_repo"
}