{
  "datetime": "2026-04-20 21:05:00",
  "open": 1.17865,
  "high": 1.17885,
  "low": 1.17863,
  "close": 1.17883,
  "rollH20": 1.17893,
  "rollL20": 1.178,
  "up2": false,
  "dn2": false,
  "source": "twelvedata_repo"
}