{
  "datetime": "2026-02-05 00:00:00",
  "open": 1.18066,
  "high": 1.18068,
  "low": 1.18064,
  "close": 1.18067,
  "rollH20": 1.18083,
  "rollL20": 1.18038,
  "up2": false,
  "dn2": false,
  "source": "twelvedata_repo"
}