{
  "datetime": "2026-07-12 15:00:00",
  "open": 1.14163,
  "high": 1.14167,
  "low": 1.14142,
  "close": 1.14154,
  "rollH20": 1.14218,
  "rollL20": 1.14129,
  "up2": false,
  "dn2": false,
  "source": "twelvedata_repo"
}