{
  "datetime": "2025-10-22 00:40:00",
  "open": 1.16036,
  "high": 1.16036,
  "low": 1.16036,
  "close": 1.16036,
  "rollH20": 1.16063,
  "rollL20": 1.16036,
  "up2": false,
  "dn2": false,
  "source": "twelvedata_repo"
}