{
  "datetime": "2026-02-04 06:55:00",
  "open": 1.18341,
  "high": 1.18344,
  "low": 1.18341,
  "close": 1.18344,
  "rollH20": 1.18362,
  "rollL20": 1.18275,
  "up2": false,
  "dn2": false,
  "source": "twelvedata_repo"
}