{
  "datetime": "2026-06-06 10:05:00",
  "open": 1.15214,
  "high": 1.15218,
  "low": 1.15213,
  "close": 1.15215,
  "rollH20": 1.1523,
  "rollL20": 1.15208,
  "up2": false,
  "dn2": false,
  "source": "twelvedata_repo"
}