{
  "datetime": "2026-03-08 18:25:00",
  "open": 1.15858,
  "high": 1.15935,
  "low": 1.15685,
  "close": 1.15725,
  "rollH20": 1.16208,
  "rollL20": 1.15736,
  "up2": false,
  "dn2": false,
  "source": "twelvedata_repo"
}