{
  "datetime": "2026-01-09 11:15:00",
  "open": 1.16446,
  "high": 1.16449,
  "low": 1.16435,
  "close": 1.16443,
  "rollH20": 1.16504,
  "rollL20": 1.16403,
  "up2": false,
  "dn2": false,
  "source": "twelvedata_repo"
}