{
  "datetime": "2025-09-25 21:30:00",
  "open": 1.16654,
  "high": 1.1667,
  "low": 1.16654,
  "close": 1.16663,
  "rollH20": 1.16661,
  "rollL20": 1.16505,
  "up2": false,
  "dn2": false,
  "source": "twelvedata_repo"
}