{
  "datetime": "2026-03-23 07:15:00",
  "open": 1.15266,
  "high": 1.15295,
  "low": 1.15266,
  "close": 1.15295,
  "rollH20": 1.15528,
  "rollL20": 1.15242,
  "up2": false,
  "dn2": false,
  "source": "twelvedata_repo"
}