{
  "datetime": "2026-02-19 00:45:00",
  "open": 1.17862,
  "high": 1.1788,
  "low": 1.17862,
  "close": 1.17874,
  "rollH20": 1.17905,
  "rollL20": 1.17861,
  "up2": false,
  "dn2": false,
  "source": "twelvedata_repo"
}