{
  "datetime": "2025-11-18 06:35:00",
  "open": 1.15978,
  "high": 1.15979,
  "low": 1.15968,
  "close": 1.15975,
  "rollH20": 1.16034,
  "rollL20": 1.15888,
  "up2": false,
  "dn2": false,
  "source": "twelvedata_repo"
}