{
  "datetime": "2026-01-22 19:45:00",
  "open": 1.17465,
  "high": 1.17471,
  "low": 1.17464,
  "close": 1.1747,
  "rollH20": 1.17486,
  "rollL20": 1.17321,
  "up2": false,
  "dn2": false,
  "source": "twelvedata_repo"
}