{
  "datetime": "2026-03-28 20:40:00",
  "open": 1.15391,
  "high": 1.15394,
  "low": 1.15391,
  "close": 1.15392,
  "rollH20": 1.15393,
  "rollL20": 1.15324,
  "up2": false,
  "dn2": false,
  "source": "twelvedata_repo"
}