{
  "datetime": "2026-05-11 08:30:00",
  "open": 1.1773,
  "high": 1.17741,
  "low": 1.17678,
  "close": 1.17681,
  "rollH20": 1.17749,
  "rollL20": 1.17492,
  "up2": false,
  "dn2": false,
  "source": "twelvedata_repo"
}