{
  "datetime": "2026-04-07 03:30:00",
  "open": 1.15294,
  "high": 1.15299,
  "low": 1.15289,
  "close": 1.15292,
  "rollH20": 1.15401,
  "rollL20": 1.15261,
  "up2": false,
  "dn2": false,
  "source": "twelvedata_repo"
}