{
  "datetime": "2026-01-15 16:40:00",
  "open": 1.16024,
  "high": 1.16066,
  "low": 1.16008,
  "close": 1.1605,
  "rollH20": 1.16105,
  "rollL20": 1.15935,
  "up2": false,
  "dn2": false,
  "source": "twelvedata_repo"
}