{
  "datetime": "2026-07-18 03:05:00",
  "open": 1.14376,
  "high": 1.1441,
  "low": 1.14376,
  "close": 1.14399,
  "rollH20": 1.1441,
  "rollL20": 1.14373,
  "up2": false,
  "dn2": false,
  "source": "twelvedata_repo"
}