{
  "datetime": "2025-09-29 07:55:00",
  "open": 1.17186,
  "high": 1.17199,
  "low": 1.17181,
  "close": 1.17181,
  "rollH20": 1.17325,
  "rollL20": 1.17184,
  "up2": false,
  "dn2": false,
  "source": "twelvedata_repo"
}