{
  "datetime": "2025-10-14 14:05:00",
  "open": 1.1558,
  "high": 1.15595,
  "low": 1.15575,
  "close": 1.15595,
  "rollH20": 1.15651,
  "rollL20": 1.1548,
  "up2": false,
  "dn2": false,
  "source": "twelvedata_repo"
}