{
  "datetime": "2026-01-05 15:10:00",
  "open": 1.16801,
  "high": 1.16823,
  "low": 1.16801,
  "close": 1.16821,
  "rollH20": 1.16852,
  "rollL20": 1.16597,
  "up2": false,
  "dn2": false,
  "source": "twelvedata_repo"
}