{
  "datetime": "2026-05-03 01:00:00",
  "open": 1.17207,
  "high": 1.17209,
  "low": 1.17207,
  "close": 1.17209,
  "rollH20": 1.17254,
  "rollL20": 1.17202,
  "up2": false,
  "dn2": false,
  "source": "twelvedata_repo"
}