{
  "datetime": "2025-12-09 14:55:00",
  "open": 1.16379,
  "high": 1.16383,
  "low": 1.16374,
  "close": 1.1638,
  "rollH20": 1.16406,
  "rollL20": 1.16301,
  "up2": false,
  "dn2": false,
  "source": "twelvedata_repo"
}