{
  "datetime": "2026-04-14 15:45:00",
  "open": 1.18068,
  "high": 1.18084,
  "low": 1.18062,
  "close": 1.18081,
  "rollH20": 1.18082,
  "rollL20": 1.17949,
  "up2": false,
  "dn2": false,
  "source": "twelvedata_repo"
}