{
  "datetime": "2026-04-26 17:05:00",
  "open": 1.17195,
  "high": 1.17197,
  "low": 1.17195,
  "close": 1.17196,
  "rollH20": 1.17296,
  "rollL20": 1.17188,
  "up2": false,
  "dn2": false,
  "source": "twelvedata_repo"
}