{
  "datetime": "2026-01-16 09:00:00",
  "open": 1.16118,
  "high": 1.16134,
  "low": 1.16118,
  "close": 1.16134,
  "rollH20": 1.16152,
  "rollL20": 1.16048,
  "up2": false,
  "dn2": false,
  "source": "twelvedata_repo"
}