{
  "datetime": "2026-05-11 21:00:00",
  "open": 1.1776,
  "high": 1.17788,
  "low": 1.17752,
  "close": 1.17785,
  "rollH20": 1.17808,
  "rollL20": 1.17747,
  "up2": false,
  "dn2": false,
  "source": "twelvedata_repo"
}