{
  "datetime": "2025-12-15 11:45:00",
  "open": 1.17424,
  "high": 1.17428,
  "low": 1.17424,
  "close": 1.17428,
  "rollH20": 1.17476,
  "rollL20": 1.17346,
  "up2": false,
  "dn2": false,
  "source": "twelvedata_repo"
}