{
  "datetime": "2025-10-23 12:10:00",
  "open": 1.15871,
  "high": 1.15878,
  "low": 1.15857,
  "close": 1.15878,
  "rollH20": 1.15994,
  "rollL20": 1.15855,
  "up2": false,
  "dn2": false,
  "source": "twelvedata_repo"
}