{
  "datetime": "2026-04-10 22:55:00",
  "open": 1.17265,
  "high": 1.17283,
  "low": 1.17236,
  "close": 1.17278,
  "rollH20": 1.17311,
  "rollL20": 1.17204,
  "up2": false,
  "dn2": false,
  "source": "twelvedata_repo"
}