{
  "datetime": "2025-12-23 16:50:00",
  "open": 1.17665,
  "high": 1.17674,
  "low": 1.17665,
  "close": 1.17674,
  "rollH20": 1.17789,
  "rollL20": 1.17655,
  "up2": false,
  "dn2": false,
  "source": "twelvedata_repo"
}