{
  "datetime": "2025-11-10 06:55:00",
  "open": 1.15634,
  "high": 1.15638,
  "low": 1.15633,
  "close": 1.15638,
  "rollH20": 1.15667,
  "rollL20": 1.15556,
  "up2": false,
  "dn2": false,
  "source": "twelvedata_repo"
}