{
  "datetime": "2026-03-03 19:55:00",
  "open": 1.16185,
  "high": 1.16188,
  "low": 1.16127,
  "close": 1.16142,
  "rollH20": 1.16246,
  "rollL20": 1.1601,
  "up2": false,
  "dn2": false,
  "source": "twelvedata_repo"
}