{
  "datetime": "2026-02-05 13:25:00",
  "open": 1.17875,
  "high": 1.17935,
  "low": 1.17875,
  "close": 1.17921,
  "rollH20": 1.17954,
  "rollL20": 1.17867,
  "up2": false,
  "dn2": false,
  "source": "twelvedata_repo"
}