{
  "datetime": "2026-02-24 12:45:00",
  "open": 1.17769,
  "high": 1.17769,
  "low": 1.17745,
  "close": 1.17748,
  "rollH20": 1.17844,
  "rollL20": 1.17739,
  "up2": false,
  "dn2": false,
  "source": "twelvedata_repo"
}