{
  "datetime": "2025-12-10 17:55:00",
  "open": 1.16472,
  "high": 1.16477,
  "low": 1.16472,
  "close": 1.16472,
  "rollH20": 1.16499,
  "rollL20": 1.16356,
  "up2": false,
  "dn2": false,
  "source": "twelvedata_repo"
}