{
  "datetime": "2026-04-09 22:40:00",
  "open": 1.16981,
  "high": 1.16985,
  "low": 1.16973,
  "close": 1.16977,
  "rollH20": 1.17023,
  "rollL20": 1.16954,
  "up2": false,
  "dn2": false,
  "source": "twelvedata_repo"
}