{
  "datetime": "2026-02-07 13:55:00",
  "open": 1.18103,
  "high": 1.18119,
  "low": 1.181,
  "close": 1.18119,
  "rollH20": 1.18152,
  "rollL20": 1.18073,
  "up2": false,
  "dn2": false,
  "source": "twelvedata_repo"
}