{
  "datetime": "2026-03-12 23:00:00",
  "open": 1.1519,
  "high": 1.15198,
  "low": 1.15179,
  "close": 1.15186,
  "rollH20": 1.15223,
  "rollL20": 1.15121,
  "up2": false,
  "dn2": false,
  "source": "twelvedata_repo"
}