{
  "datetime": "2026-02-06 20:05:00",
  "open": 1.18197,
  "high": 1.18198,
  "low": 1.18185,
  "close": 1.18187,
  "rollH20": 1.18231,
  "rollL20": 1.18116,
  "up2": false,
  "dn2": false,
  "source": "twelvedata_repo"
}