{
  "datetime": "2025-12-10 14:55:00",
  "open": 1.16385,
  "high": 1.1641,
  "low": 1.16374,
  "close": 1.1641,
  "rollH20": 1.16424,
  "rollL20": 1.16271,
  "up2": false,
  "dn2": false,
  "source": "twelvedata_repo"
}