{
  "datetime": "2026-07-03 09:20:00",
  "open": 1.14537,
  "high": 1.14546,
  "low": 1.14529,
  "close": 1.14545,
  "rollH20": 1.14615,
  "rollL20": 1.14479,
  "up2": false,
  "dn2": false,
  "source": "twelvedata_repo"
}