{
  "datetime": "2026-01-23 11:40:00",
  "open": 1.17321,
  "high": 1.17331,
  "low": 1.17319,
  "close": 1.17328,
  "rollH20": 1.17443,
  "rollL20": 1.17308,
  "up2": false,
  "dn2": false,
  "source": "twelvedata_repo"
}