{
  "datetime": "2026-03-26 14:30:00",
  "open": 1.15415,
  "high": 1.15432,
  "low": 1.15394,
  "close": 1.15394,
  "rollH20": 1.15447,
  "rollL20": 1.15235,
  "up2": false,
  "dn2": false,
  "source": "twelvedata_repo"
}