{
  "datetime": "2026-05-17 18:35:00",
  "open": 1.1625,
  "high": 1.16255,
  "low": 1.16248,
  "close": 1.16252,
  "rollH20": 1.16256,
  "rollL20": 1.16239,
  "up2": false,
  "dn2": false,
  "source": "twelvedata_repo"
}