{
  "datetime": "2026-05-19 10:30:00",
  "open": 1.16188,
  "high": 1.16188,
  "low": 1.16153,
  "close": 1.1616,
  "rollH20": 1.16382,
  "rollL20": 1.16156,
  "up2": false,
  "dn2": false,
  "source": "twelvedata_repo"
}