{
  "datetime": "2026-03-22 06:50:00",
  "open": 1.1592,
  "high": 1.15922,
  "low": 1.15919,
  "close": 1.15922,
  "rollH20": 1.15929,
  "rollL20": 1.15894,
  "up2": false,
  "dn2": false,
  "source": "twelvedata_repo"
}