{
  "datetime": "2026-02-24 09:30:00",
  "open": 1.17885,
  "high": 1.17897,
  "low": 1.17883,
  "close": 1.1789,
  "rollH20": 1.17902,
  "rollL20": 1.17733,
  "up2": false,
  "dn2": false,
  "source": "twelvedata_repo"
}