{
  "datetime": "2026-07-08 21:55:00",
  "open": 1.1417,
  "high": 1.14174,
  "low": 1.1416,
  "close": 1.14163,
  "rollH20": 1.14303,
  "rollL20": 1.14153,
  "up2": false,
  "dn2": false,
  "source": "twelvedata_repo"
}