{
  "datetime": "2026-07-18 04:15:00",
  "open": 1.14377,
  "high": 1.14386,
  "low": 1.14377,
  "close": 1.14383,
  "rollH20": 1.14415,
  "rollL20": 1.14367,
  "up2": false,
  "dn2": false,
  "source": "twelvedata_repo"
}