{
  "datetime": "2026-01-02 22:40:00",
  "open": 1.17226,
  "high": 1.1723,
  "low": 1.17195,
  "close": 1.17195,
  "rollH20": 1.17237,
  "rollL20": 1.17159,
  "up2": false,
  "dn2": false,
  "source": "twelvedata_repo"
}