{
  "datetime": "2025-12-15 15:30:00",
  "open": 1.17505,
  "high": 1.17529,
  "low": 1.17504,
  "close": 1.17521,
  "rollH20": 1.17603,
  "rollL20": 1.17437,
  "up2": false,
  "dn2": false,
  "source": "twelvedata_repo"
}