{
  "datetime": "2026-03-23 23:00:00",
  "open": 1.16154,
  "high": 1.16156,
  "low": 1.16137,
  "close": 1.16141,
  "rollH20": 1.16161,
  "rollL20": 1.16084,
  "up2": false,
  "dn2": false,
  "source": "twelvedata_repo"
}