{
  "datetime": "2025-10-27 22:35:00",
  "open": 1.16456,
  "high": 1.16457,
  "low": 1.16456,
  "close": 1.16456,
  "rollH20": 1.1649,
  "rollL20": 1.16437,
  "up2": false,
  "dn2": false,
  "source": "twelvedata_repo"
}