{
  "datetime": "2025-12-18 15:55:00",
  "open": 1.17391,
  "high": 1.17395,
  "low": 1.17355,
  "close": 1.1736,
  "rollH20": 1.17596,
  "rollL20": 1.17224,
  "up2": false,
  "dn2": false,
  "source": "twelvedata_repo"
}