{
  "datetime": "2025-10-29 17:10:00",
  "open": 1.16592,
  "high": 1.16616,
  "low": 1.16589,
  "close": 1.16616,
  "rollH20": 1.16651,
  "rollL20": 1.16416,
  "up2": false,
  "dn2": false,
  "source": "twelvedata_repo"
}