{
  "datetime": "2026-03-24 23:15:00",
  "open": 1.16127,
  "high": 1.16127,
  "low": 1.16093,
  "close": 1.16093,
  "rollH20": 1.16187,
  "rollL20": 1.16005,
  "up2": false,
  "dn2": false,
  "source": "twelvedata_repo"
}