{
  "datetime": "2026-02-25 16:40:00",
  "open": 1.1803,
  "high": 1.18032,
  "low": 1.17983,
  "close": 1.18001,
  "rollH20": 1.18075,
  "rollL20": 1.17855,
  "up2": false,
  "dn2": false,
  "source": "twelvedata_repo"
}