{
  "datetime": "2026-03-08 17:25:00",
  "open": 1.16169,
  "high": 1.16174,
  "low": 1.16168,
  "close": 1.16172,
  "rollH20": 1.16187,
  "rollL20": 1.16148,
  "up2": false,
  "dn2": false,
  "source": "twelvedata_repo"
}