{
  "datetime": "2026-01-08 07:55:00",
  "open": 1.1681,
  "high": 1.16832,
  "low": 1.1681,
  "close": 1.16821,
  "rollH20": 1.16838,
  "rollL20": 1.16757,
  "up2": false,
  "dn2": false,
  "source": "twelvedata_repo"
}