{
  "datetime": "2026-05-28 12:40:00",
  "open": 1.16112,
  "high": 1.16119,
  "low": 1.16102,
  "close": 1.16115,
  "rollH20": 1.1616,
  "rollL20": 1.16043,
  "up2": false,
  "dn2": false,
  "source": "twelvedata_repo"
}