{
  "datetime": "2025-10-24 10:40:00",
  "open": 1.16058,
  "high": 1.16074,
  "low": 1.16058,
  "close": 1.16067,
  "rollH20": 1.16217,
  "rollL20": 1.16054,
  "up2": false,
  "dn2": false,
  "source": "twelvedata_repo"
}