{
  "datetime": "2026-02-05 18:30:00",
  "open": 1.18032,
  "high": 1.18036,
  "low": 1.1803,
  "close": 1.1803,
  "rollH20": 1.18041,
  "rollL20": 1.1786,
  "up2": false,
  "dn2": false,
  "source": "twelvedata_repo"
}