{
  "datetime": "2026-05-14 04:10:00",
  "open": 1.17111,
  "high": 1.1712,
  "low": 1.17099,
  "close": 1.17118,
  "rollH20": 1.17182,
  "rollL20": 1.17102,
  "up2": false,
  "dn2": false,
  "source": "twelvedata_repo"
}