{
  "datetime": "2026-01-26 19:50:00",
  "open": 1.18819,
  "high": 1.18828,
  "low": 1.18817,
  "close": 1.1882,
  "rollH20": 1.18913,
  "rollL20": 1.18756,
  "up2": false,
  "dn2": false,
  "source": "twelvedata_repo"
}