{
  "datetime": "2026-01-24 23:30:00",
  "open": 1.18237,
  "high": 1.18242,
  "low": 1.18236,
  "close": 1.1824,
  "rollH20": 1.18252,
  "rollL20": 1.18229,
  "up2": false,
  "dn2": false,
  "source": "twelvedata_repo"
}