{
  "datetime": "2025-12-03 20:10:00",
  "open": 1.16736,
  "high": 1.16746,
  "low": 1.16736,
  "close": 1.16743,
  "rollH20": 1.16755,
  "rollL20": 1.16623,
  "up2": false,
  "dn2": false,
  "source": "twelvedata_repo"
}