{
  "datetime": "2026-01-25 06:40:00",
  "open": 1.18241,
  "high": 1.18246,
  "low": 1.1824,
  "close": 1.18246,
  "rollH20": 1.18249,
  "rollL20": 1.18215,
  "up2": false,
  "dn2": false,
  "source": "twelvedata_repo"
}