{
  "datetime": "2026-02-18 07:25:00",
  "open": 1.18369,
  "high": 1.18385,
  "low": 1.18365,
  "close": 1.18365,
  "rollH20": 1.1847,
  "rollL20": 1.18364,
  "up2": false,
  "dn2": false,
  "source": "twelvedata_repo"
}