{
  "datetime": "2025-12-26 00:05:00",
  "open": 1.1784,
  "high": 1.17845,
  "low": 1.17838,
  "close": 1.17842,
  "rollH20": 1.1792,
  "rollL20": 1.17802,
  "up2": false,
  "dn2": false,
  "source": "twelvedata_repo"
}