{
  "datetime": "2025-12-10 06:25:00",
  "open": 1.16274,
  "high": 1.16279,
  "low": 1.1627,
  "close": 1.1627,
  "rollH20": 1.16293,
  "rollL20": 1.16237,
  "up2": false,
  "dn2": false,
  "source": "twelvedata_repo"
}