{
  "datetime": "2025-12-04 17:55:00",
  "open": 1.16583,
  "high": 1.16592,
  "low": 1.16578,
  "close": 1.16592,
  "rollH20": 1.16749,
  "rollL20": 1.16542,
  "up2": false,
  "dn2": false,
  "source": "twelvedata_repo"
}