{
  "datetime": "2026-03-24 00:55:00",
  "open": 1.16081,
  "high": 1.16081,
  "low": 1.1607,
  "close": 1.1607,
  "rollH20": 1.16177,
  "rollL20": 1.1607,
  "up2": false,
  "dn2": false,
  "source": "twelvedata_repo"
}