{
  "datetime": "2026-02-28 04:30:00",
  "open": 1.18057,
  "high": 1.18062,
  "low": 1.18056,
  "close": 1.18056,
  "rollH20": 1.18099,
  "rollL20": 1.1805,
  "up2": false,
  "dn2": false,
  "source": "twelvedata_repo"
}