{
  "datetime": "2025-10-24 05:15:00",
  "open": 1.16073,
  "high": 1.16073,
  "low": 1.16073,
  "close": 1.16073,
  "rollH20": 1.16115,
  "rollL20": 1.16059,
  "up2": false,
  "dn2": false,
  "source": "twelvedata_repo"
}