{
  "datetime": "2025-11-20 22:25:00",
  "open": 1.15254,
  "high": 1.15254,
  "low": 1.15251,
  "close": 1.15251,
  "rollH20": 1.1538,
  "rollL20": 1.15244,
  "up2": false,
  "dn2": false,
  "source": "twelvedata_repo"
}