{
  "datetime": "2026-03-20 07:50:00",
  "open": 1.15709,
  "high": 1.15711,
  "low": 1.15701,
  "close": 1.15703,
  "rollH20": 1.15734,
  "rollL20": 1.15555,
  "up2": false,
  "dn2": false,
  "source": "twelvedata_repo"
}