{
  "datetime": "2025-12-12 13:25:00",
  "open": 1.17249,
  "high": 1.17249,
  "low": 1.17243,
  "close": 1.17244,
  "rollH20": 1.17293,
  "rollL20": 1.17225,
  "up2": false,
  "dn2": false,
  "source": "twelvedata_repo"
}