{
  "datetime": "2026-04-14 15:05:00",
  "open": 1.18019,
  "high": 1.18021,
  "low": 1.17979,
  "close": 1.17997,
  "rollH20": 1.18074,
  "rollL20": 1.17949,
  "up2": false,
  "dn2": false,
  "source": "twelvedata_repo"
}