{
  "datetime": "2026-01-08 18:50:00",
  "open": 1.16487,
  "high": 1.16518,
  "low": 1.16487,
  "close": 1.16507,
  "rollH20": 1.16615,
  "rollL20": 1.16446,
  "up2": false,
  "dn2": false,
  "source": "twelvedata_repo"
}