{
  "datetime": "2026-02-28 03:30:00",
  "open": 1.18064,
  "high": 1.18067,
  "low": 1.18064,
  "close": 1.18064,
  "rollH20": 1.18104,
  "rollL20": 1.1805,
  "up2": false,
  "dn2": false,
  "source": "twelvedata_repo"
}