{
  "datetime": "2026-03-21 16:55:00",
  "open": 1.1591,
  "high": 1.15912,
  "low": 1.1591,
  "close": 1.15911,
  "rollH20": 1.15931,
  "rollL20": 1.15871,
  "up2": false,
  "dn2": false,
  "source": "twelvedata_repo"
}