{
  "datetime": "2025-10-10 05:35:00",
  "open": 1.15701,
  "high": 1.15701,
  "low": 1.15688,
  "close": 1.15688,
  "rollH20": 1.1574,
  "rollL20": 1.15673,
  "up2": false,
  "dn2": false,
  "source": "twelvedata_repo"
}