{
  "datetime": "2026-02-24 05:15:00",
  "open": 1.1772,
  "high": 1.17722,
  "low": 1.17715,
  "close": 1.17715,
  "rollH20": 1.17796,
  "rollL20": 1.17685,
  "up2": false,
  "dn2": false,
  "source": "twelvedata_repo"
}