{
  "datetime": "2026-06-26 12:05:00",
  "open": 1.14046,
  "high": 1.14046,
  "low": 1.14025,
  "close": 1.1403,
  "rollH20": 1.14116,
  "rollL20": 1.13989,
  "up2": false,
  "dn2": false,
  "source": "twelvedata_repo"
}