{
  "datetime": "2025-11-25 09:40:00",
  "open": 1.15277,
  "high": 1.15282,
  "low": 1.15274,
  "close": 1.15275,
  "rollH20": 1.15302,
  "rollL20": 1.15193,
  "up2": false,
  "dn2": false,
  "source": "twelvedata_repo"
}