{
  "datetime": "2026-01-21 22:00:00",
  "open": 1.16887,
  "high": 1.1689,
  "low": 1.16861,
  "close": 1.16866,
  "rollH20": 1.17061,
  "rollL20": 1.16772,
  "up2": false,
  "dn2": false,
  "source": "twelvedata_repo"
}