{
  "datetime": "2026-01-06 14:55:00",
  "open": 1.171,
  "high": 1.17122,
  "low": 1.171,
  "close": 1.17116,
  "rollH20": 1.17125,
  "rollL20": 1.1698,
  "up2": false,
  "dn2": false,
  "source": "twelvedata_repo"
}