{
  "datetime": "2026-05-28 03:55:00",
  "open": 1.1612,
  "high": 1.16125,
  "low": 1.16112,
  "close": 1.16113,
  "rollH20": 1.16207,
  "rollL20": 1.16097,
  "up2": false,
  "dn2": false,
  "source": "twelvedata_repo"
}