{
  "datetime": "2026-02-27 13:35:00",
  "open": 1.18001,
  "high": 1.18005,
  "low": 1.17993,
  "close": 1.17995,
  "rollH20": 1.18083,
  "rollL20": 1.17946,
  "up2": false,
  "dn2": false,
  "source": "twelvedata_repo"
}