{
  "datetime": "2026-02-17 18:00:00",
  "open": 1.18399,
  "high": 1.18437,
  "low": 1.18399,
  "close": 1.18419,
  "rollH20": 1.18419,
  "rollL20": 1.18249,
  "up2": false,
  "dn2": false,
  "source": "twelvedata_repo"
}