{
  "datetime": "2025-12-19 22:40:00",
  "open": 1.17107,
  "high": 1.17112,
  "low": 1.17097,
  "close": 1.17101,
  "rollH20": 1.17258,
  "rollL20": 1.1708,
  "up2": false,
  "dn2": false,
  "source": "twelvedata_repo"
}