{
  "datetime": "2026-03-08 23:30:00",
  "open": 1.15312,
  "high": 1.15369,
  "low": 1.1531,
  "close": 1.15333,
  "rollH20": 1.15542,
  "rollL20": 1.15292,
  "up2": false,
  "dn2": false,
  "source": "twelvedata_repo"
}