{
  "datetime": "2025-11-07 21:40:00",
  "open": 1.15657,
  "high": 1.15661,
  "low": 1.15654,
  "close": 1.15658,
  "rollH20": 1.15726,
  "rollL20": 1.1556,
  "up2": false,
  "dn2": false,
  "source": "twelvedata_repo"
}