{
  "datetime": "2025-09-11 22:45:00",
  "open": 1.17337,
  "high": 1.17337,
  "low": 1.17337,
  "close": 1.17337,
  "rollH20": 1.17395,
  "rollL20": 1.17323,
  "up2": false,
  "dn2": false,
  "source": "twelvedata_repo"
}