{
  "datetime": "2026-03-26 21:50:00",
  "open": 1.15303,
  "high": 1.15304,
  "low": 1.15293,
  "close": 1.153,
  "rollH20": 1.15472,
  "rollL20": 1.15199,
  "up2": false,
  "dn2": false,
  "source": "twelvedata_repo"
}