{
  "datetime": "2026-07-13 17:50:00",
  "open": 1.13871,
  "high": 1.13878,
  "low": 1.13847,
  "close": 1.13856,
  "rollH20": 1.14048,
  "rollL20": 1.13837,
  "up2": false,
  "dn2": false,
  "source": "twelvedata_repo"
}