{
  "datetime": "2026-03-23 08:40:00",
  "open": 1.15391,
  "high": 1.15391,
  "low": 1.15346,
  "close": 1.15372,
  "rollH20": 1.15393,
  "rollL20": 1.15217,
  "up2": false,
  "dn2": false,
  "source": "twelvedata_repo"
}