{
  "datetime": "2026-01-16 19:55:00",
  "open": 1.15979,
  "high": 1.15984,
  "low": 1.15977,
  "close": 1.15981,
  "rollH20": 1.16031,
  "rollL20": 1.159,
  "up2": false,
  "dn2": false,
  "source": "twelvedata_repo"
}