{
  "datetime": "2026-01-20 15:15:00",
  "open": 1.17241,
  "high": 1.17271,
  "low": 1.17238,
  "close": 1.17271,
  "rollH20": 1.1749,
  "rollL20": 1.17202,
  "up2": false,
  "dn2": false,
  "source": "twelvedata_repo"
}