{
  "datetime": "2025-12-19 11:25:00",
  "open": 1.17177,
  "high": 1.17178,
  "low": 1.17148,
  "close": 1.1715,
  "rollH20": 1.17178,
  "rollL20": 1.17086,
  "up2": false,
  "dn2": false,
  "source": "twelvedata_repo"
}