{
  "datetime": "2026-06-13 10:10:00",
  "open": 1.15669,
  "high": 1.15776,
  "low": 1.15664,
  "close": 1.1567,
  "rollH20": 1.1579,
  "rollL20": 1.15646,
  "up2": false,
  "dn2": false,
  "source": "twelvedata_repo"
}