{
  "datetime": "2026-01-28 09:10:00",
  "open": 1.19948,
  "high": 1.19956,
  "low": 1.19927,
  "close": 1.1993,
  "rollH20": 1.20233,
  "rollL20": 1.19855,
  "up2": false,
  "dn2": false,
  "source": "twelvedata_repo"
}