{
  "datetime": "2026-04-01 12:40:00",
  "open": 1.16027,
  "high": 1.1603,
  "low": 1.16019,
  "close": 1.16029,
  "rollH20": 1.16064,
  "rollL20": 1.1595,
  "up2": false,
  "dn2": false,
  "source": "twelvedata_repo"
}