{
  "datetime": "2026-04-24 16:45:00",
  "open": 1.17053,
  "high": 1.17151,
  "low": 1.17053,
  "close": 1.17143,
  "rollH20": 1.1716,
  "rollL20": 1.17032,
  "up2": false,
  "dn2": false,
  "source": "twelvedata_repo"
}