{
  "datetime": "2026-07-22 23:15:00",
  "open": 1.14078,
  "high": 1.14086,
  "low": 1.14075,
  "close": 1.14077,
  "rollH20": 1.14143,
  "rollL20": 1.1407,
  "up2": false,
  "dn2": false,
  "source": "twelvedata_repo"
}