{
  "datetime": "2026-01-17 16:40:00",
  "open": 1.16036,
  "high": 1.16038,
  "low": 1.16036,
  "close": 1.16038,
  "rollH20": 1.16041,
  "rollL20": 1.15966,
  "up2": false,
  "dn2": false,
  "source": "twelvedata_repo"
}