{
  "datetime": "2025-10-28 14:00:00",
  "open": 1.16406,
  "high": 1.16406,
  "low": 1.16362,
  "close": 1.1637,
  "rollH20": 1.16597,
  "rollL20": 1.16352,
  "up2": false,
  "dn2": false,
  "source": "twelvedata_repo"
}