{
  "datetime": "2026-01-01 19:25:00",
  "open": 1.17468,
  "high": 1.17471,
  "low": 1.17468,
  "close": 1.17468,
  "rollH20": 1.17506,
  "rollL20": 1.17429,
  "up2": false,
  "dn2": false,
  "source": "twelvedata_repo"
}