{
  "datetime": "2025-10-01 21:55:00",
  "open": 1.17286,
  "high": 1.1729,
  "low": 1.17286,
  "close": 1.17287,
  "rollH20": 1.17356,
  "rollL20": 1.17263,
  "up2": false,
  "dn2": false,
  "source": "twelvedata_repo"
}