{
  "datetime": "2026-06-12 06:15:00",
  "open": 1.15694,
  "high": 1.15701,
  "low": 1.1565,
  "close": 1.15654,
  "rollH20": 1.15755,
  "rollL20": 1.15673,
  "up2": false,
  "dn2": false,
  "source": "twelvedata_repo"
}