{
  "datetime": "2025-09-10 17:50:00",
  "open": 1.17077,
  "high": 1.17077,
  "low": 1.17051,
  "close": 1.1707,
  "rollH20": 1.17298,
  "rollL20": 1.17061,
  "up2": false,
  "dn2": false,
  "source": "twelvedata_repo"
}