{
  "datetime": "2026-01-14 10:05:00",
  "open": 1.1647,
  "high": 1.16483,
  "low": 1.16469,
  "close": 1.16479,
  "rollH20": 1.16516,
  "rollL20": 1.16417,
  "up2": false,
  "dn2": false,
  "source": "twelvedata_repo"
}