{
  "datetime": "2026-02-06 04:05:00",
  "open": 1.17886,
  "high": 1.17895,
  "low": 1.17885,
  "close": 1.17895,
  "rollH20": 1.17916,
  "rollL20": 1.17796,
  "up2": false,
  "dn2": false,
  "source": "twelvedata_repo"
}