{
  "datetime": "2026-01-07 11:10:00",
  "open": 1.16891,
  "high": 1.16894,
  "low": 1.16875,
  "close": 1.16875,
  "rollH20": 1.16895,
  "rollL20": 1.16757,
  "up2": false,
  "dn2": false,
  "source": "twelvedata_repo"
}