{
  "datetime": "2026-03-18 00:00:00",
  "open": 1.15394,
  "high": 1.15403,
  "low": 1.15389,
  "close": 1.154,
  "rollH20": 1.15443,
  "rollL20": 1.15383,
  "up2": false,
  "dn2": false,
  "source": "twelvedata_repo"
}