{
  "datetime": "2026-01-23 15:40:00",
  "open": 1.17439,
  "high": 1.17445,
  "low": 1.17437,
  "close": 1.17439,
  "rollH20": 1.17475,
  "rollL20": 1.17329,
  "up2": false,
  "dn2": false,
  "source": "twelvedata_repo"
}