{
  "datetime": "2026-06-16 04:45:00",
  "open": 1.15871,
  "high": 1.15873,
  "low": 1.15865,
  "close": 1.15867,
  "rollH20": 1.15895,
  "rollL20": 1.15829,
  "up2": false,
  "dn2": false,
  "source": "twelvedata_repo"
}