{
  "datetime": "2026-06-26 00:40:00",
  "open": 1.13615,
  "high": 1.13627,
  "low": 1.13615,
  "close": 1.13624,
  "rollH20": 1.13738,
  "rollL20": 1.13613,
  "up2": false,
  "dn2": false,
  "source": "twelvedata_repo"
}