{
  "datetime": "2025-12-05 06:45:00",
  "open": 1.16572,
  "high": 1.16577,
  "low": 1.16572,
  "close": 1.16576,
  "rollH20": 1.1658,
  "rollL20": 1.16502,
  "up2": false,
  "dn2": false,
  "source": "twelvedata_repo"
}