{
  "datetime": "2026-05-25 00:35:00",
  "open": 1.16456,
  "high": 1.16456,
  "low": 1.16443,
  "close": 1.16448,
  "rollH20": 1.16465,
  "rollL20": 1.16318,
  "up2": false,
  "dn2": false,
  "source": "twelvedata_repo"
}