{
  "datetime": "2026-01-06 05:45:00",
  "open": 1.17336,
  "high": 1.17339,
  "low": 1.17336,
  "close": 1.17336,
  "rollH20": 1.17385,
  "rollL20": 1.17322,
  "up2": false,
  "dn2": false,
  "source": "twelvedata_repo"
}