{
  "datetime": "2026-02-14 05:30:00",
  "open": 1.18624,
  "high": 1.18629,
  "low": 1.18623,
  "close": 1.18624,
  "rollH20": 1.18683,
  "rollL20": 1.18618,
  "up2": false,
  "dn2": false,
  "source": "twelvedata_repo"
}