{
  "datetime": "2026-02-04 23:50:00",
  "open": 1.18068,
  "high": 1.18076,
  "low": 1.1806,
  "close": 1.18067,
  "rollH20": 1.18083,
  "rollL20": 1.18031,
  "up2": false,
  "dn2": false,
  "source": "twelvedata_repo"
}