{
  "datetime": "2026-05-03 12:40:00",
  "open": 1.17245,
  "high": 1.17248,
  "low": 1.17244,
  "close": 1.17244,
  "rollH20": 1.1725,
  "rollL20": 1.17243,
  "up2": false,
  "dn2": false,
  "source": "twelvedata_repo"
}