{
  "datetime": "2026-07-16 22:10:00",
  "open": 1.14417,
  "high": 1.14432,
  "low": 1.14404,
  "close": 1.14428,
  "rollH20": 1.14446,
  "rollL20": 1.14353,
  "up2": false,
  "dn2": false,
  "source": "twelvedata_repo"
}