{
  "datetime": "2025-12-15 09:25:00",
  "open": 1.17338,
  "high": 1.1734,
  "low": 1.17334,
  "close": 1.17336,
  "rollH20": 1.1738,
  "rollL20": 1.1728,
  "up2": false,
  "dn2": false,
  "source": "twelvedata_repo"
}