{
  "datetime": "2026-03-23 12:40:00",
  "open": 1.15845,
  "high": 1.15849,
  "low": 1.1581,
  "close": 1.1581,
  "rollH20": 1.16148,
  "rollL20": 1.14832,
  "up2": false,
  "dn2": false,
  "source": "twelvedata_repo"
}