{
  "datetime": "2025-11-20 21:40:00",
  "open": 1.15285,
  "high": 1.15308,
  "low": 1.15284,
  "close": 1.15305,
  "rollH20": 1.15404,
  "rollL20": 1.15277,
  "up2": false,
  "dn2": false,
  "source": "twelvedata_repo"
}