{
  "datetime": "2026-03-14 11:45:00",
  "open": 1.14332,
  "high": 1.14338,
  "low": 1.14331,
  "close": 1.14335,
  "rollH20": 1.1471,
  "rollL20": 1.14147,
  "up2": false,
  "dn2": false,
  "source": "twelvedata_repo"
}