{
  "datetime": "2025-12-24 11:05:00",
  "open": 1.17978,
  "high": 1.17987,
  "low": 1.17977,
  "close": 1.1798,
  "rollH20": 1.1801,
  "rollL20": 1.17841,
  "up2": false,
  "dn2": false,
  "source": "twelvedata_repo"
}