{
  "datetime": "2025-10-20 12:45:00",
  "open": 1.16467,
  "high": 1.16484,
  "low": 1.16459,
  "close": 1.16484,
  "rollH20": 1.1661,
  "rollL20": 1.16444,
  "up2": false,
  "dn2": false,
  "source": "twelvedata_repo"
}