{
  "datetime": "2026-01-21 22:15:00",
  "open": 1.16861,
  "high": 1.16877,
  "low": 1.16861,
  "close": 1.16868,
  "rollH20": 1.16917,
  "rollL20": 1.16772,
  "up2": false,
  "dn2": false,
  "source": "twelvedata_repo"
}