{
  "datetime": "2026-03-12 06:25:00",
  "open": 1.15468,
  "high": 1.15472,
  "low": 1.15468,
  "close": 1.15472,
  "rollH20": 1.15481,
  "rollL20": 1.1532,
  "up2": false,
  "dn2": false,
  "source": "twelvedata_repo"
}