{
  "datetime": "2026-04-07 21:20:00",
  "open": 1.1604,
  "high": 1.16044,
  "low": 1.1603,
  "close": 1.16032,
  "rollH20": 1.16042,
  "rollL20": 1.15715,
  "up2": false,
  "dn2": false,
  "source": "twelvedata_repo"
}