{
  "datetime": "2026-04-01 11:30:00",
  "open": 1.1596,
  "high": 1.15974,
  "low": 1.1596,
  "close": 1.15974,
  "rollH20": 1.16058,
  "rollL20": 1.15821,
  "up2": false,
  "dn2": false,
  "source": "twelvedata_repo"
}