{
  "datetime": "2026-04-22 02:00:00",
  "open": 1.17445,
  "high": 1.17466,
  "low": 1.17445,
  "close": 1.17466,
  "rollH20": 1.17516,
  "rollL20": 1.17403,
  "up2": false,
  "dn2": false,
  "source": "twelvedata_repo"
}