{
  "datetime": "2025-11-18 15:50:00",
  "open": 1.15973,
  "high": 1.15975,
  "low": 1.15952,
  "close": 1.15953,
  "rollH20": 1.16019,
  "rollL20": 1.15883,
  "up2": false,
  "dn2": false,
  "source": "twelvedata_repo"
}