{
  "datetime": "2026-03-15 20:35:00",
  "open": 1.14193,
  "high": 1.14209,
  "low": 1.14192,
  "close": 1.14209,
  "rollH20": 1.14306,
  "rollL20": 1.14157,
  "up2": false,
  "dn2": false,
  "source": "twelvedata_repo"
}