{
  "datetime": "2026-05-25 22:10:00",
  "open": 1.16413,
  "high": 1.16439,
  "low": 1.16406,
  "close": 1.16414,
  "rollH20": 1.16442,
  "rollL20": 1.16408,
  "up2": false,
  "dn2": false,
  "source": "twelvedata_repo"
}