{
  "datetime": "2026-01-14 11:05:00",
  "open": 1.16484,
  "high": 1.16505,
  "low": 1.16483,
  "close": 1.16495,
  "rollH20": 1.1654,
  "rollL20": 1.16417,
  "up2": false,
  "dn2": false,
  "source": "twelvedata_repo"
}