{
  "datetime": "2025-09-15 12:45:00",
  "open": 1.17557,
  "high": 1.17582,
  "low": 1.17556,
  "close": 1.17577,
  "rollH20": 1.17627,
  "rollL20": 1.17489,
  "up2": false,
  "dn2": false,
  "source": "twelvedata_repo"
}