{
  "datetime": "2026-03-13 02:10:00",
  "open": 1.1521,
  "high": 1.15217,
  "low": 1.1521,
  "close": 1.15217,
  "rollH20": 1.15292,
  "rollL20": 1.15149,
  "up2": false,
  "dn2": false,
  "source": "twelvedata_repo"
}