{
  "datetime": "2026-03-30 19:55:00",
  "open": 1.14644,
  "high": 1.1465,
  "low": 1.14632,
  "close": 1.14632,
  "rollH20": 1.14665,
  "rollL20": 1.14565,
  "up2": false,
  "dn2": false,
  "source": "twelvedata_repo"
}