{
  "datetime": "2025-11-07 21:30:00",
  "open": 1.15629,
  "high": 1.15634,
  "low": 1.15627,
  "close": 1.15633,
  "rollH20": 1.15726,
  "rollL20": 1.1556,
  "up2": false,
  "dn2": false,
  "source": "twelvedata_repo"
}