{
  "datetime": "2025-10-13 12:20:00",
  "open": 1.15908,
  "high": 1.15927,
  "low": 1.15908,
  "close": 1.15924,
  "rollH20": 1.1598,
  "rollL20": 1.15815,
  "up2": false,
  "dn2": false,
  "source": "twelvedata_repo"
}