{
  "datetime": "2025-10-14 09:50:00",
  "open": 1.1554,
  "high": 1.15552,
  "low": 1.15536,
  "close": 1.15538,
  "rollH20": 1.15729,
  "rollL20": 1.15427,
  "up2": false,
  "dn2": false,
  "source": "twelvedata_repo"
}