{
  "datetime": "2026-03-11 11:55:00",
  "open": 1.16011,
  "high": 1.16016,
  "low": 1.1597,
  "close": 1.1597,
  "rollH20": 1.16123,
  "rollL20": 1.15951,
  "up2": false,
  "dn2": false,
  "source": "twelvedata_repo"
}