{
  "datetime": "2026-01-17 17:30:00",
  "open": 1.16046,
  "high": 1.16048,
  "low": 1.16046,
  "close": 1.16048,
  "rollH20": 1.16051,
  "rollL20": 1.16003,
  "up2": false,
  "dn2": false,
  "source": "twelvedata_repo"
}