{
  "datetime": "2025-11-05 15:55:00",
  "open": 1.14918,
  "high": 1.14925,
  "low": 1.14877,
  "close": 1.14877,
  "rollH20": 1.14918,
  "rollL20": 1.14689,
  "up2": false,
  "dn2": false,
  "source": "twelvedata_repo"
}