{
  "datetime": "2026-06-13 23:40:00",
  "open": 1.15708,
  "high": 1.15711,
  "low": 1.15708,
  "close": 1.15709,
  "rollH20": 1.15788,
  "rollL20": 1.15651,
  "up2": false,
  "dn2": false,
  "source": "twelvedata_repo"
}