{
  "datetime": "2026-02-18 09:05:00",
  "open": 1.18346,
  "high": 1.1835,
  "low": 1.18341,
  "close": 1.18343,
  "rollH20": 1.18385,
  "rollL20": 1.18293,
  "up2": false,
  "dn2": false,
  "source": "twelvedata_repo"
}