{
  "datetime": "2026-02-24 15:25:00",
  "open": 1.17688,
  "high": 1.17707,
  "low": 1.17683,
  "close": 1.17704,
  "rollH20": 1.17782,
  "rollL20": 1.17671,
  "up2": false,
  "dn2": false,
  "source": "twelvedata_repo"
}