{
  "datetime": "2025-12-04 16:55:00",
  "open": 1.16709,
  "high": 1.16712,
  "low": 1.16701,
  "close": 1.16702,
  "rollH20": 1.16767,
  "rollL20": 1.16575,
  "up2": false,
  "dn2": false,
  "source": "twelvedata_repo"
}