{
  "datetime": "2025-11-20 20:30:00",
  "open": 1.15377,
  "high": 1.1538,
  "low": 1.15366,
  "close": 1.1537,
  "rollH20": 1.15404,
  "rollL20": 1.15249,
  "up2": false,
  "dn2": false,
  "source": "twelvedata_repo"
}