{
  "datetime": "2026-06-11 02:20:00",
  "open": 1.15507,
  "high": 1.15518,
  "low": 1.15498,
  "close": 1.15517,
  "rollH20": 1.15525,
  "rollL20": 1.15334,
  "up2": false,
  "dn2": false,
  "source": "twelvedata_repo"
}