{
  "datetime": "2026-01-06 22:30:00",
  "open": 1.16855,
  "high": 1.16871,
  "low": 1.16855,
  "close": 1.1686,
  "rollH20": 1.16936,
  "rollL20": 1.1685,
  "up2": false,
  "dn2": false,
  "source": "twelvedata_repo"
}