{
  "datetime": "2026-03-08 20:00:00",
  "open": 1.15678,
  "high": 1.15694,
  "low": 1.15504,
  "close": 1.15531,
  "rollH20": 1.15978,
  "rollL20": 1.15514,
  "up2": false,
  "dn2": false,
  "source": "twelvedata_repo"
}