{
  "datetime": "2025-12-11 21:45:00",
  "open": 1.17437,
  "high": 1.1744,
  "low": 1.17437,
  "close": 1.1744,
  "rollH20": 1.17546,
  "rollL20": 1.17376,
  "up2": false,
  "dn2": false,
  "source": "twelvedata_repo"
}