{
  "datetime": "2026-02-24 23:30:00",
  "open": 1.17744,
  "high": 1.17755,
  "low": 1.17744,
  "close": 1.17753,
  "rollH20": 1.17787,
  "rollL20": 1.17727,
  "up2": false,
  "dn2": false,
  "source": "twelvedata_repo"
}