{
  "datetime": "2026-03-19 16:55:00",
  "open": 1.15339,
  "high": 1.1534,
  "low": 1.15298,
  "close": 1.15298,
  "rollH20": 1.15358,
  "rollL20": 1.15016,
  "up2": false,
  "dn2": false,
  "source": "twelvedata_repo"
}