{
  "datetime": "2026-04-17 20:30:00",
  "open": 1.17758,
  "high": 1.1776,
  "low": 1.17754,
  "close": 1.1776,
  "rollH20": 1.17971,
  "rollL20": 1.17756,
  "up2": false,
  "dn2": false,
  "source": "twelvedata_repo"
}