{
  "datetime": "2026-06-11 13:55:00",
  "open": 1.15381,
  "high": 1.15419,
  "low": 1.15363,
  "close": 1.15406,
  "rollH20": 1.15415,
  "rollL20": 1.1518,
  "up2": false,
  "dn2": false,
  "source": "twelvedata_repo"
}