{
  "datetime": "2026-01-17 10:35:00",
  "open": 1.15942,
  "high": 1.15966,
  "low": 1.15937,
  "close": 1.15957,
  "rollH20": 1.15993,
  "rollL20": 1.15937,
  "up2": false,
  "dn2": false,
  "source": "twelvedata_repo"
}