{
  "datetime": "2026-03-13 19:15:00",
  "open": 1.14296,
  "high": 1.14297,
  "low": 1.14266,
  "close": 1.14282,
  "rollH20": 1.14458,
  "rollL20": 1.14287,
  "up2": false,
  "dn2": false,
  "source": "twelvedata_repo"
}