{
  "datetime": "2026-01-02 10:30:00",
  "open": 1.1731,
  "high": 1.17332,
  "low": 1.17287,
  "close": 1.17318,
  "rollH20": 1.17388,
  "rollL20": 1.17252,
  "up2": false,
  "dn2": false,
  "source": "twelvedata_repo"
}