{
  "datetime": "2025-11-20 04:45:00",
  "open": 1.15122,
  "high": 1.15122,
  "low": 1.15119,
  "close": 1.15121,
  "rollH20": 1.15227,
  "rollL20": 1.15122,
  "up2": false,
  "dn2": false,
  "source": "twelvedata_repo"
}