{
  "datetime": "2026-06-18 01:40:00",
  "open": 1.15117,
  "high": 1.15117,
  "low": 1.15096,
  "close": 1.15114,
  "rollH20": 1.15212,
  "rollL20": 1.15036,
  "up2": false,
  "dn2": false,
  "source": "twelvedata_repo"
}