{
  "datetime": "2026-01-23 06:30:00",
  "open": 1.1751,
  "high": 1.17514,
  "low": 1.1751,
  "close": 1.17512,
  "rollH20": 1.17544,
  "rollL20": 1.17435,
  "up2": false,
  "dn2": false,
  "source": "twelvedata_repo"
}