{
  "datetime": "2026-03-23 17:00:00",
  "open": 1.15859,
  "high": 1.1592,
  "low": 1.15855,
  "close": 1.15877,
  "rollH20": 1.16393,
  "rollL20": 1.15832,
  "up2": false,
  "dn2": false,
  "source": "twelvedata_repo"
}