{
  "datetime": "2025-09-24 14:45:00",
  "open": 1.17311,
  "high": 1.17378,
  "low": 1.17309,
  "close": 1.17365,
  "rollH20": 1.17579,
  "rollL20": 1.17303,
  "up2": false,
  "dn2": false,
  "source": "twelvedata_repo"
}