{
  "datetime": "2026-03-25 11:55:00",
  "open": 1.16038,
  "high": 1.16046,
  "low": 1.16037,
  "close": 1.16043,
  "rollH20": 1.16052,
  "rollL20": 1.15921,
  "up2": false,
  "dn2": false,
  "source": "twelvedata_repo"
}