{
  "datetime": "2025-08-28 19:55:00",
  "open": 1.16883,
  "high": 1.16887,
  "low": 1.16875,
  "close": 1.16878,
  "rollH20": 1.16978,
  "rollL20": 1.16846,
  "up2": false,
  "dn2": false,
  "source": "twelvedata_repo"
}