{
  "datetime": "2025-11-21 07:35:00",
  "open": 1.15433,
  "high": 1.1544,
  "low": 1.15421,
  "close": 1.15427,
  "rollH20": 1.15465,
  "rollL20": 1.15346,
  "up2": false,
  "dn2": false,
  "source": "twelvedata_repo"
}