{
  "datetime": "2026-05-18 22:45:00",
  "open": 1.16567,
  "high": 1.1659,
  "low": 1.16567,
  "close": 1.16589,
  "rollH20": 1.16607,
  "rollL20": 1.16524,
  "up2": false,
  "dn2": false,
  "source": "twelvedata_repo"
}