{
  "datetime": "2025-09-30 00:35:00",
  "open": 1.17306,
  "high": 1.17308,
  "low": 1.17304,
  "close": 1.17305,
  "rollH20": 1.17316,
  "rollL20": 1.17243,
  "up2": false,
  "dn2": false,
  "source": "twelvedata_repo"
}