{
  "datetime": "2026-05-07 16:30:00",
  "open": 1.17667,
  "high": 1.17682,
  "low": 1.17652,
  "close": 1.17652,
  "rollH20": 1.17783,
  "rollL20": 1.17654,
  "up2": false,
  "dn2": false,
  "source": "twelvedata_repo"
}