{
  "datetime": "2026-01-09 05:25:00",
  "open": 1.1654,
  "high": 1.16545,
  "low": 1.1654,
  "close": 1.16545,
  "rollH20": 1.1659,
  "rollL20": 1.16514,
  "up2": false,
  "dn2": false,
  "source": "twelvedata_repo"
}