{
  "datetime": "2025-10-21 18:25:00",
  "open": 1.1605,
  "high": 1.16059,
  "low": 1.16049,
  "close": 1.16055,
  "rollH20": 1.16242,
  "rollL20": 1.16038,
  "up2": false,
  "dn2": false,
  "source": "twelvedata_repo"
}