{
  "datetime": "2026-02-28 20:15:00",
  "open": 1.18162,
  "high": 1.18167,
  "low": 1.18161,
  "close": 1.18165,
  "rollH20": 1.18169,
  "rollL20": 1.18146,
  "up2": false,
  "dn2": false,
  "source": "twelvedata_repo"
}