{
  "datetime": "2026-06-03 06:25:00",
  "open": 1.16256,
  "high": 1.16256,
  "low": 1.16222,
  "close": 1.16228,
  "rollH20": 1.16297,
  "rollL20": 1.16245,
  "up2": false,
  "dn2": false,
  "source": "twelvedata_repo"
}