{
  "datetime": "2026-01-23 02:05:00",
  "open": 1.17491,
  "high": 1.17491,
  "low": 1.17482,
  "close": 1.17485,
  "rollH20": 1.17581,
  "rollL20": 1.17474,
  "up2": false,
  "dn2": false,
  "source": "twelvedata_repo"
}