{
  "datetime": "2025-12-30 06:55:00",
  "open": 1.17745,
  "high": 1.17749,
  "low": 1.17745,
  "close": 1.17749,
  "rollH20": 1.17792,
  "rollL20": 1.17726,
  "up2": false,
  "dn2": false,
  "source": "twelvedata_repo"
}