{
  "datetime": "2026-02-07 06:55:00",
  "open": 1.18094,
  "high": 1.18097,
  "low": 1.18088,
  "close": 1.1809,
  "rollH20": 1.18146,
  "rollL20": 1.18074,
  "up2": false,
  "dn2": false,
  "source": "twelvedata_repo"
}