{
  "datetime": "2026-07-05 19:35:00",
  "open": 1.14372,
  "high": 1.14377,
  "low": 1.14369,
  "close": 1.14371,
  "rollH20": 1.14422,
  "rollL20": 1.14364,
  "up2": false,
  "dn2": false,
  "source": "twelvedata_repo"
}