{
  "datetime": "2026-03-12 11:15:00",
  "open": 1.15603,
  "high": 1.15606,
  "low": 1.15576,
  "close": 1.15585,
  "rollH20": 1.15631,
  "rollL20": 1.15505,
  "up2": false,
  "dn2": false,
  "source": "twelvedata_repo"
}