{
  "datetime": "2025-10-22 19:35:00",
  "open": 1.16137,
  "high": 1.16141,
  "low": 1.16123,
  "close": 1.16125,
  "rollH20": 1.16208,
  "rollL20": 1.16125,
  "up2": false,
  "dn2": false,
  "source": "twelvedata_repo"
}