{
  "datetime": "2025-10-06 13:30:00",
  "open": 1.16786,
  "high": 1.16794,
  "low": 1.16777,
  "close": 1.16777,
  "rollH20": 1.16846,
  "rollL20": 1.16576,
  "up2": false,
  "dn2": false,
  "source": "twelvedata_repo"
}