{
  "datetime": "2026-03-24 04:05:00",
  "open": 1.15829,
  "high": 1.1585,
  "low": 1.15829,
  "close": 1.15836,
  "rollH20": 1.15922,
  "rollL20": 1.15805,
  "up2": false,
  "dn2": false,
  "source": "twelvedata_repo"
}