{
  "datetime": "2026-01-16 07:45:00",
  "open": 1.16053,
  "high": 1.16055,
  "low": 1.1605,
  "close": 1.16053,
  "rollH20": 1.16115,
  "rollL20": 1.16048,
  "up2": false,
  "dn2": false,
  "source": "twelvedata_repo"
}