{
  "datetime": "2026-03-01 07:00:00",
  "open": 1.18167,
  "high": 1.18171,
  "low": 1.18167,
  "close": 1.18167,
  "rollH20": 1.18172,
  "rollL20": 1.18159,
  "up2": false,
  "dn2": false,
  "source": "twelvedata_repo"
}