{
  "datetime": "2026-04-06 17:05:00",
  "open": 1.15468,
  "high": 1.15472,
  "low": 1.1545,
  "close": 1.15461,
  "rollH20": 1.15702,
  "rollL20": 1.15368,
  "up2": false,
  "dn2": false,
  "source": "twelvedata_repo"
}