{
  "datetime": "2026-06-05 02:15:00",
  "open": 1.1613,
  "high": 1.16133,
  "low": 1.1612,
  "close": 1.16124,
  "rollH20": 1.16145,
  "rollL20": 1.16112,
  "up2": false,
  "dn2": false,
  "source": "twelvedata_repo"
}