{
  "datetime": "2025-11-04 09:40:00",
  "open": 1.15213,
  "high": 1.15244,
  "low": 1.15213,
  "close": 1.1524,
  "rollH20": 1.15333,
  "rollL20": 1.15218,
  "up2": false,
  "dn2": false,
  "source": "twelvedata_repo"
}