{
  "datetime": "2026-02-25 17:10:00",
  "open": 1.18088,
  "high": 1.1811,
  "low": 1.18088,
  "close": 1.1811,
  "rollH20": 1.18092,
  "rollL20": 1.17896,
  "up2": false,
  "dn2": false,
  "source": "twelvedata_repo"
}