{
  "datetime": "2025-12-03 23:55:00",
  "open": 1.16718,
  "high": 1.16725,
  "low": 1.16715,
  "close": 1.16723,
  "rollH20": 1.16756,
  "rollL20": 1.16646,
  "up2": false,
  "dn2": false,
  "source": "twelvedata_repo"
}