{
  "datetime": "2026-05-02 18:10:00",
  "open": 1.17206,
  "high": 1.17212,
  "low": 1.17199,
  "close": 1.17205,
  "rollH20": 1.17254,
  "rollL20": 1.17185,
  "up2": false,
  "dn2": false,
  "source": "twelvedata_repo"
}