{
  "datetime": "2026-04-05 01:50:00",
  "open": 1.15199,
  "high": 1.15204,
  "low": 1.15198,
  "close": 1.15201,
  "rollH20": 1.15204,
  "rollL20": 1.15184,
  "up2": false,
  "dn2": false,
  "source": "twelvedata_repo"
}