{
  "datetime": "2026-02-02 06:25:00",
  "open": 1.18614,
  "high": 1.18616,
  "low": 1.18608,
  "close": 1.18608,
  "rollH20": 1.18714,
  "rollL20": 1.18591,
  "up2": false,
  "dn2": false,
  "source": "twelvedata_repo"
}