{
  "datetime": "2025-09-23 07:55:00",
  "open": 1.17987,
  "high": 1.17989,
  "low": 1.17963,
  "close": 1.17964,
  "rollH20": 1.18049,
  "rollL20": 1.17901,
  "up2": false,
  "dn2": false,
  "source": "twelvedata_repo"
}