{
  "datetime": "2026-03-07 05:25:00",
  "open": 1.16171,
  "high": 1.16182,
  "low": 1.1617,
  "close": 1.16179,
  "rollH20": 1.16186,
  "rollL20": 1.16169,
  "up2": false,
  "dn2": false,
  "source": "twelvedata_repo"
}