{
  "datetime": "2026-03-02 08:00:00",
  "open": 1.17158,
  "high": 1.17216,
  "low": 1.17158,
  "close": 1.17216,
  "rollH20": 1.17545,
  "rollL20": 1.17058,
  "up2": false,
  "dn2": false,
  "source": "twelvedata_repo"
}