{
  "datetime": "2025-10-17 21:40:00",
  "open": 1.16604,
  "high": 1.16604,
  "low": 1.16541,
  "close": 1.16591,
  "rollH20": 1.16741,
  "rollL20": 1.16571,
  "up2": false,
  "dn2": false,
  "source": "twelvedata_repo"
}