{
  "datetime": "2026-01-17 10:15:00",
  "open": 1.15955,
  "high": 1.15958,
  "low": 1.15946,
  "close": 1.15946,
  "rollH20": 1.15993,
  "rollL20": 1.15937,
  "up2": false,
  "dn2": false,
  "source": "twelvedata_repo"
}