{
  "datetime": "2026-06-27 15:00:00",
  "open": 1.13908,
  "high": 1.13925,
  "low": 1.13885,
  "close": 1.13895,
  "rollH20": 1.13968,
  "rollL20": 1.13834,
  "up2": false,
  "dn2": false,
  "source": "twelvedata_repo"
}