{
  "datetime": "2026-04-02 13:55:00",
  "open": 1.15282,
  "high": 1.15283,
  "low": 1.1526,
  "close": 1.15268,
  "rollH20": 1.15311,
  "rollL20": 1.15093,
  "up2": false,
  "dn2": false,
  "source": "twelvedata_repo"
}