{
  "datetime": "2025-11-07 06:30:00",
  "open": 1.15373,
  "high": 1.15383,
  "low": 1.15373,
  "close": 1.15382,
  "rollH20": 1.15385,
  "rollL20": 1.15328,
  "up2": false,
  "dn2": false,
  "source": "twelvedata_repo"
}