{
  "datetime": "2025-10-13 12:55:00",
  "open": 1.15722,
  "high": 1.15722,
  "low": 1.15679,
  "close": 1.15681,
  "rollH20": 1.15941,
  "rollL20": 1.15725,
  "up2": false,
  "dn2": false,
  "source": "twelvedata_repo"
}