{
  "datetime": "2026-05-10 13:55:00",
  "open": 1.17918,
  "high": 1.17942,
  "low": 1.17909,
  "close": 1.17925,
  "rollH20": 1.17931,
  "rollL20": 1.17813,
  "up2": false,
  "dn2": false,
  "source": "twelvedata_repo"
}