{
  "datetime": "2025-11-28 20:25:00",
  "open": 1.1603,
  "high": 1.16034,
  "low": 1.16029,
  "close": 1.16032,
  "rollH20": 1.16046,
  "rollL20": 1.15968,
  "up2": false,
  "dn2": false,
  "source": "twelvedata_repo"
}