{
  "datetime": "2026-03-23 06:50:00",
  "open": 1.15368,
  "high": 1.15374,
  "low": 1.15365,
  "close": 1.15374,
  "rollH20": 1.15528,
  "rollL20": 1.1536,
  "up2": false,
  "dn2": false,
  "source": "twelvedata_repo"
}