{
  "datetime": "2026-03-21 11:35:00",
  "open": 1.15915,
  "high": 1.1592,
  "low": 1.15914,
  "close": 1.15914,
  "rollH20": 1.1592,
  "rollL20": 1.15909,
  "up2": false,
  "dn2": false,
  "source": "twelvedata_repo"
}