{
  "datetime": "2026-05-06 05:05:00",
  "open": 1.17175,
  "high": 1.17178,
  "low": 1.17174,
  "close": 1.17175,
  "rollH20": 1.17221,
  "rollL20": 1.1716,
  "up2": false,
  "dn2": false,
  "source": "twelvedata_repo"
}