{
  "datetime": "2026-03-14 17:25:00",
  "open": 1.14496,
  "high": 1.14497,
  "low": 1.14496,
  "close": 1.14497,
  "rollH20": 1.14702,
  "rollL20": 1.14325,
  "up2": false,
  "dn2": false,
  "source": "twelvedata_repo"
}