{
  "datetime": "2026-02-02 01:45:00",
  "open": 1.18678,
  "high": 1.18678,
  "low": 1.18666,
  "close": 1.18666,
  "rollH20": 1.18741,
  "rollL20": 1.18396,
  "up2": false,
  "dn2": false,
  "source": "twelvedata_repo"
}