{
  "datetime": "2026-01-23 07:35:00",
  "open": 1.17474,
  "high": 1.17479,
  "low": 1.17474,
  "close": 1.17475,
  "rollH20": 1.17544,
  "rollL20": 1.17446,
  "up2": false,
  "dn2": false,
  "source": "twelvedata_repo"
}