{
  "datetime": "2026-01-28 13:35:00",
  "open": 1.19824,
  "high": 1.19832,
  "low": 1.19811,
  "close": 1.19818,
  "rollH20": 1.19911,
  "rollL20": 1.1963,
  "up2": false,
  "dn2": false,
  "source": "twelvedata_repo"
}