{
  "datetime": "2025-10-15 02:25:00",
  "open": 1.16219,
  "high": 1.16223,
  "low": 1.1621,
  "close": 1.1621,
  "rollH20": 1.16228,
  "rollL20": 1.16017,
  "up2": false,
  "dn2": false,
  "source": "twelvedata_repo"
}