{
  "datetime": "2026-06-26 18:40:00",
  "open": 1.13855,
  "high": 1.13893,
  "low": 1.13854,
  "close": 1.13891,
  "rollH20": 1.14035,
  "rollL20": 1.13834,
  "up2": false,
  "dn2": false,
  "source": "twelvedata_repo"
}