{
  "datetime": "2026-02-10 11:00:00",
  "open": 1.19142,
  "high": 1.19159,
  "low": 1.19142,
  "close": 1.19159,
  "rollH20": 1.19203,
  "rollL20": 1.19016,
  "up2": false,
  "dn2": false,
  "source": "twelvedata_repo"
}