{
  "datetime": "2026-05-06 21:55:00",
  "open": 1.17466,
  "high": 1.17493,
  "low": 1.17462,
  "close": 1.17489,
  "rollH20": 1.17555,
  "rollL20": 1.17452,
  "up2": false,
  "dn2": false,
  "source": "twelvedata_repo"
}