{
  "datetime": "2026-01-27 21:50:00",
  "open": 1.2062,
  "high": 1.20653,
  "low": 1.2041,
  "close": 1.20564,
  "rollH20": 1.20656,
  "rollL20": 1.19718,
  "up2": false,
  "dn2": false,
  "source": "twelvedata_repo"
}