{
  "datetime": "2025-08-29 20:25:00",
  "open": 1.16938,
  "high": 1.16963,
  "low": 1.16934,
  "close": 1.16959,
  "rollH20": 1.17012,
  "rollL20": 1.1693,
  "up2": false,
  "dn2": false,
  "source": "twelvedata_repo"
}