{
  "datetime": "2026-07-21 00:00:00",
  "open": 1.1413,
  "high": 1.14135,
  "low": 1.14129,
  "close": 1.14133,
  "rollH20": 1.14157,
  "rollL20": 1.14097,
  "up2": false,
  "dn2": false,
  "source": "twelvedata_repo"
}