{
  "datetime": "2026-06-10 14:25:00",
  "open": 1.15578,
  "high": 1.15594,
  "low": 1.15578,
  "close": 1.15584,
  "rollH20": 1.15632,
  "rollL20": 1.1536,
  "up2": false,
  "dn2": false,
  "source": "twelvedata_repo"
}