{
  "datetime": "2026-07-21 15:25:00",
  "open": 1.1415,
  "high": 1.1415,
  "low": 1.14121,
  "close": 1.14125,
  "rollH20": 1.14198,
  "rollL20": 1.14062,
  "up2": false,
  "dn2": false,
  "source": "twelvedata_repo"
}