{
  "datetime": "2026-02-15 18:30:00",
  "open": 1.18693,
  "high": 1.18709,
  "low": 1.18691,
  "close": 1.18703,
  "rollH20": 1.18708,
  "rollL20": 1.18553,
  "up2": false,
  "dn2": false,
  "source": "twelvedata_repo"
}