{
  "datetime": "2026-02-13 22:20:00",
  "open": 1.18749,
  "high": 1.18758,
  "low": 1.18743,
  "close": 1.18744,
  "rollH20": 1.18772,
  "rollL20": 1.18655,
  "up2": false,
  "dn2": false,
  "source": "twelvedata_repo"
}