{
  "datetime": "2026-03-11 13:10:00",
  "open": 1.1582,
  "high": 1.15823,
  "low": 1.15797,
  "close": 1.15799,
  "rollH20": 1.16064,
  "rollL20": 1.15771,
  "up2": false,
  "dn2": false,
  "source": "twelvedata_repo"
}