{
  "datetime": "2025-12-29 22:40:00",
  "open": 1.17726,
  "high": 1.1773,
  "low": 1.17724,
  "close": 1.17725,
  "rollH20": 1.17742,
  "rollL20": 1.17653,
  "up2": false,
  "dn2": false,
  "source": "twelvedata_repo"
}