{
  "datetime": "2025-10-17 21:05:00",
  "open": 1.16741,
  "high": 1.16741,
  "low": 1.16689,
  "close": 1.16727,
  "rollH20": 1.16754,
  "rollL20": 1.16656,
  "up2": false,
  "dn2": false,
  "source": "twelvedata_repo"
}