{
  "datetime": "2026-05-03 08:20:00",
  "open": 1.17231,
  "high": 1.17254,
  "low": 1.17227,
  "close": 1.17235,
  "rollH20": 1.17254,
  "rollL20": 1.17216,
  "up2": false,
  "dn2": false,
  "source": "twelvedata_repo"
}