{
  "datetime": "2025-12-19 06:55:00",
  "open": 1.17192,
  "high": 1.17195,
  "low": 1.1719,
  "close": 1.17195,
  "rollH20": 1.17206,
  "rollL20": 1.17159,
  "up2": false,
  "dn2": false,
  "source": "twelvedata_repo"
}