{
  "datetime": "2025-11-10 04:15:00",
  "open": 1.1558,
  "high": 1.1558,
  "low": 1.15559,
  "close": 1.15559,
  "rollH20": 1.15609,
  "rollL20": 1.15547,
  "up2": false,
  "dn2": false,
  "source": "twelvedata_repo"
}