{
  "datetime": "2026-03-28 00:30:00",
  "open": 1.15422,
  "high": 1.15424,
  "low": 1.15372,
  "close": 1.15422,
  "rollH20": 1.15435,
  "rollL20": 1.15367,
  "up2": false,
  "dn2": false,
  "source": "twelvedata_repo"
}