{
  "datetime": "2025-10-06 16:20:00",
  "open": 1.17124,
  "high": 1.17135,
  "low": 1.17121,
  "close": 1.17124,
  "rollH20": 1.17206,
  "rollL20": 1.1691,
  "up2": false,
  "dn2": false,
  "source": "twelvedata_repo"
}