{
  "datetime": "2026-04-02 18:50:00",
  "open": 1.15407,
  "high": 1.15413,
  "low": 1.15403,
  "close": 1.15404,
  "rollH20": 1.15498,
  "rollL20": 1.15374,
  "up2": false,
  "dn2": false,
  "source": "twelvedata_repo"
}