{
  "datetime": "2026-01-19 16:20:00",
  "open": 1.16391,
  "high": 1.16395,
  "low": 1.16378,
  "close": 1.16378,
  "rollH20": 1.16429,
  "rollL20": 1.16308,
  "up2": false,
  "dn2": false,
  "source": "twelvedata_repo"
}