{
  "datetime": "2026-04-27 21:40:00",
  "open": 1.17221,
  "high": 1.17231,
  "low": 1.17221,
  "close": 1.17231,
  "rollH20": 1.17257,
  "rollL20": 1.17199,
  "up2": false,
  "dn2": false,
  "source": "twelvedata_repo"
}