{
  "datetime": "2026-01-10 07:40:00",
  "open": 1.16407,
  "high": 1.16412,
  "low": 1.16353,
  "close": 1.16383,
  "rollH20": 1.16412,
  "rollL20": 1.16372,
  "up2": false,
  "dn2": false,
  "source": "twelvedata_repo"
}