{
  "datetime": "2025-11-05 08:45:00",
  "open": 1.1488,
  "high": 1.1488,
  "low": 1.14877,
  "close": 1.14877,
  "rollH20": 1.1494,
  "rollL20": 1.14834,
  "up2": false,
  "dn2": false,
  "source": "twelvedata_repo"
}