{
  "datetime": "2026-05-24 02:05:00",
  "open": 1.1608,
  "high": 1.1609,
  "low": 1.16075,
  "close": 1.16087,
  "rollH20": 1.16085,
  "rollL20": 1.16038,
  "up2": false,
  "dn2": false,
  "source": "twelvedata_repo"
}