{
  "datetime": "2026-05-23 05:15:00",
  "open": 1.16026,
  "high": 1.16029,
  "low": 1.16021,
  "close": 1.16024,
  "rollH20": 1.16054,
  "rollL20": 1.16012,
  "up2": false,
  "dn2": false,
  "source": "twelvedata_repo"
}