{
  "datetime": "2026-06-15 03:20:00",
  "open": 1.15949,
  "high": 1.15959,
  "low": 1.15942,
  "close": 1.1595,
  "rollH20": 1.1607,
  "rollL20": 1.15943,
  "up2": false,
  "dn2": false,
  "source": "twelvedata_repo"
}