{
  "datetime": "2026-05-04 00:20:00",
  "open": 1.17315,
  "high": 1.1732,
  "low": 1.1731,
  "close": 1.17314,
  "rollH20": 1.17489,
  "rollL20": 1.17231,
  "up2": false,
  "dn2": false,
  "source": "twelvedata_repo"
}