{
  "datetime": "2025-08-29 08:55:00",
  "open": 1.16758,
  "high": 1.1678,
  "low": 1.16726,
  "close": 1.16743,
  "rollH20": 1.16761,
  "rollL20": 1.16608,
  "up2": false,
  "dn2": false,
  "source": "twelvedata_repo"
}