{
  "datetime": "2026-04-26 07:45:00",
  "open": 1.1721,
  "high": 1.17214,
  "low": 1.1721,
  "close": 1.17211,
  "rollH20": 1.17229,
  "rollL20": 1.17179,
  "up2": false,
  "dn2": false,
  "source": "twelvedata_repo"
}