{
  "datetime": "2025-09-04 14:40:00",
  "open": 1.16543,
  "high": 1.16548,
  "low": 1.16505,
  "close": 1.1651,
  "rollH20": 1.16604,
  "rollL20": 1.16295,
  "up2": false,
  "dn2": false,
  "source": "twelvedata_repo"
}