{
  "datetime": "2026-03-23 20:50:00",
  "open": 1.16162,
  "high": 1.16164,
  "low": 1.16151,
  "close": 1.16154,
  "rollH20": 1.16374,
  "rollL20": 1.16019,
  "up2": false,
  "dn2": false,
  "source": "twelvedata_repo"
}