{
  "datetime": "2026-02-10 20:35:00",
  "open": 1.18947,
  "high": 1.18952,
  "low": 1.18947,
  "close": 1.1895,
  "rollH20": 1.18979,
  "rollL20": 1.18879,
  "up2": false,
  "dn2": false,
  "source": "twelvedata_repo"
}