{
  "datetime": "2026-07-19 19:30:00",
  "open": 1.14386,
  "high": 1.1449,
  "low": 1.1436,
  "close": 1.14386,
  "rollH20": 1.14478,
  "rollL20": 1.14347,
  "up2": false,
  "dn2": false,
  "source": "twelvedata_repo"
}