{
  "datetime": "2026-01-21 09:10:00",
  "open": 1.17137,
  "high": 1.17141,
  "low": 1.1711,
  "close": 1.17119,
  "rollH20": 1.17249,
  "rollL20": 1.17089,
  "up2": false,
  "dn2": false,
  "source": "twelvedata_repo"
}