{
  "datetime": "2025-10-03 18:40:00",
  "open": 1.1741,
  "high": 1.1741,
  "low": 1.17386,
  "close": 1.1739,
  "rollH20": 1.17483,
  "rollL20": 1.17376,
  "up2": false,
  "dn2": false,
  "source": "twelvedata_repo"
}