{
  "datetime": "2025-09-22 20:35:00",
  "open": 1.17989,
  "high": 1.1799,
  "low": 1.1798,
  "close": 1.17981,
  "rollH20": 1.17997,
  "rollL20": 1.17923,
  "up2": false,
  "dn2": false,
  "source": "twelvedata_repo"
}