{
  "datetime": "2026-03-17 14:30:00",
  "open": 1.15245,
  "high": 1.1525,
  "low": 1.15235,
  "close": 1.15248,
  "rollH20": 1.15421,
  "rollL20": 1.152,
  "up2": false,
  "dn2": false,
  "source": "twelvedata_repo"
}