{
  "datetime": "2026-02-25 07:55:00",
  "open": 1.18027,
  "high": 1.18031,
  "low": 1.17997,
  "close": 1.17997,
  "rollH20": 1.18076,
  "rollL20": 1.18001,
  "up2": false,
  "dn2": false,
  "source": "twelvedata_repo"
}