{
  "datetime": "2026-05-29 04:25:00",
  "open": 1.1641,
  "high": 1.16416,
  "low": 1.16406,
  "close": 1.16415,
  "rollH20": 1.16511,
  "rollL20": 1.16401,
  "up2": false,
  "dn2": false,
  "source": "twelvedata_repo"
}