{
  "datetime": "2025-10-28 12:05:00",
  "open": 1.16624,
  "high": 1.16624,
  "low": 1.16596,
  "close": 1.16599,
  "rollH20": 1.16647,
  "rollL20": 1.16481,
  "up2": false,
  "dn2": false,
  "source": "twelvedata_repo"
}