{
  "datetime": "2025-09-29 17:05:00",
  "open": 1.17261,
  "high": 1.17287,
  "low": 1.17261,
  "close": 1.17285,
  "rollH20": 1.17373,
  "rollL20": 1.17227,
  "up2": false,
  "dn2": false,
  "source": "twelvedata_repo"
}