{
  "datetime": "2026-01-14 20:40:00",
  "open": 1.16374,
  "high": 1.16393,
  "low": 1.16374,
  "close": 1.1639,
  "rollH20": 1.16477,
  "rollL20": 1.16366,
  "up2": false,
  "dn2": false,
  "source": "twelvedata_repo"
}