{
  "datetime": "2026-04-19 22:00:00",
  "open": 1.1741,
  "high": 1.17493,
  "low": 1.17409,
  "close": 1.17469,
  "rollH20": 1.17572,
  "rollL20": 1.17303,
  "up2": false,
  "dn2": false,
  "source": "twelvedata_repo"
}