{
  "datetime": "2026-07-21 19:35:00",
  "open": 1.14024,
  "high": 1.14024,
  "low": 1.14,
  "close": 1.14007,
  "rollH20": 1.14107,
  "rollL20": 1.1399,
  "up2": false,
  "dn2": false,
  "source": "twelvedata_repo"
}