{
  "datetime": "2026-01-25 23:35:00",
  "open": 1.18664,
  "high": 1.18671,
  "low": 1.18664,
  "close": 1.18671,
  "rollH20": 1.18793,
  "rollL20": 1.18462,
  "up2": false,
  "dn2": false,
  "source": "twelvedata_repo"
}