{
  "datetime": "2026-01-26 23:30:00",
  "open": 1.18786,
  "high": 1.18795,
  "low": 1.18778,
  "close": 1.18785,
  "rollH20": 1.18858,
  "rollL20": 1.18746,
  "up2": false,
  "dn2": false,
  "source": "twelvedata_repo"
}