{
  "datetime": "2026-03-09 18:40:00",
  "open": 1.15803,
  "high": 1.15804,
  "low": 1.15788,
  "close": 1.15792,
  "rollH20": 1.15886,
  "rollL20": 1.15776,
  "up2": false,
  "dn2": false,
  "source": "twelvedata_repo"
}