{
  "datetime": "2025-11-20 00:55:00",
  "open": 1.15395,
  "high": 1.15395,
  "low": 1.15385,
  "close": 1.15386,
  "rollH20": 1.15422,
  "rollL20": 1.15371,
  "up2": false,
  "dn2": false,
  "source": "twelvedata_repo"
}