{
  "datetime": "2026-07-17 09:00:00",
  "open": 1.14462,
  "high": 1.14475,
  "low": 1.14449,
  "close": 1.1447,
  "rollH20": 1.14522,
  "rollL20": 1.14448,
  "up2": false,
  "dn2": false,
  "source": "twelvedata_repo"
}