{
  "datetime": "2026-06-14 04:35:00",
  "open": 1.1573,
  "high": 1.15766,
  "low": 1.15729,
  "close": 1.15737,
  "rollH20": 1.15768,
  "rollL20": 1.15632,
  "up2": false,
  "dn2": false,
  "source": "twelvedata_repo"
}