{
  "datetime": "2026-02-26 11:25:00",
  "open": 1.18025,
  "high": 1.18029,
  "low": 1.18019,
  "close": 1.18026,
  "rollH20": 1.1805,
  "rollL20": 1.1794,
  "up2": false,
  "dn2": false,
  "source": "twelvedata_repo"
}