{
  "datetime": "2026-07-22 15:45:00",
  "open": 1.14112,
  "high": 1.14122,
  "low": 1.14108,
  "close": 1.14121,
  "rollH20": 1.14218,
  "rollL20": 1.14092,
  "up2": false,
  "dn2": false,
  "source": "twelvedata_repo"
}