{
  "datetime": "2026-03-31 17:55:00",
  "open": 1.15395,
  "high": 1.1542,
  "low": 1.15375,
  "close": 1.15386,
  "rollH20": 1.15558,
  "rollL20": 1.1514,
  "up2": false,
  "dn2": false,
  "source": "twelvedata_repo"
}