{
  "datetime": "2026-04-10 18:30:00",
  "open": 1.17224,
  "high": 1.17227,
  "low": 1.17224,
  "close": 1.17227,
  "rollH20": 1.17256,
  "rollL20": 1.17143,
  "up2": false,
  "dn2": false,
  "source": "twelvedata_repo"
}