{
  "datetime": "2026-05-04 16:50:00",
  "open": 1.16979,
  "high": 1.17012,
  "low": 1.16952,
  "close": 1.16983,
  "rollH20": 1.17157,
  "rollL20": 1.16973,
  "up2": false,
  "dn2": false,
  "source": "twelvedata_repo"
}