{
  "datetime": "2025-10-28 07:55:00",
  "open": 1.16562,
  "high": 1.16564,
  "low": 1.16554,
  "close": 1.16562,
  "rollH20": 1.16671,
  "rollL20": 1.16569,
  "up2": false,
  "dn2": false,
  "source": "twelvedata_repo"
}