{
  "datetime": "2026-03-24 01:40:00",
  "open": 1.15876,
  "high": 1.15878,
  "low": 1.15839,
  "close": 1.15852,
  "rollH20": 1.16168,
  "rollL20": 1.15876,
  "up2": false,
  "dn2": false,
  "source": "twelvedata_repo"
}