{
  "datetime": "2026-04-14 17:15:00",
  "open": 1.17916,
  "high": 1.1795,
  "low": 1.17911,
  "close": 1.17945,
  "rollH20": 1.1811,
  "rollL20": 1.17888,
  "up2": false,
  "dn2": false,
  "source": "twelvedata_repo"
}