{
  "datetime": "2026-03-14 23:30:00",
  "open": 1.14694,
  "high": 1.14698,
  "low": 1.14693,
  "close": 1.14696,
  "rollH20": 1.14698,
  "rollL20": 1.14677,
  "up2": false,
  "dn2": false,
  "source": "twelvedata_repo"
}