{
  "datetime": "2025-09-09 20:40:00",
  "open": 1.17064,
  "high": 1.17068,
  "low": 1.17049,
  "close": 1.17064,
  "rollH20": 1.17151,
  "rollL20": 1.17038,
  "up2": false,
  "dn2": false,
  "source": "twelvedata_repo"
}