{
  "datetime": "2026-04-05 19:00:00",
  "open": 1.15203,
  "high": 1.15205,
  "low": 1.15178,
  "close": 1.15185,
  "rollH20": 1.15275,
  "rollL20": 1.15165,
  "up2": false,
  "dn2": false,
  "source": "twelvedata_repo"
}