{
  "datetime": "2025-10-06 18:25:00",
  "open": 1.17119,
  "high": 1.17125,
  "low": 1.17116,
  "close": 1.17121,
  "rollH20": 1.17135,
  "rollL20": 1.17031,
  "up2": false,
  "dn2": false,
  "source": "twelvedata_repo"
}