{
  "datetime": "2025-10-22 21:55:00",
  "open": 1.16097,
  "high": 1.16101,
  "low": 1.16094,
  "close": 1.16094,
  "rollH20": 1.16111,
  "rollL20": 1.16047,
  "up2": false,
  "dn2": false,
  "source": "twelvedata_repo"
}