{
  "datetime": "2026-01-15 07:25:00",
  "open": 1.16354,
  "high": 1.1636,
  "low": 1.16344,
  "close": 1.16353,
  "rollH20": 1.16384,
  "rollL20": 1.16336,
  "up2": false,
  "dn2": false,
  "source": "twelvedata_repo"
}