{
  "datetime": "2026-01-19 13:15:00",
  "open": 1.1629,
  "high": 1.16299,
  "low": 1.1629,
  "close": 1.16298,
  "rollH20": 1.16295,
  "rollL20": 1.16209,
  "up2": false,
  "dn2": false,
  "source": "twelvedata_repo"
}