{
  "datetime": "2026-01-21 09:55:00",
  "open": 1.17112,
  "high": 1.1712,
  "low": 1.1711,
  "close": 1.17111,
  "rollH20": 1.17246,
  "rollL20": 1.17052,
  "up2": false,
  "dn2": false,
  "source": "twelvedata_repo"
}