{
  "datetime": "2025-09-30 13:25:00",
  "open": 1.17416,
  "high": 1.17423,
  "low": 1.17396,
  "close": 1.17415,
  "rollH20": 1.17487,
  "rollL20": 1.17365,
  "up2": false,
  "dn2": false,
  "source": "twelvedata_repo"
}