{
  "datetime": "2026-01-08 17:10:00",
  "open": 1.16611,
  "high": 1.16615,
  "low": 1.16604,
  "close": 1.16607,
  "rollH20": 1.16731,
  "rollL20": 1.16582,
  "up2": false,
  "dn2": false,
  "source": "twelvedata_repo"
}