{
  "datetime": "2026-04-03 14:40:00",
  "open": 1.15293,
  "high": 1.15295,
  "low": 1.15292,
  "close": 1.15292,
  "rollH20": 1.15458,
  "rollL20": 1.15198,
  "up2": false,
  "dn2": false,
  "source": "twelvedata_repo"
}