{
  "datetime": "2026-05-04 19:20:00",
  "open": 1.16919,
  "high": 1.16929,
  "low": 1.16914,
  "close": 1.16921,
  "rollH20": 1.1697,
  "rollL20": 1.1681,
  "up2": false,
  "dn2": false,
  "source": "twelvedata_repo"
}