{
  "datetime": "2026-01-06 01:10:00",
  "open": 1.17146,
  "high": 1.17153,
  "low": 1.17145,
  "close": 1.17151,
  "rollH20": 1.17224,
  "rollL20": 1.17132,
  "up2": false,
  "dn2": false,
  "source": "twelvedata_repo"
}