{
  "datetime": "2025-10-02 15:50:00",
  "open": 1.17085,
  "high": 1.17125,
  "low": 1.17079,
  "close": 1.17097,
  "rollH20": 1.17437,
  "rollL20": 1.17059,
  "up2": false,
  "dn2": false,
  "source": "twelvedata_repo"
}