{
  "datetime": "2026-02-05 06:25:00",
  "open": 1.17861,
  "high": 1.17863,
  "low": 1.17854,
  "close": 1.17861,
  "rollH20": 1.17916,
  "rollL20": 1.17855,
  "up2": false,
  "dn2": false,
  "source": "twelvedata_repo"
}