{
  "datetime": "2026-01-20 22:35:00",
  "open": 1.17247,
  "high": 1.17248,
  "low": 1.17247,
  "close": 1.17248,
  "rollH20": 1.17257,
  "rollL20": 1.17109,
  "up2": false,
  "dn2": false,
  "source": "twelvedata_repo"
}