{
  "datetime": "2025-12-02 06:10:00",
  "open": 1.16089,
  "high": 1.16094,
  "low": 1.16086,
  "close": 1.16087,
  "rollH20": 1.16144,
  "rollL20": 1.1609,
  "up2": false,
  "dn2": false,
  "source": "twelvedata_repo"
}