{
  "datetime": "2025-12-17 09:15:00",
  "open": 1.17084,
  "high": 1.17094,
  "low": 1.17084,
  "close": 1.17094,
  "rollH20": 1.17253,
  "rollL20": 1.17046,
  "up2": false,
  "dn2": false,
  "source": "twelvedata_repo"
}