{
  "datetime": "2026-04-12 14:10:00",
  "open": 1.17307,
  "high": 1.17312,
  "low": 1.17305,
  "close": 1.17306,
  "rollH20": 1.17312,
  "rollL20": 1.17257,
  "up2": false,
  "dn2": false,
  "source": "twelvedata_repo"
}