{
  "datetime": "2026-01-05 00:50:00",
  "open": 1.17055,
  "high": 1.17079,
  "low": 1.1704,
  "close": 1.17044,
  "rollH20": 1.17245,
  "rollL20": 1.16999,
  "up2": false,
  "dn2": false,
  "source": "twelvedata_repo"
}