{
  "datetime": "2025-12-23 22:40:00",
  "open": 1.17956,
  "high": 1.17965,
  "low": 1.17955,
  "close": 1.17965,
  "rollH20": 1.1796,
  "rollL20": 1.17879,
  "up2": false,
  "dn2": false,
  "source": "twelvedata_repo"
}