{
  "datetime": "2026-01-30 00:05:00",
  "open": 1.19707,
  "high": 1.19718,
  "low": 1.19696,
  "close": 1.19714,
  "rollH20": 1.19718,
  "rollL20": 1.19654,
  "up2": false,
  "dn2": false,
  "source": "twelvedata_repo"
}