{
  "datetime": "2026-05-27 20:45:00",
  "open": 1.16296,
  "high": 1.16299,
  "low": 1.16284,
  "close": 1.16287,
  "rollH20": 1.1632,
  "rollL20": 1.16229,
  "up2": false,
  "dn2": false,
  "source": "twelvedata_repo"
}