{
  "datetime": "2025-10-31 21:55:00",
  "open": 1.15356,
  "high": 1.15394,
  "low": 1.15354,
  "close": 1.15365,
  "rollH20": 1.15376,
  "rollL20": 1.15248,
  "up2": false,
  "dn2": false,
  "source": "twelvedata_repo"
}