{
  "datetime": "2026-04-16 19:20:00",
  "open": 1.17778,
  "high": 1.17783,
  "low": 1.17778,
  "close": 1.17783,
  "rollH20": 1.17814,
  "rollL20": 1.17693,
  "up2": false,
  "dn2": false,
  "source": "twelvedata_repo"
}