{
  "datetime": "2025-09-22 05:55:00",
  "open": 1.17275,
  "high": 1.17284,
  "low": 1.17272,
  "close": 1.17283,
  "rollH20": 1.17348,
  "rollL20": 1.17264,
  "up2": false,
  "dn2": false,
  "source": "twelvedata_repo"
}