{
  "datetime": "2025-09-03 11:30:00",
  "open": 1.16473,
  "high": 1.16479,
  "low": 1.16435,
  "close": 1.16472,
  "rollH20": 1.16656,
  "rollL20": 1.16472,
  "up2": false,
  "dn2": false,
  "source": "twelvedata_repo"
}