{
  "datetime": "2025-12-09 21:15:00",
  "open": 1.1631,
  "high": 1.16315,
  "low": 1.1631,
  "close": 1.16314,
  "rollH20": 1.16322,
  "rollL20": 1.16199,
  "up2": false,
  "dn2": false,
  "source": "twelvedata_repo"
}