{
  "datetime": "2026-03-17 22:20:00",
  "open": 1.15432,
  "high": 1.15434,
  "low": 1.15432,
  "close": 1.15433,
  "rollH20": 1.15439,
  "rollL20": 1.15372,
  "up2": false,
  "dn2": false,
  "source": "twelvedata_repo"
}