{
  "datetime": "2026-06-09 20:40:00",
  "open": 1.15428,
  "high": 1.15431,
  "low": 1.15415,
  "close": 1.15428,
  "rollH20": 1.15532,
  "rollL20": 1.1542,
  "up2": false,
  "dn2": false,
  "source": "twelvedata_repo"
}