{
  "datetime": "2026-03-02 06:55:00",
  "open": 1.17327,
  "high": 1.17329,
  "low": 1.1732,
  "close": 1.17321,
  "rollH20": 1.17797,
  "rollL20": 1.1732,
  "up2": false,
  "dn2": false,
  "source": "twelvedata_repo"
}