{
  "datetime": "2026-02-01 20:55:00",
  "open": 1.18557,
  "high": 1.1856,
  "low": 1.18518,
  "close": 1.18521,
  "rollH20": 1.18724,
  "rollL20": 1.18487,
  "up2": false,
  "dn2": false,
  "source": "twelvedata_repo"
}