{
  "datetime": "2026-07-12 17:05:00",
  "open": 1.14152,
  "high": 1.14157,
  "low": 1.14151,
  "close": 1.14151,
  "rollH20": 1.14168,
  "rollL20": 1.14073,
  "up2": false,
  "dn2": false,
  "source": "twelvedata_repo"
}