{
  "datetime": "2026-03-19 20:55:00",
  "open": 1.15861,
  "high": 1.15862,
  "low": 1.15855,
  "close": 1.15856,
  "rollH20": 1.16164,
  "rollL20": 1.15792,
  "up2": false,
  "dn2": false,
  "source": "twelvedata_repo"
}