{
  "datetime": "2025-12-31 06:45:00",
  "open": 1.17365,
  "high": 1.17379,
  "low": 1.17365,
  "close": 1.17369,
  "rollH20": 1.1743,
  "rollL20": 1.17335,
  "up2": false,
  "dn2": false,
  "source": "twelvedata_repo"
}