{
  "datetime": "2025-10-14 00:45:00",
  "open": 1.1568,
  "high": 1.15683,
  "low": 1.15673,
  "close": 1.15677,
  "rollH20": 1.15737,
  "rollL20": 1.15636,
  "up2": false,
  "dn2": false,
  "source": "twelvedata_repo"
}