{
  "datetime": "2025-11-04 06:40:00",
  "open": 1.15112,
  "high": 1.15133,
  "low": 1.15112,
  "close": 1.15125,
  "rollH20": 1.15173,
  "rollL20": 1.15079,
  "up2": false,
  "dn2": false,
  "source": "twelvedata_repo"
}