{
  "datetime": "2025-12-09 08:55:00",
  "open": 1.16414,
  "high": 1.16414,
  "low": 1.16413,
  "close": 1.16414,
  "rollH20": 1.16473,
  "rollL20": 1.16388,
  "up2": false,
  "dn2": false,
  "source": "twelvedata_repo"
}