{
  "datetime": "2026-02-27 15:50:00",
  "open": 1.18076,
  "high": 1.18079,
  "low": 1.18006,
  "close": 1.1805,
  "rollH20": 1.18162,
  "rollL20": 1.17958,
  "up2": false,
  "dn2": false,
  "source": "twelvedata_repo"
}