{
  "datetime": "2026-06-06 18:30:00",
  "open": 1.15217,
  "high": 1.15223,
  "low": 1.15213,
  "close": 1.15221,
  "rollH20": 1.15242,
  "rollL20": 1.15203,
  "up2": false,
  "dn2": false,
  "source": "twelvedata_repo"
}