{
  "datetime": "2026-02-07 19:15:00",
  "open": 1.18182,
  "high": 1.18185,
  "low": 1.18182,
  "close": 1.18184,
  "rollH20": 1.18201,
  "rollL20": 1.18179,
  "up2": false,
  "dn2": false,
  "source": "twelvedata_repo"
}