{
  "datetime": "2026-06-28 00:35:00",
  "open": 1.1391,
  "high": 1.13913,
  "low": 1.1391,
  "close": 1.13912,
  "rollH20": 1.13952,
  "rollL20": 1.13867,
  "up2": false,
  "dn2": false,
  "source": "twelvedata_repo"
}