{
  "datetime": "2026-03-18 07:25:00",
  "open": 1.15401,
  "high": 1.15402,
  "low": 1.15377,
  "close": 1.15378,
  "rollH20": 1.15493,
  "rollL20": 1.15395,
  "up2": false,
  "dn2": false,
  "source": "twelvedata_repo"
}