{
  "datetime": "2026-07-20 21:25:00",
  "open": 1.14141,
  "high": 1.14153,
  "low": 1.14141,
  "close": 1.14151,
  "rollH20": 1.14188,
  "rollL20": 1.14127,
  "up2": false,
  "dn2": false,
  "source": "twelvedata_repo"
}