{
  "datetime": "2026-04-06 08:35:00",
  "open": 1.15394,
  "high": 1.15456,
  "low": 1.15394,
  "close": 1.15454,
  "rollH20": 1.15397,
  "rollL20": 1.15226,
  "up2": true,
  "dn2": false,
  "source": "twelvedata_repo"
}