{
  "datetime": "2026-01-20 21:35:00",
  "open": 1.17174,
  "high": 1.1718,
  "low": 1.17173,
  "close": 1.17174,
  "rollH20": 1.17299,
  "rollL20": 1.17109,
  "up2": false,
  "dn2": false,
  "source": "twelvedata_repo"
}