{
  "datetime": "2026-04-15 14:45:00",
  "open": 1.17857,
  "high": 1.17862,
  "low": 1.17856,
  "close": 1.17857,
  "rollH20": 1.17965,
  "rollL20": 1.17768,
  "up2": false,
  "dn2": false,
  "source": "twelvedata_repo"
}