{
  "datetime": "2025-09-12 22:45:00",
  "open": 1.17328,
  "high": 1.17328,
  "low": 1.17328,
  "close": 1.17328,
  "rollH20": 1.17365,
  "rollL20": 1.17287,
  "up2": false,
  "dn2": false,
  "source": "twelvedata_repo"
}