{
  "datetime": "2025-10-23 10:30:00",
  "open": 1.15991,
  "high": 1.15991,
  "low": 1.15975,
  "close": 1.15975,
  "rollH20": 1.16059,
  "rollL20": 1.1593,
  "up2": false,
  "dn2": false,
  "source": "twelvedata_repo"
}