{
  "datetime": "2026-03-02 20:45:00",
  "open": 1.16906,
  "high": 1.16921,
  "low": 1.16906,
  "close": 1.16909,
  "rollH20": 1.17137,
  "rollL20": 1.16785,
  "up2": false,
  "dn2": false,
  "source": "twelvedata_repo"
}