{
  "datetime": "2026-01-15 16:00:00",
  "open": 1.16011,
  "high": 1.16021,
  "low": 1.1601,
  "close": 1.16015,
  "rollH20": 1.1623,
  "rollL20": 1.15935,
  "up2": false,
  "dn2": false,
  "source": "twelvedata_repo"
}