{
  "datetime": "2026-03-01 19:10:00",
  "open": 1.17682,
  "high": 1.17836,
  "low": 1.17617,
  "close": 1.1783,
  "rollH20": 1.18153,
  "rollL20": 1.17626,
  "up2": false,
  "dn2": false,
  "source": "twelvedata_repo"
}