{
  "datetime": "2025-10-28 23:45:00",
  "open": 1.16505,
  "high": 1.16506,
  "low": 1.16504,
  "close": 1.16505,
  "rollH20": 1.16542,
  "rollL20": 1.16513,
  "up2": false,
  "dn2": false,
  "source": "twelvedata_repo"
}