{
  "datetime": "2026-01-26 07:30:00",
  "open": 1.18566,
  "high": 1.18612,
  "low": 1.18566,
  "close": 1.18612,
  "rollH20": 1.18714,
  "rollL20": 1.18512,
  "up2": false,
  "dn2": false,
  "source": "twelvedata_repo"
}