{
  "datetime": "2025-10-30 17:25:00",
  "open": 1.15647,
  "high": 1.15648,
  "low": 1.15618,
  "close": 1.15624,
  "rollH20": 1.15773,
  "rollL20": 1.15598,
  "up2": false,
  "dn2": false,
  "source": "twelvedata_repo"
}