{
  "datetime": "2026-02-17 21:00:00",
  "open": 1.18521,
  "high": 1.18522,
  "low": 1.18517,
  "close": 1.18518,
  "rollH20": 1.18521,
  "rollL20": 1.18438,
  "up2": false,
  "dn2": false,
  "source": "twelvedata_repo"
}