{
  "datetime": "2026-04-29 02:05:00",
  "open": 1.17098,
  "high": 1.17117,
  "low": 1.17087,
  "close": 1.17097,
  "rollH20": 1.17208,
  "rollL20": 1.17087,
  "up2": false,
  "dn2": false,
  "source": "twelvedata_repo"
}