{
  "datetime": "2025-12-30 11:40:00",
  "open": 1.17753,
  "high": 1.17756,
  "low": 1.17753,
  "close": 1.17756,
  "rollH20": 1.17788,
  "rollL20": 1.17649,
  "up2": false,
  "dn2": false,
  "source": "twelvedata_repo"
}