{
  "datetime": "2026-06-07 22:40:00",
  "open": 1.15147,
  "high": 1.15227,
  "low": 1.1513,
  "close": 1.15192,
  "rollH20": 1.15249,
  "rollL20": 1.15099,
  "up2": false,
  "dn2": false,
  "source": "twelvedata_repo"
}