{
  "datetime": "2026-04-11 14:35:00",
  "open": 1.1725,
  "high": 1.17254,
  "low": 1.17249,
  "close": 1.1725,
  "rollH20": 1.17259,
  "rollL20": 1.17246,
  "up2": false,
  "dn2": false,
  "source": "twelvedata_repo"
}