{
  "datetime": "2026-03-17 00:20:00",
  "open": 1.14933,
  "high": 1.14936,
  "low": 1.14929,
  "close": 1.14929,
  "rollH20": 1.15013,
  "rollL20": 1.14922,
  "up2": false,
  "dn2": false,
  "source": "twelvedata_repo"
}