{
  "datetime": "2026-04-22 17:25:00",
  "open": 1.17132,
  "high": 1.17133,
  "low": 1.1711,
  "close": 1.17127,
  "rollH20": 1.17315,
  "rollL20": 1.17108,
  "up2": false,
  "dn2": false,
  "source": "twelvedata_repo"
}