{
  "datetime": "2026-02-19 08:05:00",
  "open": 1.1802,
  "high": 1.18026,
  "low": 1.1802,
  "close": 1.18024,
  "rollH20": 1.18038,
  "rollL20": 1.17926,
  "up2": false,
  "dn2": false,
  "source": "twelvedata_repo"
}