{
  "datetime": "2026-03-05 12:20:00",
  "open": 1.16129,
  "high": 1.16273,
  "low": 1.16129,
  "close": 1.162,
  "rollH20": 1.16154,
  "rollL20": 1.16047,
  "up2": false,
  "dn2": false,
  "source": "twelvedata_repo"
}