{
  "datetime": "2026-05-10 23:00:00",
  "open": 1.17638,
  "high": 1.17643,
  "low": 1.17595,
  "close": 1.17604,
  "rollH20": 1.17848,
  "rollL20": 1.17451,
  "up2": false,
  "dn2": false,
  "source": "twelvedata_repo"
}