{
  "datetime": "2026-01-23 18:00:00",
  "open": 1.17703,
  "high": 1.17706,
  "low": 1.17703,
  "close": 1.17704,
  "rollH20": 1.17751,
  "rollL20": 1.17467,
  "up2": false,
  "dn2": false,
  "source": "twelvedata_repo"
}