{
  "datetime": "2025-11-11 05:45:00",
  "open": 1.15583,
  "high": 1.15585,
  "low": 1.15583,
  "close": 1.15585,
  "rollH20": 1.15593,
  "rollL20": 1.15552,
  "up2": false,
  "dn2": false,
  "source": "twelvedata_repo"
}