{
  "datetime": "2026-05-29 20:15:00",
  "open": 1.16685,
  "high": 1.16685,
  "low": 1.16678,
  "close": 1.16682,
  "rollH20": 1.16695,
  "rollL20": 1.16615,
  "up2": false,
  "dn2": false,
  "source": "twelvedata_repo"
}