{
  "datetime": "2026-03-15 21:00:00",
  "open": 1.14236,
  "high": 1.14241,
  "low": 1.14216,
  "close": 1.14216,
  "rollH20": 1.14309,
  "rollL20": 1.14157,
  "up2": false,
  "dn2": false,
  "source": "twelvedata_repo"
}