{
  "datetime": "2025-11-13 11:30:00",
  "open": 1.1618,
  "high": 1.16183,
  "low": 1.16168,
  "close": 1.16168,
  "rollH20": 1.16347,
  "rollL20": 1.16108,
  "up2": false,
  "dn2": false,
  "source": "twelvedata_repo"
}