{
  "datetime": "2025-12-25 20:40:00",
  "open": 1.17826,
  "high": 1.17829,
  "low": 1.17805,
  "close": 1.17806,
  "rollH20": 1.17906,
  "rollL20": 1.1779,
  "up2": false,
  "dn2": false,
  "source": "twelvedata_repo"
}