{
  "datetime": "2025-10-29 10:40:00",
  "open": 1.16366,
  "high": 1.16399,
  "low": 1.16362,
  "close": 1.16372,
  "rollH20": 1.16376,
  "rollL20": 1.1619,
  "up2": false,
  "dn2": false,
  "source": "twelvedata_repo"
}