{
  "datetime": "2026-03-01 17:05:00",
  "open": 1.18099,
  "high": 1.18104,
  "low": 1.18097,
  "close": 1.181,
  "rollH20": 1.1811,
  "rollL20": 1.1808,
  "up2": false,
  "dn2": false,
  "source": "twelvedata_repo"
}