{
  "datetime": "2026-04-14 07:55:00",
  "open": 1.17745,
  "high": 1.17776,
  "low": 1.17745,
  "close": 1.17769,
  "rollH20": 1.1775,
  "rollL20": 1.17583,
  "up2": false,
  "dn2": false,
  "source": "twelvedata_repo"
}