{
  "datetime": "2026-06-07 22:10:00",
  "open": 1.15151,
  "high": 1.15231,
  "low": 1.15148,
  "close": 1.15149,
  "rollH20": 1.15249,
  "rollL20": 1.15099,
  "up2": false,
  "dn2": false,
  "source": "twelvedata_repo"
}