{
  "datetime": "2025-12-29 16:25:00",
  "open": 1.17823,
  "high": 1.17835,
  "low": 1.17822,
  "close": 1.17835,
  "rollH20": 1.17889,
  "rollL20": 1.17668,
  "up2": false,
  "dn2": false,
  "source": "twelvedata_repo"
}