{
  "datetime": "2026-07-16 12:45:00",
  "open": 1.1464,
  "high": 1.14658,
  "low": 1.1464,
  "close": 1.14656,
  "rollH20": 1.14683,
  "rollL20": 1.14579,
  "up2": false,
  "dn2": false,
  "source": "twelvedata_repo"
}