{
  "datetime": "2026-04-24 06:05:00",
  "open": 1.16796,
  "high": 1.16798,
  "low": 1.16775,
  "close": 1.1678,
  "rollH20": 1.16815,
  "rollL20": 1.16738,
  "up2": false,
  "dn2": false,
  "source": "twelvedata_repo"
}