{
  "datetime": "2026-03-15 18:25:00",
  "open": 1.14138,
  "high": 1.14149,
  "low": 1.14095,
  "close": 1.1414,
  "rollH20": 1.14236,
  "rollL20": 1.13515,
  "up2": false,
  "dn2": false,
  "source": "twelvedata_repo"
}