{
  "datetime": "2025-11-19 06:45:00",
  "open": 1.15881,
  "high": 1.15895,
  "low": 1.15881,
  "close": 1.15891,
  "rollH20": 1.15888,
  "rollL20": 1.15793,
  "up2": false,
  "dn2": false,
  "source": "twelvedata_repo"
}