{
  "datetime": "2025-12-02 12:15:00",
  "open": 1.16069,
  "high": 1.16073,
  "low": 1.16052,
  "close": 1.16062,
  "rollH20": 1.16136,
  "rollL20": 1.15996,
  "up2": false,
  "dn2": false,
  "source": "twelvedata_repo"
}