{
  "datetime": "2026-02-17 22:10:00",
  "open": 1.18527,
  "high": 1.18531,
  "low": 1.18522,
  "close": 1.18525,
  "rollH20": 1.18553,
  "rollL20": 1.18481,
  "up2": false,
  "dn2": false,
  "source": "twelvedata_repo"
}