{
  "datetime": "2025-12-02 21:45:00",
  "open": 1.1623,
  "high": 1.16236,
  "low": 1.16228,
  "close": 1.16233,
  "rollH20": 1.16263,
  "rollL20": 1.16108,
  "up2": false,
  "dn2": false,
  "source": "twelvedata_repo"
}