{
  "datetime": "2026-04-12 17:55:00",
  "open": 1.17266,
  "high": 1.17271,
  "low": 1.17265,
  "close": 1.17265,
  "rollH20": 1.17298,
  "rollL20": 1.17227,
  "up2": false,
  "dn2": false,
  "source": "twelvedata_repo"
}