{
  "datetime": "2025-12-04 19:45:00",
  "open": 1.16591,
  "high": 1.16598,
  "low": 1.16567,
  "close": 1.16569,
  "rollH20": 1.16604,
  "rollL20": 1.16534,
  "up2": false,
  "dn2": false,
  "source": "twelvedata_repo"
}