{
  "datetime": "2025-12-24 13:55:00",
  "open": 1.17895,
  "high": 1.17899,
  "low": 1.17849,
  "close": 1.17849,
  "rollH20": 1.17981,
  "rollL20": 1.17853,
  "up2": false,
  "dn2": false,
  "source": "twelvedata_repo"
}