{
  "datetime": "2026-07-15 11:45:00",
  "open": 1.14113,
  "high": 1.14149,
  "low": 1.14109,
  "close": 1.14147,
  "rollH20": 1.14264,
  "rollL20": 1.14112,
  "up2": false,
  "dn2": false,
  "source": "twelvedata_repo"
}