{
  "datetime": "2026-07-02 22:50:00",
  "open": 1.14321,
  "high": 1.14324,
  "low": 1.14316,
  "close": 1.14324,
  "rollH20": 1.14364,
  "rollL20": 1.14311,
  "up2": false,
  "dn2": false,
  "source": "twelvedata_repo"
}