{
  "datetime": "2026-05-23 13:10:00",
  "open": 1.16037,
  "high": 1.16041,
  "low": 1.16029,
  "close": 1.1603,
  "rollH20": 1.16063,
  "rollL20": 1.16013,
  "up2": false,
  "dn2": false,
  "source": "twelvedata_repo"
}