{
  "datetime": "2025-11-28 07:50:00",
  "open": 1.15833,
  "high": 1.15837,
  "low": 1.15825,
  "close": 1.15829,
  "rollH20": 1.15919,
  "rollL20": 1.15835,
  "up2": false,
  "dn2": false,
  "source": "twelvedata_repo"
}