{
  "datetime": "2025-10-16 09:30:00",
  "open": 1.16562,
  "high": 1.16562,
  "low": 1.16542,
  "close": 1.16557,
  "rollH20": 1.16587,
  "rollL20": 1.16432,
  "up2": false,
  "dn2": false,
  "source": "twelvedata_repo"
}