{
  "datetime": "2026-05-19 14:50:00",
  "open": 1.16098,
  "high": 1.16125,
  "low": 1.16098,
  "close": 1.16121,
  "rollH20": 1.16245,
  "rollL20": 1.16016,
  "up2": false,
  "dn2": false,
  "source": "twelvedata_repo"
}