{
  "datetime": "2025-11-25 21:40:00",
  "open": 1.15638,
  "high": 1.15648,
  "low": 1.15637,
  "close": 1.15637,
  "rollH20": 1.15855,
  "rollL20": 1.15638,
  "up2": false,
  "dn2": false,
  "source": "twelvedata_repo"
}