{
  "datetime": "2025-12-18 09:45:00",
  "open": 1.1731,
  "high": 1.17321,
  "low": 1.1731,
  "close": 1.17314,
  "rollH20": 1.17496,
  "rollL20": 1.17288,
  "up2": false,
  "dn2": false,
  "source": "twelvedata_repo"
}