{
  "datetime": "2026-02-16 20:55:00",
  "open": 1.18546,
  "high": 1.18552,
  "low": 1.1854,
  "close": 1.18542,
  "rollH20": 1.18558,
  "rollL20": 1.18519,
  "up2": false,
  "dn2": false,
  "source": "twelvedata_repo"
}