{
  "datetime": "2026-01-20 11:10:00",
  "open": 1.1729,
  "high": 1.17295,
  "low": 1.17256,
  "close": 1.17257,
  "rollH20": 1.17333,
  "rollL20": 1.16976,
  "up2": false,
  "dn2": false,
  "source": "twelvedata_repo"
}