{
  "datetime": "2025-09-17 18:55:00",
  "open": 1.18502,
  "high": 1.18538,
  "low": 1.18496,
  "close": 1.18499,
  "rollH20": 1.18562,
  "rollL20": 1.1845,
  "up2": false,
  "dn2": false,
  "source": "twelvedata_repo"
}