{
  "datetime": "2026-05-21 01:15:00",
  "open": 1.16262,
  "high": 1.16266,
  "low": 1.16259,
  "close": 1.16262,
  "rollH20": 1.16282,
  "rollL20": 1.16228,
  "up2": false,
  "dn2": false,
  "source": "twelvedata_repo"
}