{
  "datetime": "2025-12-08 22:25:00",
  "open": 1.1638,
  "high": 1.1638,
  "low": 1.16378,
  "close": 1.16378,
  "rollH20": 1.16417,
  "rollL20": 1.16371,
  "up2": false,
  "dn2": false,
  "source": "twelvedata_repo"
}