{
  "datetime": "2026-02-09 19:15:00",
  "open": 1.19125,
  "high": 1.19132,
  "low": 1.1912,
  "close": 1.19121,
  "rollH20": 1.19139,
  "rollL20": 1.18942,
  "up2": false,
  "dn2": false,
  "source": "twelvedata_repo"
}