{
  "datetime": "2025-11-25 07:35:00",
  "open": 1.15193,
  "high": 1.15193,
  "low": 1.15189,
  "close": 1.1519,
  "rollH20": 1.15205,
  "rollL20": 1.1512,
  "up2": false,
  "dn2": false,
  "source": "twelvedata_repo"
}