{
  "datetime": "2025-10-10 11:10:00",
  "open": 1.15745,
  "high": 1.15751,
  "low": 1.15742,
  "close": 1.15743,
  "rollH20": 1.15873,
  "rollL20": 1.15687,
  "up2": false,
  "dn2": false,
  "source": "twelvedata_repo"
}