{
  "datetime": "2026-01-06 17:30:00",
  "open": 1.1688,
  "high": 1.169,
  "low": 1.16879,
  "close": 1.16898,
  "rollH20": 1.17134,
  "rollL20": 1.16855,
  "up2": false,
  "dn2": false,
  "source": "twelvedata_repo"
}