{
  "datetime": "2026-02-01 10:55:00",
  "open": 1.18542,
  "high": 1.18545,
  "low": 1.18542,
  "close": 1.18545,
  "rollH20": 1.18552,
  "rollL20": 1.18541,
  "up2": false,
  "dn2": false,
  "source": "twelvedata_repo"
}