{
  "datetime": "2025-11-24 11:40:00",
  "open": 1.15386,
  "high": 1.15403,
  "low": 1.15386,
  "close": 1.1539,
  "rollH20": 1.1541,
  "rollL20": 1.15244,
  "up2": false,
  "dn2": false,
  "source": "twelvedata_repo"
}