{
  "datetime": "2025-12-08 06:45:00",
  "open": 1.16556,
  "high": 1.16563,
  "low": 1.16556,
  "close": 1.16563,
  "rollH20": 1.16561,
  "rollL20": 1.16514,
  "up2": false,
  "dn2": false,
  "source": "twelvedata_repo"
}