{
  "datetime": "2026-02-23 15:20:00",
  "open": 1.18058,
  "high": 1.18062,
  "low": 1.18055,
  "close": 1.18055,
  "rollH20": 1.18097,
  "rollL20": 1.1792,
  "up2": false,
  "dn2": false,
  "source": "twelvedata_repo"
}