{
  "datetime": "2026-04-27 06:10:00",
  "open": 1.1728,
  "high": 1.17284,
  "low": 1.17257,
  "close": 1.17257,
  "rollH20": 1.17322,
  "rollL20": 1.17258,
  "up2": false,
  "dn2": false,
  "source": "twelvedata_repo"
}