{
  "datetime": "2026-05-08 12:25:00",
  "open": 1.17662,
  "high": 1.17679,
  "low": 1.17653,
  "close": 1.17679,
  "rollH20": 1.17726,
  "rollL20": 1.17625,
  "up2": false,
  "dn2": false,
  "source": "twelvedata_repo"
}