{
  "datetime": "2025-09-05 15:30:00",
  "open": 1.17341,
  "high": 1.17389,
  "low": 1.17333,
  "close": 1.17364,
  "rollH20": 1.17594,
  "rollL20": 1.17139,
  "up2": false,
  "dn2": false,
  "source": "twelvedata_repo"
}