{
  "datetime": "2026-02-28 22:30:00",
  "open": 1.18166,
  "high": 1.18171,
  "low": 1.18164,
  "close": 1.18168,
  "rollH20": 1.18171,
  "rollL20": 1.1816,
  "up2": false,
  "dn2": false,
  "source": "twelvedata_repo"
}