{
  "datetime": "2026-03-29 10:35:00",
  "open": 1.15364,
  "high": 1.15369,
  "low": 1.15364,
  "close": 1.15364,
  "rollH20": 1.15418,
  "rollL20": 1.15315,
  "up2": false,
  "dn2": false,
  "source": "twelvedata_repo"
}