{
  "datetime": "2026-02-25 19:25:00",
  "open": 1.18066,
  "high": 1.1807,
  "low": 1.18044,
  "close": 1.18051,
  "rollH20": 1.1813,
  "rollL20": 1.1804,
  "up2": false,
  "dn2": false,
  "source": "twelvedata_repo"
}