{
  "datetime": "2026-03-23 00:40:00",
  "open": 1.15605,
  "high": 1.15619,
  "low": 1.15605,
  "close": 1.15619,
  "rollH20": 1.15644,
  "rollL20": 1.15427,
  "up2": false,
  "dn2": false,
  "source": "twelvedata_repo"
}