{
  "datetime": "2025-09-03 10:30:00",
  "open": 1.16561,
  "high": 1.16578,
  "low": 1.16556,
  "close": 1.16563,
  "rollH20": 1.16608,
  "rollL20": 1.16288,
  "up2": false,
  "dn2": false,
  "source": "twelvedata_repo"
}