{
  "datetime": "2025-11-13 12:55:00",
  "open": 1.16063,
  "high": 1.16088,
  "low": 1.16056,
  "close": 1.16062,
  "rollH20": 1.16236,
  "rollL20": 1.16061,
  "up2": false,
  "dn2": false,
  "source": "twelvedata_repo"
}