{
  "datetime": "2026-02-25 09:50:00",
  "open": 1.17865,
  "high": 1.1788,
  "low": 1.17864,
  "close": 1.1788,
  "rollH20": 1.1798,
  "rollL20": 1.1786,
  "up2": false,
  "dn2": false,
  "source": "twelvedata_repo"
}