{
  "datetime": "2025-12-11 12:50:00",
  "open": 1.1715,
  "high": 1.17162,
  "low": 1.17147,
  "close": 1.17152,
  "rollH20": 1.17176,
  "rollL20": 1.17017,
  "up2": false,
  "dn2": false,
  "source": "twelvedata_repo"
}