{
  "datetime": "2026-01-24 10:55:00",
  "open": 1.18231,
  "high": 1.18232,
  "low": 1.18231,
  "close": 1.18232,
  "rollH20": 1.18242,
  "rollL20": 1.18229,
  "up2": false,
  "dn2": false,
  "source": "twelvedata_repo"
}