{
  "datetime": "2026-05-07 12:30:00",
  "open": 1.17646,
  "high": 1.17658,
  "low": 1.17636,
  "close": 1.17656,
  "rollH20": 1.17781,
  "rollL20": 1.17628,
  "up2": false,
  "dn2": false,
  "source": "twelvedata_repo"
}