{
  "datetime": "2025-10-13 06:55:00",
  "open": 1.16136,
  "high": 1.16138,
  "low": 1.16135,
  "close": 1.16138,
  "rollH20": 1.16251,
  "rollL20": 1.16129,
  "up2": false,
  "dn2": false,
  "source": "twelvedata_repo"
}