{
  "datetime": "2026-02-18 16:25:00",
  "open": 1.18145,
  "high": 1.18155,
  "low": 1.18133,
  "close": 1.18133,
  "rollH20": 1.18263,
  "rollL20": 1.18137,
  "up2": false,
  "dn2": false,
  "source": "twelvedata_repo"
}