{
  "datetime": "2026-01-12 19:35:00",
  "open": 1.16711,
  "high": 1.16714,
  "low": 1.16709,
  "close": 1.16714,
  "rollH20": 1.16752,
  "rollL20": 1.16657,
  "up2": false,
  "dn2": false,
  "source": "twelvedata_repo"
}