{
  "datetime": "2026-02-28 17:55:00",
  "open": 1.18157,
  "high": 1.18162,
  "low": 1.18155,
  "close": 1.18156,
  "rollH20": 1.18162,
  "rollL20": 1.18121,
  "up2": false,
  "dn2": false,
  "source": "twelvedata_repo"
}