{
  "datetime": "2025-10-08 20:30:00",
  "open": 1.16242,
  "high": 1.16254,
  "low": 1.16242,
  "close": 1.16254,
  "rollH20": 1.16256,
  "rollL20": 1.15996,
  "up2": false,
  "dn2": false,
  "source": "twelvedata_repo"
}