{
  "datetime": "2026-01-21 05:55:00",
  "open": 1.17186,
  "high": 1.17197,
  "low": 1.17186,
  "close": 1.17197,
  "rollH20": 1.1723,
  "rollL20": 1.17122,
  "up2": false,
  "dn2": false,
  "source": "twelvedata_repo"
}