{
  "datetime": "2025-09-11 11:45:00",
  "open": 1.1686,
  "high": 1.1686,
  "low": 1.16853,
  "close": 1.16853,
  "rollH20": 1.1691,
  "rollL20": 1.16774,
  "up2": false,
  "dn2": false,
  "source": "twelvedata_repo"
}