{
  "datetime": "2026-01-17 17:50:00",
  "open": 1.16049,
  "high": 1.16051,
  "low": 1.16049,
  "close": 1.1605,
  "rollH20": 1.16054,
  "rollL20": 1.16028,
  "up2": false,
  "dn2": false,
  "source": "twelvedata_repo"
}