{
  "datetime": "2026-03-26 11:25:00",
  "open": 1.15626,
  "high": 1.15635,
  "low": 1.15624,
  "close": 1.15635,
  "rollH20": 1.15656,
  "rollL20": 1.15539,
  "up2": false,
  "dn2": false,
  "source": "twelvedata_repo"
}