{
  "datetime": "2026-07-16 03:10:00",
  "open": 1.14641,
  "high": 1.14651,
  "low": 1.14607,
  "close": 1.14612,
  "rollH20": 1.14747,
  "rollL20": 1.14638,
  "up2": false,
  "dn2": false,
  "source": "twelvedata_repo"
}