{
  "datetime": "2026-04-24 10:00:00",
  "open": 1.16896,
  "high": 1.16911,
  "low": 1.16885,
  "close": 1.16886,
  "rollH20": 1.16958,
  "rollL20": 1.16792,
  "up2": false,
  "dn2": false,
  "source": "twelvedata_repo"
}