{
  "datetime": "2025-11-06 22:10:00",
  "open": 1.15467,
  "high": 1.15478,
  "low": 1.15464,
  "close": 1.15478,
  "rollH20": 1.15524,
  "rollL20": 1.15425,
  "up2": false,
  "dn2": false,
  "source": "twelvedata_repo"
}