{
  "datetime": "2026-04-30 20:45:00",
  "open": 1.17374,
  "high": 1.1738,
  "low": 1.17367,
  "close": 1.17379,
  "rollH20": 1.17405,
  "rollL20": 1.17261,
  "up2": false,
  "dn2": false,
  "source": "twelvedata_repo"
}