{
  "datetime": "2025-12-08 13:15:00",
  "open": 1.16502,
  "high": 1.16505,
  "low": 1.16495,
  "close": 1.16502,
  "rollH20": 1.16533,
  "rollL20": 1.16483,
  "up2": false,
  "dn2": false,
  "source": "twelvedata_repo"
}