{
  "datetime": "2025-12-17 10:50:00",
  "open": 1.17151,
  "high": 1.1721,
  "low": 1.17149,
  "close": 1.17193,
  "rollH20": 1.17211,
  "rollL20": 1.17072,
  "up2": false,
  "dn2": false,
  "source": "twelvedata_repo"
}