{
  "datetime": "2026-01-12 21:50:00",
  "open": 1.16666,
  "high": 1.16666,
  "low": 1.16649,
  "close": 1.16655,
  "rollH20": 1.16743,
  "rollL20": 1.16661,
  "up2": false,
  "dn2": false,
  "source": "twelvedata_repo"
}