{
  "datetime": "2025-09-26 12:35:00",
  "open": 1.16702,
  "high": 1.16725,
  "low": 1.16698,
  "close": 1.16703,
  "rollH20": 1.16811,
  "rollL20": 1.16618,
  "up2": false,
  "dn2": false,
  "source": "twelvedata_repo"
}