{
  "datetime": "2026-01-08 20:55:00",
  "open": 1.16504,
  "high": 1.16514,
  "low": 1.16492,
  "close": 1.16493,
  "rollH20": 1.16525,
  "rollL20": 1.16424,
  "up2": false,
  "dn2": false,
  "source": "twelvedata_repo"
}