{
  "datetime": "2026-02-22 21:55:00",
  "open": 1.1796,
  "high": 1.17961,
  "low": 1.17885,
  "close": 1.17914,
  "rollH20": 1.17995,
  "rollL20": 1.178,
  "up2": false,
  "dn2": false,
  "source": "twelvedata_repo"
}