{
  "datetime": "2026-07-15 11:05:00",
  "open": 1.14173,
  "high": 1.14183,
  "low": 1.14173,
  "close": 1.14181,
  "rollH20": 1.1427,
  "rollL20": 1.14166,
  "up2": false,
  "dn2": false,
  "source": "twelvedata_repo"
}