{
  "datetime": "2026-06-23 23:30:00",
  "open": 1.13802,
  "high": 1.13811,
  "low": 1.13795,
  "close": 1.13808,
  "rollH20": 1.13848,
  "rollL20": 1.13792,
  "up2": false,
  "dn2": false,
  "source": "twelvedata_repo"
}