{
  "datetime": "2026-02-26 13:20:00",
  "open": 1.18158,
  "high": 1.18163,
  "low": 1.18158,
  "close": 1.18161,
  "rollH20": 1.18161,
  "rollL20": 1.18005,
  "up2": false,
  "dn2": false,
  "source": "twelvedata_repo"
}