{
  "datetime": "2026-02-01 06:45:00",
  "open": 1.18544,
  "high": 1.18548,
  "low": 1.18544,
  "close": 1.18544,
  "rollH20": 1.18554,
  "rollL20": 1.18544,
  "up2": false,
  "dn2": false,
  "source": "twelvedata_repo"
}