{
  "datetime": "2025-10-22 23:20:00",
  "open": 1.16171,
  "high": 1.16171,
  "low": 1.16171,
  "close": 1.16171,
  "rollH20": 1.16184,
  "rollL20": 1.16079,
  "up2": false,
  "dn2": false,
  "source": "twelvedata_repo"
}