{
  "datetime": "2025-10-06 00:55:00",
  "open": 1.17137,
  "high": 1.17151,
  "low": 1.17137,
  "close": 1.17151,
  "rollH20": 1.17423,
  "rollL20": 1.1711,
  "up2": false,
  "dn2": false,
  "source": "twelvedata_repo"
}