{
  "datetime": "2025-12-01 19:55:00",
  "open": 1.1613,
  "high": 1.1615,
  "low": 1.16127,
  "close": 1.16128,
  "rollH20": 1.16288,
  "rollL20": 1.16124,
  "up2": false,
  "dn2": false,
  "source": "twelvedata_repo"
}