{
  "datetime": "2025-11-19 16:35:00",
  "open": 1.15482,
  "high": 1.15512,
  "low": 1.1548,
  "close": 1.15504,
  "rollH20": 1.15749,
  "rollL20": 1.1547,
  "up2": false,
  "dn2": false,
  "source": "twelvedata_repo"
}