{
  "datetime": "2026-05-17 11:20:00",
  "open": 1.16241,
  "high": 1.16246,
  "low": 1.1624,
  "close": 1.16243,
  "rollH20": 1.16247,
  "rollL20": 1.16225,
  "up2": false,
  "dn2": false,
  "source": "twelvedata_repo"
}