{
  "datetime": "2026-02-11 00:50:00",
  "open": 1.18879,
  "high": 1.18894,
  "low": 1.18879,
  "close": 1.1889,
  "rollH20": 1.18981,
  "rollL20": 1.18861,
  "up2": false,
  "dn2": false,
  "source": "twelvedata_repo"
}