{
  "datetime": "2026-03-09 20:45:00",
  "open": 1.16236,
  "high": 1.1628,
  "low": 1.16236,
  "close": 1.16265,
  "rollH20": 1.16302,
  "rollL20": 1.15792,
  "up2": false,
  "dn2": false,
  "source": "twelvedata_repo"
}