{
  "datetime": "2026-01-19 18:45:00",
  "open": 1.16449,
  "high": 1.16471,
  "low": 1.16449,
  "close": 1.16468,
  "rollH20": 1.16478,
  "rollL20": 1.16378,
  "up2": false,
  "dn2": false,
  "source": "twelvedata_repo"
}