{
  "datetime": "2026-01-23 20:10:00",
  "open": 1.17978,
  "high": 1.17991,
  "low": 1.17977,
  "close": 1.17991,
  "rollH20": 1.17983,
  "rollL20": 1.17787,
  "up2": false,
  "dn2": false,
  "source": "twelvedata_repo"
}