{
  "datetime": "2025-12-25 20:30:00",
  "open": 1.17816,
  "high": 1.17832,
  "low": 1.17816,
  "close": 1.17832,
  "rollH20": 1.17906,
  "rollL20": 1.1779,
  "up2": false,
  "dn2": false,
  "source": "twelvedata_repo"
}