{
  "datetime": "2025-12-15 16:15:00",
  "open": 1.17642,
  "high": 1.17653,
  "low": 1.17642,
  "close": 1.17653,
  "rollH20": 1.17691,
  "rollL20": 1.17437,
  "up2": false,
  "dn2": false,
  "source": "twelvedata_repo"
}