{
  "datetime": "2025-12-31 12:10:00",
  "open": 1.17397,
  "high": 1.17411,
  "low": 1.17397,
  "close": 1.17405,
  "rollH20": 1.17428,
  "rollL20": 1.17289,
  "up2": false,
  "dn2": false,
  "source": "twelvedata_repo"
}