{
  "datetime": "2026-02-23 12:45:00",
  "open": 1.17774,
  "high": 1.17789,
  "low": 1.17774,
  "close": 1.17789,
  "rollH20": 1.17986,
  "rollL20": 1.17752,
  "up2": false,
  "dn2": false,
  "source": "twelvedata_repo"
}