{
  "datetime": "2025-11-26 19:10:00",
  "open": 1.1595,
  "high": 1.1597,
  "low": 1.15948,
  "close": 1.15959,
  "rollH20": 1.16006,
  "rollL20": 1.15857,
  "up2": false,
  "dn2": false,
  "source": "twelvedata_repo"
}