{
  "datetime": "2025-12-09 06:55:00",
  "open": 1.16498,
  "high": 1.16498,
  "low": 1.16496,
  "close": 1.16498,
  "rollH20": 1.16504,
  "rollL20": 1.16442,
  "up2": false,
  "dn2": false,
  "source": "twelvedata_repo"
}