{
  "datetime": "2026-02-12 06:40:00",
  "open": 1.18597,
  "high": 1.18611,
  "low": 1.18596,
  "close": 1.18611,
  "rollH20": 1.18724,
  "rollL20": 1.18588,
  "up2": false,
  "dn2": false,
  "source": "twelvedata_repo"
}