{
  "datetime": "2025-11-12 09:10:00",
  "open": 1.15834,
  "high": 1.1584,
  "low": 1.1583,
  "close": 1.1583,
  "rollH20": 1.15887,
  "rollL20": 1.15786,
  "up2": false,
  "dn2": false,
  "source": "twelvedata_repo"
}