{
  "datetime": "2026-01-31 10:40:00",
  "open": 1.186,
  "high": 1.18605,
  "low": 1.18599,
  "close": 1.18605,
  "rollH20": 1.18614,
  "rollL20": 1.18586,
  "up2": false,
  "dn2": false,
  "source": "twelvedata_repo"
}