{
  "datetime": "2026-05-04 14:25:00",
  "open": 1.17075,
  "high": 1.17085,
  "low": 1.17059,
  "close": 1.1707,
  "rollH20": 1.17126,
  "rollL20": 1.16928,
  "up2": false,
  "dn2": false,
  "source": "twelvedata_repo"
}