{
  "datetime": "2026-05-06 17:45:00",
  "open": 1.17509,
  "high": 1.17512,
  "low": 1.17499,
  "close": 1.17501,
  "rollH20": 1.17577,
  "rollL20": 1.17496,
  "up2": false,
  "dn2": false,
  "source": "twelvedata_repo"
}