{
  "datetime": "2025-12-11 00:35:00",
  "open": 1.16994,
  "high": 1.17008,
  "low": 1.16994,
  "close": 1.17006,
  "rollH20": 1.17004,
  "rollL20": 1.169,
  "up2": false,
  "dn2": false,
  "source": "twelvedata_repo"
}