{
  "datetime": "2026-05-05 13:10:00",
  "open": 1.16869,
  "high": 1.16873,
  "low": 1.16865,
  "close": 1.16866,
  "rollH20": 1.16956,
  "rollL20": 1.16843,
  "up2": false,
  "dn2": false,
  "source": "twelvedata_repo"
}