{
  "datetime": "2025-10-06 14:35:00",
  "open": 1.16849,
  "high": 1.16861,
  "low": 1.16846,
  "close": 1.1686,
  "rollH20": 1.16953,
  "rollL20": 1.1673,
  "up2": false,
  "dn2": false,
  "source": "twelvedata_repo"
}