{
  "datetime": "2026-06-25 04:20:00",
  "open": 1.13672,
  "high": 1.13678,
  "low": 1.13654,
  "close": 1.13676,
  "rollH20": 1.13674,
  "rollL20": 1.13568,
  "up2": false,
  "dn2": false,
  "source": "twelvedata_repo"
}