{
  "datetime": "2025-12-10 16:10:00",
  "open": 1.16483,
  "high": 1.16491,
  "low": 1.16482,
  "close": 1.16489,
  "rollH20": 1.16508,
  "rollL20": 1.16336,
  "up2": false,
  "dn2": false,
  "source": "twelvedata_repo"
}