{
  "datetime": "2025-11-07 06:40:00",
  "open": 1.15361,
  "high": 1.15369,
  "low": 1.1536,
  "close": 1.15368,
  "rollH20": 1.15385,
  "rollL20": 1.15328,
  "up2": false,
  "dn2": false,
  "source": "twelvedata_repo"
}