{
  "datetime": "2026-05-18 17:35:00",
  "open": 1.16525,
  "high": 1.16541,
  "low": 1.16522,
  "close": 1.16535,
  "rollH20": 1.1656,
  "rollL20": 1.16335,
  "up2": false,
  "dn2": false,
  "source": "twelvedata_repo"
}