{
  "datetime": "2025-12-12 04:55:00",
  "open": 1.17365,
  "high": 1.17366,
  "low": 1.1735,
  "close": 1.17351,
  "rollH20": 1.17381,
  "rollL20": 1.17334,
  "up2": false,
  "dn2": false,
  "source": "twelvedata_repo"
}