{
  "datetime": "2025-11-25 19:20:00",
  "open": 1.15795,
  "high": 1.15852,
  "low": 1.15795,
  "close": 1.1583,
  "rollH20": 1.15854,
  "rollL20": 1.15512,
  "up2": false,
  "dn2": false,
  "source": "twelvedata_repo"
}