{
  "datetime": "2026-01-08 00:40:00",
  "open": 1.16757,
  "high": 1.16761,
  "low": 1.16757,
  "close": 1.16758,
  "rollH20": 1.16789,
  "rollL20": 1.16722,
  "up2": false,
  "dn2": false,
  "source": "twelvedata_repo"
}