{
  "datetime": "2026-06-30 14:15:00",
  "open": 1.14003,
  "high": 1.14038,
  "low": 1.13995,
  "close": 1.14034,
  "rollH20": 1.14038,
  "rollL20": 1.13847,
  "up2": false,
  "dn2": false,
  "source": "twelvedata_repo"
}