{
  "datetime": "2025-12-16 21:45:00",
  "open": 1.17576,
  "high": 1.17595,
  "low": 1.17576,
  "close": 1.17585,
  "rollH20": 1.17631,
  "rollL20": 1.17363,
  "up2": false,
  "dn2": false,
  "source": "twelvedata_repo"
}