{
  "datetime": "2026-02-20 00:40:00",
  "open": 1.1768,
  "high": 1.17683,
  "low": 1.17673,
  "close": 1.17682,
  "rollH20": 1.17762,
  "rollL20": 1.17673,
  "up2": false,
  "dn2": false,
  "source": "twelvedata_repo"
}