{
  "datetime": "2025-11-28 10:45:00",
  "open": 1.15771,
  "high": 1.15776,
  "low": 1.1577,
  "close": 1.1577,
  "rollH20": 1.158,
  "rollL20": 1.15678,
  "up2": false,
  "dn2": false,
  "source": "twelvedata_repo"
}