{
  "datetime": "2026-01-14 06:55:00",
  "open": 1.16432,
  "high": 1.16436,
  "low": 1.16422,
  "close": 1.16427,
  "rollH20": 1.16472,
  "rollL20": 1.16421,
  "up2": false,
  "dn2": false,
  "source": "twelvedata_repo"
}