{
  "datetime": "2026-01-25 07:00:00",
  "open": 1.18244,
  "high": 1.18248,
  "low": 1.18244,
  "close": 1.18245,
  "rollH20": 1.18249,
  "rollL20": 1.18215,
  "up2": false,
  "dn2": false,
  "source": "twelvedata_repo"
}