{
  "datetime": "2026-03-25 18:10:00",
  "open": 1.1567,
  "high": 1.15683,
  "low": 1.1567,
  "close": 1.15679,
  "rollH20": 1.15772,
  "rollL20": 1.15553,
  "up2": false,
  "dn2": false,
  "source": "twelvedata_repo"
}