{
  "datetime": "2026-06-25 07:15:00",
  "open": 1.13634,
  "high": 1.13643,
  "low": 1.13634,
  "close": 1.13641,
  "rollH20": 1.13695,
  "rollL20": 1.13594,
  "up2": false,
  "dn2": false,
  "source": "twelvedata_repo"
}