{
  "datetime": "2026-05-09 20:40:00",
  "open": 1.17842,
  "high": 1.17925,
  "low": 1.17841,
  "close": 1.1785,
  "rollH20": 1.17927,
  "rollL20": 1.17834,
  "up2": false,
  "dn2": false,
  "source": "twelvedata_repo"
}