{
  "datetime": "2026-03-23 21:40:00",
  "open": 1.16119,
  "high": 1.16126,
  "low": 1.16113,
  "close": 1.16124,
  "rollH20": 1.16365,
  "rollL20": 1.16093,
  "up2": false,
  "dn2": false,
  "source": "twelvedata_repo"
}