{
  "datetime": "2025-10-01 22:45:00",
  "open": 1.17311,
  "high": 1.17317,
  "low": 1.17308,
  "close": 1.17317,
  "rollH20": 1.17323,
  "rollL20": 1.17237,
  "up2": false,
  "dn2": false,
  "source": "twelvedata_repo"
}