{
  "datetime": "2026-05-22 11:50:00",
  "open": 1.15977,
  "high": 1.15982,
  "low": 1.15953,
  "close": 1.15963,
  "rollH20": 1.16086,
  "rollL20": 1.15965,
  "up2": false,
  "dn2": false,
  "source": "twelvedata_repo"
}