{
  "datetime": "2025-11-13 13:50:00",
  "open": 1.16193,
  "high": 1.16223,
  "low": 1.1619,
  "close": 1.16213,
  "rollH20": 1.16206,
  "rollL20": 1.16056,
  "up2": false,
  "dn2": false,
  "source": "twelvedata_repo"
}