{
  "datetime": "2025-09-16 18:55:00",
  "open": 1.18682,
  "high": 1.18684,
  "low": 1.18653,
  "close": 1.18655,
  "rollH20": 1.18782,
  "rollL20": 1.18551,
  "up2": false,
  "dn2": false,
  "source": "twelvedata_repo"
}