{
  "datetime": "2026-04-01 00:15:00",
  "open": 1.15608,
  "high": 1.15638,
  "low": 1.15607,
  "close": 1.15631,
  "rollH20": 1.1561,
  "rollL20": 1.1553,
  "up2": false,
  "dn2": false,
  "source": "twelvedata_repo"
}