{
  "datetime": "2025-11-26 21:25:00",
  "open": 1.15966,
  "high": 1.15975,
  "low": 1.15964,
  "close": 1.15973,
  "rollH20": 1.15969,
  "rollL20": 1.15907,
  "up2": false,
  "dn2": false,
  "source": "twelvedata_repo"
}