{
  "datetime": "2025-10-31 08:40:00",
  "open": 1.15607,
  "high": 1.15607,
  "low": 1.15579,
  "close": 1.15593,
  "rollH20": 1.15735,
  "rollL20": 1.15553,
  "up2": false,
  "dn2": false,
  "source": "twelvedata_repo"
}