{
  "datetime": "2025-09-24 00:55:00",
  "open": 1.18137,
  "high": 1.18139,
  "low": 1.18137,
  "close": 1.18139,
  "rollH20": 1.18174,
  "rollL20": 1.18127,
  "up2": false,
  "dn2": false,
  "source": "twelvedata_repo"
}