{
  "datetime": "2026-02-18 21:15:00",
  "open": 1.17861,
  "high": 1.17865,
  "low": 1.17851,
  "close": 1.17863,
  "rollH20": 1.17905,
  "rollL20": 1.17826,
  "up2": false,
  "dn2": false,
  "source": "twelvedata_repo"
}