{
  "datetime": "2025-09-09 19:55:00",
  "open": 1.17057,
  "high": 1.17078,
  "low": 1.17048,
  "close": 1.17067,
  "rollH20": 1.17217,
  "rollL20": 1.17042,
  "up2": false,
  "dn2": false,
  "source": "twelvedata_repo"
}