{
  "datetime": "2025-10-30 19:25:00",
  "open": 1.15657,
  "high": 1.15665,
  "low": 1.15652,
  "close": 1.15652,
  "rollH20": 1.15714,
  "rollL20": 1.15608,
  "up2": false,
  "dn2": false,
  "source": "twelvedata_repo"
}