{
  "datetime": "2026-06-28 14:50:00",
  "open": 1.13871,
  "high": 1.13876,
  "low": 1.13869,
  "close": 1.1387,
  "rollH20": 1.13904,
  "rollL20": 1.13858,
  "up2": false,
  "dn2": false,
  "source": "twelvedata_repo"
}