{
  "datetime": "2026-04-10 02:00:00",
  "open": 1.16869,
  "high": 1.1688,
  "low": 1.16869,
  "close": 1.1688,
  "rollH20": 1.16959,
  "rollL20": 1.16861,
  "up2": false,
  "dn2": false,
  "source": "twelvedata_repo"
}