{
  "datetime": "2026-05-30 16:20:00",
  "open": 1.16594,
  "high": 1.16595,
  "low": 1.16594,
  "close": 1.16595,
  "rollH20": 1.16604,
  "rollL20": 1.16585,
  "up2": false,
  "dn2": false,
  "source": "twelvedata_repo"
}