{
  "datetime": "2026-01-12 23:45:00",
  "open": 1.16698,
  "high": 1.16701,
  "low": 1.16672,
  "close": 1.16678,
  "rollH20": 1.1671,
  "rollL20": 1.16652,
  "up2": false,
  "dn2": false,
  "source": "twelvedata_repo"
}