{
  "datetime": "2026-02-12 02:40:00",
  "open": 1.18782,
  "high": 1.18793,
  "low": 1.1878,
  "close": 1.1879,
  "rollH20": 1.18806,
  "rollL20": 1.18672,
  "up2": false,
  "dn2": false,
  "source": "twelvedata_repo"
}