{
  "datetime": "2026-03-21 21:10:00",
  "open": 1.15838,
  "high": 1.1584,
  "low": 1.15838,
  "close": 1.15838,
  "rollH20": 1.15932,
  "rollL20": 1.15836,
  "up2": false,
  "dn2": false,
  "source": "twelvedata_repo"
}