{
  "datetime": "2026-03-05 19:45:00",
  "open": 1.15767,
  "high": 1.1577,
  "low": 1.1574,
  "close": 1.15751,
  "rollH20": 1.15912,
  "rollL20": 1.15708,
  "up2": false,
  "dn2": false,
  "source": "twelvedata_repo"
}