{
  "datetime": "2026-03-06 05:55:00",
  "open": 1.16089,
  "high": 1.1609,
  "low": 1.16089,
  "close": 1.16089,
  "rollH20": 1.16212,
  "rollL20": 1.16075,
  "up2": false,
  "dn2": false,
  "source": "twelvedata_repo"
}