{
  "datetime": "2026-06-09 12:10:00",
  "open": 1.15696,
  "high": 1.15696,
  "low": 1.15679,
  "close": 1.15695,
  "rollH20": 1.157,
  "rollL20": 1.15557,
  "up2": false,
  "dn2": false,
  "source": "twelvedata_repo"
}