{
  "datetime": "2026-05-11 04:30:00",
  "open": 1.17578,
  "high": 1.17579,
  "low": 1.17575,
  "close": 1.17575,
  "rollH20": 1.17661,
  "rollL20": 1.17569,
  "up2": false,
  "dn2": false,
  "source": "twelvedata_repo"
}