{
  "datetime": "2025-10-21 20:35:00",
  "open": 1.16036,
  "high": 1.16037,
  "low": 1.16036,
  "close": 1.16037,
  "rollH20": 1.16084,
  "rollL20": 1.16022,
  "up2": false,
  "dn2": false,
  "source": "twelvedata_repo"
}