{
  "datetime": "2025-12-29 08:55:00",
  "open": 1.17763,
  "high": 1.17778,
  "low": 1.17763,
  "close": 1.17778,
  "rollH20": 1.17769,
  "rollL20": 1.17553,
  "up2": false,
  "dn2": false,
  "source": "twelvedata_repo"
}