{
  "datetime": "2026-01-27 17:55:00",
  "open": 1.19766,
  "high": 1.19776,
  "low": 1.19749,
  "close": 1.19769,
  "rollH20": 1.19908,
  "rollL20": 1.19487,
  "up2": false,
  "dn2": false,
  "source": "twelvedata_repo"
}