{
  "datetime": "2026-02-09 23:30:00",
  "open": 1.1912,
  "high": 1.19129,
  "low": 1.1912,
  "close": 1.19128,
  "rollH20": 1.19172,
  "rollL20": 1.19109,
  "up2": false,
  "dn2": false,
  "source": "twelvedata_repo"
}