{
  "datetime": "2026-02-20 08:50:00",
  "open": 1.17596,
  "high": 1.17633,
  "low": 1.1759,
  "close": 1.17633,
  "rollH20": 1.17626,
  "rollL20": 1.17448,
  "up2": false,
  "dn2": false,
  "source": "twelvedata_repo"
}