{
  "datetime": "2026-03-03 03:10:00",
  "open": 1.16938,
  "high": 1.1694,
  "low": 1.16906,
  "close": 1.16914,
  "rollH20": 1.17064,
  "rollL20": 1.16866,
  "up2": false,
  "dn2": false,
  "source": "twelvedata_repo"
}