{
  "datetime": "2025-12-29 13:30:00",
  "open": 1.17618,
  "high": 1.17623,
  "low": 1.17618,
  "close": 1.17623,
  "rollH20": 1.17776,
  "rollL20": 1.17577,
  "up2": false,
  "dn2": false,
  "source": "twelvedata_repo"
}