{
  "datetime": "2026-03-25 21:55:00",
  "open": 1.15582,
  "high": 1.15599,
  "low": 1.1558,
  "close": 1.15597,
  "rollH20": 1.15661,
  "rollL20": 1.15565,
  "up2": false,
  "dn2": false,
  "source": "twelvedata_repo"
}