{
  "datetime": "2026-03-26 22:55:00",
  "open": 1.15355,
  "high": 1.1536,
  "low": 1.15354,
  "close": 1.1536,
  "rollH20": 1.15471,
  "rollL20": 1.15276,
  "up2": false,
  "dn2": false,
  "source": "twelvedata_repo"
}