{
  "datetime": "2025-10-07 11:05:00",
  "open": 1.16645,
  "high": 1.16687,
  "low": 1.16645,
  "close": 1.16687,
  "rollH20": 1.16759,
  "rollL20": 1.16605,
  "up2": false,
  "dn2": false,
  "source": "twelvedata_repo"
}