{
  "datetime": "2026-03-27 13:00:00",
  "open": 1.15086,
  "high": 1.15088,
  "low": 1.1508,
  "close": 1.1508,
  "rollH20": 1.15267,
  "rollL20": 1.15059,
  "up2": false,
  "dn2": false,
  "source": "twelvedata_repo"
}