{
  "datetime": "2026-02-19 07:25:00",
  "open": 1.17941,
  "high": 1.17952,
  "low": 1.17941,
  "close": 1.17952,
  "rollH20": 1.18019,
  "rollL20": 1.17908,
  "up2": false,
  "dn2": false,
  "source": "twelvedata_repo"
}