{
  "datetime": "2026-03-20 18:10:00",
  "open": 1.15612,
  "high": 1.15613,
  "low": 1.15574,
  "close": 1.15582,
  "rollH20": 1.15707,
  "rollL20": 1.15522,
  "up2": false,
  "dn2": false,
  "source": "twelvedata_repo"
}