{
  "datetime": "2026-03-23 07:45:00",
  "open": 1.15228,
  "high": 1.15229,
  "low": 1.15217,
  "close": 1.15221,
  "rollH20": 1.15528,
  "rollL20": 1.15223,
  "up2": false,
  "dn2": false,
  "source": "twelvedata_repo"
}