{
  "datetime": "2025-12-31 11:45:00",
  "open": 1.17375,
  "high": 1.17375,
  "low": 1.17374,
  "close": 1.17375,
  "rollH20": 1.17389,
  "rollL20": 1.17236,
  "up2": false,
  "dn2": false,
  "source": "twelvedata_repo"
}