{
  "datetime": "2025-10-29 11:45:00",
  "open": 1.16444,
  "high": 1.16464,
  "low": 1.1644,
  "close": 1.16464,
  "rollH20": 1.1649,
  "rollL20": 1.1619,
  "up2": false,
  "dn2": false,
  "source": "twelvedata_repo"
}