{
  "datetime": "2025-10-03 14:40:00",
  "open": 1.17396,
  "high": 1.17426,
  "low": 1.17375,
  "close": 1.17424,
  "rollH20": 1.17431,
  "rollL20": 1.17281,
  "up2": false,
  "dn2": false,
  "source": "twelvedata_repo"
}