{
  "datetime": "2025-11-27 18:55:00",
  "open": 1.1593,
  "high": 1.15943,
  "low": 1.1593,
  "close": 1.15938,
  "rollH20": 1.16008,
  "rollL20": 1.15917,
  "up2": false,
  "dn2": false,
  "source": "twelvedata_repo"
}