{
  "datetime": "2026-03-09 14:00:00",
  "open": 1.15738,
  "high": 1.15767,
  "low": 1.15738,
  "close": 1.15766,
  "rollH20": 1.15877,
  "rollL20": 1.1552,
  "up2": false,
  "dn2": false,
  "source": "twelvedata_repo"
}