{
  "datetime": "2026-02-02 09:50:00",
  "open": 1.18575,
  "high": 1.18592,
  "low": 1.18575,
  "close": 1.18583,
  "rollH20": 1.18661,
  "rollL20": 1.18502,
  "up2": false,
  "dn2": false,
  "source": "twelvedata_repo"
}