{
  "datetime": "2026-04-01 13:00:00",
  "open": 1.16084,
  "high": 1.16103,
  "low": 1.16082,
  "close": 1.16102,
  "rollH20": 1.16108,
  "rollL20": 1.15953,
  "up2": false,
  "dn2": false,
  "source": "twelvedata_repo"
}