{
  "datetime": "2026-06-04 22:25:00",
  "open": 1.16134,
  "high": 1.16143,
  "low": 1.16131,
  "close": 1.16133,
  "rollH20": 1.1616,
  "rollL20": 1.16082,
  "up2": false,
  "dn2": false,
  "source": "twelvedata_repo"
}