{
  "datetime": "2026-06-07 13:45:00",
  "open": 1.15237,
  "high": 1.15242,
  "low": 1.15235,
  "close": 1.15236,
  "rollH20": 1.15242,
  "rollL20": 1.15223,
  "up2": false,
  "dn2": false,
  "source": "twelvedata_repo"
}