{
  "datetime": "2025-09-12 11:40:00",
  "open": 1.17309,
  "high": 1.17344,
  "low": 1.17308,
  "close": 1.17334,
  "rollH20": 1.17323,
  "rollL20": 1.17126,
  "up2": false,
  "dn2": false,
  "source": "twelvedata_repo"
}