{
  "datetime": "2025-12-29 14:45:00",
  "open": 1.17688,
  "high": 1.17704,
  "low": 1.17668,
  "close": 1.17703,
  "rollH20": 1.17696,
  "rollL20": 1.17571,
  "up2": false,
  "dn2": false,
  "source": "twelvedata_repo"
}