{
  "datetime": "2026-03-24 22:35:00",
  "open": 1.16058,
  "high": 1.16073,
  "low": 1.16055,
  "close": 1.16067,
  "rollH20": 1.16253,
  "rollL20": 1.15824,
  "up2": false,
  "dn2": false,
  "source": "twelvedata_repo"
}