{
  "datetime": "2026-06-18 16:40:00",
  "open": 1.14748,
  "high": 1.14748,
  "low": 1.14721,
  "close": 1.14725,
  "rollH20": 1.14893,
  "rollL20": 1.14683,
  "up2": false,
  "dn2": false,
  "source": "twelvedata_repo"
}