{
  "datetime": "2026-01-31 00:25:00",
  "open": 1.18571,
  "high": 1.18573,
  "low": 1.18553,
  "close": 1.18572,
  "rollH20": 1.18598,
  "rollL20": 1.18503,
  "up2": false,
  "dn2": false,
  "source": "twelvedata_repo"
}