{
  "datetime": "2025-12-18 14:45:00",
  "open": 1.17402,
  "high": 1.17422,
  "low": 1.17387,
  "close": 1.17421,
  "rollH20": 1.17579,
  "rollL20": 1.17137,
  "up2": false,
  "dn2": false,
  "source": "twelvedata_repo"
}