{
  "datetime": "2026-01-22 21:55:00",
  "open": 1.17498,
  "high": 1.17503,
  "low": 1.17487,
  "close": 1.1749,
  "rollH20": 1.17531,
  "rollL20": 1.17419,
  "up2": false,
  "dn2": false,
  "source": "twelvedata_repo"
}