{
  "datetime": "2026-01-15 01:35:00",
  "open": 1.16404,
  "high": 1.16407,
  "low": 1.16401,
  "close": 1.16401,
  "rollH20": 1.16474,
  "rollL20": 1.16404,
  "up2": false,
  "dn2": false,
  "source": "twelvedata_repo"
}