{
  "datetime": "2026-03-13 19:55:00",
  "open": 1.14213,
  "high": 1.14228,
  "low": 1.14212,
  "close": 1.14224,
  "rollH20": 1.1441,
  "rollL20": 1.14206,
  "up2": false,
  "dn2": false,
  "source": "twelvedata_repo"
}