{
  "datetime": "2026-01-26 10:00:00",
  "open": 1.18546,
  "high": 1.18547,
  "low": 1.18487,
  "close": 1.18534,
  "rollH20": 1.18636,
  "rollL20": 1.1837,
  "up2": false,
  "dn2": false,
  "source": "twelvedata_repo"
}