{
  "datetime": "2026-04-19 07:55:00",
  "open": 1.17717,
  "high": 1.17723,
  "low": 1.17717,
  "close": 1.17722,
  "rollH20": 1.17742,
  "rollL20": 1.17668,
  "up2": false,
  "dn2": false,
  "source": "twelvedata_repo"
}