{
  "datetime": "2025-10-13 06:45:00",
  "open": 1.16191,
  "high": 1.16191,
  "low": 1.1618,
  "close": 1.16182,
  "rollH20": 1.16251,
  "rollL20": 1.16161,
  "up2": false,
  "dn2": false,
  "source": "twelvedata_repo"
}