{
  "datetime": "2025-11-14 17:30:00",
  "open": 1.16172,
  "high": 1.1621,
  "low": 1.16169,
  "close": 1.16187,
  "rollH20": 1.16288,
  "rollL20": 1.16068,
  "up2": false,
  "dn2": false,
  "source": "twelvedata_repo"
}