{
  "datetime": "2025-12-01 21:55:00",
  "open": 1.16094,
  "high": 1.16099,
  "low": 1.16091,
  "close": 1.16092,
  "rollH20": 1.16103,
  "rollL20": 1.16072,
  "up2": false,
  "dn2": false,
  "source": "twelvedata_repo"
}