{
  "datetime": "2025-12-25 14:30:00",
  "open": 1.17824,
  "high": 1.17834,
  "low": 1.17823,
  "close": 1.17832,
  "rollH20": 1.17937,
  "rollL20": 1.17808,
  "up2": false,
  "dn2": false,
  "source": "twelvedata_repo"
}