{
  "datetime": "2026-05-17 16:30:00",
  "open": 1.1624,
  "high": 1.16245,
  "low": 1.16239,
  "close": 1.16243,
  "rollH20": 1.16294,
  "rollL20": 1.16203,
  "up2": false,
  "dn2": false,
  "source": "twelvedata_repo"
}