{
  "datetime": "2026-04-25 23:15:00",
  "open": 1.1719,
  "high": 1.17195,
  "low": 1.17189,
  "close": 1.17192,
  "rollH20": 1.17229,
  "rollL20": 1.17176,
  "up2": false,
  "dn2": false,
  "source": "twelvedata_repo"
}