{
  "datetime": "2025-11-27 12:35:00",
  "open": 1.1583,
  "high": 1.15856,
  "low": 1.15828,
  "close": 1.15849,
  "rollH20": 1.15875,
  "rollL20": 1.15771,
  "up2": false,
  "dn2": false,
  "source": "twelvedata_repo"
}