{
  "datetime": "2026-01-26 19:10:00",
  "open": 1.18853,
  "high": 1.18883,
  "low": 1.18851,
  "close": 1.1886,
  "rollH20": 1.18913,
  "rollL20": 1.18756,
  "up2": false,
  "dn2": false,
  "source": "twelvedata_repo"
}