{
  "datetime": "2026-07-16 23:30:00",
  "open": 1.1444,
  "high": 1.14441,
  "low": 1.14439,
  "close": 1.14441,
  "rollH20": 1.14456,
  "rollL20": 1.14399,
  "up2": false,
  "dn2": false,
  "source": "twelvedata_repo"
}