{
  "datetime": "2025-10-20 23:40:00",
  "open": 1.16469,
  "high": 1.16469,
  "low": 1.16469,
  "close": 1.16469,
  "rollH20": 1.16509,
  "rollL20": 1.16414,
  "up2": false,
  "dn2": false,
  "source": "twelvedata_repo"
}