{
  "datetime": "2026-02-25 20:15:00",
  "open": 1.1806,
  "high": 1.1807,
  "low": 1.18059,
  "close": 1.18061,
  "rollH20": 1.18099,
  "rollL20": 1.18033,
  "up2": false,
  "dn2": false,
  "source": "twelvedata_repo"
}