{
  "datetime": "2026-05-02 13:30:00",
  "open": 1.17221,
  "high": 1.17224,
  "low": 1.17221,
  "close": 1.17221,
  "rollH20": 1.17254,
  "rollL20": 1.17185,
  "up2": false,
  "dn2": false,
  "source": "twelvedata_repo"
}