{
  "datetime": "2026-01-17 12:00:00",
  "open": 1.15955,
  "high": 1.1596,
  "low": 1.15953,
  "close": 1.15954,
  "rollH20": 1.16001,
  "rollL20": 1.15937,
  "up2": false,
  "dn2": false,
  "source": "twelvedata_repo"
}