{
  "datetime": "2025-12-26 11:35:00",
  "open": 1.17764,
  "high": 1.17782,
  "low": 1.17764,
  "close": 1.17774,
  "rollH20": 1.17794,
  "rollL20": 1.1769,
  "up2": false,
  "dn2": false,
  "source": "twelvedata_repo"
}