{
  "datetime": "2026-06-08 02:20:00",
  "open": 1.15297,
  "high": 1.15297,
  "low": 1.15275,
  "close": 1.1528,
  "rollH20": 1.15349,
  "rollL20": 1.1518,
  "up2": false,
  "dn2": false,
  "source": "twelvedata_repo"
}