{
  "datetime": "2026-04-03 17:35:00",
  "open": 1.1521,
  "high": 1.15212,
  "low": 1.15208,
  "close": 1.15209,
  "rollH20": 1.15276,
  "rollL20": 1.15185,
  "up2": false,
  "dn2": false,
  "source": "twelvedata_repo"
}