{
  "datetime": "2026-05-05 11:40:00",
  "open": 1.16911,
  "high": 1.16922,
  "low": 1.1689,
  "close": 1.16904,
  "rollH20": 1.16956,
  "rollL20": 1.16817,
  "up2": false,
  "dn2": false,
  "source": "twelvedata_repo"
}