{
  "datetime": "2026-04-14 12:00:00",
  "open": 1.17972,
  "high": 1.17976,
  "low": 1.17967,
  "close": 1.17975,
  "rollH20": 1.17987,
  "rollL20": 1.17829,
  "up2": false,
  "dn2": false,
  "source": "twelvedata_repo"
}