{
  "datetime": "2026-04-21 13:35:00",
  "open": 1.17619,
  "high": 1.17632,
  "low": 1.17617,
  "close": 1.17632,
  "rollH20": 1.1768,
  "rollL20": 1.17574,
  "up2": false,
  "dn2": false,
  "source": "twelvedata_repo"
}