{
  "datetime": "2026-06-07 12:35:00",
  "open": 1.15227,
  "high": 1.15232,
  "low": 1.15225,
  "close": 1.15226,
  "rollH20": 1.15239,
  "rollL20": 1.15223,
  "up2": false,
  "dn2": false,
  "source": "twelvedata_repo"
}