{
  "datetime": "2025-10-08 18:25:00",
  "open": 1.1607,
  "high": 1.16071,
  "low": 1.16056,
  "close": 1.16061,
  "rollH20": 1.16142,
  "rollL20": 1.15985,
  "up2": false,
  "dn2": false,
  "source": "twelvedata_repo"
}