{
  "datetime": "2026-01-15 10:40:00",
  "open": 1.1635,
  "high": 1.1636,
  "low": 1.16349,
  "close": 1.1636,
  "rollH20": 1.16366,
  "rollL20": 1.16266,
  "up2": false,
  "dn2": false,
  "source": "twelvedata_repo"
}