{
  "datetime": "2026-07-15 20:05:00",
  "open": 1.14692,
  "high": 1.14705,
  "low": 1.14692,
  "close": 1.14703,
  "rollH20": 1.14818,
  "rollL20": 1.14528,
  "up2": false,
  "dn2": false,
  "source": "twelvedata_repo"
}