{
  "datetime": "2025-10-07 10:40:00",
  "open": 1.1662,
  "high": 1.16625,
  "low": 1.16605,
  "close": 1.16607,
  "rollH20": 1.16826,
  "rollL20": 1.16612,
  "up2": false,
  "dn2": false,
  "source": "twelvedata_repo"
}