{
  "datetime": "2026-06-05 19:10:00",
  "open": 1.15206,
  "high": 1.15216,
  "low": 1.15198,
  "close": 1.15204,
  "rollH20": 1.1533,
  "rollL20": 1.15197,
  "up2": false,
  "dn2": false,
  "source": "twelvedata_repo"
}