{
  "datetime": "2026-03-23 06:15:00",
  "open": 1.15492,
  "high": 1.15495,
  "low": 1.15442,
  "close": 1.15454,
  "rollH20": 1.15528,
  "rollL20": 1.15462,
  "up2": false,
  "dn2": false,
  "source": "twelvedata_repo"
}