{
  "datetime": "2026-01-16 14:40:00",
  "open": 1.16182,
  "high": 1.16191,
  "low": 1.16164,
  "close": 1.16191,
  "rollH20": 1.16222,
  "rollL20": 1.16123,
  "up2": false,
  "dn2": false,
  "source": "twelvedata_repo"
}