{
  "datetime": "2025-10-06 12:40:00",
  "open": 1.16769,
  "high": 1.16788,
  "low": 1.16752,
  "close": 1.16757,
  "rollH20": 1.16809,
  "rollL20": 1.16526,
  "up2": false,
  "dn2": false,
  "source": "twelvedata_repo"
}