{
  "datetime": "2025-10-10 08:25:00",
  "open": 1.15652,
  "high": 1.15714,
  "low": 1.1564,
  "close": 1.15704,
  "rollH20": 1.15777,
  "rollL20": 1.1561,
  "up2": false,
  "dn2": false,
  "source": "twelvedata_repo"
}