{
  "datetime": "2025-10-08 11:30:00",
  "open": 1.16275,
  "high": 1.16276,
  "low": 1.16255,
  "close": 1.16271,
  "rollH20": 1.16275,
  "rollL20": 1.16059,
  "up2": false,
  "dn2": false,
  "source": "twelvedata_repo"
}