{
  "datetime": "2026-01-20 07:00:00",
  "open": 1.16644,
  "high": 1.16644,
  "low": 1.16635,
  "close": 1.16638,
  "rollH20": 1.16731,
  "rollL20": 1.16589,
  "up2": false,
  "dn2": false,
  "source": "twelvedata_repo"
}