{
  "datetime": "2026-01-30 12:10:00",
  "open": 1.19297,
  "high": 1.19303,
  "low": 1.19297,
  "close": 1.19303,
  "rollH20": 1.19304,
  "rollL20": 1.18984,
  "up2": false,
  "dn2": false,
  "source": "twelvedata_repo"
}