{
  "datetime": "2026-01-26 05:40:00",
  "open": 1.18591,
  "high": 1.18591,
  "low": 1.18587,
  "close": 1.18587,
  "rollH20": 1.18688,
  "rollL20": 1.18567,
  "up2": false,
  "dn2": false,
  "source": "twelvedata_repo"
}