{
  "datetime": "2025-09-24 18:40:00",
  "open": 1.17362,
  "high": 1.17376,
  "low": 1.17358,
  "close": 1.17376,
  "rollH20": 1.17436,
  "rollL20": 1.17303,
  "up2": false,
  "dn2": false,
  "source": "twelvedata_repo"
}