{
  "datetime": "2026-07-12 22:35:00",
  "open": 1.14039,
  "high": 1.14044,
  "low": 1.14028,
  "close": 1.14042,
  "rollH20": 1.1419,
  "rollL20": 1.13998,
  "up2": false,
  "dn2": false,
  "source": "twelvedata_repo"
}