{
  "datetime": "2025-10-07 07:30:00",
  "open": 1.16863,
  "high": 1.16878,
  "low": 1.16862,
  "close": 1.16869,
  "rollH20": 1.16997,
  "rollL20": 1.1683,
  "up2": false,
  "dn2": false,
  "source": "twelvedata_repo"
}