{
  "datetime": "2026-06-09 05:45:00",
  "open": 1.1546,
  "high": 1.15466,
  "low": 1.15453,
  "close": 1.15455,
  "rollH20": 1.15465,
  "rollL20": 1.15351,
  "up2": false,
  "dn2": false,
  "source": "twelvedata_repo"
}