{
  "datetime": "2026-05-26 02:55:00",
  "open": 1.1633,
  "high": 1.16343,
  "low": 1.1633,
  "close": 1.16341,
  "rollH20": 1.16397,
  "rollL20": 1.16303,
  "up2": false,
  "dn2": false,
  "source": "twelvedata_repo"
}