{
  "datetime": "2026-01-28 20:15:00",
  "open": 1.1909,
  "high": 1.19118,
  "low": 1.19089,
  "close": 1.19109,
  "rollH20": 1.19419,
  "rollL20": 1.18966,
  "up2": false,
  "dn2": false,
  "source": "twelvedata_repo"
}