{
  "datetime": "2025-09-16 14:50:00",
  "open": 1.18236,
  "high": 1.18243,
  "low": 1.18235,
  "close": 1.18239,
  "rollH20": 1.18271,
  "rollL20": 1.1791,
  "up2": false,
  "dn2": false,
  "source": "twelvedata_repo"
}