{
  "datetime": "2025-09-15 20:45:00",
  "open": 1.17689,
  "high": 1.17689,
  "low": 1.17682,
  "close": 1.17683,
  "rollH20": 1.17723,
  "rollL20": 1.17662,
  "up2": false,
  "dn2": false,
  "source": "twelvedata_repo"
}