{
  "datetime": "2026-05-12 23:15:00",
  "open": 1.1738,
  "high": 1.17389,
  "low": 1.17375,
  "close": 1.17388,
  "rollH20": 1.17429,
  "rollL20": 1.17354,
  "up2": false,
  "dn2": false,
  "source": "twelvedata_repo"
}