{
  "datetime": "2025-10-16 19:40:00",
  "open": 1.16883,
  "high": 1.16896,
  "low": 1.1688,
  "close": 1.16893,
  "rollH20": 1.16936,
  "rollL20": 1.16767,
  "up2": false,
  "dn2": false,
  "source": "twelvedata_repo"
}