{
  "datetime": "2025-10-06 11:45:00",
  "open": 1.16618,
  "high": 1.16618,
  "low": 1.16581,
  "close": 1.16599,
  "rollH20": 1.16678,
  "rollL20": 1.16526,
  "up2": false,
  "dn2": false,
  "source": "twelvedata_repo"
}