{
  "datetime": "2026-07-09 02:05:00",
  "open": 1.14251,
  "high": 1.14254,
  "low": 1.14239,
  "close": 1.14253,
  "rollH20": 1.14303,
  "rollL20": 1.14177,
  "up2": false,
  "dn2": false,
  "source": "twelvedata_repo"
}