{
  "datetime": "2026-03-31 22:55:00",
  "open": 1.15542,
  "high": 1.1556,
  "low": 1.1554,
  "close": 1.15552,
  "rollH20": 1.15596,
  "rollL20": 1.15522,
  "up2": false,
  "dn2": false,
  "source": "twelvedata_repo"
}