{
  "datetime": "2026-01-21 11:25:00",
  "open": 1.17059,
  "high": 1.17061,
  "low": 1.17059,
  "close": 1.1706,
  "rollH20": 1.1713,
  "rollL20": 1.17019,
  "up2": false,
  "dn2": false,
  "source": "twelvedata_repo"
}