{
  "datetime": "2026-01-23 18:55:00",
  "open": 1.17956,
  "high": 1.17983,
  "low": 1.17929,
  "close": 1.17946,
  "rollH20": 1.17973,
  "rollL20": 1.17477,
  "up2": false,
  "dn2": false,
  "source": "twelvedata_repo"
}