{
  "datetime": "2025-10-27 14:00:00",
  "open": 1.16416,
  "high": 1.16421,
  "low": 1.16416,
  "close": 1.16419,
  "rollH20": 1.16517,
  "rollL20": 1.16359,
  "up2": false,
  "dn2": false,
  "source": "twelvedata_repo"
}