{
  "datetime": "2026-07-20 11:30:00",
  "open": 1.14326,
  "high": 1.14343,
  "low": 1.14313,
  "close": 1.14341,
  "rollH20": 1.1442,
  "rollL20": 1.14278,
  "up2": false,
  "dn2": false,
  "source": "twelvedata_repo"
}