{
  "datetime": "2026-04-09 22:55:00",
  "open": 1.17012,
  "high": 1.17021,
  "low": 1.17011,
  "close": 1.1702,
  "rollH20": 1.17023,
  "rollL20": 1.16954,
  "up2": false,
  "dn2": false,
  "source": "twelvedata_repo"
}