{
  "datetime": "2026-03-10 17:30:00",
  "open": 1.16629,
  "high": 1.16629,
  "low": 1.16542,
  "close": 1.16542,
  "rollH20": 1.16684,
  "rollL20": 1.16393,
  "up2": false,
  "dn2": false,
  "source": "twelvedata_repo"
}