{
  "datetime": "2026-01-17 11:10:00",
  "open": 1.15955,
  "high": 1.15959,
  "low": 1.15946,
  "close": 1.15948,
  "rollH20": 1.16001,
  "rollL20": 1.15937,
  "up2": false,
  "dn2": false,
  "source": "twelvedata_repo"
}