{
  "datetime": "2026-01-21 00:20:00",
  "open": 1.17239,
  "high": 1.17246,
  "low": 1.17238,
  "close": 1.17245,
  "rollH20": 1.17271,
  "rollL20": 1.17225,
  "up2": false,
  "dn2": false,
  "source": "twelvedata_repo"
}