{
  "datetime": "2026-04-30 14:40:00",
  "open": 1.16899,
  "high": 1.16917,
  "low": 1.16899,
  "close": 1.16917,
  "rollH20": 1.17058,
  "rollL20": 1.16707,
  "up2": false,
  "dn2": false,
  "source": "twelvedata_repo"
}