{
  "datetime": "2026-01-16 05:55:00",
  "open": 1.16118,
  "high": 1.16123,
  "low": 1.16113,
  "close": 1.16113,
  "rollH20": 1.16142,
  "rollL20": 1.16073,
  "up2": false,
  "dn2": false,
  "source": "twelvedata_repo"
}