{
  "datetime": "2026-04-29 23:35:00",
  "open": 1.16777,
  "high": 1.16787,
  "low": 1.16773,
  "close": 1.16774,
  "rollH20": 1.16791,
  "rollL20": 1.16711,
  "up2": false,
  "dn2": false,
  "source": "twelvedata_repo"
}