{
  "datetime": "2026-03-07 08:25:00",
  "open": 1.16178,
  "high": 1.1618,
  "low": 1.16175,
  "close": 1.16175,
  "rollH20": 1.16185,
  "rollL20": 1.1617,
  "up2": false,
  "dn2": false,
  "source": "twelvedata_repo"
}