{
  "datetime": "2025-12-03 06:45:00",
  "open": 1.16414,
  "high": 1.1642,
  "low": 1.16414,
  "close": 1.1642,
  "rollH20": 1.16439,
  "rollL20": 1.16365,
  "up2": false,
  "dn2": false,
  "source": "twelvedata_repo"
}