{
  "datetime": "2026-04-30 16:15:00",
  "open": 1.17348,
  "high": 1.1735,
  "low": 1.17331,
  "close": 1.17337,
  "rollH20": 1.17358,
  "rollL20": 1.16707,
  "up2": false,
  "dn2": false,
  "source": "twelvedata_repo"
}