{
  "datetime": "2025-12-29 23:15:00",
  "open": 1.17719,
  "high": 1.17719,
  "low": 1.17718,
  "close": 1.17718,
  "rollH20": 1.17752,
  "rollL20": 1.17653,
  "up2": false,
  "dn2": false,
  "source": "twelvedata_repo"
}