{
  "datetime": "2025-10-28 20:30:00",
  "open": 1.16633,
  "high": 1.16633,
  "low": 1.16623,
  "close": 1.16629,
  "rollH20": 1.16647,
  "rollL20": 1.16562,
  "up2": false,
  "dn2": false,
  "source": "twelvedata_repo"
}