{
  "datetime": "2025-10-30 12:20:00",
  "open": 1.16073,
  "high": 1.16105,
  "low": 1.1606,
  "close": 1.16105,
  "rollH20": 1.16226,
  "rollL20": 1.1604,
  "up2": false,
  "dn2": false,
  "source": "twelvedata_repo"
}