{
  "datetime": "2025-12-09 14:05:00",
  "open": 1.16391,
  "high": 1.16392,
  "low": 1.16387,
  "close": 1.16387,
  "rollH20": 1.16472,
  "rollL20": 1.1635,
  "up2": false,
  "dn2": false,
  "source": "twelvedata_repo"
}