{
  "datetime": "2025-09-11 10:40:00",
  "open": 1.1688,
  "high": 1.1688,
  "low": 1.16805,
  "close": 1.16847,
  "rollH20": 1.16951,
  "rollL20": 1.16856,
  "up2": false,
  "dn2": false,
  "source": "twelvedata_repo"
}