{
  "datetime": "2025-12-12 07:50:00",
  "open": 1.17359,
  "high": 1.17361,
  "low": 1.17359,
  "close": 1.17361,
  "rollH20": 1.17421,
  "rollL20": 1.17333,
  "up2": false,
  "dn2": false,
  "source": "twelvedata_repo"
}