{
  "datetime": "2026-06-10 07:30:00",
  "open": 1.15552,
  "high": 1.15566,
  "low": 1.15552,
  "close": 1.15562,
  "rollH20": 1.15584,
  "rollL20": 1.15447,
  "up2": false,
  "dn2": false,
  "source": "twelvedata_repo"
}