{
  "datetime": "2026-02-20 18:40:00",
  "open": 1.17973,
  "high": 1.17973,
  "low": 1.17929,
  "close": 1.17954,
  "rollH20": 1.17971,
  "rollL20": 1.17671,
  "up2": false,
  "dn2": false,
  "source": "twelvedata_repo"
}