{
  "datetime": "2026-01-19 15:10:00",
  "open": 1.1633,
  "high": 1.16337,
  "low": 1.1633,
  "close": 1.1633,
  "rollH20": 1.16353,
  "rollL20": 1.16255,
  "up2": false,
  "dn2": false,
  "source": "twelvedata_repo"
}