{
  "datetime": "2025-11-07 04:00:00",
  "open": 1.15403,
  "high": 1.15409,
  "low": 1.15399,
  "close": 1.15407,
  "rollH20": 1.15432,
  "rollL20": 1.15365,
  "up2": false,
  "dn2": false,
  "source": "twelvedata_repo"
}