{
  "datetime": "2025-12-08 18:45:00",
  "open": 1.16299,
  "high": 1.16331,
  "low": 1.16296,
  "close": 1.16331,
  "rollH20": 1.16305,
  "rollL20": 1.16171,
  "up2": false,
  "dn2": false,
  "source": "twelvedata_repo"
}