{
  "datetime": "2026-02-28 05:45:00",
  "open": 1.18055,
  "high": 1.18061,
  "low": 1.18054,
  "close": 1.18059,
  "rollH20": 1.18108,
  "rollL20": 1.18052,
  "up2": false,
  "dn2": false,
  "source": "twelvedata_repo"
}