{
  "datetime": "2026-05-23 10:05:00",
  "open": 1.16023,
  "high": 1.16027,
  "low": 1.16022,
  "close": 1.16022,
  "rollH20": 1.16046,
  "rollL20": 1.16012,
  "up2": false,
  "dn2": false,
  "source": "twelvedata_repo"
}