{
  "datetime": "2026-04-16 18:50:00",
  "open": 1.1774,
  "high": 1.17743,
  "low": 1.17733,
  "close": 1.17736,
  "rollH20": 1.17876,
  "rollL20": 1.17676,
  "up2": false,
  "dn2": false,
  "source": "twelvedata_repo"
}