{
  "datetime": "2025-10-15 08:40:00",
  "open": 1.1638,
  "high": 1.1638,
  "low": 1.16369,
  "close": 1.16369,
  "rollH20": 1.16403,
  "rollL20": 1.16177,
  "up2": false,
  "dn2": false,
  "source": "twelvedata_repo"
}