{
  "datetime": "2026-01-19 22:10:00",
  "open": 1.16446,
  "high": 1.16454,
  "low": 1.16445,
  "close": 1.16452,
  "rollH20": 1.16473,
  "rollL20": 1.16419,
  "up2": false,
  "dn2": false,
  "source": "twelvedata_repo"
}