{
  "datetime": "2026-04-11 22:55:00",
  "open": 1.17211,
  "high": 1.17229,
  "low": 1.1721,
  "close": 1.17229,
  "rollH20": 1.17263,
  "rollL20": 1.1717,
  "up2": false,
  "dn2": false,
  "source": "twelvedata_repo"
}