{
  "datetime": "2026-06-13 23:15:00",
  "open": 1.15696,
  "high": 1.15699,
  "low": 1.15695,
  "close": 1.15699,
  "rollH20": 1.15789,
  "rollL20": 1.15651,
  "up2": false,
  "dn2": false,
  "source": "twelvedata_repo"
}