{
  "datetime": "2026-02-09 14:15:00",
  "open": 1.18915,
  "high": 1.18918,
  "low": 1.18897,
  "close": 1.18897,
  "rollH20": 1.18903,
  "rollL20": 1.18647,
  "up2": false,
  "dn2": false,
  "source": "twelvedata_repo"
}