{
  "datetime": "2026-06-23 14:15:00",
  "open": 1.13882,
  "high": 1.13882,
  "low": 1.13856,
  "close": 1.13858,
  "rollH20": 1.13951,
  "rollL20": 1.13839,
  "up2": false,
  "dn2": false,
  "source": "twelvedata_repo"
}