{
  "datetime": "2026-02-26 12:45:00",
  "open": 1.18069,
  "high": 1.18072,
  "low": 1.18064,
  "close": 1.18068,
  "rollH20": 1.18073,
  "rollL20": 1.18005,
  "up2": false,
  "dn2": false,
  "source": "twelvedata_repo"
}