{
  "datetime": "2025-09-11 20:40:00",
  "open": 1.17355,
  "high": 1.17367,
  "low": 1.17353,
  "close": 1.17367,
  "rollH20": 1.17388,
  "rollL20": 1.17307,
  "up2": false,
  "dn2": false,
  "source": "twelvedata_repo"
}