{
  "datetime": "2025-10-03 04:15:00",
  "open": 1.17219,
  "high": 1.17219,
  "low": 1.17213,
  "close": 1.17213,
  "rollH20": 1.17292,
  "rollL20": 1.17181,
  "up2": false,
  "dn2": false,
  "source": "twelvedata_repo"
}