{
  "datetime": "2025-09-11 12:45:00",
  "open": 1.16814,
  "high": 1.16831,
  "low": 1.16814,
  "close": 1.16826,
  "rollH20": 1.16908,
  "rollL20": 1.16783,
  "up2": false,
  "dn2": false,
  "source": "twelvedata_repo"
}