{
  "datetime": "2025-11-05 05:05:00",
  "open": 1.14897,
  "high": 1.14902,
  "low": 1.14891,
  "close": 1.14901,
  "rollH20": 1.14919,
  "rollL20": 1.14861,
  "up2": false,
  "dn2": false,
  "source": "twelvedata_repo"
}