{
  "datetime": "2026-03-04 15:00:00",
  "open": 1.16248,
  "high": 1.1625,
  "low": 1.16229,
  "close": 1.16241,
  "rollH20": 1.16442,
  "rollL20": 1.16219,
  "up2": false,
  "dn2": false,
  "source": "twelvedata_repo"
}