{
  "datetime": "2025-10-19 23:15:00",
  "open": 1.16542,
  "high": 1.16545,
  "low": 1.1653,
  "close": 1.16535,
  "rollH20": 1.16673,
  "rollL20": 1.16489,
  "up2": false,
  "dn2": false,
  "source": "twelvedata_repo"
}