{
  "datetime": "2025-10-21 12:45:00",
  "open": 1.16177,
  "high": 1.16177,
  "low": 1.16153,
  "close": 1.16153,
  "rollH20": 1.16258,
  "rollL20": 1.16066,
  "up2": false,
  "dn2": false,
  "source": "twelvedata_repo"
}