{
  "datetime": "2025-10-16 21:35:00",
  "open": 1.16875,
  "high": 1.16875,
  "low": 1.16864,
  "close": 1.16865,
  "rollH20": 1.16941,
  "rollL20": 1.16852,
  "up2": false,
  "dn2": false,
  "source": "twelvedata_repo"
}