{
  "datetime": "2026-06-03 09:55:00",
  "open": 1.16094,
  "high": 1.16097,
  "low": 1.16093,
  "close": 1.16094,
  "rollH20": 1.16243,
  "rollL20": 1.16056,
  "up2": false,
  "dn2": false,
  "source": "twelvedata_repo"
}