{
  "datetime": "2026-01-17 18:25:00",
  "open": 1.16052,
  "high": 1.16057,
  "low": 1.16051,
  "close": 1.16054,
  "rollH20": 1.16057,
  "rollL20": 1.16035,
  "up2": false,
  "dn2": false,
  "source": "twelvedata_repo"
}