{
  "datetime": "2026-01-26 14:05:00",
  "open": 1.18374,
  "high": 1.1838,
  "low": 1.18356,
  "close": 1.18358,
  "rollH20": 1.18581,
  "rollL20": 1.18358,
  "up2": false,
  "dn2": false,
  "source": "twelvedata_repo"
}