{
  "datetime": "2026-03-15 21:25:00",
  "open": 1.14262,
  "high": 1.14279,
  "low": 1.14262,
  "close": 1.14279,
  "rollH20": 1.14309,
  "rollL20": 1.14157,
  "up2": false,
  "dn2": false,
  "source": "twelvedata_repo"
}