{
  "datetime": "2026-01-29 00:50:00",
  "open": 1.19733,
  "high": 1.19736,
  "low": 1.1969,
  "close": 1.1969,
  "rollH20": 1.19772,
  "rollL20": 1.19536,
  "up2": false,
  "dn2": false,
  "source": "twelvedata_repo"
}