{
  "datetime": "2025-10-20 21:30:00",
  "open": 1.16434,
  "high": 1.1644,
  "low": 1.16434,
  "close": 1.16439,
  "rollH20": 1.16491,
  "rollL20": 1.16399,
  "up2": false,
  "dn2": false,
  "source": "twelvedata_repo"
}