{
  "datetime": "2026-03-29 19:35:00",
  "open": 1.15019,
  "high": 1.1514,
  "low": 1.15006,
  "close": 1.15077,
  "rollH20": 1.15197,
  "rollL20": 1.1489,
  "up2": false,
  "dn2": false,
  "source": "twelvedata_repo"
}