{
  "datetime": "2026-02-10 07:15:00",
  "open": 1.19104,
  "high": 1.19105,
  "low": 1.19077,
  "close": 1.19077,
  "rollH20": 1.19126,
  "rollL20": 1.1904,
  "up2": false,
  "dn2": false,
  "source": "twelvedata_repo"
}