{
  "datetime": "2026-06-26 16:25:00",
  "open": 1.14054,
  "high": 1.1406,
  "low": 1.14039,
  "close": 1.14042,
  "rollH20": 1.14265,
  "rollL20": 1.13934,
  "up2": false,
  "dn2": false,
  "source": "twelvedata_repo"
}