{
  "datetime": "2026-05-16 21:20:00",
  "open": 1.16249,
  "high": 1.16252,
  "low": 1.16248,
  "close": 1.16251,
  "rollH20": 1.16255,
  "rollL20": 1.16225,
  "up2": false,
  "dn2": false,
  "source": "twelvedata_repo"
}