{
  "datetime": "2025-12-10 20:35:00",
  "open": 1.16746,
  "high": 1.16751,
  "low": 1.16659,
  "close": 1.16659,
  "rollH20": 1.16774,
  "rollL20": 1.16544,
  "up2": false,
  "dn2": false,
  "source": "twelvedata_repo"
}