{
  "datetime": "2026-03-23 09:50:00",
  "open": 1.15339,
  "high": 1.1536,
  "low": 1.15326,
  "close": 1.15349,
  "rollH20": 1.15473,
  "rollL20": 1.1525,
  "up2": false,
  "dn2": false,
  "source": "twelvedata_repo"
}