{
  "datetime": "2025-11-24 05:40:00",
  "open": 1.15186,
  "high": 1.15186,
  "low": 1.15185,
  "close": 1.15185,
  "rollH20": 1.15197,
  "rollL20": 1.15135,
  "up2": false,
  "dn2": false,
  "source": "twelvedata_repo"
}