{
  "datetime": "2026-01-22 04:55:00",
  "open": 1.16889,
  "high": 1.16895,
  "low": 1.16888,
  "close": 1.16892,
  "rollH20": 1.16926,
  "rollL20": 1.16835,
  "up2": false,
  "dn2": false,
  "source": "twelvedata_repo"
}