{
  "datetime": "2026-03-25 13:25:00",
  "open": 1.15948,
  "high": 1.15974,
  "low": 1.15946,
  "close": 1.15974,
  "rollH20": 1.16128,
  "rollL20": 1.15944,
  "up2": false,
  "dn2": false,
  "source": "twelvedata_repo"
}