{
  "datetime": "2026-01-30 09:00:00",
  "open": 1.19381,
  "high": 1.19392,
  "low": 1.19379,
  "close": 1.19392,
  "rollH20": 1.1941,
  "rollL20": 1.19144,
  "up2": false,
  "dn2": false,
  "source": "twelvedata_repo"
}