{
  "datetime": "2025-10-30 16:45:00",
  "open": 1.15682,
  "high": 1.15695,
  "low": 1.15653,
  "close": 1.15685,
  "rollH20": 1.15859,
  "rollL20": 1.15633,
  "up2": false,
  "dn2": false,
  "source": "twelvedata_repo"
}