{
  "datetime": "2026-05-20 18:35:00",
  "open": 1.16239,
  "high": 1.16269,
  "low": 1.16212,
  "close": 1.16265,
  "rollH20": 1.16304,
  "rollL20": 1.16182,
  "up2": false,
  "dn2": false,
  "source": "twelvedata_repo"
}