{
  "datetime": "2025-10-08 06:40:00",
  "open": 1.16162,
  "high": 1.16162,
  "low": 1.16143,
  "close": 1.16146,
  "rollH20": 1.1625,
  "rollL20": 1.1612,
  "up2": false,
  "dn2": false,
  "source": "twelvedata_repo"
}