{
  "datetime": "2026-04-24 20:10:00",
  "open": 1.1718,
  "high": 1.17182,
  "low": 1.17179,
  "close": 1.17182,
  "rollH20": 1.17195,
  "rollL20": 1.17116,
  "up2": false,
  "dn2": false,
  "source": "twelvedata_repo"
}