{
  "datetime": "2025-10-24 12:15:00",
  "open": 1.16128,
  "high": 1.16138,
  "low": 1.16108,
  "close": 1.16132,
  "rollH20": 1.16162,
  "rollL20": 1.16058,
  "up2": false,
  "dn2": false,
  "source": "twelvedata_repo"
}