{
  "datetime": "2025-08-28 23:40:00",
  "open": 1.16742,
  "high": 1.16755,
  "low": 1.16732,
  "close": 1.16745,
  "rollH20": 1.16864,
  "rollL20": 1.16739,
  "up2": false,
  "dn2": false,
  "source": "twelvedata_repo"
}