{
  "datetime": "2025-09-29 11:35:00",
  "open": 1.17194,
  "high": 1.17195,
  "low": 1.17159,
  "close": 1.1717,
  "rollH20": 1.17261,
  "rollL20": 1.17155,
  "up2": false,
  "dn2": false,
  "source": "twelvedata_repo"
}