{
  "datetime": "2026-07-19 20:00:00",
  "open": 1.14177,
  "high": 1.14418,
  "low": 1.14177,
  "close": 1.14381,
  "rollH20": 1.1449,
  "rollL20": 1.14089,
  "up2": false,
  "dn2": false,
  "source": "twelvedata_repo"
}