{
  "datetime": "2026-07-03 02:20:00",
  "open": 1.14397,
  "high": 1.1443,
  "low": 1.14397,
  "close": 1.14428,
  "rollH20": 1.1441,
  "rollL20": 1.14209,
  "up2": false,
  "dn2": false,
  "source": "twelvedata_repo"
}