{
  "datetime": "2026-02-19 21:15:00",
  "open": 1.17709,
  "high": 1.17713,
  "low": 1.17709,
  "close": 1.1771,
  "rollH20": 1.17712,
  "rollL20": 1.17605,
  "up2": false,
  "dn2": false,
  "source": "twelvedata_repo"
}