{
  "datetime": "2026-01-15 17:10:00",
  "open": 1.16025,
  "high": 1.16053,
  "low": 1.16025,
  "close": 1.1605,
  "rollH20": 1.1609,
  "rollL20": 1.15935,
  "up2": false,
  "dn2": false,
  "source": "twelvedata_repo"
}