{
  "datetime": "2026-01-27 07:15:00",
  "open": 1.1878,
  "high": 1.18782,
  "low": 1.18762,
  "close": 1.18762,
  "rollH20": 1.1879,
  "rollL20": 1.18709,
  "up2": false,
  "dn2": false,
  "source": "twelvedata_repo"
}