{
  "datetime": "2025-12-15 19:35:00",
  "open": 1.17407,
  "high": 1.17431,
  "low": 1.17405,
  "close": 1.1742,
  "rollH20": 1.17584,
  "rollL20": 1.17397,
  "up2": false,
  "dn2": false,
  "source": "twelvedata_repo"
}