{
  "datetime": "2025-12-16 23:55:00",
  "open": 1.17482,
  "high": 1.17483,
  "low": 1.1748,
  "close": 1.17481,
  "rollH20": 1.1751,
  "rollL20": 1.17468,
  "up2": false,
  "dn2": false,
  "source": "twelvedata_repo"
}