{
  "datetime": "2026-03-01 16:30:00",
  "open": 1.18105,
  "high": 1.18107,
  "low": 1.18105,
  "close": 1.18107,
  "rollH20": 1.18128,
  "rollL20": 1.18103,
  "up2": false,
  "dn2": false,
  "source": "twelvedata_repo"
}