{
  "datetime": "2025-10-30 14:50:00",
  "open": 1.15705,
  "high": 1.15739,
  "low": 1.15704,
  "close": 1.15735,
  "rollH20": 1.1599,
  "rollL20": 1.15474,
  "up2": false,
  "dn2": false,
  "source": "twelvedata_repo"
}