{
  "datetime": "2026-01-30 03:00:00",
  "open": 1.19183,
  "high": 1.19183,
  "low": 1.1911,
  "close": 1.19111,
  "rollH20": 1.19619,
  "rollL20": 1.191,
  "up2": false,
  "dn2": false,
  "source": "twelvedata_repo"
}