{
  "datetime": "2025-11-04 22:35:00",
  "open": 1.14813,
  "high": 1.14825,
  "low": 1.14806,
  "close": 1.14814,
  "rollH20": 1.14831,
  "rollL20": 1.14753,
  "up2": false,
  "dn2": false,
  "source": "twelvedata_repo"
}