{
  "datetime": "2026-03-06 16:55:00",
  "open": 1.16108,
  "high": 1.16108,
  "low": 1.16028,
  "close": 1.16046,
  "rollH20": 1.16119,
  "rollL20": 1.15715,
  "up2": false,
  "dn2": false,
  "source": "twelvedata_repo"
}