{
  "datetime": "2026-07-21 03:20:00",
  "open": 1.14151,
  "high": 1.14156,
  "low": 1.14141,
  "close": 1.14153,
  "rollH20": 1.14164,
  "rollL20": 1.14119,
  "up2": false,
  "dn2": false,
  "source": "twelvedata_repo"
}