{
  "datetime": "2026-05-31 23:50:00",
  "open": 1.1654,
  "high": 1.16543,
  "low": 1.16535,
  "close": 1.16536,
  "rollH20": 1.16617,
  "rollL20": 1.16516,
  "up2": false,
  "dn2": false,
  "source": "twelvedata_repo"
}