{
  "datetime": "2026-01-27 19:55:00",
  "open": 1.19842,
  "high": 1.19844,
  "low": 1.19811,
  "close": 1.19821,
  "rollH20": 1.1987,
  "rollL20": 1.19604,
  "up2": false,
  "dn2": false,
  "source": "twelvedata_repo"
}