{
  "datetime": "2025-11-05 06:55:00",
  "open": 1.14941,
  "high": 1.14946,
  "low": 1.14941,
  "close": 1.14944,
  "rollH20": 1.14939,
  "rollL20": 1.14891,
  "up2": false,
  "dn2": false,
  "source": "twelvedata_repo"
}