{
  "datetime": "2026-01-05 12:40:00",
  "open": 1.16853,
  "high": 1.16853,
  "low": 1.16834,
  "close": 1.16835,
  "rollH20": 1.1691,
  "rollL20": 1.16804,
  "up2": false,
  "dn2": false,
  "source": "twelvedata_repo"
}