{
  "datetime": "2026-01-25 19:10:00",
  "open": 1.1838,
  "high": 1.18394,
  "low": 1.18379,
  "close": 1.18391,
  "rollH20": 1.18379,
  "rollL20": 1.18089,
  "up2": false,
  "dn2": false,
  "source": "twelvedata_repo"
}