{
  "datetime": "2026-02-26 20:35:00",
  "open": 1.17994,
  "high": 1.18001,
  "low": 1.17994,
  "close": 1.18,
  "rollH20": 1.18001,
  "rollL20": 1.17835,
  "up2": false,
  "dn2": false,
  "source": "twelvedata_repo"
}