{
  "datetime": "2026-04-21 05:50:00",
  "open": 1.17761,
  "high": 1.17765,
  "low": 1.17755,
  "close": 1.17764,
  "rollH20": 1.17785,
  "rollL20": 1.17737,
  "up2": false,
  "dn2": false,
  "source": "twelvedata_repo"
}