{
  "datetime": "2026-02-11 21:30:00",
  "open": 1.18768,
  "high": 1.18773,
  "low": 1.18752,
  "close": 1.18752,
  "rollH20": 1.18874,
  "rollL20": 1.18755,
  "up2": false,
  "dn2": false,
  "source": "twelvedata_repo"
}