{
  "datetime": "2025-09-02 06:35:00",
  "open": 1.16928,
  "high": 1.16938,
  "low": 1.1692,
  "close": 1.16928,
  "rollH20": 1.16976,
  "rollL20": 1.16871,
  "up2": false,
  "dn2": false,
  "source": "twelvedata_repo"
}