{
  "datetime": "2025-09-25 21:55:00",
  "open": 1.16646,
  "high": 1.16672,
  "low": 1.16646,
  "close": 1.16656,
  "rollH20": 1.16691,
  "rollL20": 1.16568,
  "up2": false,
  "dn2": false,
  "source": "twelvedata_repo"
}