{
  "datetime": "2025-10-29 22:30:00",
  "open": 1.16047,
  "high": 1.16047,
  "low": 1.1603,
  "close": 1.1603,
  "rollH20": 1.16067,
  "rollL20": 1.15913,
  "up2": false,
  "dn2": false,
  "source": "twelvedata_repo"
}