{
  "datetime": "2025-10-01 07:55:00",
  "open": 1.17683,
  "high": 1.17692,
  "low": 1.17674,
  "close": 1.17677,
  "rollH20": 1.17746,
  "rollL20": 1.17507,
  "up2": false,
  "dn2": false,
  "source": "twelvedata_repo"
}