{
  "datetime": "2025-09-01 22:35:00",
  "open": 1.17085,
  "high": 1.1712,
  "low": 1.17052,
  "close": 1.17087,
  "rollH20": 1.17142,
  "rollL20": 1.1704,
  "up2": false,
  "dn2": false,
  "source": "twelvedata_repo"
}