{
  "datetime": "2025-09-03 12:35:00",
  "open": 1.16468,
  "high": 1.16479,
  "low": 1.16452,
  "close": 1.16455,
  "rollH20": 1.16597,
  "rollL20": 1.16392,
  "up2": false,
  "dn2": false,
  "source": "twelvedata_repo"
}