{
  "datetime": "2025-10-02 00:15:00",
  "open": 1.17352,
  "high": 1.17353,
  "low": 1.17344,
  "close": 1.17344,
  "rollH20": 1.17373,
  "rollL20": 1.17274,
  "up2": false,
  "dn2": false,
  "source": "twelvedata_repo"
}