{
  "datetime": "2026-03-21 17:45:00",
  "open": 1.15819,
  "high": 1.15822,
  "low": 1.15819,
  "close": 1.15819,
  "rollH20": 1.15917,
  "rollL20": 1.15788,
  "up2": false,
  "dn2": false,
  "source": "twelvedata_repo"
}