{
  "datetime": "2026-07-22 16:20:00",
  "open": 1.14098,
  "high": 1.14102,
  "low": 1.1408,
  "close": 1.14101,
  "rollH20": 1.1419,
  "rollL20": 1.14079,
  "up2": false,
  "dn2": false,
  "source": "twelvedata_repo"
}