{
  "datetime": "2026-03-13 14:40:00",
  "open": 1.14745,
  "high": 1.14747,
  "low": 1.14698,
  "close": 1.14698,
  "rollH20": 1.149,
  "rollL20": 1.14706,
  "up2": false,
  "dn2": false,
  "source": "twelvedata_repo"
}