{
  "datetime": "2026-07-23 13:15:00",
  "open": 1.13945,
  "high": 1.13967,
  "low": 1.13867,
  "close": 1.13872,
  "rollH20": 1.1409,
  "rollL20": 1.13845,
  "up2": false,
  "dn2": false,
  "source": "twelvedata_repo"
}