{
  "datetime": "2026-01-05 10:30:00",
  "open": 1.16837,
  "high": 1.1684,
  "low": 1.1682,
  "close": 1.16822,
  "rollH20": 1.16956,
  "rollL20": 1.16762,
  "up2": false,
  "dn2": false,
  "source": "twelvedata_repo"
}