{
  "datetime": "2026-06-04 23:35:00",
  "open": 1.1613,
  "high": 1.16135,
  "low": 1.16121,
  "close": 1.16129,
  "rollH20": 1.16164,
  "rollL20": 1.16098,
  "up2": false,
  "dn2": false,
  "source": "twelvedata_repo"
}