{
  "datetime": "2025-12-23 18:20:00",
  "open": 1.17731,
  "high": 1.1776,
  "low": 1.17725,
  "close": 1.1774,
  "rollH20": 1.17807,
  "rollL20": 1.17655,
  "up2": false,
  "dn2": false,
  "source": "twelvedata_repo"
}