{
  "datetime": "2026-01-27 14:25:00",
  "open": 1.19279,
  "high": 1.19281,
  "low": 1.1924,
  "close": 1.19257,
  "rollH20": 1.19386,
  "rollL20": 1.18869,
  "up2": false,
  "dn2": false,
  "source": "twelvedata_repo"
}