{
  "datetime": "2025-10-13 14:40:00",
  "open": 1.15738,
  "high": 1.15745,
  "low": 1.1569,
  "close": 1.15708,
  "rollH20": 1.15765,
  "rollL20": 1.15619,
  "up2": false,
  "dn2": false,
  "source": "twelvedata_repo"
}