{
  "datetime": "2026-04-15 22:30:00",
  "open": 1.17987,
  "high": 1.17996,
  "low": 1.17985,
  "close": 1.17991,
  "rollH20": 1.18029,
  "rollL20": 1.17959,
  "up2": false,
  "dn2": false,
  "source": "twelvedata_repo"
}