{
  "datetime": "2025-10-31 05:40:00",
  "open": 1.15734,
  "high": 1.15734,
  "low": 1.15725,
  "close": 1.15725,
  "rollH20": 1.15728,
  "rollL20": 1.15658,
  "up2": false,
  "dn2": false,
  "source": "twelvedata_repo"
}