{
  "datetime": "2026-03-02 19:05:00",
  "open": 1.16977,
  "high": 1.1699,
  "low": 1.16975,
  "close": 1.16985,
  "rollH20": 1.1707,
  "rollL20": 1.1687,
  "up2": false,
  "dn2": false,
  "source": "twelvedata_repo"
}