{
  "datetime": "2025-12-12 08:45:00",
  "open": 1.17406,
  "high": 1.17409,
  "low": 1.17392,
  "close": 1.17398,
  "rollH20": 1.1743,
  "rollL20": 1.17343,
  "up2": false,
  "dn2": false,
  "source": "twelvedata_repo"
}