{
  "datetime": "2025-12-22 10:55:00",
  "open": 1.17303,
  "high": 1.17306,
  "low": 1.17287,
  "close": 1.17296,
  "rollH20": 1.17381,
  "rollL20": 1.17244,
  "up2": false,
  "dn2": false,
  "source": "twelvedata_repo"
}