{
  "datetime": "2026-03-14 18:30:00",
  "open": 1.14429,
  "high": 1.14433,
  "low": 1.14427,
  "close": 1.14428,
  "rollH20": 1.14702,
  "rollL20": 1.14296,
  "up2": false,
  "dn2": false,
  "source": "twelvedata_repo"
}