{
  "datetime": "2026-06-28 16:05:00",
  "open": 1.13824,
  "high": 1.13829,
  "low": 1.13824,
  "close": 1.13824,
  "rollH20": 1.13884,
  "rollL20": 1.13817,
  "up2": false,
  "dn2": false,
  "source": "twelvedata_repo"
}