{
  "datetime": "2025-11-04 10:25:00",
  "open": 1.15091,
  "high": 1.15101,
  "low": 1.15091,
  "close": 1.15099,
  "rollH20": 1.15323,
  "rollL20": 1.15069,
  "up2": false,
  "dn2": false,
  "source": "twelvedata_repo"
}