{
  "datetime": "2026-05-26 22:45:00",
  "open": 1.16312,
  "high": 1.16317,
  "low": 1.16303,
  "close": 1.16306,
  "rollH20": 1.16331,
  "rollL20": 1.16278,
  "up2": false,
  "dn2": false,
  "source": "twelvedata_repo"
}