{
  "datetime": "2025-10-21 07:40:00",
  "open": 1.16261,
  "high": 1.16296,
  "low": 1.16252,
  "close": 1.16283,
  "rollH20": 1.16371,
  "rollL20": 1.16187,
  "up2": false,
  "dn2": false,
  "source": "twelvedata_repo"
}