{
  "datetime": "2026-02-26 06:30:00",
  "open": 1.1816,
  "high": 1.18178,
  "low": 1.18159,
  "close": 1.18165,
  "rollH20": 1.18221,
  "rollL20": 1.18154,
  "up2": false,
  "dn2": false,
  "source": "twelvedata_repo"
}