{
  "datetime": "2025-12-25 20:55:00",
  "open": 1.17838,
  "high": 1.1784,
  "low": 1.17829,
  "close": 1.17832,
  "rollH20": 1.17906,
  "rollL20": 1.17794,
  "up2": false,
  "dn2": false,
  "source": "twelvedata_repo"
}