{
  "datetime": "2025-09-15 15:40:00",
  "open": 1.17588,
  "high": 1.17588,
  "low": 1.17528,
  "close": 1.1754,
  "rollH20": 1.1773,
  "rollL20": 1.17507,
  "up2": false,
  "dn2": false,
  "source": "twelvedata_repo"
}