{
  "datetime": "2026-02-15 22:20:00",
  "open": 1.18719,
  "high": 1.18722,
  "low": 1.18715,
  "close": 1.18715,
  "rollH20": 1.18793,
  "rollL20": 1.18698,
  "up2": false,
  "dn2": false,
  "source": "twelvedata_repo"
}