{
  "datetime": "2026-02-20 06:25:00",
  "open": 1.17542,
  "high": 1.17552,
  "low": 1.17542,
  "close": 1.17546,
  "rollH20": 1.1757,
  "rollL20": 1.17508,
  "up2": false,
  "dn2": false,
  "source": "twelvedata_repo"
}