{
  "datetime": "2025-12-08 23:10:00",
  "open": 1.16366,
  "high": 1.16377,
  "low": 1.16365,
  "close": 1.16376,
  "rollH20": 1.16415,
  "rollL20": 1.1634,
  "up2": false,
  "dn2": false,
  "source": "twelvedata_repo"
}