{
  "datetime": "2026-01-16 15:45:00",
  "open": 1.16162,
  "high": 1.16166,
  "low": 1.16156,
  "close": 1.16165,
  "rollH20": 1.162,
  "rollL20": 1.16123,
  "up2": false,
  "dn2": false,
  "source": "twelvedata_repo"
}