{
  "datetime": "2026-06-23 07:10:00",
  "open": 1.14254,
  "high": 1.14254,
  "low": 1.14236,
  "close": 1.14246,
  "rollH20": 1.14262,
  "rollL20": 1.14196,
  "up2": false,
  "dn2": false,
  "source": "twelvedata_repo"
}