{
  "datetime": "2026-01-19 17:25:00",
  "open": 1.1643,
  "high": 1.16436,
  "low": 1.1643,
  "close": 1.16435,
  "rollH20": 1.16441,
  "rollL20": 1.16328,
  "up2": false,
  "dn2": false,
  "source": "twelvedata_repo"
}