{
  "datetime": "2025-11-13 23:10:00",
  "open": 1.16383,
  "high": 1.16386,
  "low": 1.16379,
  "close": 1.16383,
  "rollH20": 1.16393,
  "rollL20": 1.16311,
  "up2": false,
  "dn2": false,
  "source": "twelvedata_repo"
}