{
  "datetime": "2026-04-11 12:45:00",
  "open": 1.17249,
  "high": 1.17252,
  "low": 1.17248,
  "close": 1.1725,
  "rollH20": 1.17251,
  "rollL20": 1.17175,
  "up2": false,
  "dn2": false,
  "source": "twelvedata_repo"
}