{
  "datetime": "2026-03-22 00:45:00",
  "open": 1.15852,
  "high": 1.15857,
  "low": 1.1585,
  "close": 1.15851,
  "rollH20": 1.15912,
  "rollL20": 1.15834,
  "up2": false,
  "dn2": false,
  "source": "twelvedata_repo"
}