{
  "datetime": "2025-12-19 22:25:00",
  "open": 1.17129,
  "high": 1.17132,
  "low": 1.17119,
  "close": 1.17122,
  "rollH20": 1.17258,
  "rollL20": 1.1708,
  "up2": false,
  "dn2": false,
  "source": "twelvedata_repo"
}