{
  "datetime": "2025-10-03 15:25:00",
  "open": 1.1746,
  "high": 1.17464,
  "low": 1.17396,
  "close": 1.17422,
  "rollH20": 1.17586,
  "rollL20": 1.1731,
  "up2": false,
  "dn2": false,
  "source": "twelvedata_repo"
}