{
  "datetime": "2026-04-02 05:15:00",
  "open": 1.15393,
  "high": 1.15398,
  "low": 1.15378,
  "close": 1.15378,
  "rollH20": 1.15493,
  "rollL20": 1.15387,
  "up2": false,
  "dn2": false,
  "source": "twelvedata_repo"
}