{
  "datetime": "2026-02-09 11:30:00",
  "open": 1.18623,
  "high": 1.18629,
  "low": 1.18618,
  "close": 1.18621,
  "rollH20": 1.18693,
  "rollL20": 1.18592,
  "up2": false,
  "dn2": false,
  "source": "twelvedata_repo"
}