{
  "datetime": "2026-01-04 23:55:00",
  "open": 1.17216,
  "high": 1.17222,
  "low": 1.17167,
  "close": 1.17167,
  "rollH20": 1.17251,
  "rollL20": 1.17179,
  "up2": false,
  "dn2": false,
  "source": "twelvedata_repo"
}