{
  "datetime": "2026-04-12 23:50:00",
  "open": 1.16723,
  "high": 1.16728,
  "low": 1.16712,
  "close": 1.16724,
  "rollH20": 1.1682,
  "rollL20": 1.16667,
  "up2": false,
  "dn2": false,
  "source": "twelvedata_repo"
}