{
  "datetime": "2026-01-16 06:25:00",
  "open": 1.161,
  "high": 1.16103,
  "low": 1.16098,
  "close": 1.161,
  "rollH20": 1.16142,
  "rollL20": 1.16073,
  "up2": false,
  "dn2": false,
  "source": "twelvedata_repo"
}