{
  "datetime": "2025-10-14 05:45:00",
  "open": 1.15848,
  "high": 1.1585,
  "low": 1.15848,
  "close": 1.1585,
  "rollH20": 1.15873,
  "rollL20": 1.15713,
  "up2": false,
  "dn2": false,
  "source": "twelvedata_repo"
}