{
  "datetime": "2026-02-19 18:45:00",
  "open": 1.17728,
  "high": 1.17739,
  "low": 1.17725,
  "close": 1.17734,
  "rollH20": 1.17735,
  "rollL20": 1.17571,
  "up2": false,
  "dn2": false,
  "source": "twelvedata_repo"
}