{
  "datetime": "2025-12-11 04:55:00",
  "open": 1.16929,
  "high": 1.16933,
  "low": 1.16919,
  "close": 1.16921,
  "rollH20": 1.17031,
  "rollL20": 1.1691,
  "up2": false,
  "dn2": false,
  "source": "twelvedata_repo"
}