{
  "datetime": "2025-11-18 23:55:00",
  "open": 1.15792,
  "high": 1.15796,
  "low": 1.15792,
  "close": 1.15796,
  "rollH20": 1.15837,
  "rollL20": 1.15779,
  "up2": false,
  "dn2": false,
  "source": "twelvedata_repo"
}