{
  "datetime": "2026-03-25 00:55:00",
  "open": 1.16131,
  "high": 1.1615,
  "low": 1.16129,
  "close": 1.1615,
  "rollH20": 1.16189,
  "rollL20": 1.16044,
  "up2": false,
  "dn2": false,
  "source": "twelvedata_repo"
}