{
  "datetime": "2026-04-24 22:25:00",
  "open": 1.17201,
  "high": 1.17203,
  "low": 1.172,
  "close": 1.17203,
  "rollH20": 1.1726,
  "rollL20": 1.17152,
  "up2": false,
  "dn2": false,
  "source": "twelvedata_repo"
}