{
  "datetime": "2025-12-30 21:30:00",
  "open": 1.17494,
  "high": 1.17499,
  "low": 1.17492,
  "close": 1.17493,
  "rollH20": 1.17548,
  "rollL20": 1.17455,
  "up2": false,
  "dn2": false,
  "source": "twelvedata_repo"
}