{
  "datetime": "2026-05-28 13:50:00",
  "open": 1.16331,
  "high": 1.16348,
  "low": 1.1633,
  "close": 1.16334,
  "rollH20": 1.16344,
  "rollL20": 1.16053,
  "up2": false,
  "dn2": false,
  "source": "twelvedata_repo"
}