{
  "datetime": "2026-05-03 14:25:00",
  "open": 1.17249,
  "high": 1.17252,
  "low": 1.17249,
  "close": 1.17249,
  "rollH20": 1.17272,
  "rollL20": 1.17199,
  "up2": false,
  "dn2": false,
  "source": "twelvedata_repo"
}