{
  "datetime": "2025-09-02 14:50:00",
  "open": 1.1642,
  "high": 1.16478,
  "low": 1.16413,
  "close": 1.16473,
  "rollH20": 1.16509,
  "rollL20": 1.16103,
  "up2": false,
  "dn2": false,
  "source": "twelvedata_repo"
}