{
  "datetime": "2025-12-29 17:40:00",
  "open": 1.17579,
  "high": 1.17614,
  "low": 1.17574,
  "close": 1.17598,
  "rollH20": 1.17859,
  "rollL20": 1.17528,
  "up2": false,
  "dn2": false,
  "source": "twelvedata_repo"
}