{
  "datetime": "2025-09-03 05:55:00",
  "open": 1.16308,
  "high": 1.16316,
  "low": 1.16302,
  "close": 1.16313,
  "rollH20": 1.16319,
  "rollL20": 1.16217,
  "up2": false,
  "dn2": false,
  "source": "twelvedata_repo"
}