{
  "datetime": "2026-02-14 09:00:00",
  "open": 1.18634,
  "high": 1.18636,
  "low": 1.18632,
  "close": 1.18632,
  "rollH20": 1.18698,
  "rollL20": 1.18621,
  "up2": false,
  "dn2": false,
  "source": "twelvedata_repo"
}