{
  "datetime": "2025-11-04 00:55:00",
  "open": 1.15193,
  "high": 1.15194,
  "low": 1.15191,
  "close": 1.15191,
  "rollH20": 1.15216,
  "rollL20": 1.15187,
  "up2": false,
  "dn2": false,
  "source": "twelvedata_repo"
}