{
  "datetime": "2026-03-15 05:10:00",
  "open": 1.14606,
  "high": 1.14611,
  "low": 1.14605,
  "close": 1.14608,
  "rollH20": 1.14707,
  "rollL20": 1.14586,
  "up2": false,
  "dn2": false,
  "source": "twelvedata_repo"
}