{
  "datetime": "2026-01-09 17:05:00",
  "open": 1.16406,
  "high": 1.16419,
  "low": 1.16406,
  "close": 1.16419,
  "rollH20": 1.16443,
  "rollL20": 1.16191,
  "up2": false,
  "dn2": false,
  "source": "twelvedata_repo"
}