{
  "datetime": "2026-06-03 23:55:00",
  "open": 1.1598,
  "high": 1.16078,
  "low": 1.15957,
  "close": 1.16055,
  "rollH20": 1.1601,
  "rollL20": 1.15949,
  "up2": false,
  "dn2": false,
  "source": "twelvedata_repo"
}