{
  "datetime": "2026-07-17 21:20:00",
  "open": 1.14394,
  "high": 1.14395,
  "low": 1.14362,
  "close": 1.14369,
  "rollH20": 1.14427,
  "rollL20": 1.14343,
  "up2": false,
  "dn2": false,
  "source": "twelvedata_repo"
}