{
  "datetime": "2026-01-20 02:50:00",
  "open": 1.16396,
  "high": 1.16413,
  "low": 1.16395,
  "close": 1.16411,
  "rollH20": 1.16436,
  "rollL20": 1.16324,
  "up2": false,
  "dn2": false,
  "source": "twelvedata_repo"
}