{
  "datetime": "2026-04-10 00:35:00",
  "open": 1.16953,
  "high": 1.16959,
  "low": 1.1695,
  "close": 1.1695,
  "rollH20": 1.17027,
  "rollL20": 1.1693,
  "up2": false,
  "dn2": false,
  "source": "twelvedata_repo"
}