{
  "datetime": "2025-10-30 12:35:00",
  "open": 1.16091,
  "high": 1.16112,
  "low": 1.16091,
  "close": 1.16098,
  "rollH20": 1.16199,
  "rollL20": 1.1604,
  "up2": false,
  "dn2": false,
  "source": "twelvedata_repo"
}