{
  "datetime": "2026-01-29 02:35:00",
  "open": 1.19632,
  "high": 1.19638,
  "low": 1.19599,
  "close": 1.19626,
  "rollH20": 1.19845,
  "rollL20": 1.19591,
  "up2": false,
  "dn2": false,
  "source": "twelvedata_repo"
}