{
  "datetime": "2026-04-23 11:50:00",
  "open": 1.16809,
  "high": 1.16819,
  "low": 1.16809,
  "close": 1.16819,
  "rollH20": 1.16998,
  "rollL20": 1.16809,
  "up2": false,
  "dn2": false,
  "source": "twelvedata_repo"
}