{
  "datetime": "2026-02-16 06:00:00",
  "open": 1.18653,
  "high": 1.18655,
  "low": 1.18649,
  "close": 1.1865,
  "rollH20": 1.18676,
  "rollL20": 1.18608,
  "up2": false,
  "dn2": false,
  "source": "twelvedata_repo"
}