{
  "datetime": "2026-04-10 05:50:00",
  "open": 1.16939,
  "high": 1.16942,
  "low": 1.16932,
  "close": 1.16933,
  "rollH20": 1.1697,
  "rollL20": 1.16898,
  "up2": false,
  "dn2": false,
  "source": "twelvedata_repo"
}