{
  "datetime": "2025-11-24 21:30:00",
  "open": 1.15251,
  "high": 1.15254,
  "low": 1.15235,
  "close": 1.15242,
  "rollH20": 1.15292,
  "rollL20": 1.15236,
  "up2": false,
  "dn2": false,
  "source": "twelvedata_repo"
}