{
  "datetime": "2025-10-06 19:55:00",
  "open": 1.17106,
  "high": 1.17109,
  "low": 1.17103,
  "close": 1.17105,
  "rollH20": 1.17192,
  "rollL20": 1.17095,
  "up2": false,
  "dn2": false,
  "source": "twelvedata_repo"
}