{
  "datetime": "2026-02-12 11:45:00",
  "open": 1.18803,
  "high": 1.18805,
  "low": 1.18762,
  "close": 1.18762,
  "rollH20": 1.18884,
  "rollL20": 1.18773,
  "up2": false,
  "dn2": false,
  "source": "twelvedata_repo"
}