{
  "datetime": "2026-05-09 03:55:00",
  "open": 1.17845,
  "high": 1.17857,
  "low": 1.17844,
  "close": 1.17847,
  "rollH20": 1.1788,
  "rollL20": 1.17823,
  "up2": false,
  "dn2": false,
  "source": "twelvedata_repo"
}