{
  "datetime": "2026-06-14 12:35:00",
  "open": 1.15749,
  "high": 1.15753,
  "low": 1.15748,
  "close": 1.15748,
  "rollH20": 1.15754,
  "rollL20": 1.15747,
  "up2": false,
  "dn2": false,
  "source": "twelvedata_repo"
}