{
  "datetime": "2026-01-24 08:30:00",
  "open": 1.18231,
  "high": 1.18236,
  "low": 1.1823,
  "close": 1.1823,
  "rollH20": 1.18243,
  "rollL20": 1.18229,
  "up2": false,
  "dn2": false,
  "source": "twelvedata_repo"
}