{
  "datetime": "2026-05-24 18:15:00",
  "open": 1.16018,
  "high": 1.16025,
  "low": 1.16017,
  "close": 1.16023,
  "rollH20": 1.16038,
  "rollL20": 1.15999,
  "up2": false,
  "dn2": false,
  "source": "twelvedata_repo"
}