{
  "datetime": "2025-10-08 10:30:00",
  "open": 1.16168,
  "high": 1.16168,
  "low": 1.16159,
  "close": 1.16159,
  "rollH20": 1.16355,
  "rollL20": 1.16107,
  "up2": false,
  "dn2": false,
  "source": "twelvedata_repo"
}