{
  "datetime": "2025-09-30 06:05:00",
  "open": 1.17296,
  "high": 1.17299,
  "low": 1.17285,
  "close": 1.17297,
  "rollH20": 1.17313,
  "rollL20": 1.17189,
  "up2": false,
  "dn2": false,
  "source": "twelvedata_repo"
}