{
  "datetime": "2025-12-09 23:45:00",
  "open": 1.16279,
  "high": 1.16281,
  "low": 1.16276,
  "close": 1.1628,
  "rollH20": 1.16301,
  "rollL20": 1.16249,
  "up2": false,
  "dn2": false,
  "source": "twelvedata_repo"
}