{
  "datetime": "2026-01-09 15:05:00",
  "open": 1.16484,
  "high": 1.16502,
  "low": 1.16469,
  "close": 1.16496,
  "rollH20": 1.1659,
  "rollL20": 1.16325,
  "up2": false,
  "dn2": false,
  "source": "twelvedata_repo"
}