{
  "datetime": "2025-09-26 08:55:00",
  "open": 1.16715,
  "high": 1.16726,
  "low": 1.16705,
  "close": 1.16726,
  "rollH20": 1.16831,
  "rollL20": 1.16685,
  "up2": false,
  "dn2": false,
  "source": "twelvedata_repo"
}