{
  "datetime": "2026-04-12 18:10:00",
  "open": 1.17236,
  "high": 1.17236,
  "low": 1.17197,
  "close": 1.17199,
  "rollH20": 1.17298,
  "rollL20": 1.17222,
  "up2": false,
  "dn2": false,
  "source": "twelvedata_repo"
}