{
  "datetime": "2026-02-23 17:15:00",
  "open": 1.18007,
  "high": 1.18017,
  "low": 1.18006,
  "close": 1.18015,
  "rollH20": 1.18073,
  "rollL20": 1.17891,
  "up2": false,
  "dn2": false,
  "source": "twelvedata_repo"
}