{
  "datetime": "2026-05-16 03:50:00",
  "open": 1.16248,
  "high": 1.16254,
  "low": 1.16247,
  "close": 1.16247,
  "rollH20": 1.16257,
  "rollL20": 1.16233,
  "up2": false,
  "dn2": false,
  "source": "twelvedata_repo"
}