{
  "datetime": "2025-10-29 20:15:00",
  "open": 1.15869,
  "high": 1.15892,
  "low": 1.15819,
  "close": 1.15859,
  "rollH20": 1.16538,
  "rollL20": 1.15806,
  "up2": false,
  "dn2": false,
  "source": "twelvedata_repo"
}