{
  "datetime": "2026-01-11 14:20:00",
  "open": 1.1634,
  "high": 1.16345,
  "low": 1.16332,
  "close": 1.16335,
  "rollH20": 1.16349,
  "rollL20": 1.16337,
  "up2": false,
  "dn2": false,
  "source": "twelvedata_repo"
}