{
  "datetime": "2025-10-15 15:35:00",
  "open": 1.16214,
  "high": 1.16231,
  "low": 1.16199,
  "close": 1.16206,
  "rollH20": 1.16319,
  "rollL20": 1.16105,
  "up2": false,
  "dn2": false,
  "source": "twelvedata_repo"
}