{
  "datetime": "2026-05-02 15:45:00",
  "open": 1.17201,
  "high": 1.17205,
  "low": 1.17199,
  "close": 1.17203,
  "rollH20": 1.17254,
  "rollL20": 1.17191,
  "up2": false,
  "dn2": false,
  "source": "twelvedata_repo"
}