{
  "datetime": "2025-11-13 18:45:00",
  "open": 1.16525,
  "high": 1.16545,
  "low": 1.16525,
  "close": 1.16541,
  "rollH20": 1.16553,
  "rollL20": 1.16392,
  "up2": false,
  "dn2": false,
  "source": "twelvedata_repo"
}