{
  "datetime": "2026-06-23 18:45:00",
  "open": 1.13816,
  "high": 1.13817,
  "low": 1.13808,
  "close": 1.1381,
  "rollH20": 1.13843,
  "rollL20": 1.13769,
  "up2": false,
  "dn2": false,
  "source": "twelvedata_repo"
}