{
  "datetime": "2025-12-26 11:50:00",
  "open": 1.17772,
  "high": 1.17773,
  "low": 1.1776,
  "close": 1.17763,
  "rollH20": 1.17794,
  "rollL20": 1.1769,
  "up2": false,
  "dn2": false,
  "source": "twelvedata_repo"
}