{
  "datetime": "2026-02-24 08:25:00",
  "open": 1.17864,
  "high": 1.17872,
  "low": 1.17864,
  "close": 1.17866,
  "rollH20": 1.17882,
  "rollL20": 1.17718,
  "up2": false,
  "dn2": false,
  "source": "twelvedata_repo"
}