{
  "datetime": "2026-03-17 06:10:00",
  "open": 1.14706,
  "high": 1.14708,
  "low": 1.14704,
  "close": 1.14704,
  "rollH20": 1.15002,
  "rollL20": 1.14703,
  "up2": false,
  "dn2": false,
  "source": "twelvedata_repo"
}