{
  "datetime": "2025-10-03 12:05:00",
  "open": 1.17361,
  "high": 1.17373,
  "low": 1.17357,
  "close": 1.17363,
  "rollH20": 1.17395,
  "rollL20": 1.17323,
  "up2": false,
  "dn2": false,
  "source": "twelvedata_repo"
}