{
  "datetime": "2025-09-30 08:30:00",
  "open": 1.1746,
  "high": 1.17461,
  "low": 1.17443,
  "close": 1.17443,
  "rollH20": 1.17481,
  "rollL20": 1.17311,
  "up2": false,
  "dn2": false,
  "source": "twelvedata_repo"
}