{
  "datetime": "2025-11-26 10:35:00",
  "open": 1.15708,
  "high": 1.15742,
  "low": 1.15704,
  "close": 1.15739,
  "rollH20": 1.15806,
  "rollL20": 1.15669,
  "up2": false,
  "dn2": false,
  "source": "twelvedata_repo"
}