{
  "datetime": "2025-11-05 00:40:00",
  "open": 1.14852,
  "high": 1.14852,
  "low": 1.14851,
  "close": 1.14851,
  "rollH20": 1.14856,
  "rollL20": 1.14816,
  "up2": false,
  "dn2": false,
  "source": "twelvedata_repo"
}