{
  "datetime": "2025-12-08 14:55:00",
  "open": 1.1648,
  "high": 1.16488,
  "low": 1.1648,
  "close": 1.16488,
  "rollH20": 1.16565,
  "rollL20": 1.16473,
  "up2": false,
  "dn2": false,
  "source": "twelvedata_repo"
}