{
  "datetime": "2026-01-14 16:55:00",
  "open": 1.16549,
  "high": 1.1658,
  "low": 1.16546,
  "close": 1.16569,
  "rollH20": 1.16595,
  "rollL20": 1.16504,
  "up2": false,
  "dn2": false,
  "source": "twelvedata_repo"
}