{
  "datetime": "2025-11-25 10:30:00",
  "open": 1.15331,
  "high": 1.15333,
  "low": 1.1531,
  "close": 1.15316,
  "rollH20": 1.15358,
  "rollL20": 1.15201,
  "up2": false,
  "dn2": false,
  "source": "twelvedata_repo"
}