{
  "datetime": "2026-01-10 10:50:00",
  "open": 1.16392,
  "high": 1.16406,
  "low": 1.16392,
  "close": 1.16405,
  "rollH20": 1.16412,
  "rollL20": 1.16351,
  "up2": false,
  "dn2": false,
  "source": "twelvedata_repo"
}