{
  "datetime": "2026-03-29 21:45:00",
  "open": 1.15059,
  "high": 1.15065,
  "low": 1.15059,
  "close": 1.15063,
  "rollH20": 1.15174,
  "rollL20": 1.14936,
  "up2": false,
  "dn2": false,
  "source": "twelvedata_repo"
}