{
  "datetime": "2026-02-20 16:10:00",
  "open": 1.17948,
  "high": 1.17972,
  "low": 1.179,
  "close": 1.17968,
  "rollH20": 1.18064,
  "rollL20": 1.17572,
  "up2": false,
  "dn2": false,
  "source": "twelvedata_repo"
}