{
  "datetime": "2026-02-06 22:45:00",
  "open": 1.18173,
  "high": 1.18175,
  "low": 1.18159,
  "close": 1.18159,
  "rollH20": 1.1824,
  "rollL20": 1.18169,
  "up2": false,
  "dn2": false,
  "source": "twelvedata_repo"
}