{
  "datetime": "2025-09-02 18:55:00",
  "open": 1.16448,
  "high": 1.16452,
  "low": 1.1642,
  "close": 1.16431,
  "rollH20": 1.16523,
  "rollL20": 1.16413,
  "up2": false,
  "dn2": false,
  "source": "twelvedata_repo"
}