{
  "datetime": "2026-06-14 20:15:00",
  "open": 1.15685,
  "high": 1.15714,
  "low": 1.15651,
  "close": 1.15668,
  "rollH20": 1.1572,
  "rollL20": 1.15645,
  "up2": false,
  "dn2": false,
  "source": "twelvedata_repo"
}