{
  "datetime": "2026-05-22 13:45:00",
  "open": 1.15992,
  "high": 1.16037,
  "low": 1.15992,
  "close": 1.16027,
  "rollH20": 1.16066,
  "rollL20": 1.15929,
  "up2": false,
  "dn2": false,
  "source": "twelvedata_repo"
}