{
  "datetime": "2025-10-22 18:25:00",
  "open": 1.16149,
  "high": 1.16181,
  "low": 1.16146,
  "close": 1.16173,
  "rollH20": 1.16222,
  "rollL20": 1.16125,
  "up2": false,
  "dn2": false,
  "source": "twelvedata_repo"
}