{
  "datetime": "2026-03-18 09:55:00",
  "open": 1.15369,
  "high": 1.15384,
  "low": 1.15369,
  "close": 1.15381,
  "rollH20": 1.15397,
  "rollL20": 1.15192,
  "up2": false,
  "dn2": false,
  "source": "twelvedata_repo"
}