{
  "datetime": "2025-12-19 05:20:00",
  "open": 1.17178,
  "high": 1.17182,
  "low": 1.17176,
  "close": 1.17177,
  "rollH20": 1.17255,
  "rollL20": 1.17177,
  "up2": false,
  "dn2": false,
  "source": "twelvedata_repo"
}