{
  "datetime": "2026-07-20 22:20:00",
  "open": 1.14136,
  "high": 1.14154,
  "low": 1.14132,
  "close": 1.14148,
  "rollH20": 1.14177,
  "rollL20": 1.14127,
  "up2": false,
  "dn2": false,
  "source": "twelvedata_repo"
}