{
  "datetime": "2026-01-11 19:55:00",
  "open": 1.16387,
  "high": 1.1639,
  "low": 1.16384,
  "close": 1.16385,
  "rollH20": 1.16562,
  "rollL20": 1.16321,
  "up2": false,
  "dn2": false,
  "source": "twelvedata_repo"
}