{
  "datetime": "2026-03-14 08:05:00",
  "open": 1.14179,
  "high": 1.14182,
  "low": 1.14169,
  "close": 1.14169,
  "rollH20": 1.14375,
  "rollL20": 1.14131,
  "up2": false,
  "dn2": false,
  "source": "twelvedata_repo"
}