{
  "datetime": "2025-11-27 02:55:00",
  "open": 1.16114,
  "high": 1.16119,
  "low": 1.16111,
  "close": 1.16119,
  "rollH20": 1.16127,
  "rollL20": 1.16003,
  "up2": false,
  "dn2": false,
  "source": "twelvedata_repo"
}