{
  "datetime": "2026-06-07 02:25:00",
  "open": 1.15233,
  "high": 1.15237,
  "low": 1.15232,
  "close": 1.15232,
  "rollH20": 1.15243,
  "rollL20": 1.15205,
  "up2": false,
  "dn2": false,
  "source": "twelvedata_repo"
}