{
  "datetime": "2026-01-27 10:00:00",
  "open": 1.18603,
  "high": 1.18605,
  "low": 1.18602,
  "close": 1.18605,
  "rollH20": 1.18748,
  "rollL20": 1.1851,
  "up2": false,
  "dn2": false,
  "source": "twelvedata_repo"
}