{
  "datetime": "2026-01-23 06:15:00",
  "open": 1.17514,
  "high": 1.17519,
  "low": 1.17514,
  "close": 1.17515,
  "rollH20": 1.17524,
  "rollL20": 1.17435,
  "up2": false,
  "dn2": false,
  "source": "twelvedata_repo"
}