{
  "datetime": "2026-02-07 20:40:00",
  "open": 1.18186,
  "high": 1.18191,
  "low": 1.18185,
  "close": 1.18189,
  "rollH20": 1.18202,
  "rollL20": 1.1818,
  "up2": false,
  "dn2": false,
  "source": "twelvedata_repo"
}