{
  "datetime": "2026-02-14 19:10:00",
  "open": 1.18543,
  "high": 1.18548,
  "low": 1.18542,
  "close": 1.18546,
  "rollH20": 1.18696,
  "rollL20": 1.18498,
  "up2": false,
  "dn2": false,
  "source": "twelvedata_repo"
}