{
  "datetime": "2026-01-06 08:00:00",
  "open": 1.17365,
  "high": 1.17371,
  "low": 1.17365,
  "close": 1.17371,
  "rollH20": 1.17377,
  "rollL20": 1.17284,
  "up2": false,
  "dn2": false,
  "source": "twelvedata_repo"
}