{
  "datetime": "2025-10-27 11:35:00",
  "open": 1.16403,
  "high": 1.16433,
  "low": 1.16395,
  "close": 1.16433,
  "rollH20": 1.16443,
  "rollL20": 1.16267,
  "up2": false,
  "dn2": false,
  "source": "twelvedata_repo"
}