{
  "datetime": "2026-04-24 07:50:00",
  "open": 1.16811,
  "high": 1.16815,
  "low": 1.16802,
  "close": 1.16806,
  "rollH20": 1.16838,
  "rollL20": 1.16771,
  "up2": false,
  "dn2": false,
  "source": "twelvedata_repo"
}