{
  "datetime": "2026-02-18 22:50:00",
  "open": 1.17855,
  "high": 1.1786,
  "low": 1.17855,
  "close": 1.17857,
  "rollH20": 1.17873,
  "rollL20": 1.17831,
  "up2": false,
  "dn2": false,
  "source": "twelvedata_repo"
}