{
  "datetime": "2025-12-09 10:35:00",
  "open": 1.16473,
  "high": 1.16501,
  "low": 1.16471,
  "close": 1.16501,
  "rollH20": 1.16499,
  "rollL20": 1.16333,
  "up2": false,
  "dn2": false,
  "source": "twelvedata_repo"
}