{
  "datetime": "2026-05-24 11:20:00",
  "open": 1.16088,
  "high": 1.16093,
  "low": 1.16086,
  "close": 1.16091,
  "rollH20": 1.16093,
  "rollL20": 1.16085,
  "up2": false,
  "dn2": false,
  "source": "twelvedata_repo"
}