{
  "datetime": "2026-01-09 20:25:00",
  "open": 1.16379,
  "high": 1.16391,
  "low": 1.16379,
  "close": 1.16386,
  "rollH20": 1.16395,
  "rollL20": 1.16311,
  "up2": false,
  "dn2": false,
  "source": "twelvedata_repo"
}