{
  "datetime": "2025-09-30 23:45:00",
  "open": 1.17342,
  "high": 1.17345,
  "low": 1.17342,
  "close": 1.17342,
  "rollH20": 1.17418,
  "rollL20": 1.1733,
  "up2": false,
  "dn2": false,
  "source": "twelvedata_repo"
}