{
  "datetime": "2025-11-21 19:35:00",
  "open": 1.15067,
  "high": 1.1507,
  "low": 1.15054,
  "close": 1.15061,
  "rollH20": 1.15128,
  "rollL20": 1.15011,
  "up2": false,
  "dn2": false,
  "source": "twelvedata_repo"
}