{
  "datetime": "2025-10-08 08:30:00",
  "open": 1.16164,
  "high": 1.16197,
  "low": 1.16144,
  "close": 1.16189,
  "rollH20": 1.16203,
  "rollL20": 1.16071,
  "up2": false,
  "dn2": false,
  "source": "twelvedata_repo"
}