{
  "datetime": "2026-01-21 10:30:00",
  "open": 1.17126,
  "high": 1.1713,
  "low": 1.17106,
  "close": 1.17112,
  "rollH20": 1.17209,
  "rollL20": 1.17052,
  "up2": false,
  "dn2": false,
  "source": "twelvedata_repo"
}