{
  "datetime": "2026-02-20 16:25:00",
  "open": 1.17816,
  "high": 1.17816,
  "low": 1.17772,
  "close": 1.17811,
  "rollH20": 1.18064,
  "rollL20": 1.17604,
  "up2": false,
  "dn2": false,
  "source": "twelvedata_repo"
}