{
  "datetime": "2026-01-30 20:45:00",
  "open": 1.18774,
  "high": 1.18775,
  "low": 1.18756,
  "close": 1.18761,
  "rollH20": 1.1885,
  "rollL20": 1.18533,
  "up2": false,
  "dn2": false,
  "source": "twelvedata_repo"
}