{
  "datetime": "2026-06-13 15:25:00",
  "open": 1.15695,
  "high": 1.15698,
  "low": 1.15694,
  "close": 1.15697,
  "rollH20": 1.15793,
  "rollL20": 1.15647,
  "up2": false,
  "dn2": false,
  "source": "twelvedata_repo"
}