{
  "datetime": "2026-04-11 22:15:00",
  "open": 1.17254,
  "high": 1.17256,
  "low": 1.17254,
  "close": 1.17255,
  "rollH20": 1.17259,
  "rollL20": 1.1723,
  "up2": false,
  "dn2": false,
  "source": "twelvedata_repo"
}