{
  "datetime": "2026-03-19 03:35:00",
  "open": 1.14774,
  "high": 1.14778,
  "low": 1.14761,
  "close": 1.14769,
  "rollH20": 1.1493,
  "rollL20": 1.1473,
  "up2": false,
  "dn2": false,
  "source": "twelvedata_repo"
}