{
  "datetime": "2026-01-26 22:00:00",
  "open": 1.18827,
  "high": 1.18843,
  "low": 1.18827,
  "close": 1.18838,
  "rollH20": 1.1885,
  "rollL20": 1.18703,
  "up2": false,
  "dn2": false,
  "source": "twelvedata_repo"
}