{
  "datetime": "2025-10-24 00:45:00",
  "open": 1.16175,
  "high": 1.16178,
  "low": 1.16172,
  "close": 1.16178,
  "rollH20": 1.16219,
  "rollL20": 1.16152,
  "up2": false,
  "dn2": false,
  "source": "twelvedata_repo"
}