{
  "datetime": "2025-10-03 00:15:00",
  "open": 1.17233,
  "high": 1.17261,
  "low": 1.17233,
  "close": 1.17261,
  "rollH20": 1.17247,
  "rollL20": 1.17147,
  "up2": false,
  "dn2": false,
  "source": "twelvedata_repo"
}