{
  "datetime": "2026-04-15 14:05:00",
  "open": 1.17903,
  "high": 1.17909,
  "low": 1.17903,
  "close": 1.17905,
  "rollH20": 1.17916,
  "rollL20": 1.17753,
  "up2": false,
  "dn2": false,
  "source": "twelvedata_repo"
}