{
  "datetime": "2026-03-18 22:55:00",
  "open": 1.14585,
  "high": 1.14586,
  "low": 1.14567,
  "close": 1.14571,
  "rollH20": 1.14735,
  "rollL20": 1.14517,
  "up2": false,
  "dn2": false,
  "source": "twelvedata_repo"
}