{
  "datetime": "2025-09-09 08:55:00",
  "open": 1.17535,
  "high": 1.17546,
  "low": 1.17502,
  "close": 1.17532,
  "rollH20": 1.17749,
  "rollL20": 1.17474,
  "up2": false,
  "dn2": false,
  "source": "twelvedata_repo"
}