{
  "datetime": "2026-02-26 20:00:00",
  "open": 1.17976,
  "high": 1.17978,
  "low": 1.17964,
  "close": 1.17966,
  "rollH20": 1.17983,
  "rollL20": 1.17764,
  "up2": false,
  "dn2": false,
  "source": "twelvedata_repo"
}