{
  "datetime": "2026-01-09 22:45:00",
  "open": 1.16308,
  "high": 1.1632,
  "low": 1.16308,
  "close": 1.16317,
  "rollH20": 1.16387,
  "rollL20": 1.16308,
  "up2": false,
  "dn2": false,
  "source": "twelvedata_repo"
}