{
  "datetime": "2026-03-11 00:40:00",
  "open": 1.16188,
  "high": 1.16209,
  "low": 1.16188,
  "close": 1.16204,
  "rollH20": 1.16249,
  "rollL20": 1.16049,
  "up2": false,
  "dn2": false,
  "source": "twelvedata_repo"
}