{
  "datetime": "2026-04-13 15:55:00",
  "open": 1.1714,
  "high": 1.17149,
  "low": 1.17137,
  "close": 1.1714,
  "rollH20": 1.17194,
  "rollL20": 1.16972,
  "up2": false,
  "dn2": false,
  "source": "twelvedata_repo"
}