{
  "datetime": "2026-01-31 20:00:00",
  "open": 1.18546,
  "high": 1.18551,
  "low": 1.18544,
  "close": 1.18548,
  "rollH20": 1.18552,
  "rollL20": 1.1854,
  "up2": false,
  "dn2": false,
  "source": "twelvedata_repo"
}