{
  "datetime": "2025-10-21 11:35:00",
  "open": 1.16119,
  "high": 1.1612,
  "low": 1.16119,
  "close": 1.16119,
  "rollH20": 1.16271,
  "rollL20": 1.16066,
  "up2": false,
  "dn2": false,
  "source": "twelvedata_repo"
}