{
  "datetime": "2026-01-14 15:55:00",
  "open": 1.16558,
  "high": 1.16569,
  "low": 1.16557,
  "close": 1.16568,
  "rollH20": 1.16595,
  "rollL20": 1.16458,
  "up2": false,
  "dn2": false,
  "source": "twelvedata_repo"
}