{
  "datetime": "2026-03-18 20:40:00",
  "open": 1.14524,
  "high": 1.14551,
  "low": 1.14524,
  "close": 1.14542,
  "rollH20": 1.14813,
  "rollL20": 1.14516,
  "up2": false,
  "dn2": false,
  "source": "twelvedata_repo"
}