{
  "datetime": "2025-10-26 23:30:00",
  "open": 1.16301,
  "high": 1.16305,
  "low": 1.16294,
  "close": 1.16294,
  "rollH20": 1.16356,
  "rollL20": 1.16215,
  "up2": false,
  "dn2": false,
  "source": "twelvedata_repo"
}