{
  "datetime": "2026-07-19 06:50:00",
  "open": 1.14398,
  "high": 1.14402,
  "low": 1.14397,
  "close": 1.14397,
  "rollH20": 1.14411,
  "rollL20": 1.14386,
  "up2": false,
  "dn2": false,
  "source": "twelvedata_repo"
}