{
  "datetime": "2025-11-18 05:45:00",
  "open": 1.15996,
  "high": 1.16,
  "low": 1.1599,
  "close": 1.15993,
  "rollH20": 1.16034,
  "rollL20": 1.15888,
  "up2": false,
  "dn2": false,
  "source": "twelvedata_repo"
}