{
  "datetime": "2026-02-28 17:15:00",
  "open": 1.18152,
  "high": 1.18157,
  "low": 1.18151,
  "close": 1.18152,
  "rollH20": 1.1816,
  "rollL20": 1.18107,
  "up2": false,
  "dn2": false,
  "source": "twelvedata_repo"
}