{
  "datetime": "2025-10-29 05:40:00",
  "open": 1.16332,
  "high": 1.16337,
  "low": 1.16329,
  "close": 1.16331,
  "rollH20": 1.16468,
  "rollL20": 1.16334,
  "up2": false,
  "dn2": false,
  "source": "twelvedata_repo"
}