{
  "datetime": "2026-05-21 20:50:00",
  "open": 1.16198,
  "high": 1.16212,
  "low": 1.16163,
  "close": 1.16176,
  "rollH20": 1.16279,
  "rollL20": 1.16071,
  "up2": false,
  "dn2": false,
  "source": "twelvedata_repo"
}