{
  "datetime": "2025-11-03 08:40:00",
  "open": 1.15403,
  "high": 1.15409,
  "low": 1.15403,
  "close": 1.15407,
  "rollH20": 1.15415,
  "rollL20": 1.15332,
  "up2": false,
  "dn2": false,
  "source": "twelvedata_repo"
}