{
  "datetime": "2026-06-10 03:05:00",
  "open": 1.15384,
  "high": 1.15386,
  "low": 1.15376,
  "close": 1.15385,
  "rollH20": 1.15429,
  "rollL20": 1.15332,
  "up2": false,
  "dn2": false,
  "source": "twelvedata_repo"
}