{
  "datetime": "2026-01-17 04:55:00",
  "open": 1.15945,
  "high": 1.1595,
  "low": 1.15945,
  "close": 1.15948,
  "rollH20": 1.16053,
  "rollL20": 1.15937,
  "up2": false,
  "dn2": false,
  "source": "twelvedata_repo"
}