{
  "datetime": "2026-01-24 18:40:00",
  "open": 1.1824,
  "high": 1.18244,
  "low": 1.1824,
  "close": 1.1824,
  "rollH20": 1.18249,
  "rollL20": 1.18228,
  "up2": false,
  "dn2": false,
  "source": "twelvedata_repo"
}