{
  "datetime": "2025-09-26 20:20:00",
  "open": 1.17026,
  "high": 1.17026,
  "low": 1.17023,
  "close": 1.17024,
  "rollH20": 1.17057,
  "rollL20": 1.16959,
  "up2": false,
  "dn2": false,
  "source": "twelvedata_repo"
}