{
  "datetime": "2025-09-19 10:40:00",
  "open": 1.17656,
  "high": 1.17656,
  "low": 1.17629,
  "close": 1.1763,
  "rollH20": 1.17708,
  "rollL20": 1.17513,
  "up2": false,
  "dn2": false,
  "source": "twelvedata_repo"
}