{
  "datetime": "2026-04-14 14:20:00",
  "open": 1.18014,
  "high": 1.1802,
  "low": 1.17994,
  "close": 1.18004,
  "rollH20": 1.18074,
  "rollL20": 1.17936,
  "up2": false,
  "dn2": false,
  "source": "twelvedata_repo"
}