{
  "datetime": "2026-02-15 16:10:00",
  "open": 1.18638,
  "high": 1.1864,
  "low": 1.18637,
  "close": 1.1864,
  "rollH20": 1.1872,
  "rollL20": 1.18625,
  "up2": false,
  "dn2": false,
  "source": "twelvedata_repo"
}