{
  "datetime": "2025-10-02 05:55:00",
  "open": 1.17323,
  "high": 1.17329,
  "low": 1.17323,
  "close": 1.17327,
  "rollH20": 1.17388,
  "rollL20": 1.173,
  "up2": false,
  "dn2": false,
  "source": "twelvedata_repo"
}