{
  "datetime": "2025-12-25 16:05:00",
  "open": 1.17863,
  "high": 1.17877,
  "low": 1.17853,
  "close": 1.17858,
  "rollH20": 1.17907,
  "rollL20": 1.17768,
  "up2": false,
  "dn2": false,
  "source": "twelvedata_repo"
}