{
  "datetime": "2026-01-14 04:20:00",
  "open": 1.1646,
  "high": 1.16464,
  "low": 1.1646,
  "close": 1.1646,
  "rollH20": 1.16464,
  "rollL20": 1.16361,
  "up2": false,
  "dn2": false,
  "source": "twelvedata_repo"
}