{
  "datetime": "2025-12-26 18:40:00",
  "open": 1.17658,
  "high": 1.17691,
  "low": 1.17656,
  "close": 1.17683,
  "rollH20": 1.17794,
  "rollL20": 1.17623,
  "up2": false,
  "dn2": false,
  "source": "twelvedata_repo"
}