{
  "datetime": "2025-12-05 09:15:00",
  "open": 1.16601,
  "high": 1.16614,
  "low": 1.16597,
  "close": 1.16601,
  "rollH20": 1.16717,
  "rollL20": 1.16576,
  "up2": false,
  "dn2": false,
  "source": "twelvedata_repo"
}