{
  "datetime": "2026-01-14 07:25:00",
  "open": 1.16461,
  "high": 1.16473,
  "low": 1.16459,
  "close": 1.16473,
  "rollH20": 1.16474,
  "rollL20": 1.16418,
  "up2": false,
  "dn2": false,
  "source": "twelvedata_repo"
}