{
  "datetime": "2026-06-27 19:30:00",
  "open": 1.13908,
  "high": 1.13912,
  "low": 1.13907,
  "close": 1.13907,
  "rollH20": 1.13968,
  "rollL20": 1.13853,
  "up2": false,
  "dn2": false,
  "source": "twelvedata_repo"
}