{
  "datetime": "2026-06-22 23:55:00",
  "open": 1.14268,
  "high": 1.14271,
  "low": 1.14265,
  "close": 1.14271,
  "rollH20": 1.14299,
  "rollL20": 1.14253,
  "up2": false,
  "dn2": false,
  "source": "twelvedata_repo"
}