{
  "datetime": "2026-02-01 19:45:00",
  "open": 1.18499,
  "high": 1.18508,
  "low": 1.18487,
  "close": 1.1849,
  "rollH20": 1.18739,
  "rollL20": 1.1849,
  "up2": false,
  "dn2": false,
  "source": "twelvedata_repo"
}