{
  "datetime": "2025-12-19 16:35:00",
  "open": 1.17168,
  "high": 1.17172,
  "low": 1.17163,
  "close": 1.17169,
  "rollH20": 1.17382,
  "rollL20": 1.17156,
  "up2": false,
  "dn2": false,
  "source": "twelvedata_repo"
}