{
  "datetime": "2026-03-08 23:20:00",
  "open": 1.15354,
  "high": 1.15361,
  "low": 1.15301,
  "close": 1.15308,
  "rollH20": 1.15542,
  "rollL20": 1.15298,
  "up2": false,
  "dn2": false,
  "source": "twelvedata_repo"
}