{
  "datetime": "2026-04-20 19:30:00",
  "open": 1.17853,
  "high": 1.17854,
  "low": 1.17852,
  "close": 1.17853,
  "rollH20": 1.17901,
  "rollL20": 1.17818,
  "up2": false,
  "dn2": false,
  "source": "twelvedata_repo"
}