{
  "datetime": "2026-01-30 20:55:00",
  "open": 1.18697,
  "high": 1.18699,
  "low": 1.18691,
  "close": 1.18694,
  "rollH20": 1.1885,
  "rollL20": 1.18533,
  "up2": false,
  "dn2": false,
  "source": "twelvedata_repo"
}