{
  "datetime": "2025-12-22 14:40:00",
  "open": 1.17488,
  "high": 1.17489,
  "low": 1.17486,
  "close": 1.17489,
  "rollH20": 1.17541,
  "rollL20": 1.17332,
  "up2": false,
  "dn2": false,
  "source": "twelvedata_repo"
}