{
  "datetime": "2026-04-18 03:00:00",
  "open": 1.17631,
  "high": 1.17634,
  "low": 1.1763,
  "close": 1.17633,
  "rollH20": 1.17691,
  "rollL20": 1.17629,
  "up2": false,
  "dn2": false,
  "source": "twelvedata_repo"
}