{
  "datetime": "2026-01-21 12:30:00",
  "open": 1.17146,
  "high": 1.17149,
  "low": 1.17116,
  "close": 1.17121,
  "rollH20": 1.17158,
  "rollL20": 1.17019,
  "up2": false,
  "dn2": false,
  "source": "twelvedata_repo"
}