{
  "datetime": "2026-03-01 23:30:00",
  "open": 1.17658,
  "high": 1.1766,
  "low": 1.17573,
  "close": 1.17615,
  "rollH20": 1.1789,
  "rollL20": 1.17577,
  "up2": false,
  "dn2": false,
  "source": "twelvedata_repo"
}