{
  "datetime": "2025-10-10 18:25:00",
  "open": 1.16061,
  "high": 1.16061,
  "low": 1.16006,
  "close": 1.1603,
  "rollH20": 1.16255,
  "rollL20": 1.15971,
  "up2": false,
  "dn2": false,
  "source": "twelvedata_repo"
}