{
  "datetime": "2025-12-17 16:55:00",
  "open": 1.17537,
  "high": 1.17538,
  "low": 1.17489,
  "close": 1.17535,
  "rollH20": 1.17573,
  "rollL20": 1.17294,
  "up2": false,
  "dn2": false,
  "source": "twelvedata_repo"
}