{
  "datetime": "2026-01-28 11:55:00",
  "open": 1.19909,
  "high": 1.19911,
  "low": 1.1989,
  "close": 1.19904,
  "rollH20": 1.19957,
  "rollL20": 1.19733,
  "up2": false,
  "dn2": false,
  "source": "twelvedata_repo"
}