{
  "datetime": "2026-06-07 01:10:00",
  "open": 1.15221,
  "high": 1.15222,
  "low": 1.15218,
  "close": 1.15218,
  "rollH20": 1.15246,
  "rollL20": 1.15195,
  "up2": false,
  "dn2": false,
  "source": "twelvedata_repo"
}