{
  "datetime": "2026-02-27 20:40:00",
  "open": 1.18251,
  "high": 1.18256,
  "low": 1.18246,
  "close": 1.18248,
  "rollH20": 1.18262,
  "rollL20": 1.18172,
  "up2": false,
  "dn2": false,
  "source": "twelvedata_repo"
}