{
  "datetime": "2026-07-23 10:25:00",
  "open": 1.14113,
  "high": 1.14127,
  "low": 1.14113,
  "close": 1.14125,
  "rollH20": 1.14256,
  "rollL20": 1.14081,
  "up2": false,
  "dn2": false,
  "source": "twelvedata_repo"
}