{
  "datetime": "2025-10-06 11:55:00",
  "open": 1.16619,
  "high": 1.16621,
  "low": 1.16618,
  "close": 1.16621,
  "rollH20": 1.16678,
  "rollL20": 1.16526,
  "up2": false,
  "dn2": false,
  "source": "twelvedata_repo"
}