{
  "datetime": "2025-10-03 19:15:00",
  "open": 1.17327,
  "high": 1.17338,
  "low": 1.17318,
  "close": 1.17329,
  "rollH20": 1.17416,
  "rollL20": 1.17267,
  "up2": false,
  "dn2": false,
  "source": "twelvedata_repo"
}