{
  "datetime": "2026-06-22 00:15:00",
  "open": 1.14653,
  "high": 1.14653,
  "low": 1.1463,
  "close": 1.14634,
  "rollH20": 1.14729,
  "rollL20": 1.14592,
  "up2": false,
  "dn2": false,
  "source": "twelvedata_repo"
}