{
  "datetime": "2025-10-31 17:35:00",
  "open": 1.15359,
  "high": 1.1537,
  "low": 1.15358,
  "close": 1.15363,
  "rollH20": 1.15434,
  "rollL20": 1.15246,
  "up2": false,
  "dn2": false,
  "source": "twelvedata_repo"
}