{
  "datetime": "2026-03-09 07:45:00",
  "open": 1.15569,
  "high": 1.15591,
  "low": 1.15567,
  "close": 1.15591,
  "rollH20": 1.15703,
  "rollL20": 1.15395,
  "up2": false,
  "dn2": false,
  "source": "twelvedata_repo"
}