{
  "datetime": "2025-12-11 23:35:00",
  "open": 1.17399,
  "high": 1.17401,
  "low": 1.17399,
  "close": 1.17401,
  "rollH20": 1.17446,
  "rollL20": 1.17363,
  "up2": false,
  "dn2": false,
  "source": "twelvedata_repo"
}