{
  "datetime": "2026-01-08 10:55:00",
  "open": 1.16748,
  "high": 1.16768,
  "low": 1.16748,
  "close": 1.16768,
  "rollH20": 1.16784,
  "rollL20": 1.16697,
  "up2": false,
  "dn2": false,
  "source": "twelvedata_repo"
}