{
  "datetime": "2025-12-23 22:15:00",
  "open": 1.17907,
  "high": 1.17907,
  "low": 1.17903,
  "close": 1.17903,
  "rollH20": 1.17941,
  "rollL20": 1.17861,
  "up2": false,
  "dn2": false,
  "source": "twelvedata_repo"
}