{
  "datetime": "2025-10-10 12:10:00",
  "open": 1.15727,
  "high": 1.15729,
  "low": 1.15724,
  "close": 1.15724,
  "rollH20": 1.15834,
  "rollL20": 1.15687,
  "up2": false,
  "dn2": false,
  "source": "twelvedata_repo"
}