{
  "datetime": "2025-11-04 10:50:00",
  "open": 1.15094,
  "high": 1.15095,
  "low": 1.15078,
  "close": 1.15082,
  "rollH20": 1.15284,
  "rollL20": 1.15069,
  "up2": false,
  "dn2": false,
  "source": "twelvedata_repo"
}