{
  "datetime": "2026-04-08 14:40:00",
  "open": 1.16907,
  "high": 1.16908,
  "low": 1.16898,
  "close": 1.16901,
  "rollH20": 1.17208,
  "rollL20": 1.16906,
  "up2": false,
  "dn2": false,
  "source": "twelvedata_repo"
}