{
  "datetime": "2026-06-03 23:10:00",
  "open": 1.15966,
  "high": 1.1597,
  "low": 1.15957,
  "close": 1.1596,
  "rollH20": 1.1602,
  "rollL20": 1.15961,
  "up2": false,
  "dn2": false,
  "source": "twelvedata_repo"
}