{
  "datetime": "2026-02-19 21:45:00",
  "open": 1.17768,
  "high": 1.17782,
  "low": 1.17766,
  "close": 1.17781,
  "rollH20": 1.17775,
  "rollL20": 1.17637,
  "up2": false,
  "dn2": false,
  "source": "twelvedata_repo"
}