{
  "datetime": "2025-12-09 06:10:00",
  "open": 1.16461,
  "high": 1.16463,
  "low": 1.16457,
  "close": 1.16459,
  "rollH20": 1.16489,
  "rollL20": 1.16442,
  "up2": false,
  "dn2": false,
  "source": "twelvedata_repo"
}