{
  "datetime": "2025-10-08 18:50:00",
  "open": 1.16085,
  "high": 1.16085,
  "low": 1.16076,
  "close": 1.1608,
  "rollH20": 1.16092,
  "rollL20": 1.15985,
  "up2": false,
  "dn2": false,
  "source": "twelvedata_repo"
}