{
  "datetime": "2025-09-10 08:45:00",
  "open": 1.17057,
  "high": 1.17077,
  "low": 1.17051,
  "close": 1.17061,
  "rollH20": 1.1722,
  "rollL20": 1.16918,
  "up2": false,
  "dn2": false,
  "source": "twelvedata_repo"
}