{
  "datetime": "2025-09-08 23:40:00",
  "open": 1.17627,
  "high": 1.17636,
  "low": 1.1762,
  "close": 1.17625,
  "rollH20": 1.17666,
  "rollL20": 1.17559,
  "up2": false,
  "dn2": false,
  "source": "twelvedata_repo"
}