{
  "datetime": "2026-04-25 17:00:00",
  "open": 1.17177,
  "high": 1.17183,
  "low": 1.17177,
  "close": 1.17181,
  "rollH20": 1.17197,
  "rollL20": 1.17168,
  "up2": false,
  "dn2": false,
  "source": "twelvedata_repo"
}