{
  "datetime": "2025-11-13 06:10:00",
  "open": 1.15887,
  "high": 1.15887,
  "low": 1.15874,
  "close": 1.15879,
  "rollH20": 1.15918,
  "rollL20": 1.15871,
  "up2": false,
  "dn2": false,
  "source": "twelvedata_repo"
}