{
  "datetime": "2025-10-10 15:10:00",
  "open": 1.15768,
  "high": 1.15776,
  "low": 1.15731,
  "close": 1.15743,
  "rollH20": 1.15769,
  "rollL20": 1.1562,
  "up2": false,
  "dn2": false,
  "source": "twelvedata_repo"
}