{
  "datetime": "2026-03-12 01:10:00",
  "open": 1.15464,
  "high": 1.15475,
  "low": 1.15464,
  "close": 1.15473,
  "rollH20": 1.15514,
  "rollL20": 1.15329,
  "up2": false,
  "dn2": false,
  "source": "twelvedata_repo"
}