{
  "datetime": "2026-02-20 20:55:00",
  "open": 1.17862,
  "high": 1.17879,
  "low": 1.17861,
  "close": 1.17869,
  "rollH20": 1.17873,
  "rollL20": 1.17784,
  "up2": false,
  "dn2": false,
  "source": "twelvedata_repo"
}