{
  "datetime": "2026-04-03 01:50:00",
  "open": 1.15431,
  "high": 1.15434,
  "low": 1.15405,
  "close": 1.15409,
  "rollH20": 1.15456,
  "rollL20": 1.15405,
  "up2": false,
  "dn2": false,
  "source": "twelvedata_repo"
}