{
  "datetime": "2026-03-30 09:45:00",
  "open": 1.14945,
  "high": 1.14956,
  "low": 1.14928,
  "close": 1.14949,
  "rollH20": 1.15077,
  "rollL20": 1.14913,
  "up2": false,
  "dn2": false,
  "source": "twelvedata_repo"
}