{
  "datetime": "2026-01-08 22:15:00",
  "open": 1.16524,
  "high": 1.16529,
  "low": 1.16515,
  "close": 1.16519,
  "rollH20": 1.1655,
  "rollL20": 1.16466,
  "up2": false,
  "dn2": false,
  "source": "twelvedata_repo"
}