{
  "datetime": "2025-11-12 09:40:00",
  "open": 1.15858,
  "high": 1.15871,
  "low": 1.15856,
  "close": 1.15863,
  "rollH20": 1.15887,
  "rollL20": 1.15793,
  "up2": false,
  "dn2": false,
  "source": "twelvedata_repo"
}