{
  "datetime": "2026-03-11 09:40:00",
  "open": 1.15981,
  "high": 1.15985,
  "low": 1.15977,
  "close": 1.15978,
  "rollH20": 1.16218,
  "rollL20": 1.15913,
  "up2": false,
  "dn2": false,
  "source": "twelvedata_repo"
}