{
  "datetime": "2026-01-13 21:55:00",
  "open": 1.16468,
  "high": 1.16471,
  "low": 1.16456,
  "close": 1.16464,
  "rollH20": 1.16514,
  "rollL20": 1.16457,
  "up2": false,
  "dn2": false,
  "source": "twelvedata_repo"
}