{
  "datetime": "2026-03-08 12:55:00",
  "open": 1.16171,
  "high": 1.16176,
  "low": 1.1617,
  "close": 1.16172,
  "rollH20": 1.16209,
  "rollL20": 1.16169,
  "up2": false,
  "dn2": false,
  "source": "twelvedata_repo"
}