{
  "datetime": "2026-02-08 10:05:00",
  "open": 1.18147,
  "high": 1.18147,
  "low": 1.18147,
  "close": 1.18147,
  "rollH20": 1.182,
  "rollL20": 1.18174,
  "up2": false,
  "dn2": false,
  "source": "twelvedata_repo"
}