{
  "datetime": "2025-10-15 18:25:00",
  "open": 1.16336,
  "high": 1.16349,
  "low": 1.16326,
  "close": 1.1634,
  "rollH20": 1.16468,
  "rollL20": 1.16285,
  "up2": false,
  "dn2": false,
  "source": "twelvedata_repo"
}