{
  "datetime": "2026-01-23 19:25:00",
  "open": 1.17903,
  "high": 1.17922,
  "low": 1.17859,
  "close": 1.17921,
  "rollH20": 1.17983,
  "rollL20": 1.17671,
  "up2": false,
  "dn2": false,
  "source": "twelvedata_repo"
}