{
  "datetime": "2025-09-01 14:55:00",
  "open": 1.17095,
  "high": 1.17101,
  "low": 1.17063,
  "close": 1.17067,
  "rollH20": 1.17166,
  "rollL20": 1.17047,
  "up2": false,
  "dn2": false,
  "source": "twelvedata_repo"
}