{
  "datetime": "2025-10-09 07:40:00",
  "open": 1.16228,
  "high": 1.16228,
  "low": 1.16186,
  "close": 1.16187,
  "rollH20": 1.1648,
  "rollL20": 1.16199,
  "up2": false,
  "dn2": false,
  "source": "twelvedata_repo"
}