{
  "datetime": "2026-01-27 06:10:00",
  "open": 1.18746,
  "high": 1.1875,
  "low": 1.18737,
  "close": 1.18739,
  "rollH20": 1.18891,
  "rollL20": 1.18709,
  "up2": false,
  "dn2": false,
  "source": "twelvedata_repo"
}