{
  "datetime": "2026-01-27 17:10:00",
  "open": 1.19636,
  "high": 1.19637,
  "low": 1.19631,
  "close": 1.19637,
  "rollH20": 1.19713,
  "rollL20": 1.193,
  "up2": false,
  "dn2": false,
  "source": "twelvedata_repo"
}