{
  "datetime": "2025-12-15 14:30:00",
  "open": 1.17555,
  "high": 1.17585,
  "low": 1.17555,
  "close": 1.17579,
  "rollH20": 1.176,
  "rollL20": 1.17466,
  "up2": false,
  "dn2": false,
  "source": "twelvedata_repo"
}