{
  "datetime": "2026-01-16 17:55:00",
  "open": 1.16003,
  "high": 1.16004,
  "low": 1.15978,
  "close": 1.15987,
  "rollH20": 1.16275,
  "rollL20": 1.15851,
  "up2": false,
  "dn2": false,
  "source": "twelvedata_repo"
}