{
  "datetime": "2025-10-02 21:30:00",
  "open": 1.17178,
  "high": 1.172,
  "low": 1.17178,
  "close": 1.17198,
  "rollH20": 1.17266,
  "rollL20": 1.17165,
  "up2": false,
  "dn2": false,
  "source": "twelvedata_repo"
}