{
  "datetime": "2026-07-22 16:55:00",
  "open": 1.14117,
  "high": 1.14124,
  "low": 1.14108,
  "close": 1.14124,
  "rollH20": 1.14182,
  "rollL20": 1.14078,
  "up2": false,
  "dn2": false,
  "source": "twelvedata_repo"
}