{
  "datetime": "2025-12-29 10:50:00",
  "open": 1.1777,
  "high": 1.17771,
  "low": 1.17757,
  "close": 1.17766,
  "rollH20": 1.17887,
  "rollL20": 1.17726,
  "up2": false,
  "dn2": false,
  "source": "twelvedata_repo"
}