{
  "datetime": "2026-06-07 17:35:00",
  "open": 1.15207,
  "high": 1.1521,
  "low": 1.15206,
  "close": 1.15206,
  "rollH20": 1.15237,
  "rollL20": 1.15137,
  "up2": false,
  "dn2": false,
  "source": "twelvedata_repo"
}