{
  "datetime": "2025-12-26 22:55:00",
  "open": 1.17697,
  "high": 1.17718,
  "low": 1.17695,
  "close": 1.17718,
  "rollH20": 1.17817,
  "rollL20": 1.1767,
  "up2": false,
  "dn2": false,
  "source": "twelvedata_repo"
}