{
  "datetime": "2025-10-10 21:05:00",
  "open": 1.16134,
  "high": 1.16144,
  "low": 1.16103,
  "close": 1.16103,
  "rollH20": 1.16151,
  "rollL20": 1.16036,
  "up2": false,
  "dn2": false,
  "source": "twelvedata_repo"
}