{
  "datetime": "2025-10-30 15:40:00",
  "open": 1.15762,
  "high": 1.15762,
  "low": 1.15709,
  "close": 1.15734,
  "rollH20": 1.15859,
  "rollL20": 1.15474,
  "up2": false,
  "dn2": false,
  "source": "twelvedata_repo"
}