{
  "datetime": "2026-02-04 12:50:00",
  "open": 1.1811,
  "high": 1.18118,
  "low": 1.1811,
  "close": 1.18118,
  "rollH20": 1.18156,
  "rollL20": 1.18063,
  "up2": false,
  "dn2": false,
  "source": "twelvedata_repo"
}