{
  "datetime": "2025-09-04 11:35:00",
  "open": 1.16556,
  "high": 1.16567,
  "low": 1.16543,
  "close": 1.16564,
  "rollH20": 1.16601,
  "rollL20": 1.16393,
  "up2": false,
  "dn2": false,
  "source": "twelvedata_repo"
}