{
  "datetime": "2026-05-05 22:25:00",
  "open": 1.16936,
  "high": 1.16949,
  "low": 1.16926,
  "close": 1.16943,
  "rollH20": 1.16974,
  "rollL20": 1.16926,
  "up2": false,
  "dn2": false,
  "source": "twelvedata_repo"
}