{
  "datetime": "2026-04-12 04:50:00",
  "open": 1.17259,
  "high": 1.17261,
  "low": 1.17259,
  "close": 1.1726,
  "rollH20": 1.17264,
  "rollL20": 1.17249,
  "up2": false,
  "dn2": false,
  "source": "twelvedata_repo"
}