{
  "datetime": "2026-03-14 15:10:00",
  "open": 1.14583,
  "high": 1.14587,
  "low": 1.14583,
  "close": 1.14585,
  "rollH20": 1.14636,
  "rollL20": 1.1439,
  "up2": false,
  "dn2": false,
  "source": "twelvedata_repo"
}