{
  "datetime": "2026-01-07 19:55:00",
  "open": 1.1688,
  "high": 1.1688,
  "low": 1.1684,
  "close": 1.1684,
  "rollH20": 1.16915,
  "rollL20": 1.16853,
  "up2": false,
  "dn2": false,
  "source": "twelvedata_repo"
}