{
  "datetime": "2026-01-21 12:40:00",
  "open": 1.17167,
  "high": 1.17172,
  "low": 1.17144,
  "close": 1.17144,
  "rollH20": 1.17168,
  "rollL20": 1.17027,
  "up2": false,
  "dn2": false,
  "source": "twelvedata_repo"
}