{
  "datetime": "2026-01-22 20:35:00",
  "open": 1.17429,
  "high": 1.17439,
  "low": 1.17419,
  "close": 1.17439,
  "rollH20": 1.17489,
  "rollL20": 1.17423,
  "up2": false,
  "dn2": false,
  "source": "twelvedata_repo"
}