{
  "datetime": "2026-01-22 12:20:00",
  "open": 1.1695,
  "high": 1.16956,
  "low": 1.16948,
  "close": 1.1695,
  "rollH20": 1.16987,
  "rollL20": 1.16873,
  "up2": false,
  "dn2": false,
  "source": "twelvedata_repo"
}