{
  "datetime": "2026-03-12 16:55:00",
  "open": 1.15206,
  "high": 1.15219,
  "low": 1.15206,
  "close": 1.15219,
  "rollH20": 1.15303,
  "rollL20": 1.15115,
  "up2": false,
  "dn2": false,
  "source": "twelvedata_repo"
}