{
  "datetime": "2026-03-04 11:25:00",
  "open": 1.16505,
  "high": 1.16531,
  "low": 1.16443,
  "close": 1.16449,
  "rollH20": 1.16542,
  "rollL20": 1.16078,
  "up2": false,
  "dn2": false,
  "source": "twelvedata_repo"
}