{
  "datetime": "2025-10-07 13:15:00",
  "open": 1.16612,
  "high": 1.16612,
  "low": 1.16576,
  "close": 1.16577,
  "rollH20": 1.16758,
  "rollL20": 1.1654,
  "up2": false,
  "dn2": false,
  "source": "twelvedata_repo"
}