{
  "datetime": "2025-09-15 22:35:00",
  "open": 1.17628,
  "high": 1.1763,
  "low": 1.17628,
  "close": 1.1763,
  "rollH20": 1.17689,
  "rollL20": 1.176,
  "up2": false,
  "dn2": false,
  "source": "twelvedata_repo"
}