{
  "datetime": "2026-01-20 19:10:00",
  "open": 1.17317,
  "high": 1.17335,
  "low": 1.17317,
  "close": 1.17332,
  "rollH20": 1.17436,
  "rollL20": 1.17281,
  "up2": false,
  "dn2": false,
  "source": "twelvedata_repo"
}