{
  "datetime": "2026-06-27 23:20:00",
  "open": 1.13905,
  "high": 1.1391,
  "low": 1.13903,
  "close": 1.13907,
  "rollH20": 1.1396,
  "rollL20": 1.13851,
  "up2": false,
  "dn2": false,
  "source": "twelvedata_repo"
}