{
  "datetime": "2026-04-21 15:55:00",
  "open": 1.17618,
  "high": 1.17621,
  "low": 1.17604,
  "close": 1.17604,
  "rollH20": 1.17736,
  "rollL20": 1.176,
  "up2": false,
  "dn2": false,
  "source": "twelvedata_repo"
}