{
  "datetime": "2025-10-24 12:55:00",
  "open": 1.16088,
  "high": 1.16128,
  "low": 1.16088,
  "close": 1.16122,
  "rollH20": 1.16162,
  "rollL20": 1.16074,
  "up2": false,
  "dn2": false,
  "source": "twelvedata_repo"
}