{
  "datetime": "2025-10-30 06:40:00",
  "open": 1.16268,
  "high": 1.1627,
  "low": 1.16254,
  "close": 1.16267,
  "rollH20": 1.16345,
  "rollL20": 1.16132,
  "up2": false,
  "dn2": false,
  "source": "twelvedata_repo"
}