{
  "datetime": "2025-11-17 20:10:00",
  "open": 1.15918,
  "high": 1.15929,
  "low": 1.15918,
  "close": 1.15928,
  "rollH20": 1.15989,
  "rollL20": 1.15885,
  "up2": false,
  "dn2": false,
  "source": "twelvedata_repo"
}