{
  "datetime": "2025-11-14 22:40:00",
  "open": 1.16195,
  "high": 1.16212,
  "low": 1.16195,
  "close": 1.16211,
  "rollH20": 1.16239,
  "rollL20": 1.16166,
  "up2": false,
  "dn2": false,
  "source": "twelvedata_repo"
}