{
  "datetime": "2025-11-20 20:20:00",
  "open": 1.15383,
  "high": 1.15404,
  "low": 1.15376,
  "close": 1.154,
  "rollH20": 1.15389,
  "rollL20": 1.15249,
  "up2": false,
  "dn2": false,
  "source": "twelvedata_repo"
}