{
  "datetime": "2026-03-05 10:35:00",
  "open": 1.16168,
  "high": 1.16172,
  "low": 1.16145,
  "close": 1.16145,
  "rollH20": 1.16464,
  "rollL20": 1.15953,
  "up2": false,
  "dn2": false,
  "source": "twelvedata_repo"
}