{
  "datetime": "2026-03-18 21:30:00",
  "open": 1.14659,
  "high": 1.14687,
  "low": 1.14659,
  "close": 1.14677,
  "rollH20": 1.14743,
  "rollL20": 1.14499,
  "up2": false,
  "dn2": false,
  "source": "twelvedata_repo"
}