{
  "datetime": "2026-04-27 12:20:00",
  "open": 1.17415,
  "high": 1.1743,
  "low": 1.17415,
  "close": 1.1743,
  "rollH20": 1.17477,
  "rollL20": 1.17396,
  "up2": false,
  "dn2": false,
  "source": "twelvedata_repo"
}