{
  "datetime": "2025-11-17 14:40:00",
  "open": 1.15899,
  "high": 1.15918,
  "low": 1.15899,
  "close": 1.15909,
  "rollH20": 1.16046,
  "rollL20": 1.15909,
  "up2": false,
  "dn2": false,
  "source": "twelvedata_repo"
}