{
  "datetime": "2025-10-28 12:40:00",
  "open": 1.16573,
  "high": 1.16578,
  "low": 1.16565,
  "close": 1.16566,
  "rollH20": 1.16647,
  "rollL20": 1.16549,
  "up2": false,
  "dn2": false,
  "source": "twelvedata_repo"
}