{
  "datetime": "2025-12-17 13:35:00",
  "open": 1.17138,
  "high": 1.1717,
  "low": 1.17138,
  "close": 1.17166,
  "rollH20": 1.17274,
  "rollL20": 1.17085,
  "up2": false,
  "dn2": false,
  "source": "twelvedata_repo"
}