{
  "datetime": "2025-10-27 05:50:00",
  "open": 1.16219,
  "high": 1.16219,
  "low": 1.16212,
  "close": 1.16216,
  "rollH20": 1.16326,
  "rollL20": 1.16213,
  "up2": false,
  "dn2": false,
  "source": "twelvedata_repo"
}