{
  "datetime": "2025-09-04 16:45:00",
  "open": 1.16462,
  "high": 1.16472,
  "low": 1.16458,
  "close": 1.16468,
  "rollH20": 1.16517,
  "rollL20": 1.16314,
  "up2": false,
  "dn2": false,
  "source": "twelvedata_repo"
}