{
  "datetime": "2026-03-01 20:40:00",
  "open": 1.17659,
  "high": 1.17675,
  "low": 1.17571,
  "close": 1.17675,
  "rollH20": 1.17961,
  "rollL20": 1.17502,
  "up2": false,
  "dn2": false,
  "source": "twelvedata_repo"
}