{
  "datetime": "2026-02-26 23:00:00",
  "open": 1.1798,
  "high": 1.17983,
  "low": 1.17966,
  "close": 1.17971,
  "rollH20": 1.18015,
  "rollL20": 1.17955,
  "up2": false,
  "dn2": false,
  "source": "twelvedata_repo"
}