{
  "datetime": "2026-04-25 19:35:00",
  "open": 1.172,
  "high": 1.17204,
  "low": 1.172,
  "close": 1.172,
  "rollH20": 1.17214,
  "rollL20": 1.17181,
  "up2": false,
  "dn2": false,
  "source": "twelvedata_repo"
}