{
  "datetime": "2025-10-30 12:05:00",
  "open": 1.16044,
  "high": 1.16073,
  "low": 1.16041,
  "close": 1.16073,
  "rollH20": 1.16281,
  "rollL20": 1.1604,
  "up2": false,
  "dn2": false,
  "source": "twelvedata_repo"
}