{
  "datetime": "2025-09-24 20:35:00",
  "open": 1.17356,
  "high": 1.17358,
  "low": 1.17352,
  "close": 1.17353,
  "rollH20": 1.17386,
  "rollL20": 1.17321,
  "up2": false,
  "dn2": false,
  "source": "twelvedata_repo"
}