{
  "datetime": "2026-06-02 00:45:00",
  "open": 1.16357,
  "high": 1.16366,
  "low": 1.16352,
  "close": 1.16353,
  "rollH20": 1.16363,
  "rollL20": 1.16325,
  "up2": false,
  "dn2": false,
  "source": "twelvedata_repo"
}