{
  "datetime": "2026-05-06 23:15:00",
  "open": 1.17506,
  "high": 1.17514,
  "low": 1.17501,
  "close": 1.17502,
  "rollH20": 1.17527,
  "rollL20": 1.17452,
  "up2": false,
  "dn2": false,
  "source": "twelvedata_repo"
}