{
  "datetime": "2025-11-25 19:45:00",
  "open": 1.15831,
  "high": 1.15831,
  "low": 1.15827,
  "close": 1.15828,
  "rollH20": 1.15854,
  "rollL20": 1.156,
  "up2": false,
  "dn2": false,
  "source": "twelvedata_repo"
}