{
  "datetime": "2026-03-08 19:25:00",
  "open": 1.15606,
  "high": 1.15766,
  "low": 1.15599,
  "close": 1.15718,
  "rollH20": 1.16208,
  "rollL20": 1.15587,
  "up2": false,
  "dn2": false,
  "source": "twelvedata_repo"
}