{
  "datetime": "2026-03-31 22:35:00",
  "open": 1.15546,
  "high": 1.15557,
  "low": 1.15544,
  "close": 1.15548,
  "rollH20": 1.15633,
  "rollL20": 1.15522,
  "up2": false,
  "dn2": false,
  "source": "twelvedata_repo"
}