{
  "datetime": "2025-10-28 00:40:00",
  "open": 1.16527,
  "high": 1.16528,
  "low": 1.16523,
  "close": 1.16523,
  "rollH20": 1.16533,
  "rollL20": 1.16453,
  "up2": false,
  "dn2": false,
  "source": "twelvedata_repo"
}