{
  "datetime": "2026-03-02 03:20:00",
  "open": 1.17918,
  "high": 1.17935,
  "low": 1.17917,
  "close": 1.17934,
  "rollH20": 1.17942,
  "rollL20": 1.17815,
  "up2": false,
  "dn2": false,
  "source": "twelvedata_repo"
}