{
  "datetime": "2025-10-22 11:45:00",
  "open": 1.15854,
  "high": 1.15862,
  "low": 1.15853,
  "close": 1.15862,
  "rollH20": 1.16019,
  "rollL20": 1.15831,
  "up2": false,
  "dn2": false,
  "source": "twelvedata_repo"
}