{
  "datetime": "2026-05-31 07:35:00",
  "open": 1.16593,
  "high": 1.16598,
  "low": 1.16591,
  "close": 1.16596,
  "rollH20": 1.16609,
  "rollL20": 1.16587,
  "up2": false,
  "dn2": false,
  "source": "twelvedata_repo"
}