{
  "datetime": "2026-01-12 15:55:00",
  "open": 1.16782,
  "high": 1.16783,
  "low": 1.16764,
  "close": 1.16768,
  "rollH20": 1.16984,
  "rollL20": 1.1675,
  "up2": false,
  "dn2": false,
  "source": "twelvedata_repo"
}