{
  "datetime": "2026-07-20 15:45:00",
  "open": 1.14075,
  "high": 1.14075,
  "low": 1.14065,
  "close": 1.14067,
  "rollH20": 1.14221,
  "rollL20": 1.14065,
  "up2": false,
  "dn2": false,
  "source": "twelvedata_repo"
}