{
  "datetime": "2026-01-14 10:50:00",
  "open": 1.16514,
  "high": 1.16519,
  "low": 1.16509,
  "close": 1.16511,
  "rollH20": 1.16534,
  "rollL20": 1.16417,
  "up2": false,
  "dn2": false,
  "source": "twelvedata_repo"
}