{
  "datetime": "2026-06-08 23:35:00",
  "open": 1.15335,
  "high": 1.1534,
  "low": 1.1533,
  "close": 1.15339,
  "rollH20": 1.15413,
  "rollL20": 1.15311,
  "up2": false,
  "dn2": false,
  "source": "twelvedata_repo"
}