{
  "datetime": "2025-11-25 14:40:00",
  "open": 1.15452,
  "high": 1.15462,
  "low": 1.15452,
  "close": 1.15462,
  "rollH20": 1.15656,
  "rollL20": 1.1526,
  "up2": false,
  "dn2": false,
  "source": "twelvedata_repo"
}