{
  "datetime": "2026-03-16 11:30:00",
  "open": 1.14745,
  "high": 1.14747,
  "low": 1.14739,
  "close": 1.14743,
  "rollH20": 1.14818,
  "rollL20": 1.14488,
  "up2": false,
  "dn2": false,
  "source": "twelvedata_repo"
}