{
  "datetime": "2026-02-16 19:45:00",
  "open": 1.18522,
  "high": 1.18528,
  "low": 1.18519,
  "close": 1.18523,
  "rollH20": 1.18535,
  "rollL20": 1.18481,
  "up2": false,
  "dn2": false,
  "source": "twelvedata_repo"
}