{
  "datetime": "2026-07-13 10:00:00",
  "open": 1.14372,
  "high": 1.14372,
  "low": 1.14345,
  "close": 1.14364,
  "rollH20": 1.14457,
  "rollL20": 1.14068,
  "up2": false,
  "dn2": false,
  "source": "twelvedata_repo"
}