{
  "datetime": "2026-03-26 05:25:00",
  "open": 1.15701,
  "high": 1.15703,
  "low": 1.15701,
  "close": 1.15703,
  "rollH20": 1.15704,
  "rollL20": 1.15585,
  "up2": false,
  "dn2": false,
  "source": "twelvedata_repo"
}