{
  "datetime": "2025-10-01 05:45:00",
  "open": 1.17487,
  "high": 1.1751,
  "low": 1.17485,
  "close": 1.1751,
  "rollH20": 1.17488,
  "rollL20": 1.17339,
  "up2": false,
  "dn2": false,
  "source": "twelvedata_repo"
}