{
  "datetime": "2026-03-09 11:40:00",
  "open": 1.15612,
  "high": 1.15617,
  "low": 1.15612,
  "close": 1.15617,
  "rollH20": 1.15673,
  "rollL20": 1.15478,
  "up2": false,
  "dn2": false,
  "source": "twelvedata_repo"
}