{
  "datetime": "2025-10-24 07:40:00",
  "open": 1.16097,
  "high": 1.16099,
  "low": 1.16088,
  "close": 1.16097,
  "rollH20": 1.16105,
  "rollL20": 1.16015,
  "up2": false,
  "dn2": false,
  "source": "twelvedata_repo"
}