{
  "datetime": "2026-02-23 08:40:00",
  "open": 1.18121,
  "high": 1.18125,
  "low": 1.1811,
  "close": 1.18118,
  "rollH20": 1.18269,
  "rollL20": 1.18107,
  "up2": false,
  "dn2": false,
  "source": "twelvedata_repo"
}