{
  "datetime": "2025-09-23 11:35:00",
  "open": 1.17952,
  "high": 1.17973,
  "low": 1.17946,
  "close": 1.17951,
  "rollH20": 1.18122,
  "rollL20": 1.17913,
  "up2": false,
  "dn2": false,
  "source": "twelvedata_repo"
}