{
  "datetime": "2026-03-15 18:10:00",
  "open": 1.13992,
  "high": 1.14083,
  "low": 1.13988,
  "close": 1.14065,
  "rollH20": 1.14236,
  "rollL20": 1.13515,
  "up2": false,
  "dn2": false,
  "source": "twelvedata_repo"
}