{
  "datetime": "2026-07-04 15:00:00",
  "open": 1.14416,
  "high": 1.14418,
  "low": 1.14354,
  "close": 1.14396,
  "rollH20": 1.14454,
  "rollL20": 1.14345,
  "up2": false,
  "dn2": false,
  "source": "twelvedata_repo"
}