{
  "datetime": "2026-02-12 00:40:00",
  "open": 1.1876,
  "high": 1.18764,
  "low": 1.18743,
  "close": 1.18749,
  "rollH20": 1.18767,
  "rollL20": 1.18707,
  "up2": false,
  "dn2": false,
  "source": "twelvedata_repo"
}