{
  "datetime": "2025-12-09 18:25:00",
  "open": 1.16301,
  "high": 1.16316,
  "low": 1.16283,
  "close": 1.16283,
  "rollH20": 1.16404,
  "rollL20": 1.16254,
  "up2": false,
  "dn2": false,
  "source": "twelvedata_repo"
}