{
  "datetime": "2026-02-05 20:00:00",
  "open": 1.17938,
  "high": 1.17943,
  "low": 1.17938,
  "close": 1.1794,
  "rollH20": 1.18041,
  "rollL20": 1.17922,
  "up2": false,
  "dn2": false,
  "source": "twelvedata_repo"
}