{
  "datetime": "2025-11-10 15:35:00",
  "open": 1.15643,
  "high": 1.15667,
  "low": 1.15641,
  "close": 1.15667,
  "rollH20": 1.15776,
  "rollL20": 1.15602,
  "up2": false,
  "dn2": false,
  "source": "twelvedata_repo"
}