{
  "datetime": "2025-11-10 06:45:00",
  "open": 1.15661,
  "high": 1.15667,
  "low": 1.1565,
  "close": 1.1565,
  "rollH20": 1.15661,
  "rollL20": 1.15556,
  "up2": false,
  "dn2": false,
  "source": "twelvedata_repo"
}