{
  "datetime": "2025-10-08 07:35:00",
  "open": 1.16106,
  "high": 1.16108,
  "low": 1.16085,
  "close": 1.16093,
  "rollH20": 1.16203,
  "rollL20": 1.16071,
  "up2": false,
  "dn2": false,
  "source": "twelvedata_repo"
}