{
  "datetime": "2026-05-14 02:55:00",
  "open": 1.17154,
  "high": 1.17158,
  "low": 1.17152,
  "close": 1.17158,
  "rollH20": 1.17186,
  "rollL20": 1.17147,
  "up2": false,
  "dn2": false,
  "source": "twelvedata_repo"
}