{
  "datetime": "2026-02-01 18:35:00",
  "open": 1.18598,
  "high": 1.18601,
  "low": 1.18597,
  "close": 1.186,
  "rollH20": 1.18644,
  "rollL20": 1.18498,
  "up2": false,
  "dn2": false,
  "source": "twelvedata_repo"
}