{
  "datetime": "2025-12-16 17:55:00",
  "open": 1.17741,
  "high": 1.17741,
  "low": 1.17684,
  "close": 1.1771,
  "rollH20": 1.17907,
  "rollL20": 1.17636,
  "up2": false,
  "dn2": false,
  "source": "twelvedata_repo"
}