{
  "datetime": "2026-05-22 05:45:00",
  "open": 1.16134,
  "high": 1.16143,
  "low": 1.16134,
  "close": 1.16141,
  "rollH20": 1.16153,
  "rollL20": 1.16089,
  "up2": false,
  "dn2": false,
  "source": "twelvedata_repo"
}