{
  "datetime": "2026-03-12 07:10:00",
  "open": 1.15481,
  "high": 1.155,
  "low": 1.15479,
  "close": 1.15499,
  "rollH20": 1.15524,
  "rollL20": 1.15371,
  "up2": false,
  "dn2": false,
  "source": "twelvedata_repo"
}