{
  "datetime": "2026-01-09 22:25:00",
  "open": 1.16354,
  "high": 1.16358,
  "low": 1.16345,
  "close": 1.1635,
  "rollH20": 1.16387,
  "rollL20": 1.16335,
  "up2": false,
  "dn2": false,
  "source": "twelvedata_repo"
}