{
  "datetime": "2026-04-06 17:25:00",
  "open": 1.15437,
  "high": 1.15465,
  "low": 1.15437,
  "close": 1.15465,
  "rollH20": 1.15648,
  "rollL20": 1.15368,
  "up2": false,
  "dn2": false,
  "source": "twelvedata_repo"
}