{
  "datetime": "2026-03-09 19:40:00",
  "open": 1.16178,
  "high": 1.16215,
  "low": 1.16153,
  "close": 1.16213,
  "rollH20": 1.1622,
  "rollL20": 1.15763,
  "up2": false,
  "dn2": false,
  "source": "twelvedata_repo"
}