{
  "datetime": "2026-01-21 06:10:00",
  "open": 1.17215,
  "high": 1.17221,
  "low": 1.17213,
  "close": 1.17216,
  "rollH20": 1.17217,
  "rollL20": 1.17122,
  "up2": false,
  "dn2": false,
  "source": "twelvedata_repo"
}