{
  "datetime": "2026-04-23 00:25:00",
  "open": 1.17063,
  "high": 1.17067,
  "low": 1.17062,
  "close": 1.17063,
  "rollH20": 1.17094,
  "rollL20": 1.1705,
  "up2": false,
  "dn2": false,
  "source": "twelvedata_repo"
}