{
  "datetime": "2025-12-17 07:55:00",
  "open": 1.17188,
  "high": 1.17196,
  "low": 1.17078,
  "close": 1.17083,
  "rollH20": 1.17314,
  "rollL20": 1.17182,
  "up2": false,
  "dn2": false,
  "source": "twelvedata_repo"
}