{
  "datetime": "2026-05-15 22:50:00",
  "open": 1.16247,
  "high": 1.16251,
  "low": 1.16233,
  "close": 1.16247,
  "rollH20": 1.16261,
  "rollL20": 1.16208,
  "up2": false,
  "dn2": false,
  "source": "twelvedata_repo"
}