{
  "datetime": "2025-12-26 04:40:00",
  "open": 1.1786,
  "high": 1.17869,
  "low": 1.17858,
  "close": 1.17868,
  "rollH20": 1.17945,
  "rollL20": 1.17841,
  "up2": false,
  "dn2": false,
  "source": "twelvedata_repo"
}