{
  "datetime": "2026-04-06 01:00:00",
  "open": 1.151,
  "high": 1.15106,
  "low": 1.151,
  "close": 1.15101,
  "rollH20": 1.15167,
  "rollL20": 1.15093,
  "up2": false,
  "dn2": false,
  "source": "twelvedata_repo"
}