{
  "datetime": "2026-04-03 18:10:00",
  "open": 1.15208,
  "high": 1.15212,
  "low": 1.15201,
  "close": 1.15205,
  "rollH20": 1.15258,
  "rollL20": 1.15185,
  "up2": false,
  "dn2": false,
  "source": "twelvedata_repo"
}