{
  "datetime": "2026-01-01 22:45:00",
  "open": 1.17502,
  "high": 1.17506,
  "low": 1.17495,
  "close": 1.17497,
  "rollH20": 1.17516,
  "rollL20": 1.17424,
  "up2": false,
  "dn2": false,
  "source": "twelvedata_repo"
}