{
  "datetime": "2025-11-06 22:55:00",
  "open": 1.15477,
  "high": 1.15479,
  "low": 1.15471,
  "close": 1.15471,
  "rollH20": 1.1549,
  "rollL20": 1.15427,
  "up2": false,
  "dn2": false,
  "source": "twelvedata_repo"
}