{
  "datetime": "2026-06-18 05:00:00",
  "open": 1.15236,
  "high": 1.15247,
  "low": 1.15233,
  "close": 1.15244,
  "rollH20": 1.15243,
  "rollL20": 1.15143,
  "up2": false,
  "dn2": false,
  "source": "twelvedata_repo"
}