{
  "datetime": "2026-02-01 21:45:00",
  "open": 1.18509,
  "high": 1.18532,
  "low": 1.18506,
  "close": 1.18532,
  "rollH20": 1.18665,
  "rollL20": 1.18364,
  "up2": false,
  "dn2": false,
  "source": "twelvedata_repo"
}