{
  "datetime": "2026-03-24 15:00:00",
  "open": 1.15761,
  "high": 1.15785,
  "low": 1.1575,
  "close": 1.15778,
  "rollH20": 1.15954,
  "rollL20": 1.15693,
  "up2": false,
  "dn2": false,
  "source": "twelvedata_repo"
}