{
  "datetime": "2025-10-28 00:20:00",
  "open": 1.16515,
  "high": 1.16525,
  "low": 1.16515,
  "close": 1.16525,
  "rollH20": 1.16517,
  "rollL20": 1.16453,
  "up2": false,
  "dn2": false,
  "source": "twelvedata_repo"
}