{
  "datetime": "2025-09-24 15:45:00",
  "open": 1.17442,
  "high": 1.17444,
  "low": 1.17435,
  "close": 1.1744,
  "rollH20": 1.17442,
  "rollL20": 1.17283,
  "up2": false,
  "dn2": false,
  "source": "twelvedata_repo"
}