{
  "datetime": "2026-01-08 04:25:00",
  "open": 1.16821,
  "high": 1.16822,
  "low": 1.16817,
  "close": 1.16819,
  "rollH20": 1.16824,
  "rollL20": 1.16728,
  "up2": false,
  "dn2": false,
  "source": "twelvedata_repo"
}