{
  "datetime": "2025-11-19 22:25:00",
  "open": 1.15253,
  "high": 1.15274,
  "low": 1.15253,
  "close": 1.15272,
  "rollH20": 1.15288,
  "rollL20": 1.15189,
  "up2": false,
  "dn2": false,
  "source": "twelvedata_repo"
}