{
  "datetime": "2026-01-22 15:15:00",
  "open": 1.17165,
  "high": 1.17168,
  "low": 1.17145,
  "close": 1.17154,
  "rollH20": 1.17204,
  "rollL20": 1.17005,
  "up2": false,
  "dn2": false,
  "source": "twelvedata_repo"
}