{
  "datetime": "2026-05-10 21:10:00",
  "open": 1.1783,
  "high": 1.17845,
  "low": 1.17751,
  "close": 1.17832,
  "rollH20": 1.17969,
  "rollL20": 1.1778,
  "up2": false,
  "dn2": false,
  "source": "twelvedata_repo"
}