{
  "datetime": "2025-12-17 07:40:00",
  "open": 1.17235,
  "high": 1.17237,
  "low": 1.17201,
  "close": 1.17219,
  "rollH20": 1.17314,
  "rollL20": 1.17222,
  "up2": false,
  "dn2": false,
  "source": "twelvedata_repo"
}