{
  "datetime": "2026-01-23 15:00:00",
  "open": 1.17344,
  "high": 1.1735,
  "low": 1.17344,
  "close": 1.17349,
  "rollH20": 1.17475,
  "rollL20": 1.17332,
  "up2": false,
  "dn2": false,
  "source": "twelvedata_repo"
}