{
  "datetime": "2025-12-09 08:45:00",
  "open": 1.16424,
  "high": 1.16429,
  "low": 1.16421,
  "close": 1.16421,
  "rollH20": 1.16473,
  "rollL20": 1.16388,
  "up2": false,
  "dn2": false,
  "source": "twelvedata_repo"
}