{
  "datetime": "2026-01-15 15:25:00",
  "open": 1.1609,
  "high": 1.16093,
  "low": 1.16071,
  "close": 1.16079,
  "rollH20": 1.16331,
  "rollL20": 1.15975,
  "up2": false,
  "dn2": false,
  "source": "twelvedata_repo"
}