{
  "datetime": "2026-05-01 15:35:00",
  "open": 1.17768,
  "high": 1.17798,
  "low": 1.17767,
  "close": 1.17774,
  "rollH20": 1.17844,
  "rollL20": 1.17454,
  "up2": false,
  "dn2": false,
  "source": "twelvedata_repo"
}