{
  "datetime": "2025-12-23 17:40:00",
  "open": 1.17755,
  "high": 1.17779,
  "low": 1.17752,
  "close": 1.17773,
  "rollH20": 1.17781,
  "rollL20": 1.17655,
  "up2": false,
  "dn2": false,
  "source": "twelvedata_repo"
}