{
  "datetime": "2025-09-16 00:55:00",
  "open": 1.17642,
  "high": 1.17643,
  "low": 1.17637,
  "close": 1.17638,
  "rollH20": 1.17658,
  "rollL20": 1.17616,
  "up2": false,
  "dn2": false,
  "source": "twelvedata_repo"
}