{
  "datetime": "2025-12-11 09:55:00",
  "open": 1.17044,
  "high": 1.17046,
  "low": 1.1703,
  "close": 1.1703,
  "rollH20": 1.17062,
  "rollL20": 1.16917,
  "up2": false,
  "dn2": false,
  "source": "twelvedata_repo"
}