{
  "datetime": "2025-11-12 06:25:00",
  "open": 1.15775,
  "high": 1.15775,
  "low": 1.1576,
  "close": 1.15763,
  "rollH20": 1.15791,
  "rollL20": 1.15705,
  "up2": false,
  "dn2": false,
  "source": "twelvedata_repo"
}