{
  "datetime": "2025-09-25 22:45:00",
  "open": 1.16603,
  "high": 1.16619,
  "low": 1.16584,
  "close": 1.16594,
  "rollH20": 1.16691,
  "rollL20": 1.16577,
  "up2": false,
  "dn2": false,
  "source": "twelvedata_repo"
}