{
  "datetime": "2025-10-28 06:45:00",
  "open": 1.16644,
  "high": 1.16647,
  "low": 1.1664,
  "close": 1.16647,
  "rollH20": 1.16679,
  "rollL20": 1.16606,
  "up2": false,
  "dn2": false,
  "source": "twelvedata_repo"
}