{
  "datetime": "2026-06-11 22:45:00",
  "open": 1.15771,
  "high": 1.15776,
  "low": 1.15765,
  "close": 1.15766,
  "rollH20": 1.1583,
  "rollL20": 1.15765,
  "up2": false,
  "dn2": false,
  "source": "twelvedata_repo"
}