{
  "datetime": "2026-01-09 23:00:00",
  "open": 1.16349,
  "high": 1.16365,
  "low": 1.16333,
  "close": 1.16344,
  "rollH20": 1.16387,
  "rollL20": 1.163,
  "up2": false,
  "dn2": false,
  "source": "twelvedata_repo"
}