{
  "datetime": "2025-10-10 13:20:00",
  "open": 1.15747,
  "high": 1.15755,
  "low": 1.15738,
  "close": 1.15746,
  "rollH20": 1.15769,
  "rollL20": 1.15593,
  "up2": false,
  "dn2": false,
  "source": "twelvedata_repo"
}