{
  "datetime": "2025-10-29 00:40:00",
  "open": 1.165,
  "high": 1.165,
  "low": 1.16497,
  "close": 1.16497,
  "rollH20": 1.16542,
  "rollL20": 1.165,
  "up2": false,
  "dn2": false,
  "source": "twelvedata_repo"
}