{
  "datetime": "2026-04-18 21:55:00",
  "open": 1.17725,
  "high": 1.17728,
  "low": 1.17725,
  "close": 1.17725,
  "rollH20": 1.17728,
  "rollL20": 1.17677,
  "up2": false,
  "dn2": false,
  "source": "twelvedata_repo"
}