{
  "datetime": "2026-03-17 23:35:00",
  "open": 1.15405,
  "high": 1.15405,
  "low": 1.15392,
  "close": 1.15404,
  "rollH20": 1.15443,
  "rollL20": 1.15374,
  "up2": false,
  "dn2": false,
  "source": "twelvedata_repo"
}