{
  "datetime": "2026-01-28 18:10:00",
  "open": 1.1936,
  "high": 1.19386,
  "low": 1.19358,
  "close": 1.19379,
  "rollH20": 1.19568,
  "rollL20": 1.1922,
  "up2": false,
  "dn2": false,
  "source": "twelvedata_repo"
}