{
  "datetime": "2026-03-06 11:15:00",
  "open": 1.15797,
  "high": 1.15804,
  "low": 1.15751,
  "close": 1.15757,
  "rollH20": 1.15836,
  "rollL20": 1.15675,
  "up2": false,
  "dn2": false,
  "source": "twelvedata_repo"
}