{
  "datetime": "2026-02-03 22:15:00",
  "open": 1.18247,
  "high": 1.18253,
  "low": 1.18231,
  "close": 1.18231,
  "rollH20": 1.18255,
  "rollL20": 1.18101,
  "up2": false,
  "dn2": false,
  "source": "twelvedata_repo"
}