{
  "datetime": "2026-02-17 21:35:00",
  "open": 1.1852,
  "high": 1.18531,
  "low": 1.1852,
  "close": 1.18531,
  "rollH20": 1.18534,
  "rollL20": 1.18473,
  "up2": false,
  "dn2": false,
  "source": "twelvedata_repo"
}