{
  "datetime": "2026-01-26 21:05:00",
  "open": 1.18781,
  "high": 1.18819,
  "low": 1.18781,
  "close": 1.18808,
  "rollH20": 1.18877,
  "rollL20": 1.18703,
  "up2": false,
  "dn2": false,
  "source": "twelvedata_repo"
}