{
  "datetime": "2026-05-03 14:55:00",
  "open": 1.17263,
  "high": 1.17267,
  "low": 1.17263,
  "close": 1.17263,
  "rollH20": 1.17272,
  "rollL20": 1.17199,
  "up2": false,
  "dn2": false,
  "source": "twelvedata_repo"
}