{
  "datetime": "2026-01-01 15:45:00",
  "open": 1.17458,
  "high": 1.17459,
  "low": 1.17458,
  "close": 1.17458,
  "rollH20": 1.17491,
  "rollL20": 1.17442,
  "up2": false,
  "dn2": false,
  "source": "twelvedata_repo"
}