{
  "datetime": "2025-12-17 16:30:00",
  "open": 1.17461,
  "high": 1.17473,
  "low": 1.17461,
  "close": 1.17473,
  "rollH20": 1.17509,
  "rollL20": 1.17286,
  "up2": false,
  "dn2": false,
  "source": "twelvedata_repo"
}