{
  "datetime": "2025-10-16 10:30:00",
  "open": 1.16533,
  "high": 1.16539,
  "low": 1.16531,
  "close": 1.16537,
  "rollH20": 1.16607,
  "rollL20": 1.16432,
  "up2": false,
  "dn2": false,
  "source": "twelvedata_repo"
}