{
  "datetime": "2026-01-05 02:20:00",
  "open": 1.17051,
  "high": 1.17056,
  "low": 1.17051,
  "close": 1.17052,
  "rollH20": 1.17112,
  "rollL20": 1.17009,
  "up2": false,
  "dn2": false,
  "source": "twelvedata_repo"
}