{
  "datetime": "2026-03-18 04:10:00",
  "open": 1.15392,
  "high": 1.15398,
  "low": 1.1539,
  "close": 1.15393,
  "rollH20": 1.15396,
  "rollL20": 1.15324,
  "up2": false,
  "dn2": false,
  "source": "twelvedata_repo"
}