{
  "datetime": "2026-05-23 11:55:00",
  "open": 1.16034,
  "high": 1.16034,
  "low": 1.16021,
  "close": 1.16024,
  "rollH20": 1.16047,
  "rollL20": 1.16007,
  "up2": false,
  "dn2": false,
  "source": "twelvedata_repo"
}