{
  "datetime": "2025-09-23 21:40:00",
  "open": 1.18134,
  "high": 1.18135,
  "low": 1.18127,
  "close": 1.18131,
  "rollH20": 1.18183,
  "rollL20": 1.18069,
  "up2": false,
  "dn2": false,
  "source": "twelvedata_repo"
}