{
  "datetime": "2025-09-16 18:25:00",
  "open": 1.18748,
  "high": 1.18751,
  "low": 1.18701,
  "close": 1.1871,
  "rollH20": 1.18782,
  "rollL20": 1.18381,
  "up2": false,
  "dn2": false,
  "source": "twelvedata_repo"
}