{
  "datetime": "2026-04-24 18:00:00",
  "open": 1.17192,
  "high": 1.17198,
  "low": 1.17192,
  "close": 1.17195,
  "rollH20": 1.17205,
  "rollL20": 1.17032,
  "up2": false,
  "dn2": false,
  "source": "twelvedata_repo"
}