{
  "datetime": "2025-12-29 20:25:00",
  "open": 1.17617,
  "high": 1.17621,
  "low": 1.17611,
  "close": 1.17612,
  "rollH20": 1.17619,
  "rollL20": 1.17508,
  "up2": false,
  "dn2": false,
  "source": "twelvedata_repo"
}