{
  "datetime": "2026-03-02 16:15:00",
  "open": 1.16788,
  "high": 1.16792,
  "low": 1.1674,
  "close": 1.16742,
  "rollH20": 1.17221,
  "rollL20": 1.16753,
  "up2": false,
  "dn2": false,
  "source": "twelvedata_repo"
}