{
  "datetime": "2026-06-21 06:25:00",
  "open": 1.14768,
  "high": 1.14773,
  "low": 1.14767,
  "close": 1.1477,
  "rollH20": 1.14796,
  "rollL20": 1.14756,
  "up2": false,
  "dn2": false,
  "source": "twelvedata_repo"
}