{
  "datetime": "2026-07-24 16:35:00",
  "open": 1.13868,
  "high": 1.13886,
  "low": 1.13846,
  "close": 1.13882,
  "rollH20": 1.13908,
  "rollL20": 1.13713,
  "up2": false,
  "dn2": false,
  "source": "twelvedata_repo"
}