{
  "datetime": "2026-02-13 00:25:00",
  "open": 1.18699,
  "high": 1.18703,
  "low": 1.18693,
  "close": 1.18699,
  "rollH20": 1.18723,
  "rollL20": 1.18634,
  "up2": false,
  "dn2": false,
  "source": "twelvedata_repo"
}