{
  "datetime": "2026-01-11 20:55:00",
  "open": 1.16394,
  "high": 1.164,
  "low": 1.16362,
  "close": 1.16378,
  "rollH20": 1.16455,
  "rollL20": 1.16348,
  "up2": false,
  "dn2": false,
  "source": "twelvedata_repo"
}