{
  "datetime": "2026-03-24 18:20:00",
  "open": 1.15671,
  "high": 1.15707,
  "low": 1.15668,
  "close": 1.15706,
  "rollH20": 1.15919,
  "rollL20": 1.15595,
  "up2": false,
  "dn2": false,
  "source": "twelvedata_repo"
}