{
  "datetime": "2026-02-03 03:05:00",
  "open": 1.18117,
  "high": 1.18118,
  "low": 1.18098,
  "close": 1.18102,
  "rollH20": 1.18149,
  "rollL20": 1.18022,
  "up2": false,
  "dn2": false,
  "source": "twelvedata_repo"
}