{
  "datetime": "2026-03-09 16:50:00",
  "open": 1.15986,
  "high": 1.15987,
  "low": 1.15937,
  "close": 1.15959,
  "rollH20": 1.16,
  "rollL20": 1.15765,
  "up2": false,
  "dn2": false,
  "source": "twelvedata_repo"
}