{
  "datetime": "2026-01-15 10:00:00",
  "open": 1.16316,
  "high": 1.16318,
  "low": 1.16311,
  "close": 1.16318,
  "rollH20": 1.16355,
  "rollL20": 1.16266,
  "up2": false,
  "dn2": false,
  "source": "twelvedata_repo"
}