{
  "datetime": "2026-03-14 12:40:00",
  "open": 1.14265,
  "high": 1.14268,
  "low": 1.14252,
  "close": 1.14252,
  "rollH20": 1.1471,
  "rollL20": 1.14144,
  "up2": false,
  "dn2": false,
  "source": "twelvedata_repo"
}