{
  "datetime": "2025-10-08 06:50:00",
  "open": 1.16151,
  "high": 1.16152,
  "low": 1.16144,
  "close": 1.1615,
  "rollH20": 1.1622,
  "rollL20": 1.1612,
  "up2": false,
  "dn2": false,
  "source": "twelvedata_repo"
}