{
  "datetime": "2025-10-21 23:55:00",
  "open": 1.1605,
  "high": 1.1605,
  "low": 1.16036,
  "close": 1.16036,
  "rollH20": 1.16104,
  "rollL20": 1.15998,
  "up2": false,
  "dn2": false,
  "source": "twelvedata_repo"
}