{
  "datetime": "2026-03-15 21:40:00",
  "open": 1.14281,
  "high": 1.14283,
  "low": 1.14278,
  "close": 1.14281,
  "rollH20": 1.14309,
  "rollL20": 1.14157,
  "up2": false,
  "dn2": false,
  "source": "twelvedata_repo"
}