{
  "datetime": "2026-04-03 23:30:00",
  "open": 1.15202,
  "high": 1.15202,
  "low": 1.15192,
  "close": 1.152,
  "rollH20": 1.15247,
  "rollL20": 1.1517,
  "up2": false,
  "dn2": false,
  "source": "twelvedata_repo"
}