{
  "datetime": "2026-03-27 00:25:00",
  "open": 1.1539,
  "high": 1.15393,
  "low": 1.15373,
  "close": 1.15379,
  "rollH20": 1.15418,
  "rollL20": 1.15333,
  "up2": false,
  "dn2": false,
  "source": "twelvedata_repo"
}