{
  "datetime": "2025-10-03 10:55:00",
  "open": 1.17372,
  "high": 1.17374,
  "low": 1.17361,
  "close": 1.17374,
  "rollH20": 1.17446,
  "rollL20": 1.17312,
  "up2": false,
  "dn2": false,
  "source": "twelvedata_repo"
}