{
  "datetime": "2025-11-19 15:55:00",
  "open": 1.15592,
  "high": 1.15592,
  "low": 1.15547,
  "close": 1.15566,
  "rollH20": 1.15905,
  "rollL20": 1.15573,
  "up2": false,
  "dn2": false,
  "source": "twelvedata_repo"
}