{
  "datetime": "2026-01-31 11:20:00",
  "open": 1.18607,
  "high": 1.18612,
  "low": 1.18606,
  "close": 1.18607,
  "rollH20": 1.18614,
  "rollL20": 1.18585,
  "up2": false,
  "dn2": false,
  "source": "twelvedata_repo"
}