{
  "datetime": "2025-10-22 12:25:00",
  "open": 1.15857,
  "high": 1.15871,
  "low": 1.15846,
  "close": 1.15853,
  "rollH20": 1.15969,
  "rollL20": 1.15831,
  "up2": false,
  "dn2": false,
  "source": "twelvedata_repo"
}