{
  "datetime": "2025-10-09 07:10:00",
  "open": 1.16321,
  "high": 1.16326,
  "low": 1.16286,
  "close": 1.16287,
  "rollH20": 1.1648,
  "rollL20": 1.16315,
  "up2": false,
  "dn2": false,
  "source": "twelvedata_repo"
}