{
  "datetime": "2025-10-23 02:55:00",
  "open": 1.15994,
  "high": 1.15998,
  "low": 1.15985,
  "close": 1.15985,
  "rollH20": 1.16062,
  "rollL20": 1.15978,
  "up2": false,
  "dn2": false,
  "source": "twelvedata_repo"
}