{
  "datetime": "2025-10-21 15:35:00",
  "open": 1.16115,
  "high": 1.1612,
  "low": 1.16107,
  "close": 1.16109,
  "rollH20": 1.16179,
  "rollL20": 1.1603,
  "up2": false,
  "dn2": false,
  "source": "twelvedata_repo"
}