{
  "datetime": "2025-11-03 19:10:00",
  "open": 1.15287,
  "high": 1.1529,
  "low": 1.15278,
  "close": 1.1528,
  "rollH20": 1.15376,
  "rollL20": 1.15264,
  "up2": false,
  "dn2": false,
  "source": "twelvedata_repo"
}