{
  "datetime": "2026-04-26 10:25:00",
  "open": 1.17228,
  "high": 1.17232,
  "low": 1.17227,
  "close": 1.17227,
  "rollH20": 1.17233,
  "rollL20": 1.17218,
  "up2": false,
  "dn2": false,
  "source": "twelvedata_repo"
}