{
  "datetime": "2026-03-12 03:05:00",
  "open": 1.15385,
  "high": 1.15389,
  "low": 1.15374,
  "close": 1.15379,
  "rollH20": 1.15555,
  "rollL20": 1.15334,
  "up2": false,
  "dn2": false,
  "source": "twelvedata_repo"
}