{
  "datetime": "2026-03-12 20:00:00",
  "open": 1.15157,
  "high": 1.1516,
  "low": 1.1513,
  "close": 1.15139,
  "rollH20": 1.15204,
  "rollL20": 1.15113,
  "up2": false,
  "dn2": false,
  "source": "twelvedata_repo"
}