{
  "datetime": "2026-02-11 14:25:00",
  "open": 1.18994,
  "high": 1.18998,
  "low": 1.18994,
  "close": 1.18997,
  "rollH20": 1.19128,
  "rollL20": 1.18972,
  "up2": false,
  "dn2": false,
  "source": "twelvedata_repo"
}