{
  "datetime": "2026-02-15 17:20:00",
  "open": 1.18693,
  "high": 1.18697,
  "low": 1.18689,
  "close": 1.18693,
  "rollH20": 1.18704,
  "rollL20": 1.18625,
  "up2": false,
  "dn2": false,
  "source": "twelvedata_repo"
}