{
  "datetime": "2026-02-13 18:05:00",
  "open": 1.18719,
  "high": 1.18737,
  "low": 1.18718,
  "close": 1.18737,
  "rollH20": 1.18743,
  "rollL20": 1.18497,
  "up2": false,
  "dn2": false,
  "source": "twelvedata_repo"
}