{
  "datetime": "2026-06-13 11:10:00",
  "open": 1.15669,
  "high": 1.15672,
  "low": 1.15666,
  "close": 1.15669,
  "rollH20": 1.1579,
  "rollL20": 1.15652,
  "up2": false,
  "dn2": false,
  "source": "twelvedata_repo"
}