{
  "datetime": "2026-05-07 11:50:00",
  "open": 1.1769,
  "high": 1.17704,
  "low": 1.17661,
  "close": 1.17676,
  "rollH20": 1.17781,
  "rollL20": 1.17661,
  "up2": false,
  "dn2": false,
  "source": "twelvedata_repo"
}