{
  "datetime": "2026-06-23 16:15:00",
  "open": 1.13808,
  "high": 1.13852,
  "low": 1.13808,
  "close": 1.13837,
  "rollH20": 1.14,
  "rollL20": 1.1376,
  "up2": false,
  "dn2": false,
  "source": "twelvedata_repo"
}