{
  "datetime": "2026-01-30 14:05:00",
  "open": 1.19229,
  "high": 1.19235,
  "low": 1.19185,
  "close": 1.192,
  "rollH20": 1.19544,
  "rollL20": 1.19173,
  "up2": false,
  "dn2": false,
  "source": "twelvedata_repo"
}