{
  "datetime": "2026-02-25 22:05:00",
  "open": 1.18088,
  "high": 1.18107,
  "low": 1.18074,
  "close": 1.18094,
  "rollH20": 1.18128,
  "rollL20": 1.18037,
  "up2": false,
  "dn2": false,
  "source": "twelvedata_repo"
}