{
  "datetime": "2026-02-06 22:10:00",
  "open": 1.18233,
  "high": 1.18237,
  "low": 1.18226,
  "close": 1.18229,
  "rollH20": 1.18238,
  "rollL20": 1.18157,
  "up2": false,
  "dn2": false,
  "source": "twelvedata_repo"
}