{
  "datetime": "2025-11-14 22:30:00",
  "open": 1.16213,
  "high": 1.16216,
  "low": 1.16213,
  "close": 1.16216,
  "rollH20": 1.16239,
  "rollL20": 1.16164,
  "up2": false,
  "dn2": false,
  "source": "twelvedata_repo"
}