{
  "datetime": "2025-12-05 08:40:00",
  "open": 1.1671,
  "high": 1.16717,
  "low": 1.16662,
  "close": 1.16677,
  "rollH20": 1.16712,
  "rollL20": 1.16555,
  "up2": false,
  "dn2": false,
  "source": "twelvedata_repo"
}