{
  "datetime": "2025-12-03 11:25:00",
  "open": 1.16607,
  "high": 1.16609,
  "low": 1.16568,
  "close": 1.16594,
  "rollH20": 1.16607,
  "rollL20": 1.16371,
  "up2": false,
  "dn2": false,
  "source": "twelvedata_repo"
}