{
  "datetime": "2026-04-12 13:00:00",
  "open": 1.17265,
  "high": 1.1727,
  "low": 1.17264,
  "close": 1.17264,
  "rollH20": 1.1727,
  "rollL20": 1.17257,
  "up2": false,
  "dn2": false,
  "source": "twelvedata_repo"
}