{
  "datetime": "2026-04-02 07:10:00",
  "open": 1.15267,
  "high": 1.15269,
  "low": 1.15188,
  "close": 1.15188,
  "rollH20": 1.15391,
  "rollL20": 1.15252,
  "up2": false,
  "dn2": false,
  "source": "twelvedata_repo"
}