{
  "datetime": "2026-01-21 22:55:00",
  "open": 1.16876,
  "high": 1.16879,
  "low": 1.16866,
  "close": 1.16876,
  "rollH20": 1.169,
  "rollL20": 1.16772,
  "up2": false,
  "dn2": false,
  "source": "twelvedata_repo"
}