{
  "datetime": "2026-02-04 11:35:00",
  "open": 1.18084,
  "high": 1.18086,
  "low": 1.18063,
  "close": 1.18073,
  "rollH20": 1.18329,
  "rollL20": 1.18063,
  "up2": false,
  "dn2": false,
  "source": "twelvedata_repo"
}