{
  "datetime": "2026-01-17 06:15:00",
  "open": 1.15944,
  "high": 1.15949,
  "low": 1.15943,
  "close": 1.15945,
  "rollH20": 1.16038,
  "rollL20": 1.1594,
  "up2": false,
  "dn2": false,
  "source": "twelvedata_repo"
}