{
  "datetime": "2026-03-09 22:25:00",
  "open": 1.16291,
  "high": 1.16295,
  "low": 1.16287,
  "close": 1.16288,
  "rollH20": 1.16462,
  "rollL20": 1.16236,
  "up2": false,
  "dn2": false,
  "source": "twelvedata_repo"
}