{
  "datetime": "2025-12-16 07:55:00",
  "open": 1.17522,
  "high": 1.17526,
  "low": 1.17521,
  "close": 1.17526,
  "rollH20": 1.17541,
  "rollL20": 1.17474,
  "up2": false,
  "dn2": false,
  "source": "twelvedata_repo"
}