{
  "datetime": "2025-10-22 15:20:00",
  "open": 1.15936,
  "high": 1.15977,
  "low": 1.15927,
  "close": 1.15968,
  "rollH20": 1.15996,
  "rollL20": 1.15769,
  "up2": false,
  "dn2": false,
  "source": "twelvedata_repo"
}