{
  "datetime": "2026-03-17 20:35:00",
  "open": 1.15382,
  "high": 1.15384,
  "low": 1.15378,
  "close": 1.15382,
  "rollH20": 1.1542,
  "rollL20": 1.15344,
  "up2": false,
  "dn2": false,
  "source": "twelvedata_repo"
}