{
  "datetime": "2026-04-15 09:50:00",
  "open": 1.17876,
  "high": 1.17888,
  "low": 1.17866,
  "close": 1.17884,
  "rollH20": 1.1796,
  "rollL20": 1.17838,
  "up2": false,
  "dn2": false,
  "source": "twelvedata_repo"
}