{
  "datetime": "2026-04-12 13:40:00",
  "open": 1.17296,
  "high": 1.17301,
  "low": 1.17294,
  "close": 1.17298,
  "rollH20": 1.1731,
  "rollL20": 1.17257,
  "up2": false,
  "dn2": false,
  "source": "twelvedata_repo"
}