{
  "datetime": "2025-11-23 23:30:00",
  "open": 1.15126,
  "high": 1.15142,
  "low": 1.15126,
  "close": 1.15141,
  "rollH20": 1.1521,
  "rollL20": 1.15097,
  "up2": false,
  "dn2": false,
  "source": "twelvedata_repo"
}