{
  "datetime": "2025-11-28 21:45:00",
  "open": 1.16036,
  "high": 1.16036,
  "low": 1.1603,
  "close": 1.16035,
  "rollH20": 1.16048,
  "rollL20": 1.16015,
  "up2": false,
  "dn2": false,
  "source": "twelvedata_repo"
}