{
  "datetime": "2026-04-15 19:35:00",
  "open": 1.17999,
  "high": 1.18002,
  "low": 1.17998,
  "close": 1.18002,
  "rollH20": 1.18024,
  "rollL20": 1.17933,
  "up2": false,
  "dn2": false,
  "source": "twelvedata_repo"
}