{
  "datetime": "2025-09-12 10:40:00",
  "open": 1.17165,
  "high": 1.1717,
  "low": 1.17164,
  "close": 1.17168,
  "rollH20": 1.1741,
  "rollL20": 1.17126,
  "up2": false,
  "dn2": false,
  "source": "twelvedata_repo"
}