{
  "datetime": "2026-03-06 11:05:00",
  "open": 1.15769,
  "high": 1.1577,
  "low": 1.1576,
  "close": 1.1576,
  "rollH20": 1.15861,
  "rollL20": 1.15719,
  "up2": false,
  "dn2": false,
  "source": "twelvedata_repo"
}