{
  "datetime": "2026-03-21 14:25:00",
  "open": 1.15921,
  "high": 1.15925,
  "low": 1.15921,
  "close": 1.15921,
  "rollH20": 1.15931,
  "rollL20": 1.15913,
  "up2": false,
  "dn2": false,
  "source": "twelvedata_repo"
}