{
  "datetime": "2026-04-19 11:50:00",
  "open": 1.17734,
  "high": 1.17739,
  "low": 1.17732,
  "close": 1.17733,
  "rollH20": 1.1774,
  "rollL20": 1.17731,
  "up2": false,
  "dn2": false,
  "source": "twelvedata_repo"
}