{
  "datetime": "2026-04-01 20:20:00",
  "open": 1.15824,
  "high": 1.15826,
  "low": 1.15792,
  "close": 1.15799,
  "rollH20": 1.1607,
  "rollL20": 1.15784,
  "up2": false,
  "dn2": false,
  "source": "twelvedata_repo"
}