{
  "datetime": "2026-03-31 18:25:00",
  "open": 1.15542,
  "high": 1.15546,
  "low": 1.15512,
  "close": 1.15512,
  "rollH20": 1.15564,
  "rollL20": 1.1514,
  "up2": false,
  "dn2": false,
  "source": "twelvedata_repo"
}