{
  "datetime": "2026-02-26 23:30:00",
  "open": 1.17997,
  "high": 1.18003,
  "low": 1.17997,
  "close": 1.18001,
  "rollH20": 1.18003,
  "rollL20": 1.17955,
  "up2": false,
  "dn2": false,
  "source": "twelvedata_repo"
}