{
  "datetime": "2025-11-05 22:55:00",
  "open": 1.14927,
  "high": 1.14927,
  "low": 1.14914,
  "close": 1.14915,
  "rollH20": 1.14937,
  "rollL20": 1.14875,
  "up2": false,
  "dn2": false,
  "source": "twelvedata_repo"
}