{
  "datetime": "2026-03-05 21:10:00",
  "open": 1.16088,
  "high": 1.16101,
  "low": 1.16088,
  "close": 1.161,
  "rollH20": 1.16096,
  "rollL20": 1.15708,
  "up2": false,
  "dn2": false,
  "source": "twelvedata_repo"
}