{
  "datetime": "2025-10-15 14:40:00",
  "open": 1.16265,
  "high": 1.16282,
  "low": 1.1625,
  "close": 1.16261,
  "rollH20": 1.16289,
  "rollL20": 1.16105,
  "up2": false,
  "dn2": false,
  "source": "twelvedata_repo"
}