{
  "datetime": "2026-04-12 10:30:00",
  "open": 1.17255,
  "high": 1.1726,
  "low": 1.17254,
  "close": 1.17254,
  "rollH20": 1.17269,
  "rollL20": 1.1725,
  "up2": false,
  "dn2": false,
  "source": "twelvedata_repo"
}