{
  "datetime": "2025-09-29 14:40:00",
  "open": 1.17458,
  "high": 1.17466,
  "low": 1.17452,
  "close": 1.17466,
  "rollH20": 1.17515,
  "rollL20": 1.17185,
  "up2": false,
  "dn2": false,
  "source": "twelvedata_repo"
}