{
  "datetime": "2026-01-08 12:55:00",
  "open": 1.16784,
  "high": 1.16791,
  "low": 1.16781,
  "close": 1.16789,
  "rollH20": 1.16815,
  "rollL20": 1.16755,
  "up2": false,
  "dn2": false,
  "source": "twelvedata_repo"
}