{
  "datetime": "2026-01-14 07:45:00",
  "open": 1.16466,
  "high": 1.16484,
  "low": 1.16462,
  "close": 1.16465,
  "rollH20": 1.16474,
  "rollL20": 1.16418,
  "up2": false,
  "dn2": false,
  "source": "twelvedata_repo"
}