{
  "datetime": "2025-12-08 10:35:00",
  "open": 1.16518,
  "high": 1.1653,
  "low": 1.16517,
  "close": 1.16526,
  "rollH20": 1.16629,
  "rollL20": 1.16492,
  "up2": false,
  "dn2": false,
  "source": "twelvedata_repo"
}