{
  "datetime": "2026-03-07 10:05:00",
  "open": 1.16178,
  "high": 1.1618,
  "low": 1.16174,
  "close": 1.16174,
  "rollH20": 1.16186,
  "rollL20": 1.16169,
  "up2": false,
  "dn2": false,
  "source": "twelvedata_repo"
}