{
  "datetime": "2026-01-19 12:50:00",
  "open": 1.16258,
  "high": 1.16278,
  "low": 1.16258,
  "close": 1.16275,
  "rollH20": 1.16288,
  "rollL20": 1.16209,
  "up2": false,
  "dn2": false,
  "source": "twelvedata_repo"
}