{
  "datetime": "2026-01-06 10:35:00",
  "open": 1.17109,
  "high": 1.17112,
  "low": 1.17086,
  "close": 1.17093,
  "rollH20": 1.17382,
  "rollL20": 1.17103,
  "up2": false,
  "dn2": false,
  "source": "twelvedata_repo"
}