{
  "datetime": "2025-11-18 15:35:00",
  "open": 1.15965,
  "high": 1.15997,
  "low": 1.15959,
  "close": 1.15995,
  "rollH20": 1.16019,
  "rollL20": 1.15883,
  "up2": false,
  "dn2": false,
  "source": "twelvedata_repo"
}