{
  "datetime": "2026-05-12 15:35:00",
  "open": 1.17312,
  "high": 1.17325,
  "low": 1.17294,
  "close": 1.17322,
  "rollH20": 1.17502,
  "rollL20": 1.17281,
  "up2": false,
  "dn2": false,
  "source": "twelvedata_repo"
}