{
  "datetime": "2025-10-27 08:35:00",
  "open": 1.16256,
  "high": 1.16259,
  "low": 1.16239,
  "close": 1.16257,
  "rollH20": 1.16322,
  "rollL20": 1.16212,
  "up2": false,
  "dn2": false,
  "source": "twelvedata_repo"
}