{
  "datetime": "2026-04-12 18:30:00",
  "open": 1.17217,
  "high": 1.1722,
  "low": 1.17217,
  "close": 1.17218,
  "rollH20": 1.17298,
  "rollL20": 1.17197,
  "up2": false,
  "dn2": false,
  "source": "twelvedata_repo"
}