{
  "datetime": "2026-03-12 06:45:00",
  "open": 1.15492,
  "high": 1.15524,
  "low": 1.15492,
  "close": 1.15502,
  "rollH20": 1.15504,
  "rollL20": 1.15367,
  "up2": false,
  "dn2": false,
  "source": "twelvedata_repo"
}