{
  "datetime": "2026-01-14 20:55:00",
  "open": 1.16369,
  "high": 1.16402,
  "low": 1.16368,
  "close": 1.1639,
  "rollH20": 1.16477,
  "rollL20": 1.16361,
  "up2": false,
  "dn2": false,
  "source": "twelvedata_repo"
}