{
  "datetime": "2026-01-20 22:10:00",
  "open": 1.17231,
  "high": 1.17239,
  "low": 1.17229,
  "close": 1.17238,
  "rollH20": 1.17232,
  "rollL20": 1.17109,
  "up2": false,
  "dn2": false,
  "source": "twelvedata_repo"
}