{
  "datetime": "2026-05-06 15:25:00",
  "open": 1.1751,
  "high": 1.17512,
  "low": 1.17497,
  "close": 1.17498,
  "rollH20": 1.1761,
  "rollL20": 1.17463,
  "up2": false,
  "dn2": false,
  "source": "twelvedata_repo"
}