{
  "datetime": "2025-10-10 06:40:00",
  "open": 1.15743,
  "high": 1.15755,
  "low": 1.15739,
  "close": 1.15754,
  "rollH20": 1.15774,
  "rollL20": 1.15675,
  "up2": false,
  "dn2": false,
  "source": "twelvedata_repo"
}