{
  "datetime": "2025-12-17 19:55:00",
  "open": 1.17444,
  "high": 1.17447,
  "low": 1.17438,
  "close": 1.17441,
  "rollH20": 1.17559,
  "rollL20": 1.17441,
  "up2": false,
  "dn2": false,
  "source": "twelvedata_repo"
}