{
  "datetime": "2026-04-27 01:55:00",
  "open": 1.17134,
  "high": 1.17146,
  "low": 1.17133,
  "close": 1.17146,
  "rollH20": 1.17159,
  "rollL20": 1.17058,
  "up2": false,
  "dn2": false,
  "source": "twelvedata_repo"
}