{
  "datetime": "2025-12-29 18:55:00",
  "open": 1.17508,
  "high": 1.17511,
  "low": 1.17508,
  "close": 1.17511,
  "rollH20": 1.1766,
  "rollL20": 1.17506,
  "up2": false,
  "dn2": false,
  "source": "twelvedata_repo"
}