{
  "datetime": "2026-03-15 10:55:00",
  "open": 1.14693,
  "high": 1.14698,
  "low": 1.14692,
  "close": 1.14692,
  "rollH20": 1.14702,
  "rollL20": 1.14684,
  "up2": false,
  "dn2": false,
  "source": "twelvedata_repo"
}