{
  "datetime": "2026-03-09 19:55:00",
  "open": 1.162,
  "high": 1.16201,
  "low": 1.16098,
  "close": 1.16125,
  "rollH20": 1.16302,
  "rollL20": 1.15763,
  "up2": false,
  "dn2": false,
  "source": "twelvedata_repo"
}