{
  "datetime": "2025-12-23 11:45:00",
  "open": 1.17977,
  "high": 1.17977,
  "low": 1.17973,
  "close": 1.17977,
  "rollH20": 1.17983,
  "rollL20": 1.1782,
  "up2": false,
  "dn2": false,
  "source": "twelvedata_repo"
}