{
  "datetime": "2026-01-23 19:10:00",
  "open": 1.17857,
  "high": 1.17858,
  "low": 1.17797,
  "close": 1.17801,
  "rollH20": 1.17983,
  "rollL20": 1.17623,
  "up2": false,
  "dn2": false,
  "source": "twelvedata_repo"
}