{
  "datetime": "2026-03-26 08:15:00",
  "open": 1.15599,
  "high": 1.15603,
  "low": 1.15592,
  "close": 1.15594,
  "rollH20": 1.15669,
  "rollL20": 1.15509,
  "up2": false,
  "dn2": false,
  "source": "twelvedata_repo"
}