{
  "datetime": "2025-11-12 16:15:00",
  "open": 1.15783,
  "high": 1.158,
  "low": 1.15778,
  "close": 1.158,
  "rollH20": 1.15806,
  "rollL20": 1.15634,
  "up2": false,
  "dn2": false,
  "source": "twelvedata_repo"
}