{
  "datetime": "2025-12-30 19:55:00",
  "open": 1.17522,
  "high": 1.17523,
  "low": 1.17508,
  "close": 1.17508,
  "rollH20": 1.17615,
  "rollL20": 1.1752,
  "up2": false,
  "dn2": false,
  "source": "twelvedata_repo"
}