{
  "datetime": "2026-06-23 17:10:00",
  "open": 1.13799,
  "high": 1.13814,
  "low": 1.13793,
  "close": 1.13798,
  "rollH20": 1.13852,
  "rollL20": 1.1376,
  "up2": false,
  "dn2": false,
  "source": "twelvedata_repo"
}