{
  "datetime": "2025-10-17 14:30:00",
  "open": 1.16777,
  "high": 1.16799,
  "low": 1.16763,
  "close": 1.16779,
  "rollH20": 1.16905,
  "rollL20": 1.1667,
  "up2": false,
  "dn2": false,
  "source": "twelvedata_repo"
}