{
  "datetime": "2026-04-06 13:05:00",
  "open": 1.15476,
  "high": 1.15479,
  "low": 1.15468,
  "close": 1.15478,
  "rollH20": 1.15519,
  "rollL20": 1.15412,
  "up2": false,
  "dn2": false,
  "source": "twelvedata_repo"
}