{
  "datetime": "2026-03-06 16:35:00",
  "open": 1.15962,
  "high": 1.16066,
  "low": 1.15962,
  "close": 1.16066,
  "rollH20": 1.16053,
  "rollL20": 1.1569,
  "up2": false,
  "dn2": false,
  "source": "twelvedata_repo"
}