{
  "datetime": "2026-01-23 14:10:00",
  "open": 1.17433,
  "high": 1.17436,
  "low": 1.17417,
  "close": 1.17424,
  "rollH20": 1.17446,
  "rollL20": 1.17362,
  "up2": false,
  "dn2": false,
  "source": "twelvedata_repo"
}