{
  "datetime": "2026-02-27 11:15:00",
  "open": 1.18026,
  "high": 1.18029,
  "low": 1.18022,
  "close": 1.18029,
  "rollH20": 1.18068,
  "rollL20": 1.17922,
  "up2": false,
  "dn2": false,
  "source": "twelvedata_repo"
}