{
  "datetime": "2025-12-01 23:55:00",
  "open": 1.16101,
  "high": 1.16105,
  "low": 1.16092,
  "close": 1.16095,
  "rollH20": 1.16134,
  "rollL20": 1.16072,
  "up2": false,
  "dn2": false,
  "source": "twelvedata_repo"
}