{
  "datetime": "2026-01-21 15:30:00",
  "open": 1.17226,
  "high": 1.17256,
  "low": 1.17226,
  "close": 1.17256,
  "rollH20": 1.17433,
  "rollL20": 1.17126,
  "up2": false,
  "dn2": false,
  "source": "twelvedata_repo"
}