{
  "datetime": "2026-07-18 15:40:00",
  "open": 1.14382,
  "high": 1.14384,
  "low": 1.14379,
  "close": 1.1438,
  "rollH20": 1.14416,
  "rollL20": 1.1437,
  "up2": false,
  "dn2": false,
  "source": "twelvedata_repo"
}