{
  "datetime": "2025-11-28 17:40:00",
  "open": 1.1599,
  "high": 1.16037,
  "low": 1.1599,
  "close": 1.16028,
  "rollH20": 1.16082,
  "rollL20": 1.15806,
  "up2": false,
  "dn2": false,
  "source": "twelvedata_repo"
}