{
  "datetime": "2026-04-19 12:10:00",
  "open": 1.17733,
  "high": 1.17738,
  "low": 1.17732,
  "close": 1.17736,
  "rollH20": 1.17739,
  "rollL20": 1.17731,
  "up2": false,
  "dn2": false,
  "source": "twelvedata_repo"
}