{
  "datetime": "2025-11-19 18:40:00",
  "open": 1.15284,
  "high": 1.15308,
  "low": 1.15277,
  "close": 1.15308,
  "rollH20": 1.15471,
  "rollL20": 1.15267,
  "up2": false,
  "dn2": false,
  "source": "twelvedata_repo"
}