{
  "datetime": "2025-12-25 18:35:00",
  "open": 1.17854,
  "high": 1.17856,
  "low": 1.1784,
  "close": 1.17845,
  "rollH20": 1.17892,
  "rollL20": 1.17794,
  "up2": false,
  "dn2": false,
  "source": "twelvedata_repo"
}