{
  "datetime": "2026-03-22 20:30:00",
  "open": 1.15443,
  "high": 1.15443,
  "low": 1.15364,
  "close": 1.15404,
  "rollH20": 1.15721,
  "rollL20": 1.15237,
  "up2": false,
  "dn2": false,
  "source": "twelvedata_repo"
}