{
  "datetime": "2026-01-17 17:15:00",
  "open": 1.16042,
  "high": 1.16046,
  "low": 1.1604,
  "close": 1.16041,
  "rollH20": 1.16048,
  "rollL20": 1.15993,
  "up2": false,
  "dn2": false,
  "source": "twelvedata_repo"
}