{
  "datetime": "2026-03-12 11:30:00",
  "open": 1.15591,
  "high": 1.1562,
  "low": 1.15588,
  "close": 1.15606,
  "rollH20": 1.15631,
  "rollL20": 1.15505,
  "up2": false,
  "dn2": false,
  "source": "twelvedata_repo"
}