{
  "datetime": "2026-01-22 11:55:00",
  "open": 1.16923,
  "high": 1.16932,
  "low": 1.16923,
  "close": 1.16932,
  "rollH20": 1.16962,
  "rollL20": 1.16873,
  "up2": false,
  "dn2": false,
  "source": "twelvedata_repo"
}