{
  "datetime": "2025-10-09 20:30:00",
  "open": 1.15547,
  "high": 1.15556,
  "low": 1.15532,
  "close": 1.15544,
  "rollH20": 1.15604,
  "rollL20": 1.15421,
  "up2": false,
  "dn2": false,
  "source": "twelvedata_repo"
}