{
  "datetime": "2026-03-20 21:40:00",
  "open": 1.15887,
  "high": 1.15912,
  "low": 1.15859,
  "close": 1.15891,
  "rollH20": 1.15964,
  "rollL20": 1.15578,
  "up2": false,
  "dn2": false,
  "source": "twelvedata_repo"
}