{
  "datetime": "2026-04-04 00:45:00",
  "open": 1.15193,
  "high": 1.15209,
  "low": 1.15192,
  "close": 1.15208,
  "rollH20": 1.15229,
  "rollL20": 1.1517,
  "up2": false,
  "dn2": false,
  "source": "twelvedata_repo"
}