{
  "datetime": "2025-11-12 06:55:00",
  "open": 1.15771,
  "high": 1.15783,
  "low": 1.15769,
  "close": 1.15781,
  "rollH20": 1.15791,
  "rollL20": 1.15705,
  "up2": false,
  "dn2": false,
  "source": "twelvedata_repo"
}