{
  "datetime": "2025-10-29 02:50:00",
  "open": 1.16481,
  "high": 1.16498,
  "low": 1.16481,
  "close": 1.16489,
  "rollH20": 1.16603,
  "rollL20": 1.16471,
  "up2": false,
  "dn2": false,
  "source": "twelvedata_repo"
}