{
  "datetime": "2026-01-02 21:30:00",
  "open": 1.17213,
  "high": 1.17216,
  "low": 1.17213,
  "close": 1.17216,
  "rollH20": 1.17238,
  "rollL20": 1.17141,
  "up2": false,
  "dn2": false,
  "source": "twelvedata_repo"
}