{
  "datetime": "2026-01-15 16:55:00",
  "open": 1.16057,
  "high": 1.16058,
  "low": 1.16032,
  "close": 1.16032,
  "rollH20": 1.16105,
  "rollL20": 1.15935,
  "up2": false,
  "dn2": false,
  "source": "twelvedata_repo"
}