{
  "datetime": "2026-02-17 08:40:00",
  "open": 1.18382,
  "high": 1.18385,
  "low": 1.18374,
  "close": 1.18385,
  "rollH20": 1.18447,
  "rollL20": 1.18293,
  "up2": false,
  "dn2": false,
  "source": "twelvedata_repo"
}