{
  "datetime": "2026-01-23 15:25:00",
  "open": 1.17446,
  "high": 1.1745,
  "low": 1.17426,
  "close": 1.17446,
  "rollH20": 1.17475,
  "rollL20": 1.17329,
  "up2": false,
  "dn2": false,
  "source": "twelvedata_repo"
}