{
  "datetime": "2025-10-15 20:25:00",
  "open": 1.16383,
  "high": 1.16383,
  "low": 1.16364,
  "close": 1.16372,
  "rollH20": 1.16383,
  "rollL20": 1.16273,
  "up2": false,
  "dn2": false,
  "source": "twelvedata_repo"
}