{
  "datetime": "2026-03-19 11:00:00",
  "open": 1.1475,
  "high": 1.14751,
  "low": 1.14742,
  "close": 1.14744,
  "rollH20": 1.1488,
  "rollL20": 1.14607,
  "up2": false,
  "dn2": false,
  "source": "twelvedata_repo"
}