{
  "datetime": "2025-12-09 10:15:00",
  "open": 1.16462,
  "high": 1.16465,
  "low": 1.16458,
  "close": 1.16459,
  "rollH20": 1.16492,
  "rollL20": 1.16333,
  "up2": false,
  "dn2": false,
  "source": "twelvedata_repo"
}