{
  "datetime": "2026-03-02 17:20:00",
  "open": 1.16974,
  "high": 1.17039,
  "low": 1.16974,
  "close": 1.17032,
  "rollH20": 1.16995,
  "rollL20": 1.16731,
  "up2": false,
  "dn2": false,
  "source": "twelvedata_repo"
}