{
  "datetime": "2025-09-05 20:35:00",
  "open": 1.17187,
  "high": 1.17192,
  "low": 1.17183,
  "close": 1.17186,
  "rollH20": 1.17284,
  "rollL20": 1.17142,
  "up2": false,
  "dn2": false,
  "source": "twelvedata_repo"
}