{
  "datetime": "2025-12-30 11:00:00",
  "open": 1.17705,
  "high": 1.17716,
  "low": 1.17698,
  "close": 1.17711,
  "rollH20": 1.17788,
  "rollL20": 1.17649,
  "up2": false,
  "dn2": false,
  "source": "twelvedata_repo"
}