{
  "datetime": "2025-10-29 06:10:00",
  "open": 1.16312,
  "high": 1.16318,
  "low": 1.16296,
  "close": 1.16305,
  "rollH20": 1.1643,
  "rollL20": 1.16317,
  "up2": false,
  "dn2": false,
  "source": "twelvedata_repo"
}