{
  "datetime": "2026-01-16 05:25:00",
  "open": 1.16116,
  "high": 1.1612,
  "low": 1.16115,
  "close": 1.1612,
  "rollH20": 1.16142,
  "rollL20": 1.16073,
  "up2": false,
  "dn2": false,
  "source": "twelvedata_repo"
}