{
  "datetime": "2025-12-05 22:30:00",
  "open": 1.16436,
  "high": 1.16446,
  "low": 1.16429,
  "close": 1.16446,
  "rollH20": 1.16481,
  "rollL20": 1.16398,
  "up2": false,
  "dn2": false,
  "source": "twelvedata_repo"
}