{
  "datetime": "2026-01-30 04:05:00",
  "open": 1.19169,
  "high": 1.19177,
  "low": 1.19157,
  "close": 1.19164,
  "rollH20": 1.19375,
  "rollL20": 1.18944,
  "up2": false,
  "dn2": false,
  "source": "twelvedata_repo"
}