{
  "datetime": "2025-09-17 18:35:00",
  "open": 1.18522,
  "high": 1.1853,
  "low": 1.18506,
  "close": 1.18529,
  "rollH20": 1.18562,
  "rollL20": 1.18424,
  "up2": false,
  "dn2": false,
  "source": "twelvedata_repo"
}