{
  "datetime": "2026-02-06 11:00:00",
  "open": 1.17931,
  "high": 1.17947,
  "low": 1.17926,
  "close": 1.17947,
  "rollH20": 1.17989,
  "rollL20": 1.17876,
  "up2": false,
  "dn2": false,
  "source": "twelvedata_repo"
}