{
  "datetime": "2026-01-16 08:45:00",
  "open": 1.16132,
  "high": 1.16145,
  "low": 1.16128,
  "close": 1.16132,
  "rollH20": 1.16152,
  "rollL20": 1.16048,
  "up2": false,
  "dn2": false,
  "source": "twelvedata_repo"
}