{
  "datetime": "2026-07-13 05:25:00",
  "open": 1.13991,
  "high": 1.14001,
  "low": 1.13991,
  "close": 1.13999,
  "rollH20": 1.14007,
  "rollL20": 1.13908,
  "up2": false,
  "dn2": false,
  "source": "twelvedata_repo"
}