{
  "datetime": "2025-10-15 20:55:00",
  "open": 1.16387,
  "high": 1.16393,
  "low": 1.16386,
  "close": 1.16393,
  "rollH20": 1.16403,
  "rollL20": 1.16291,
  "up2": false,
  "dn2": false,
  "source": "twelvedata_repo"
}