{
  "datetime": "2026-05-03 10:50:00",
  "open": 1.17242,
  "high": 1.17254,
  "low": 1.17241,
  "close": 1.17243,
  "rollH20": 1.17254,
  "rollL20": 1.17225,
  "up2": false,
  "dn2": false,
  "source": "twelvedata_repo"
}