{
  "datetime": "2026-01-05 00:30:00",
  "open": 1.17091,
  "high": 1.17092,
  "low": 1.17082,
  "close": 1.17082,
  "rollH20": 1.17251,
  "rollL20": 1.16999,
  "up2": false,
  "dn2": false,
  "source": "twelvedata_repo"
}