{
  "datetime": "2026-05-06 06:15:00",
  "open": 1.17349,
  "high": 1.17353,
  "low": 1.17321,
  "close": 1.17322,
  "rollH20": 1.17426,
  "rollL20": 1.17167,
  "up2": false,
  "dn2": false,
  "source": "twelvedata_repo"
}