{
  "datetime": "2025-12-16 12:45:00",
  "open": 1.17587,
  "high": 1.17598,
  "low": 1.17586,
  "close": 1.17588,
  "rollH20": 1.1761,
  "rollL20": 1.17528,
  "up2": false,
  "dn2": false,
  "source": "twelvedata_repo"
}