{
  "datetime": "2026-04-27 17:05:00",
  "open": 1.17323,
  "high": 1.17325,
  "low": 1.17323,
  "close": 1.17324,
  "rollH20": 1.1748,
  "rollL20": 1.17303,
  "up2": false,
  "dn2": false,
  "source": "twelvedata_repo"
}