{
  "datetime": "2026-04-30 20:10:00",
  "open": 1.17395,
  "high": 1.17405,
  "low": 1.17385,
  "close": 1.17393,
  "rollH20": 1.17403,
  "rollL20": 1.17246,
  "up2": false,
  "dn2": false,
  "source": "twelvedata_repo"
}