{
  "datetime": "2026-03-21 13:25:00",
  "open": 1.1593,
  "high": 1.1593,
  "low": 1.15923,
  "close": 1.15927,
  "rollH20": 1.15931,
  "rollL20": 1.15913,
  "up2": false,
  "dn2": false,
  "source": "twelvedata_repo"
}