{
  "datetime": "2025-11-19 10:05:00",
  "open": 1.15756,
  "high": 1.15785,
  "low": 1.15753,
  "close": 1.15785,
  "rollH20": 1.15969,
  "rollL20": 1.15707,
  "up2": false,
  "dn2": false,
  "source": "twelvedata_repo"
}