{
  "datetime": "2026-01-26 06:15:00",
  "open": 1.18596,
  "high": 1.18618,
  "low": 1.18596,
  "close": 1.18606,
  "rollH20": 1.18688,
  "rollL20": 1.18567,
  "up2": false,
  "dn2": false,
  "source": "twelvedata_repo"
}