{
  "datetime": "2025-10-16 03:40:00",
  "open": 1.1666,
  "high": 1.16667,
  "low": 1.16646,
  "close": 1.16653,
  "rollH20": 1.16752,
  "rollL20": 1.16612,
  "up2": false,
  "dn2": false,
  "source": "twelvedata_repo"
}