{
  "datetime": "2026-01-14 19:55:00",
  "open": 1.16418,
  "high": 1.16423,
  "low": 1.16391,
  "close": 1.16397,
  "rollH20": 1.16538,
  "rollL20": 1.16395,
  "up2": false,
  "dn2": false,
  "source": "twelvedata_repo"
}