{
  "datetime": "2026-02-27 17:35:00",
  "open": 1.18223,
  "high": 1.18236,
  "low": 1.18223,
  "close": 1.18235,
  "rollH20": 1.18263,
  "rollL20": 1.18043,
  "up2": false,
  "dn2": false,
  "source": "twelvedata_repo"
}