{
  "datetime": "2025-11-21 04:25:00",
  "open": 1.15352,
  "high": 1.15363,
  "low": 1.15351,
  "close": 1.15363,
  "rollH20": 1.15387,
  "rollL20": 1.15328,
  "up2": false,
  "dn2": false,
  "source": "twelvedata_repo"
}