{
  "datetime": "2026-01-01 20:50:00",
  "open": 1.17446,
  "high": 1.17452,
  "low": 1.17437,
  "close": 1.17445,
  "rollH20": 1.1748,
  "rollL20": 1.17447,
  "up2": false,
  "dn2": false,
  "source": "twelvedata_repo"
}