{
  "datetime": "2026-07-13 08:50:00",
  "open": 1.14183,
  "high": 1.14259,
  "low": 1.14183,
  "close": 1.14255,
  "rollH20": 1.14213,
  "rollL20": 1.13961,
  "up2": false,
  "dn2": false,
  "source": "twelvedata_repo"
}