{
  "datetime": "2026-03-03 21:45:00",
  "open": 1.16132,
  "high": 1.16134,
  "low": 1.16117,
  "close": 1.16117,
  "rollH20": 1.16241,
  "rollL20": 1.16129,
  "up2": false,
  "dn2": false,
  "source": "twelvedata_repo"
}