{
  "datetime": "2025-10-03 05:25:00",
  "open": 1.17238,
  "high": 1.17239,
  "low": 1.17238,
  "close": 1.17239,
  "rollH20": 1.17279,
  "rollL20": 1.17198,
  "up2": false,
  "dn2": false,
  "source": "twelvedata_repo"
}