{
  "datetime": "2025-09-10 05:40:00",
  "open": 1.17111,
  "high": 1.17117,
  "low": 1.17092,
  "close": 1.171,
  "rollH20": 1.17126,
  "rollL20": 1.1706,
  "up2": false,
  "dn2": false,
  "source": "twelvedata_repo"
}