{
  "datetime": "2025-11-06 09:55:00",
  "open": 1.15138,
  "high": 1.15196,
  "low": 1.15135,
  "close": 1.15196,
  "rollH20": 1.15152,
  "rollL20": 1.15061,
  "up2": false,
  "dn2": false,
  "source": "twelvedata_repo"
}