{
  "datetime": "2025-11-11 12:25:00",
  "open": 1.15716,
  "high": 1.15742,
  "low": 1.15712,
  "close": 1.15742,
  "rollH20": 1.15779,
  "rollL20": 1.15623,
  "up2": false,
  "dn2": false,
  "source": "twelvedata_repo"
}