{
  "datetime": "2025-11-05 14:35:00",
  "open": 1.1481,
  "high": 1.14853,
  "low": 1.14807,
  "close": 1.14841,
  "rollH20": 1.14932,
  "rollL20": 1.14814,
  "up2": false,
  "dn2": false,
  "source": "twelvedata_repo"
}