{
  "datetime": "2026-03-13 15:40:00",
  "open": 1.1444,
  "high": 1.1444,
  "low": 1.14358,
  "close": 1.14372,
  "rollH20": 1.14838,
  "rollL20": 1.14406,
  "up2": false,
  "dn2": false,
  "source": "twelvedata_repo"
}