{
  "datetime": "2026-04-21 19:40:00",
  "open": 1.17361,
  "high": 1.17366,
  "low": 1.17357,
  "close": 1.17358,
  "rollH20": 1.17596,
  "rollL20": 1.1721,
  "up2": false,
  "dn2": false,
  "source": "twelvedata_repo"
}