{
  "datetime": "2025-11-06 19:30:00",
  "open": 1.15436,
  "high": 1.1547,
  "low": 1.15434,
  "close": 1.1547,
  "rollH20": 1.15463,
  "rollL20": 1.15314,
  "up2": false,
  "dn2": false,
  "source": "twelvedata_repo"
}