{
  "datetime": "2025-10-02 22:00:00",
  "open": 1.17153,
  "high": 1.17153,
  "low": 1.17153,
  "close": 1.17153,
  "rollH20": 1.17247,
  "rollL20": 1.17145,
  "up2": false,
  "dn2": false,
  "source": "twelvedata_repo"
}