{
  "datetime": "2025-11-26 10:55:00",
  "open": 1.15732,
  "high": 1.15732,
  "low": 1.15683,
  "close": 1.15712,
  "rollH20": 1.15801,
  "rollL20": 1.15669,
  "up2": false,
  "dn2": false,
  "source": "twelvedata_repo"
}