{
  "datetime": "2026-03-11 07:30:00",
  "open": 1.16294,
  "high": 1.16317,
  "low": 1.16291,
  "close": 1.16302,
  "rollH20": 1.16426,
  "rollL20": 1.16258,
  "up2": false,
  "dn2": false,
  "source": "twelvedata_repo"
}