{
  "datetime": "2025-12-08 10:00:00",
  "open": 1.16561,
  "high": 1.16571,
  "low": 1.16561,
  "close": 1.16571,
  "rollH20": 1.16662,
  "rollL20": 1.16492,
  "up2": false,
  "dn2": false,
  "source": "twelvedata_repo"
}