{
  "datetime": "2026-03-26 07:15:00",
  "open": 1.15562,
  "high": 1.15565,
  "low": 1.15539,
  "close": 1.1555,
  "rollH20": 1.15723,
  "rollL20": 1.15557,
  "up2": false,
  "dn2": false,
  "source": "twelvedata_repo"
}