{
  "datetime": "2026-02-22 22:20:00",
  "open": 1.17964,
  "high": 1.1797,
  "low": 1.17961,
  "close": 1.17962,
  "rollH20": 1.17995,
  "rollL20": 1.17817,
  "up2": false,
  "dn2": false,
  "source": "twelvedata_repo"
}