{
  "datetime": "2025-11-18 19:55:00",
  "open": 1.1583,
  "high": 1.1584,
  "low": 1.1583,
  "close": 1.15831,
  "rollH20": 1.1585,
  "rollL20": 1.15718,
  "up2": false,
  "dn2": false,
  "source": "twelvedata_repo"
}