{
  "datetime": "2026-02-06 18:20:00",
  "open": 1.18135,
  "high": 1.18146,
  "low": 1.18135,
  "close": 1.18141,
  "rollH20": 1.18198,
  "rollL20": 1.181,
  "up2": false,
  "dn2": false,
  "source": "twelvedata_repo"
}