{
  "datetime": "2026-07-23 06:45:00",
  "open": 1.14298,
  "high": 1.14307,
  "low": 1.14298,
  "close": 1.14307,
  "rollH20": 1.14363,
  "rollL20": 1.14287,
  "up2": false,
  "dn2": false,
  "source": "twelvedata_repo"
}