{
  "datetime": "2026-02-01 15:20:00",
  "open": 1.18573,
  "high": 1.18576,
  "low": 1.18572,
  "close": 1.18575,
  "rollH20": 1.18575,
  "rollL20": 1.18497,
  "up2": false,
  "dn2": false,
  "source": "twelvedata_repo"
}