{
  "datetime": "2025-10-23 22:15:00",
  "open": 1.16169,
  "high": 1.16169,
  "low": 1.16169,
  "close": 1.16169,
  "rollH20": 1.16195,
  "rollL20": 1.16138,
  "up2": false,
  "dn2": false,
  "source": "twelvedata_repo"
}