{
  "datetime": "2026-03-08 22:35:00",
  "open": 1.15361,
  "high": 1.15362,
  "low": 1.15354,
  "close": 1.1536,
  "rollH20": 1.15736,
  "rollL20": 1.15298,
  "up2": false,
  "dn2": false,
  "source": "twelvedata_repo"
}