{
  "datetime": "2026-05-19 06:45:00",
  "open": 1.16392,
  "high": 1.16393,
  "low": 1.16381,
  "close": 1.16384,
  "rollH20": 1.16434,
  "rollL20": 1.1634,
  "up2": false,
  "dn2": false,
  "source": "twelvedata_repo"
}