{
  "datetime": "2026-05-18 09:55:00",
  "open": 1.16433,
  "high": 1.16445,
  "low": 1.16428,
  "close": 1.16444,
  "rollH20": 1.16449,
  "rollL20": 1.16298,
  "up2": false,
  "dn2": false,
  "source": "twelvedata_repo"
}