{
  "datetime": "2025-11-06 08:40:00",
  "open": 1.15113,
  "high": 1.15113,
  "low": 1.15093,
  "close": 1.15094,
  "rollH20": 1.15138,
  "rollL20": 1.15054,
  "up2": false,
  "dn2": false,
  "source": "twelvedata_repo"
}