{
  "datetime": "2026-06-20 12:00:00",
  "open": 1.14742,
  "high": 1.14749,
  "low": 1.14742,
  "close": 1.14747,
  "rollH20": 1.148,
  "rollL20": 1.14716,
  "up2": false,
  "dn2": false,
  "source": "twelvedata_repo"
}