{
  "datetime": "2025-09-30 00:10:00",
  "open": 1.17277,
  "high": 1.17277,
  "low": 1.17276,
  "close": 1.17276,
  "rollH20": 1.17279,
  "rollL20": 1.17243,
  "up2": false,
  "dn2": false,
  "source": "twelvedata_repo"
}