{
  "datetime": "2026-05-01 21:50:00",
  "open": 1.17189,
  "high": 1.17193,
  "low": 1.17184,
  "close": 1.1719,
  "rollH20": 1.17266,
  "rollL20": 1.1716,
  "up2": false,
  "dn2": false,
  "source": "twelvedata_repo"
}