{
  "datetime": "2026-03-05 16:15:00",
  "open": 1.15742,
  "high": 1.15746,
  "low": 1.15738,
  "close": 1.15739,
  "rollH20": 1.16081,
  "rollL20": 1.15673,
  "up2": false,
  "dn2": false,
  "source": "twelvedata_repo"
}