{
  "datetime": "2026-01-12 16:50:00",
  "open": 1.16848,
  "high": 1.16852,
  "low": 1.16845,
  "close": 1.16849,
  "rollH20": 1.1688,
  "rollL20": 1.16733,
  "up2": false,
  "dn2": false,
  "source": "twelvedata_repo"
}