{
  "datetime": "2026-03-06 13:55:00",
  "open": 1.1569,
  "high": 1.15691,
  "low": 1.15627,
  "close": 1.15627,
  "rollH20": 1.15928,
  "rollL20": 1.15536,
  "up2": false,
  "dn2": false,
  "source": "twelvedata_repo"
}