{
  "datetime": "2025-12-09 20:15:00",
  "open": 1.16231,
  "high": 1.16244,
  "low": 1.16231,
  "close": 1.16244,
  "rollH20": 1.16279,
  "rollL20": 1.1618,
  "up2": false,
  "dn2": false,
  "source": "twelvedata_repo"
}