{
  "datetime": "2026-06-05 15:50:00",
  "open": 1.15572,
  "high": 1.15575,
  "low": 1.15564,
  "close": 1.15575,
  "rollH20": 1.15981,
  "rollL20": 1.15507,
  "up2": false,
  "dn2": false,
  "source": "twelvedata_repo"
}