{
  "datetime": "2025-12-30 08:30:00",
  "open": 1.17706,
  "high": 1.17721,
  "low": 1.17685,
  "close": 1.17705,
  "rollH20": 1.17801,
  "rollL20": 1.17671,
  "up2": false,
  "dn2": false,
  "source": "twelvedata_repo"
}