{
  "datetime": "2025-09-09 07:55:00",
  "open": 1.17627,
  "high": 1.1767,
  "low": 1.17619,
  "close": 1.17664,
  "rollH20": 1.1781,
  "rollL20": 1.1756,
  "up2": false,
  "dn2": false,
  "source": "twelvedata_repo"
}