{
  "datetime": "2026-01-06 19:25:00",
  "open": 1.16955,
  "high": 1.16959,
  "low": 1.1694,
  "close": 1.1695,
  "rollH20": 1.17023,
  "rollL20": 1.16873,
  "up2": false,
  "dn2": false,
  "source": "twelvedata_repo"
}