{
  "datetime": "2025-11-12 21:55:00",
  "open": 1.15892,
  "high": 1.15905,
  "low": 1.15892,
  "close": 1.15905,
  "rollH20": 1.15897,
  "rollL20": 1.15847,
  "up2": false,
  "dn2": false,
  "source": "twelvedata_repo"
}