{
  "datetime": "2026-05-28 15:05:00",
  "open": 1.16283,
  "high": 1.16314,
  "low": 1.16283,
  "close": 1.16296,
  "rollH20": 1.16431,
  "rollL20": 1.16212,
  "up2": false,
  "dn2": false,
  "source": "twelvedata_repo"
}