{
  "datetime": "2026-06-16 14:00:00",
  "open": 1.15994,
  "high": 1.16016,
  "low": 1.15993,
  "close": 1.16011,
  "rollH20": 1.16076,
  "rollL20": 1.15923,
  "up2": false,
  "dn2": false,
  "source": "twelvedata_repo"
}