{
  "datetime": "2026-07-16 20:35:00",
  "open": 1.14361,
  "high": 1.14373,
  "low": 1.14358,
  "close": 1.14372,
  "rollH20": 1.14404,
  "rollL20": 1.14347,
  "up2": false,
  "dn2": false,
  "source": "twelvedata_repo"
}