{
  "datetime": "2026-02-18 22:15:00",
  "open": 1.17841,
  "high": 1.17845,
  "low": 1.17834,
  "close": 1.17839,
  "rollH20": 1.17873,
  "rollL20": 1.17826,
  "up2": false,
  "dn2": false,
  "source": "twelvedata_repo"
}