{
  "datetime": "2026-07-13 19:15:00",
  "open": 1.13869,
  "high": 1.13876,
  "low": 1.13861,
  "close": 1.13864,
  "rollH20": 1.13913,
  "rollL20": 1.13837,
  "up2": false,
  "dn2": false,
  "source": "twelvedata_repo"
}