{
  "datetime": "2026-02-12 11:25:00",
  "open": 1.18817,
  "high": 1.18822,
  "low": 1.18807,
  "close": 1.18807,
  "rollH20": 1.18884,
  "rollL20": 1.18715,
  "up2": false,
  "dn2": false,
  "source": "twelvedata_repo"
}