{
  "datetime": "2026-04-02 12:25:00",
  "open": 1.1512,
  "high": 1.1514,
  "low": 1.1512,
  "close": 1.15134,
  "rollH20": 1.15278,
  "rollL20": 1.15093,
  "up2": false,
  "dn2": false,
  "source": "twelvedata_repo"
}