{
  "datetime": "2026-03-13 17:15:00",
  "open": 1.14357,
  "high": 1.14433,
  "low": 1.14357,
  "close": 1.14413,
  "rollH20": 1.1453,
  "rollL20": 1.14358,
  "up2": false,
  "dn2": false,
  "source": "twelvedata_repo"
}