{
  "datetime": "2026-03-03 15:25:00",
  "open": 1.15407,
  "high": 1.15506,
  "low": 1.15397,
  "close": 1.15495,
  "rollH20": 1.1604,
  "rollL20": 1.15316,
  "up2": false,
  "dn2": false,
  "source": "twelvedata_repo"
}