{
  "datetime": "2026-01-28 01:35:00",
  "open": 1.2019,
  "high": 1.20223,
  "low": 1.2019,
  "close": 1.20216,
  "rollH20": 1.20444,
  "rollL20": 1.20097,
  "up2": false,
  "dn2": false,
  "source": "twelvedata_repo"
}