{
  "datetime": "2026-05-04 05:15:00",
  "open": 1.17336,
  "high": 1.17343,
  "low": 1.17328,
  "close": 1.17331,
  "rollH20": 1.17382,
  "rollL20": 1.17235,
  "up2": false,
  "dn2": false,
  "source": "twelvedata_repo"
}