{
  "datetime": "2026-01-08 05:10:00",
  "open": 1.16799,
  "high": 1.16801,
  "low": 1.16792,
  "close": 1.16795,
  "rollH20": 1.16832,
  "rollL20": 1.16741,
  "up2": false,
  "dn2": false,
  "source": "twelvedata_repo"
}