{
  "datetime": "2026-02-14 15:00:00",
  "open": 1.18673,
  "high": 1.18679,
  "low": 1.18672,
  "close": 1.18673,
  "rollH20": 1.18683,
  "rollL20": 1.18608,
  "up2": false,
  "dn2": false,
  "source": "twelvedata_repo"
}