{
  "datetime": "2026-03-15 03:35:00",
  "open": 1.14678,
  "high": 1.1468,
  "low": 1.14678,
  "close": 1.1468,
  "rollH20": 1.14683,
  "rollL20": 1.1463,
  "up2": false,
  "dn2": false,
  "source": "twelvedata_repo"
}