{
  "datetime": "2025-10-20 07:25:00",
  "open": 1.16601,
  "high": 1.16618,
  "low": 1.16593,
  "close": 1.16599,
  "rollH20": 1.16754,
  "rollL20": 1.16588,
  "up2": false,
  "dn2": false,
  "source": "twelvedata_repo"
}