{
  "datetime": "2025-12-11 15:15:00",
  "open": 1.17397,
  "high": 1.17418,
  "low": 1.17397,
  "close": 1.17416,
  "rollH20": 1.17412,
  "rollL20": 1.17112,
  "up2": false,
  "dn2": false,
  "source": "twelvedata_repo"
}