{
  "datetime": "2026-01-07 16:45:00",
  "open": 1.16959,
  "high": 1.16962,
  "low": 1.16921,
  "close": 1.16921,
  "rollH20": 1.1699,
  "rollL20": 1.16814,
  "up2": false,
  "dn2": false,
  "source": "twelvedata_repo"
}