{
  "datetime": "2025-11-26 07:30:00",
  "open": 1.15951,
  "high": 1.15961,
  "low": 1.15937,
  "close": 1.15946,
  "rollH20": 1.15968,
  "rollL20": 1.15826,
  "up2": false,
  "dn2": false,
  "source": "twelvedata_repo"
}