{
  "datetime": "2026-02-26 18:25:00",
  "open": 1.17774,
  "high": 1.17799,
  "low": 1.17772,
  "close": 1.1779,
  "rollH20": 1.1793,
  "rollL20": 1.1774,
  "up2": false,
  "dn2": false,
  "source": "twelvedata_repo"
}