{
  "datetime": "2025-12-18 18:20:00",
  "open": 1.17179,
  "high": 1.1721,
  "low": 1.17177,
  "close": 1.1721,
  "rollH20": 1.17454,
  "rollL20": 1.17155,
  "up2": false,
  "dn2": false,
  "source": "twelvedata_repo"
}