{
  "datetime": "2026-06-17 02:25:00",
  "open": 1.1614,
  "high": 1.1614,
  "low": 1.16132,
  "close": 1.16133,
  "rollH20": 1.16169,
  "rollL20": 1.16091,
  "up2": false,
  "dn2": false,
  "source": "twelvedata_repo"
}