{
  "datetime": "2025-10-13 10:55:00",
  "open": 1.15942,
  "high": 1.15942,
  "low": 1.15935,
  "close": 1.15939,
  "rollH20": 1.15989,
  "rollL20": 1.15816,
  "up2": false,
  "dn2": false,
  "source": "twelvedata_repo"
}