{
  "datetime": "2026-03-01 07:55:00",
  "open": 1.18165,
  "high": 1.18169,
  "low": 1.18163,
  "close": 1.18167,
  "rollH20": 1.18174,
  "rollL20": 1.18161,
  "up2": false,
  "dn2": false,
  "source": "twelvedata_repo"
}