{
  "datetime": "2026-05-21 18:45:00",
  "open": 1.16228,
  "high": 1.16229,
  "low": 1.16222,
  "close": 1.16224,
  "rollH20": 1.16239,
  "rollL20": 1.15853,
  "up2": false,
  "dn2": false,
  "source": "twelvedata_repo"
}