{
  "datetime": "2025-12-10 23:55:00",
  "open": 1.1692,
  "high": 1.16943,
  "low": 1.1692,
  "close": 1.16943,
  "rollH20": 1.16962,
  "rollL20": 1.169,
  "up2": false,
  "dn2": false,
  "source": "twelvedata_repo"
}