{
  "datetime": "2025-12-17 15:25:00",
  "open": 1.17315,
  "high": 1.17315,
  "low": 1.17298,
  "close": 1.17298,
  "rollH20": 1.17377,
  "rollL20": 1.17156,
  "up2": false,
  "dn2": false,
  "source": "twelvedata_repo"
}