{
  "datetime": "2026-03-14 14:55:00",
  "open": 1.14529,
  "high": 1.14534,
  "low": 1.14466,
  "close": 1.14466,
  "rollH20": 1.14668,
  "rollL20": 1.14309,
  "up2": false,
  "dn2": false,
  "source": "twelvedata_repo"
}