{
  "datetime": "2025-12-16 19:30:00",
  "open": 1.17566,
  "high": 1.17566,
  "low": 1.17509,
  "close": 1.17528,
  "rollH20": 1.17783,
  "rollL20": 1.17541,
  "up2": false,
  "dn2": false,
  "source": "twelvedata_repo"
}