{
  "datetime": "2026-01-15 20:40:00",
  "open": 1.16143,
  "high": 1.16149,
  "low": 1.16143,
  "close": 1.16147,
  "rollH20": 1.16178,
  "rollL20": 1.1608,
  "up2": false,
  "dn2": false,
  "source": "twelvedata_repo"
}