{
  "datetime": "2025-10-07 18:30:00",
  "open": 1.16733,
  "high": 1.16733,
  "low": 1.16717,
  "close": 1.16722,
  "rollH20": 1.16811,
  "rollL20": 1.16699,
  "up2": false,
  "dn2": false,
  "source": "twelvedata_repo"
}