{
  "datetime": "2026-06-10 11:45:00",
  "open": 1.15535,
  "high": 1.15538,
  "low": 1.15513,
  "close": 1.15518,
  "rollH20": 1.15601,
  "rollL20": 1.15508,
  "up2": false,
  "dn2": false,
  "source": "twelvedata_repo"
}