{
  "datetime": "2026-06-04 09:30:00",
  "open": 1.161,
  "high": 1.1615,
  "low": 1.16089,
  "close": 1.16116,
  "rollH20": 1.16125,
  "rollL20": 1.15988,
  "up2": false,
  "dn2": false,
  "source": "twelvedata_repo"
}