{
  "datetime": "2026-06-11 00:40:00",
  "open": 1.15361,
  "high": 1.15371,
  "low": 1.15352,
  "close": 1.15366,
  "rollH20": 1.15368,
  "rollL20": 1.1526,
  "up2": false,
  "dn2": false,
  "source": "twelvedata_repo"
}