{
  "datetime": "2026-06-07 16:55:00",
  "open": 1.15184,
  "high": 1.15188,
  "low": 1.15183,
  "close": 1.15183,
  "rollH20": 1.15218,
  "rollL20": 1.15137,
  "up2": false,
  "dn2": false,
  "source": "twelvedata_repo"
}