{
  "datetime": "2026-02-03 17:35:00",
  "open": 1.18149,
  "high": 1.1815,
  "low": 1.18109,
  "close": 1.18123,
  "rollH20": 1.18174,
  "rollL20": 1.17875,
  "up2": false,
  "dn2": false,
  "source": "twelvedata_repo"
}