{
  "datetime": "2026-05-23 12:50:00",
  "open": 1.1603,
  "high": 1.16033,
  "low": 1.16026,
  "close": 1.1603,
  "rollH20": 1.16063,
  "rollL20": 1.16013,
  "up2": false,
  "dn2": false,
  "source": "twelvedata_repo"
}