{
  "datetime": "2026-04-06 01:55:00",
  "open": 1.15129,
  "high": 1.15132,
  "low": 1.1512,
  "close": 1.15121,
  "rollH20": 1.15191,
  "rollL20": 1.15093,
  "up2": false,
  "dn2": false,
  "source": "twelvedata_repo"
}