{
  "datetime": "2026-05-11 09:40:00",
  "open": 1.1779,
  "high": 1.17791,
  "low": 1.17769,
  "close": 1.17771,
  "rollH20": 1.17825,
  "rollL20": 1.1765,
  "up2": false,
  "dn2": false,
  "source": "twelvedata_repo"
}