{
  "datetime": "2025-10-15 12:10:00",
  "open": 1.16276,
  "high": 1.16296,
  "low": 1.16271,
  "close": 1.16282,
  "rollH20": 1.1639,
  "rollL20": 1.16206,
  "up2": false,
  "dn2": false,
  "source": "twelvedata_repo"
}