{
  "datetime": "2025-10-16 08:40:00",
  "open": 1.16478,
  "high": 1.16497,
  "low": 1.16474,
  "close": 1.16497,
  "rollH20": 1.16676,
  "rollL20": 1.1644,
  "up2": false,
  "dn2": false,
  "source": "twelvedata_repo"
}