{
  "datetime": "2026-05-13 05:30:00",
  "open": 1.17344,
  "high": 1.1735,
  "low": 1.17339,
  "close": 1.17344,
  "rollH20": 1.17387,
  "rollL20": 1.17323,
  "up2": false,
  "dn2": false,
  "source": "twelvedata_repo"
}