{
  "datetime": "2026-07-19 00:10:00",
  "open": 1.14393,
  "high": 1.14396,
  "low": 1.14393,
  "close": 1.14395,
  "rollH20": 1.14411,
  "rollL20": 1.14381,
  "up2": false,
  "dn2": false,
  "source": "twelvedata_repo"
}