{
  "datetime": "2026-01-16 11:35:00",
  "open": 1.1615,
  "high": 1.16167,
  "low": 1.1615,
  "close": 1.16165,
  "rollH20": 1.16156,
  "rollL20": 1.16084,
  "up2": false,
  "dn2": false,
  "source": "twelvedata_repo"
}