{
  "datetime": "2026-03-22 23:50:00",
  "open": 1.15583,
  "high": 1.15589,
  "low": 1.15583,
  "close": 1.15586,
  "rollH20": 1.15623,
  "rollL20": 1.1535,
  "up2": false,
  "dn2": false,
  "source": "twelvedata_repo"
}