{
  "datetime": "2026-01-10 18:35:00",
  "open": 1.16352,
  "high": 1.16356,
  "low": 1.1635,
  "close": 1.16352,
  "rollH20": 1.16358,
  "rollL20": 1.1634,
  "up2": false,
  "dn2": false,
  "source": "twelvedata_repo"
}