{
  "datetime": "2025-11-05 06:35:00",
  "open": 1.14921,
  "high": 1.14936,
  "low": 1.14921,
  "close": 1.14932,
  "rollH20": 1.14936,
  "rollL20": 1.14864,
  "up2": false,
  "dn2": false,
  "source": "twelvedata_repo"
}