{
  "datetime": "2026-01-20 18:55:00",
  "open": 1.17325,
  "high": 1.17333,
  "low": 1.17323,
  "close": 1.1733,
  "rollH20": 1.17436,
  "rollL20": 1.17281,
  "up2": false,
  "dn2": false,
  "source": "twelvedata_repo"
}