{
  "datetime": "2025-12-30 16:55:00",
  "open": 1.17551,
  "high": 1.1756,
  "low": 1.17551,
  "close": 1.1756,
  "rollH20": 1.17666,
  "rollL20": 1.17459,
  "up2": false,
  "dn2": false,
  "source": "twelvedata_repo"
}