{
  "datetime": "2025-11-27 07:45:00",
  "open": 1.15932,
  "high": 1.15941,
  "low": 1.15932,
  "close": 1.15941,
  "rollH20": 1.16065,
  "rollL20": 1.15926,
  "up2": false,
  "dn2": false,
  "source": "twelvedata_repo"
}