{
  "datetime": "2025-12-30 22:55:00",
  "open": 1.1747,
  "high": 1.17473,
  "low": 1.17468,
  "close": 1.17473,
  "rollH20": 1.17503,
  "rollL20": 1.1744,
  "up2": false,
  "dn2": false,
  "source": "twelvedata_repo"
}