{
  "datetime": "2025-10-20 15:50:00",
  "open": 1.16586,
  "high": 1.16593,
  "low": 1.16585,
  "close": 1.16585,
  "rollH20": 1.16643,
  "rollL20": 1.16463,
  "up2": false,
  "dn2": false,
  "source": "twelvedata_repo"
}