{
  "datetime": "2026-06-28 18:00:00",
  "open": 1.13866,
  "high": 1.13885,
  "low": 1.1381,
  "close": 1.13856,
  "rollH20": 1.13882,
  "rollL20": 1.1382,
  "up2": false,
  "dn2": false,
  "source": "twelvedata_repo"
}