{
  "datetime": "2026-01-26 08:35:00",
  "open": 1.18548,
  "high": 1.1855,
  "low": 1.18539,
  "close": 1.18542,
  "rollH20": 1.18668,
  "rollL20": 1.18504,
  "up2": false,
  "dn2": false,
  "source": "twelvedata_repo"
}