{
  "datetime": "2026-06-12 00:40:00",
  "open": 1.15769,
  "high": 1.15773,
  "low": 1.15767,
  "close": 1.15771,
  "rollH20": 1.1586,
  "rollL20": 1.15733,
  "up2": false,
  "dn2": false,
  "source": "twelvedata_repo"
}