{
  "datetime": "2026-01-27 10:45:00",
  "open": 1.18719,
  "high": 1.18722,
  "low": 1.18696,
  "close": 1.18696,
  "rollH20": 1.18735,
  "rollL20": 1.1851,
  "up2": false,
  "dn2": false,
  "source": "twelvedata_repo"
}