{
  "datetime": "2025-10-31 10:35:00",
  "open": 1.15693,
  "high": 1.15693,
  "low": 1.15674,
  "close": 1.15677,
  "rollH20": 1.15749,
  "rollL20": 1.15596,
  "up2": false,
  "dn2": false,
  "source": "twelvedata_repo"
}