{
  "datetime": "2026-05-05 10:15:00",
  "open": 1.16865,
  "high": 1.16898,
  "low": 1.16839,
  "close": 1.16855,
  "rollH20": 1.16963,
  "rollL20": 1.16858,
  "up2": false,
  "dn2": false,
  "source": "twelvedata_repo"
}