{
  "datetime": "2026-05-28 16:20:00",
  "open": 1.16535,
  "high": 1.16539,
  "low": 1.16515,
  "close": 1.16517,
  "rollH20": 1.16572,
  "rollL20": 1.16173,
  "up2": false,
  "dn2": false,
  "source": "twelvedata_repo"
}