{
  "datetime": "2026-06-13 13:15:00",
  "open": 1.15686,
  "high": 1.1569,
  "low": 1.15685,
  "close": 1.15689,
  "rollH20": 1.15796,
  "rollL20": 1.15663,
  "up2": false,
  "dn2": false,
  "source": "twelvedata_repo"
}