{
  "datetime": "2025-12-02 05:05:00",
  "open": 1.16127,
  "high": 1.16132,
  "low": 1.16127,
  "close": 1.16132,
  "rollH20": 1.16129,
  "rollL20": 1.16091,
  "up2": false,
  "dn2": false,
  "source": "twelvedata_repo"
}