{
  "datetime": "2026-04-04 20:30:00",
  "open": 1.15195,
  "high": 1.15198,
  "low": 1.15195,
  "close": 1.15196,
  "rollH20": 1.152,
  "rollL20": 1.15176,
  "up2": false,
  "dn2": false,
  "source": "twelvedata_repo"
}