{
  "datetime": "2026-03-15 06:55:00",
  "open": 1.14672,
  "high": 1.14677,
  "low": 1.14671,
  "close": 1.14675,
  "rollH20": 1.1469,
  "rollL20": 1.14604,
  "up2": false,
  "dn2": false,
  "source": "twelvedata_repo"
}