{
  "datetime": "2025-12-29 05:40:00",
  "open": 1.17697,
  "high": 1.17701,
  "low": 1.17685,
  "close": 1.17689,
  "rollH20": 1.17771,
  "rollL20": 1.17692,
  "up2": false,
  "dn2": false,
  "source": "twelvedata_repo"
}