{
  "datetime": "2025-11-04 19:10:00",
  "open": 1.14836,
  "high": 1.14841,
  "low": 1.14814,
  "close": 1.1482,
  "rollH20": 1.14949,
  "rollL20": 1.14823,
  "up2": false,
  "dn2": false,
  "source": "twelvedata_repo"
}