{
  "datetime": "2025-10-03 16:55:00",
  "open": 1.17469,
  "high": 1.17488,
  "low": 1.17464,
  "close": 1.17487,
  "rollH20": 1.17499,
  "rollL20": 1.17342,
  "up2": false,
  "dn2": false,
  "source": "twelvedata_repo"
}