{
  "datetime": "2026-04-26 12:25:00",
  "open": 1.17195,
  "high": 1.172,
  "low": 1.17194,
  "close": 1.17198,
  "rollH20": 1.172,
  "rollL20": 1.17184,
  "up2": false,
  "dn2": false,
  "source": "twelvedata_repo"
}