{
  "datetime": "2025-12-12 18:35:00",
  "open": 1.17426,
  "high": 1.17441,
  "low": 1.17426,
  "close": 1.17438,
  "rollH20": 1.17437,
  "rollL20": 1.17269,
  "up2": false,
  "dn2": false,
  "source": "twelvedata_repo"
}