{
  "datetime": "2026-03-14 15:40:00",
  "open": 1.14602,
  "high": 1.14604,
  "low": 1.14601,
  "close": 1.14604,
  "rollH20": 1.14636,
  "rollL20": 1.14445,
  "up2": false,
  "dn2": false,
  "source": "twelvedata_repo"
}