{
  "datetime": "2026-01-02 15:40:00",
  "open": 1.17273,
  "high": 1.17273,
  "low": 1.17258,
  "close": 1.17263,
  "rollH20": 1.17297,
  "rollL20": 1.17164,
  "up2": false,
  "dn2": false,
  "source": "twelvedata_repo"
}