{
  "datetime": "2026-04-17 09:50:00",
  "open": 1.17915,
  "high": 1.17933,
  "low": 1.17915,
  "close": 1.17932,
  "rollH20": 1.17923,
  "rollL20": 1.1775,
  "up2": false,
  "dn2": false,
  "source": "twelvedata_repo"
}