{
  "datetime": "2025-10-14 06:30:00",
  "open": 1.15842,
  "high": 1.15864,
  "low": 1.1584,
  "close": 1.15859,
  "rollH20": 1.15924,
  "rollL20": 1.15783,
  "up2": false,
  "dn2": false,
  "source": "twelvedata_repo"
}