{
  "datetime": "2026-04-13 19:35:00",
  "open": 1.17481,
  "high": 1.17488,
  "low": 1.17477,
  "close": 1.1748,
  "rollH20": 1.17481,
  "rollL20": 1.17253,
  "up2": false,
  "dn2": false,
  "source": "twelvedata_repo"
}