{
  "datetime": "2026-03-09 12:55:00",
  "open": 1.15541,
  "high": 1.15545,
  "low": 1.15532,
  "close": 1.15534,
  "rollH20": 1.15684,
  "rollL20": 1.15543,
  "up2": false,
  "dn2": false,
  "source": "twelvedata_repo"
}