{
  "datetime": "2026-04-26 21:20:00",
  "open": 1.17,
  "high": 1.17016,
  "low": 1.16997,
  "close": 1.16997,
  "rollH20": 1.17208,
  "rollL20": 1.16906,
  "up2": false,
  "dn2": false,
  "source": "twelvedata_repo"
}