{
  "datetime": "2025-09-26 05:55:00",
  "open": 1.16782,
  "high": 1.16795,
  "low": 1.16781,
  "close": 1.16795,
  "rollH20": 1.16819,
  "rollL20": 1.16747,
  "up2": false,
  "dn2": false,
  "source": "twelvedata_repo"
}