{
  "datetime": "2026-02-12 23:00:00",
  "open": 1.18714,
  "high": 1.18715,
  "low": 1.18705,
  "close": 1.18706,
  "rollH20": 1.18728,
  "rollL20": 1.18642,
  "up2": false,
  "dn2": false,
  "source": "twelvedata_repo"
}