{
  "datetime": "2025-09-30 07:40:00",
  "open": 1.17414,
  "high": 1.17437,
  "low": 1.17405,
  "close": 1.1743,
  "rollH20": 1.17419,
  "rollL20": 1.17282,
  "up2": false,
  "dn2": false,
  "source": "twelvedata_repo"
}