{
  "datetime": "2026-01-09 23:25:00",
  "open": 1.16364,
  "high": 1.16369,
  "low": 1.16364,
  "close": 1.16364,
  "rollH20": 1.16375,
  "rollL20": 1.163,
  "up2": false,
  "dn2": false,
  "source": "twelvedata_repo"
}