{
  "datetime": "2026-03-15 23:25:00",
  "open": 1.14292,
  "high": 1.14296,
  "low": 1.14266,
  "close": 1.14274,
  "rollH20": 1.14348,
  "rollL20": 1.14202,
  "up2": false,
  "dn2": false,
  "source": "twelvedata_repo"
}