{
  "datetime": "2025-12-16 20:40:00",
  "open": 1.17548,
  "high": 1.1758,
  "low": 1.17546,
  "close": 1.1758,
  "rollH20": 1.17772,
  "rollL20": 1.17363,
  "up2": false,
  "dn2": false,
  "source": "twelvedata_repo"
}