{
  "datetime": "2025-12-17 02:15:00",
  "open": 1.17505,
  "high": 1.17514,
  "low": 1.17504,
  "close": 1.17513,
  "rollH20": 1.17526,
  "rollL20": 1.17457,
  "up2": false,
  "dn2": false,
  "source": "twelvedata_repo"
}