{
  "datetime": "2025-11-04 20:25:00",
  "open": 1.14833,
  "high": 1.14833,
  "low": 1.14831,
  "close": 1.14831,
  "rollH20": 1.14874,
  "rollL20": 1.14814,
  "up2": false,
  "dn2": false,
  "source": "twelvedata_repo"
}