{
  "datetime": "2026-02-27 18:45:00",
  "open": 1.18153,
  "high": 1.18161,
  "low": 1.18151,
  "close": 1.18159,
  "rollH20": 1.18263,
  "rollL20": 1.18132,
  "up2": false,
  "dn2": false,
  "source": "twelvedata_repo"
}