{
  "datetime": "2026-01-24 22:25:00",
  "open": 1.18247,
  "high": 1.18251,
  "low": 1.18247,
  "close": 1.18247,
  "rollH20": 1.18252,
  "rollL20": 1.18229,
  "up2": false,
  "dn2": false,
  "source": "twelvedata_repo"
}