{
  "datetime": "2025-10-20 13:40:00",
  "open": 1.16542,
  "high": 1.16557,
  "low": 1.16538,
  "close": 1.16557,
  "rollH20": 1.16602,
  "rollL20": 1.16444,
  "up2": false,
  "dn2": false,
  "source": "twelvedata_repo"
}