{
  "datetime": "2026-04-10 09:10:00",
  "open": 1.16832,
  "high": 1.16855,
  "low": 1.16832,
  "close": 1.16854,
  "rollH20": 1.16898,
  "rollL20": 1.1678,
  "up2": false,
  "dn2": false,
  "source": "twelvedata_repo"
}