{
  "datetime": "2025-10-09 22:20:00",
  "open": 1.15604,
  "high": 1.15604,
  "low": 1.15604,
  "close": 1.15604,
  "rollH20": 1.15669,
  "rollL20": 1.15566,
  "up2": false,
  "dn2": false,
  "source": "twelvedata_repo"
}