{
  "datetime": "2026-06-05 21:55:00",
  "open": 1.15234,
  "high": 1.15234,
  "low": 1.15186,
  "close": 1.15192,
  "rollH20": 1.15276,
  "rollL20": 1.15181,
  "up2": false,
  "dn2": false,
  "source": "twelvedata_repo"
}