{
  "datetime": "2025-12-23 14:15:00",
  "open": 1.1788,
  "high": 1.17925,
  "low": 1.1788,
  "close": 1.17925,
  "rollH20": 1.18021,
  "rollL20": 1.1786,
  "up2": false,
  "dn2": false,
  "source": "twelvedata_repo"
}