{
  "datetime": "2026-01-16 12:35:00",
  "open": 1.16219,
  "high": 1.16221,
  "low": 1.16207,
  "close": 1.16208,
  "rollH20": 1.16219,
  "rollL20": 1.16084,
  "up2": false,
  "dn2": false,
  "source": "twelvedata_repo"
}