{
  "datetime": "2026-02-10 23:00:00",
  "open": 1.18949,
  "high": 1.1895,
  "low": 1.18938,
  "close": 1.18942,
  "rollH20": 1.19037,
  "rollL20": 1.18931,
  "up2": false,
  "dn2": false,
  "source": "twelvedata_repo"
}