{
  "datetime": "2026-05-12 19:45:00",
  "open": 1.17385,
  "high": 1.17391,
  "low": 1.17374,
  "close": 1.17378,
  "rollH20": 1.17394,
  "rollL20": 1.17281,
  "up2": false,
  "dn2": false,
  "source": "twelvedata_repo"
}