{
  "datetime": "2025-12-15 08:30:00",
  "open": 1.17345,
  "high": 1.17345,
  "low": 1.17324,
  "close": 1.17327,
  "rollH20": 1.1738,
  "rollL20": 1.17295,
  "up2": false,
  "dn2": false,
  "source": "twelvedata_repo"
}