{
  "datetime": "2026-01-19 20:25:00",
  "open": 1.16461,
  "high": 1.16466,
  "low": 1.16461,
  "close": 1.16466,
  "rollH20": 1.16494,
  "rollL20": 1.16431,
  "up2": false,
  "dn2": false,
  "source": "twelvedata_repo"
}