{
  "datetime": "2025-12-29 12:30:00",
  "open": 1.17632,
  "high": 1.17651,
  "low": 1.17631,
  "close": 1.1765,
  "rollH20": 1.178,
  "rollL20": 1.17583,
  "up2": false,
  "dn2": false,
  "source": "twelvedata_repo"
}