{
  "datetime": "2025-12-24 12:45:00",
  "open": 1.17919,
  "high": 1.17927,
  "low": 1.17917,
  "close": 1.17925,
  "rollH20": 1.17995,
  "rollL20": 1.1791,
  "up2": false,
  "dn2": false,
  "source": "twelvedata_repo"
}