{
  "datetime": "2025-11-26 23:45:00",
  "open": 1.15966,
  "high": 1.15973,
  "low": 1.15964,
  "close": 1.15971,
  "rollH20": 1.15977,
  "rollL20": 1.15888,
  "up2": false,
  "dn2": false,
  "source": "twelvedata_repo"
}