{
  "datetime": "2025-11-16 23:40:00",
  "open": 1.16229,
  "high": 1.16232,
  "low": 1.16229,
  "close": 1.16229,
  "rollH20": 1.16239,
  "rollL20": 1.16154,
  "up2": false,
  "dn2": false,
  "source": "twelvedata_repo"
}