{
  "datetime": "2025-09-03 08:45:00",
  "open": 1.1623,
  "high": 1.16339,
  "low": 1.16225,
  "close": 1.16332,
  "rollH20": 1.16437,
  "rollL20": 1.1608,
  "up2": false,
  "dn2": false,
  "source": "twelvedata_repo"
}