{
  "datetime": "2025-10-31 20:25:00",
  "open": 1.15285,
  "high": 1.15303,
  "low": 1.15281,
  "close": 1.15303,
  "rollH20": 1.1529,
  "rollL20": 1.15219,
  "up2": false,
  "dn2": false,
  "source": "twelvedata_repo"
}