{
  "datetime": "2026-03-25 08:55:00",
  "open": 1.15993,
  "high": 1.1604,
  "low": 1.15993,
  "close": 1.16007,
  "rollH20": 1.16053,
  "rollL20": 1.15883,
  "up2": false,
  "dn2": false,
  "source": "twelvedata_repo"
}