{
  "datetime": "2026-04-07 05:30:00",
  "open": 1.15349,
  "high": 1.15367,
  "low": 1.15349,
  "close": 1.15364,
  "rollH20": 1.15363,
  "rollL20": 1.15291,
  "up2": false,
  "dn2": false,
  "source": "twelvedata_repo"
}