{
  "datetime": "2026-07-22 09:15:00",
  "open": 1.14068,
  "high": 1.14081,
  "low": 1.14045,
  "close": 1.1406,
  "rollH20": 1.14183,
  "rollL20": 1.14038,
  "up2": false,
  "dn2": false,
  "source": "twelvedata_repo"
}