{
  "datetime": "2026-01-30 14:35:00",
  "open": 1.19157,
  "high": 1.19161,
  "low": 1.19155,
  "close": 1.19161,
  "rollH20": 1.19544,
  "rollL20": 1.19133,
  "up2": false,
  "dn2": false,
  "source": "twelvedata_repo"
}