{
  "datetime": "2025-11-20 23:55:00",
  "open": 1.15284,
  "high": 1.15297,
  "low": 1.15282,
  "close": 1.15297,
  "rollH20": 1.15308,
  "rollL20": 1.1524,
  "up2": false,
  "dn2": false,
  "source": "twelvedata_repo"
}