{
  "datetime": "2026-02-01 21:55:00",
  "open": 1.18493,
  "high": 1.18567,
  "low": 1.18493,
  "close": 1.18537,
  "rollH20": 1.18664,
  "rollL20": 1.18364,
  "up2": false,
  "dn2": false,
  "source": "twelvedata_repo"
}