{
  "datetime": "2026-01-31 23:45:00",
  "open": 1.18536,
  "high": 1.1854,
  "low": 1.18535,
  "close": 1.18536,
  "rollH20": 1.18549,
  "rollL20": 1.18527,
  "up2": false,
  "dn2": false,
  "source": "twelvedata_repo"
}