{
  "datetime": "2026-02-24 11:00:00",
  "open": 1.17864,
  "high": 1.17868,
  "low": 1.17821,
  "close": 1.17821,
  "rollH20": 1.17932,
  "rollL20": 1.17825,
  "up2": false,
  "dn2": false,
  "source": "twelvedata_repo"
}