{
  "datetime": "2026-02-16 14:10:00",
  "open": 1.18595,
  "high": 1.18601,
  "low": 1.18593,
  "close": 1.186,
  "rollH20": 1.18607,
  "rollL20": 1.1849,
  "up2": false,
  "dn2": false,
  "source": "twelvedata_repo"
}