{
  "datetime": "2026-02-14 01:40:00",
  "open": 1.18625,
  "high": 1.18629,
  "low": 1.18624,
  "close": 1.18625,
  "rollH20": 1.18758,
  "rollL20": 1.18624,
  "up2": false,
  "dn2": false,
  "source": "twelvedata_repo"
}