{
  "datetime": "2026-02-07 10:50:00",
  "open": 1.18087,
  "high": 1.18091,
  "low": 1.18084,
  "close": 1.18084,
  "rollH20": 1.18192,
  "rollL20": 1.1808,
  "up2": false,
  "dn2": false,
  "source": "twelvedata_repo"
}