{
  "datetime": "2026-04-23 02:00:00",
  "open": 1.1712,
  "high": 1.17122,
  "low": 1.17119,
  "close": 1.17119,
  "rollH20": 1.1713,
  "rollL20": 1.16935,
  "up2": false,
  "dn2": false,
  "source": "twelvedata_repo"
}