{
  "datetime": "2026-03-09 22:40:00",
  "open": 1.16251,
  "high": 1.16254,
  "low": 1.16242,
  "close": 1.16244,
  "rollH20": 1.16462,
  "rollL20": 1.16239,
  "up2": false,
  "dn2": false,
  "source": "twelvedata_repo"
}