{
  "datetime": "2026-01-31 10:50:00",
  "open": 1.18608,
  "high": 1.18612,
  "low": 1.18608,
  "close": 1.18608,
  "rollH20": 1.18614,
  "rollL20": 1.18586,
  "up2": false,
  "dn2": false,
  "source": "twelvedata_repo"
}