{
  "datetime": "2025-10-08 12:10:00",
  "open": 1.16307,
  "high": 1.16314,
  "low": 1.16301,
  "close": 1.16301,
  "rollH20": 1.16361,
  "rollL20": 1.16059,
  "up2": false,
  "dn2": false,
  "source": "twelvedata_repo"
}