{
  "datetime": "2026-01-31 06:10:00",
  "open": 1.18605,
  "high": 1.1861,
  "low": 1.18605,
  "close": 1.18609,
  "rollH20": 1.18614,
  "rollL20": 1.18575,
  "up2": false,
  "dn2": false,
  "source": "twelvedata_repo"
}