{
  "datetime": "2025-11-07 08:30:00",
  "open": 1.15341,
  "high": 1.15352,
  "low": 1.15339,
  "close": 1.15341,
  "rollH20": 1.15365,
  "rollL20": 1.153,
  "up2": false,
  "dn2": false,
  "source": "twelvedata_repo"
}