{
  "datetime": "2026-01-17 08:40:00",
  "open": 1.15947,
  "high": 1.15948,
  "low": 1.15944,
  "close": 1.15945,
  "rollH20": 1.15991,
  "rollL20": 1.15937,
  "up2": false,
  "dn2": false,
  "source": "twelvedata_repo"
}