{
  "datetime": "2026-03-02 07:25:00",
  "open": 1.17254,
  "high": 1.17262,
  "low": 1.17254,
  "close": 1.17262,
  "rollH20": 1.17752,
  "rollL20": 1.17168,
  "up2": false,
  "dn2": false,
  "source": "twelvedata_repo"
}