{
  "datetime": "2026-04-05 21:10:00",
  "open": 1.1523,
  "high": 1.15231,
  "low": 1.15197,
  "close": 1.15215,
  "rollH20": 1.15249,
  "rollL20": 1.144,
  "up2": false,
  "dn2": false,
  "source": "twelvedata_repo"
}