{
  "datetime": "2026-07-22 20:00:00",
  "open": 1.14111,
  "high": 1.14116,
  "low": 1.14107,
  "close": 1.14111,
  "rollH20": 1.1413,
  "rollL20": 1.14081,
  "up2": false,
  "dn2": false,
  "source": "twelvedata_repo"
}