{
  "datetime": "2026-03-11 21:45:00",
  "open": 1.15677,
  "high": 1.1568,
  "low": 1.15673,
  "close": 1.15679,
  "rollH20": 1.1573,
  "rollL20": 1.15648,
  "up2": false,
  "dn2": false,
  "source": "twelvedata_repo"
}