{
  "datetime": "2026-04-18 23:30:00",
  "open": 1.17685,
  "high": 1.17689,
  "low": 1.17683,
  "close": 1.17687,
  "rollH20": 1.17731,
  "rollL20": 1.1766,
  "up2": false,
  "dn2": false,
  "source": "twelvedata_repo"
}