{
  "datetime": "2026-03-05 14:45:00",
  "open": 1.15954,
  "high": 1.15962,
  "low": 1.15936,
  "close": 1.15956,
  "rollH20": 1.16248,
  "rollL20": 1.15919,
  "up2": false,
  "dn2": false,
  "source": "twelvedata_repo"
}