{
  "datetime": "2026-05-08 11:20:00",
  "open": 1.17712,
  "high": 1.17712,
  "low": 1.17696,
  "close": 1.17696,
  "rollH20": 1.17737,
  "rollL20": 1.1757,
  "up2": false,
  "dn2": false,
  "source": "twelvedata_repo"
}