{
  "datetime": "2026-07-06 05:35:00",
  "open": 1.14333,
  "high": 1.14333,
  "low": 1.14321,
  "close": 1.14325,
  "rollH20": 1.14359,
  "rollL20": 1.14283,
  "up2": false,
  "dn2": false,
  "source": "twelvedata_repo"
}