{
  "datetime": "2026-03-02 18:00:00",
  "open": 1.1707,
  "high": 1.1707,
  "low": 1.17039,
  "close": 1.17044,
  "rollH20": 1.1707,
  "rollL20": 1.16731,
  "up2": false,
  "dn2": false,
  "source": "twelvedata_repo"
}