{
  "datetime": "2026-03-21 16:00:00",
  "open": 1.15882,
  "high": 1.15887,
  "low": 1.1588,
  "close": 1.15881,
  "rollH20": 1.15931,
  "rollL20": 1.15871,
  "up2": false,
  "dn2": false,
  "source": "twelvedata_repo"
}