{
  "datetime": "2026-06-20 14:35:00",
  "open": 1.14753,
  "high": 1.1477,
  "low": 1.14734,
  "close": 1.1474,
  "rollH20": 1.14804,
  "rollL20": 1.14739,
  "up2": false,
  "dn2": false,
  "source": "twelvedata_repo"
}