{
  "datetime": "2026-04-04 00:15:00",
  "open": 1.15204,
  "high": 1.15211,
  "low": 1.15202,
  "close": 1.15206,
  "rollH20": 1.15245,
  "rollL20": 1.1517,
  "up2": false,
  "dn2": false,
  "source": "twelvedata_repo"
}