{
  "datetime": "2026-03-22 14:20:00",
  "open": 1.15914,
  "high": 1.15918,
  "low": 1.15842,
  "close": 1.15864,
  "rollH20": 1.15951,
  "rollL20": 1.15846,
  "up2": false,
  "dn2": false,
  "source": "twelvedata_repo"
}