{
  "datetime": "2026-01-14 15:45:00",
  "open": 1.16584,
  "high": 1.16589,
  "low": 1.16584,
  "close": 1.16589,
  "rollH20": 1.16589,
  "rollL20": 1.16458,
  "up2": false,
  "dn2": false,
  "source": "twelvedata_repo"
}