{
  "datetime": "2025-10-23 05:45:00",
  "open": 1.15964,
  "high": 1.15969,
  "low": 1.15961,
  "close": 1.15968,
  "rollH20": 1.15984,
  "rollL20": 1.15907,
  "up2": false,
  "dn2": false,
  "source": "twelvedata_repo"
}