{
  "datetime": "2025-12-29 11:40:00",
  "open": 1.17776,
  "high": 1.17777,
  "low": 1.1776,
  "close": 1.17761,
  "rollH20": 1.1788,
  "rollL20": 1.17726,
  "up2": false,
  "dn2": false,
  "source": "twelvedata_repo"
}