{
  "datetime": "2026-02-05 03:25:00",
  "open": 1.17962,
  "high": 1.17962,
  "low": 1.17943,
  "close": 1.1795,
  "rollH20": 1.18075,
  "rollL20": 1.17933,
  "up2": false,
  "dn2": false,
  "source": "twelvedata_repo"
}