{
  "datetime": "2025-10-24 17:40:00",
  "open": 1.1623,
  "high": 1.16231,
  "low": 1.16216,
  "close": 1.16217,
  "rollH20": 1.16357,
  "rollL20": 1.16219,
  "up2": false,
  "dn2": false,
  "source": "twelvedata_repo"
}