{
  "datetime": "2025-10-15 18:40:00",
  "open": 1.16287,
  "high": 1.16291,
  "low": 1.16286,
  "close": 1.16291,
  "rollH20": 1.16408,
  "rollL20": 1.16285,
  "up2": false,
  "dn2": false,
  "source": "twelvedata_repo"
}