{
  "datetime": "2025-11-07 19:35:00",
  "open": 1.15722,
  "high": 1.15725,
  "low": 1.15722,
  "close": 1.15725,
  "rollH20": 1.15831,
  "rollL20": 1.15708,
  "up2": false,
  "dn2": false,
  "source": "twelvedata_repo"
}