{
  "datetime": "2026-06-06 07:00:00",
  "open": 1.15215,
  "high": 1.15221,
  "low": 1.15214,
  "close": 1.15218,
  "rollH20": 1.15241,
  "rollL20": 1.1521,
  "up2": false,
  "dn2": false,
  "source": "twelvedata_repo"
}