{
  "datetime": "2026-04-05 00:10:00",
  "open": 1.15186,
  "high": 1.15191,
  "low": 1.15184,
  "close": 1.15188,
  "rollH20": 1.15207,
  "rollL20": 1.15164,
  "up2": false,
  "dn2": false,
  "source": "twelvedata_repo"
}