{
  "datetime": "2025-10-09 19:40:00",
  "open": 1.15554,
  "high": 1.15554,
  "low": 1.15547,
  "close": 1.1555,
  "rollH20": 1.15664,
  "rollL20": 1.15537,
  "up2": false,
  "dn2": false,
  "source": "twelvedata_repo"
}