{
  "datetime": "2026-02-09 13:20:00",
  "open": 1.18751,
  "high": 1.18768,
  "low": 1.18751,
  "close": 1.18767,
  "rollH20": 1.18771,
  "rollL20": 1.18558,
  "up2": false,
  "dn2": false,
  "source": "twelvedata_repo"
}