{
  "datetime": "2026-01-13 05:55:00",
  "open": 1.16639,
  "high": 1.16659,
  "low": 1.16639,
  "close": 1.16652,
  "rollH20": 1.16659,
  "rollL20": 1.16577,
  "up2": false,
  "dn2": false,
  "source": "twelvedata_repo"
}