{
  "datetime": "2025-09-25 05:55:00",
  "open": 1.17518,
  "high": 1.17522,
  "low": 1.17511,
  "close": 1.17521,
  "rollH20": 1.17536,
  "rollL20": 1.17478,
  "up2": false,
  "dn2": false,
  "source": "twelvedata_repo"
}