{
  "datetime": "2025-11-10 21:30:00",
  "open": 1.15626,
  "high": 1.15631,
  "low": 1.15624,
  "close": 1.1563,
  "rollH20": 1.15635,
  "rollL20": 1.15577,
  "up2": false,
  "dn2": false,
  "source": "twelvedata_repo"
}