{
  "datetime": "2025-12-16 23:45:00",
  "open": 1.1748,
  "high": 1.17487,
  "low": 1.1748,
  "close": 1.17485,
  "rollH20": 1.17518,
  "rollL20": 1.17468,
  "up2": false,
  "dn2": false,
  "source": "twelvedata_repo"
}