{
  "datetime": "2025-10-29 18:45:00",
  "open": 1.16475,
  "high": 1.16475,
  "low": 1.16463,
  "close": 1.16463,
  "rollH20": 1.16631,
  "rollL20": 1.16463,
  "up2": false,
  "dn2": false,
  "source": "twelvedata_repo"
}