{
  "datetime": "2025-12-25 23:25:00",
  "open": 1.17827,
  "high": 1.17837,
  "low": 1.17827,
  "close": 1.17837,
  "rollH20": 1.1792,
  "rollL20": 1.17738,
  "up2": false,
  "dn2": false,
  "source": "twelvedata_repo"
}