{
  "datetime": "2026-03-31 04:25:00",
  "open": 1.14725,
  "high": 1.14728,
  "low": 1.14716,
  "close": 1.14728,
  "rollH20": 1.14847,
  "rollL20": 1.1471,
  "up2": false,
  "dn2": false,
  "source": "twelvedata_repo"
}