{
  "datetime": "2026-06-09 08:30:00",
  "open": 1.15411,
  "high": 1.15419,
  "low": 1.15388,
  "close": 1.15402,
  "rollH20": 1.15538,
  "rollL20": 1.15377,
  "up2": false,
  "dn2": false,
  "source": "twelvedata_repo"
}