{
  "datetime": "2026-02-20 07:55:00",
  "open": 1.17537,
  "high": 1.17538,
  "low": 1.17531,
  "close": 1.17531,
  "rollH20": 1.17622,
  "rollL20": 1.17522,
  "up2": false,
  "dn2": false,
  "source": "twelvedata_repo"
}