{
  "datetime": "2026-03-16 17:00:00",
  "open": 1.14947,
  "high": 1.14999,
  "low": 1.14942,
  "close": 1.14999,
  "rollH20": 1.15,
  "rollL20": 1.14777,
  "up2": false,
  "dn2": false,
  "source": "twelvedata_repo"
}