{
  "datetime": "2025-10-17 12:20:00",
  "open": 1.16882,
  "high": 1.16888,
  "low": 1.16849,
  "close": 1.16878,
  "rollH20": 1.17033,
  "rollL20": 1.16807,
  "up2": false,
  "dn2": false,
  "source": "twelvedata_repo"
}