{
  "datetime": "2025-12-31 10:55:00",
  "open": 1.17365,
  "high": 1.17382,
  "low": 1.1736,
  "close": 1.1736,
  "rollH20": 1.17389,
  "rollL20": 1.1721,
  "up2": false,
  "dn2": false,
  "source": "twelvedata_repo"
}