{
  "datetime": "2026-06-15 18:25:00",
  "open": 1.16,
  "high": 1.16017,
  "low": 1.16,
  "close": 1.16014,
  "rollH20": 1.16058,
  "rollL20": 1.15968,
  "up2": false,
  "dn2": false,
  "source": "twelvedata_repo"
}