{
  "datetime": "2025-10-08 04:15:00",
  "open": 1.16198,
  "high": 1.16198,
  "low": 1.16176,
  "close": 1.16187,
  "rollH20": 1.16296,
  "rollL20": 1.1617,
  "up2": false,
  "dn2": false,
  "source": "twelvedata_repo"
}