{
  "datetime": "2025-11-07 22:45:00",
  "open": 1.15639,
  "high": 1.1564,
  "low": 1.15627,
  "close": 1.15634,
  "rollH20": 1.15672,
  "rollL20": 1.15583,
  "up2": false,
  "dn2": false,
  "source": "twelvedata_repo"
}