{
  "datetime": "2025-12-24 08:35:00",
  "open": 1.17901,
  "high": 1.17903,
  "low": 1.17896,
  "close": 1.17898,
  "rollH20": 1.18033,
  "rollL20": 1.17903,
  "up2": false,
  "dn2": false,
  "source": "twelvedata_repo"
}