{
  "datetime": "2025-10-20 07:55:00",
  "open": 1.16611,
  "high": 1.16614,
  "low": 1.16567,
  "close": 1.16577,
  "rollH20": 1.16754,
  "rollL20": 1.16588,
  "up2": false,
  "dn2": false,
  "source": "twelvedata_repo"
}