{
  "datetime": "2026-05-13 12:50:00",
  "open": 1.17142,
  "high": 1.1715,
  "low": 1.17141,
  "close": 1.1715,
  "rollH20": 1.17176,
  "rollL20": 1.1703,
  "up2": false,
  "dn2": false,
  "source": "twelvedata_repo"
}