{
  "datetime": "2026-06-23 21:00:00",
  "open": 1.13813,
  "high": 1.13813,
  "low": 1.13782,
  "close": 1.13786,
  "rollH20": 1.13833,
  "rollL20": 1.13763,
  "up2": false,
  "dn2": false,
  "source": "twelvedata_repo"
}