{
  "datetime": "2025-10-21 14:45:00",
  "open": 1.16097,
  "high": 1.16097,
  "low": 1.16094,
  "close": 1.16094,
  "rollH20": 1.16169,
  "rollL20": 1.16021,
  "up2": false,
  "dn2": false,
  "source": "twelvedata_repo"
}