{
  "datetime": "2025-12-09 20:45:00",
  "open": 1.16274,
  "high": 1.16275,
  "low": 1.16269,
  "close": 1.16269,
  "rollH20": 1.16306,
  "rollL20": 1.1618,
  "up2": false,
  "dn2": false,
  "source": "twelvedata_repo"
}