{
  "datetime": "2026-02-27 07:10:00",
  "open": 1.18017,
  "high": 1.18018,
  "low": 1.18002,
  "close": 1.18003,
  "rollH20": 1.18121,
  "rollL20": 1.18009,
  "up2": false,
  "dn2": false,
  "source": "twelvedata_repo"
}