{
  "datetime": "2025-11-27 12:05:00",
  "open": 1.15858,
  "high": 1.15869,
  "low": 1.15858,
  "close": 1.15861,
  "rollH20": 1.15869,
  "rollL20": 1.15768,
  "up2": false,
  "dn2": false,
  "source": "twelvedata_repo"
}