{
  "datetime": "2026-03-03 14:00:00",
  "open": 1.15921,
  "high": 1.15977,
  "low": 1.15921,
  "close": 1.15956,
  "rollH20": 1.16149,
  "rollL20": 1.15923,
  "up2": false,
  "dn2": false,
  "source": "twelvedata_repo"
}