{
  "datetime": "2026-03-15 09:40:00",
  "open": 1.14697,
  "high": 1.147,
  "low": 1.14696,
  "close": 1.14699,
  "rollH20": 1.14702,
  "rollL20": 1.14684,
  "up2": false,
  "dn2": false,
  "source": "twelvedata_repo"
}