{
  "datetime": "2025-12-08 12:10:00",
  "open": 1.16514,
  "high": 1.16523,
  "low": 1.16512,
  "close": 1.16522,
  "rollH20": 1.16556,
  "rollL20": 1.16483,
  "up2": false,
  "dn2": false,
  "source": "twelvedata_repo"
}