{
  "datetime": "2026-01-26 10:55:00",
  "open": 1.18634,
  "high": 1.18636,
  "low": 1.18611,
  "close": 1.18634,
  "rollH20": 1.18665,
  "rollL20": 1.18381,
  "up2": false,
  "dn2": false,
  "source": "twelvedata_repo"
}