{
  "datetime": "2026-03-08 21:55:00",
  "open": 1.15468,
  "high": 1.15477,
  "low": 1.15468,
  "close": 1.15477,
  "rollH20": 1.15805,
  "rollL20": 1.15388,
  "up2": false,
  "dn2": false,
  "source": "twelvedata_repo"
}