{
  "datetime": "2026-05-23 06:35:00",
  "open": 1.16023,
  "high": 1.16028,
  "low": 1.1602,
  "close": 1.16025,
  "rollH20": 1.16052,
  "rollL20": 1.16012,
  "up2": false,
  "dn2": false,
  "source": "twelvedata_repo"
}