{
  "datetime": "2026-05-29 08:50:00",
  "open": 1.16419,
  "high": 1.16429,
  "low": 1.16406,
  "close": 1.16427,
  "rollH20": 1.16547,
  "rollL20": 1.1638,
  "up2": false,
  "dn2": false,
  "source": "twelvedata_repo"
}