{
  "datetime": "2026-05-27 00:45:00",
  "open": 1.16384,
  "high": 1.16401,
  "low": 1.16384,
  "close": 1.16398,
  "rollH20": 1.16391,
  "rollL20": 1.16314,
  "up2": false,
  "dn2": false,
  "source": "twelvedata_repo"
}