{
  "datetime": "2026-03-19 10:35:00",
  "open": 1.14705,
  "high": 1.14708,
  "low": 1.14681,
  "close": 1.1469,
  "rollH20": 1.1488,
  "rollL20": 1.14494,
  "up2": false,
  "dn2": false,
  "source": "twelvedata_repo"
}