{
  "datetime": "2025-12-18 06:10:00",
  "open": 1.17435,
  "high": 1.17441,
  "low": 1.17434,
  "close": 1.17441,
  "rollH20": 1.17443,
  "rollL20": 1.17376,
  "up2": false,
  "dn2": false,
  "source": "twelvedata_repo"
}