{
  "datetime": "2026-02-06 14:40:00",
  "open": 1.18049,
  "high": 1.18052,
  "low": 1.18036,
  "close": 1.18039,
  "rollH20": 1.18054,
  "rollL20": 1.17892,
  "up2": false,
  "dn2": false,
  "source": "twelvedata_repo"
}