{
  "datetime": "2026-07-14 07:00:00",
  "open": 1.13919,
  "high": 1.13922,
  "low": 1.13911,
  "close": 1.13921,
  "rollH20": 1.13964,
  "rollL20": 1.13874,
  "up2": false,
  "dn2": false,
  "source": "twelvedata_repo"
}