{
  "datetime": "2025-09-12 08:35:00",
  "open": 1.17388,
  "high": 1.17398,
  "low": 1.17386,
  "close": 1.1739,
  "rollH20": 1.17476,
  "rollL20": 1.1722,
  "up2": false,
  "dn2": false,
  "source": "twelvedata_repo"
}