{
  "datetime": "2026-03-22 18:35:00",
  "open": 1.15716,
  "high": 1.15718,
  "low": 1.15716,
  "close": 1.15718,
  "rollH20": 1.15767,
  "rollL20": 1.15697,
  "up2": false,
  "dn2": false,
  "source": "twelvedata_repo"
}