{
  "datetime": "2026-03-25 09:20:00",
  "open": 1.16092,
  "high": 1.16134,
  "low": 1.16091,
  "close": 1.16118,
  "rollH20": 1.16093,
  "rollL20": 1.15883,
  "up2": false,
  "dn2": false,
  "source": "twelvedata_repo"
}