{
  "datetime": "2026-05-19 02:00:00",
  "open": 1.16447,
  "high": 1.16456,
  "low": 1.16433,
  "close": 1.16447,
  "rollH20": 1.16588,
  "rollL20": 1.16439,
  "up2": false,
  "dn2": false,
  "source": "twelvedata_repo"
}