{
  "datetime": "2026-06-18 19:35:00",
  "open": 1.14635,
  "high": 1.14647,
  "low": 1.14635,
  "close": 1.14638,
  "rollH20": 1.14737,
  "rollL20": 1.14602,
  "up2": false,
  "dn2": false,
  "source": "twelvedata_repo"
}