{
  "datetime": "2025-10-30 22:55:00",
  "open": 1.15684,
  "high": 1.15685,
  "low": 1.15684,
  "close": 1.15684,
  "rollH20": 1.15719,
  "rollL20": 1.15646,
  "up2": false,
  "dn2": false,
  "source": "twelvedata_repo"
}