{
  "datetime": "2026-03-16 17:50:00",
  "open": 1.14946,
  "high": 1.14947,
  "low": 1.14908,
  "close": 1.14943,
  "rollH20": 1.15031,
  "rollL20": 1.14777,
  "up2": false,
  "dn2": false,
  "source": "twelvedata_repo"
}