{
  "datetime": "2026-04-13 23:35:00",
  "open": 1.17607,
  "high": 1.1761,
  "low": 1.17601,
  "close": 1.17602,
  "rollH20": 1.17643,
  "rollL20": 1.17558,
  "up2": false,
  "dn2": false,
  "source": "twelvedata_repo"
}