{
  "datetime": "2026-04-22 22:55:00",
  "open": 1.17088,
  "high": 1.17094,
  "low": 1.17083,
  "close": 1.17087,
  "rollH20": 1.1709,
  "rollL20": 1.17046,
  "up2": false,
  "dn2": false,
  "source": "twelvedata_repo"
}