{
  "datetime": "2025-12-10 06:45:00",
  "open": 1.16292,
  "high": 1.16297,
  "low": 1.16292,
  "close": 1.16294,
  "rollH20": 1.16305,
  "rollL20": 1.16254,
  "up2": false,
  "dn2": false,
  "source": "twelvedata_repo"
}