{
  "datetime": "2025-09-17 12:45:00",
  "open": 1.18432,
  "high": 1.1845,
  "low": 1.18429,
  "close": 1.18448,
  "rollH20": 1.18447,
  "rollL20": 1.18327,
  "up2": false,
  "dn2": false,
  "source": "twelvedata_repo"
}