{
  "datetime": "2025-12-30 21:40:00",
  "open": 1.17487,
  "high": 1.17491,
  "low": 1.17469,
  "close": 1.17474,
  "rollH20": 1.17532,
  "rollL20": 1.17455,
  "up2": false,
  "dn2": false,
  "source": "twelvedata_repo"
}