{
  "datetime": "2026-03-14 23:15:00",
  "open": 1.1468,
  "high": 1.14684,
  "low": 1.14678,
  "close": 1.14682,
  "rollH20": 1.14706,
  "rollL20": 1.14651,
  "up2": false,
  "dn2": false,
  "source": "twelvedata_repo"
}