{
  "datetime": "2026-03-12 10:00:00",
  "open": 1.15597,
  "high": 1.15602,
  "low": 1.15597,
  "close": 1.15602,
  "rollH20": 1.15606,
  "rollL20": 1.15445,
  "up2": false,
  "dn2": false,
  "source": "twelvedata_repo"
}