{
  "datetime": "2026-01-06 08:40:00",
  "open": 1.17377,
  "high": 1.17388,
  "low": 1.17377,
  "close": 1.17388,
  "rollH20": 1.17426,
  "rollL20": 1.17285,
  "up2": false,
  "dn2": false,
  "source": "twelvedata_repo"
}