{
  "datetime": "2026-04-13 07:00:00",
  "open": 1.16881,
  "high": 1.16902,
  "low": 1.16879,
  "close": 1.16895,
  "rollH20": 1.16899,
  "rollL20": 1.16839,
  "up2": false,
  "dn2": false,
  "source": "twelvedata_repo"
}