{
  "datetime": "2026-03-10 22:45:00",
  "open": 1.16037,
  "high": 1.16047,
  "low": 1.16037,
  "close": 1.16047,
  "rollH20": 1.16143,
  "rollL20": 1.1604,
  "up2": false,
  "dn2": false,
  "source": "twelvedata_repo"
}