{
  "datetime": "2026-03-24 14:25:00",
  "open": 1.15761,
  "high": 1.15778,
  "low": 1.15693,
  "close": 1.15713,
  "rollH20": 1.15956,
  "rollL20": 1.15701,
  "up2": false,
  "dn2": false,
  "source": "twelvedata_repo"
}