{
  "datetime": "2026-02-02 18:25:00",
  "open": 1.18039,
  "high": 1.18043,
  "low": 1.18036,
  "close": 1.18042,
  "rollH20": 1.18126,
  "rollL20": 1.17899,
  "up2": false,
  "dn2": false,
  "source": "twelvedata_repo"
}