{
  "datetime": "2025-12-01 22:10:00",
  "open": 1.16107,
  "high": 1.16112,
  "low": 1.16103,
  "close": 1.16103,
  "rollH20": 1.16113,
  "rollL20": 1.16072,
  "up2": false,
  "dn2": false,
  "source": "twelvedata_repo"
}