{
  "datetime": "2026-07-13 21:50:00",
  "open": 1.13799,
  "high": 1.13806,
  "low": 1.1379,
  "close": 1.138,
  "rollH20": 1.13879,
  "rollL20": 1.1378,
  "up2": false,
  "dn2": false,
  "source": "twelvedata_repo"
}