{
  "datetime": "2025-10-21 17:40:00",
  "open": 1.1611,
  "high": 1.16125,
  "low": 1.16108,
  "close": 1.16115,
  "rollH20": 1.16242,
  "rollL20": 1.16041,
  "up2": false,
  "dn2": false,
  "source": "twelvedata_repo"
}