{
  "datetime": "2026-01-12 12:40:00",
  "open": 1.16825,
  "high": 1.16825,
  "low": 1.16814,
  "close": 1.16817,
  "rollH20": 1.16894,
  "rollL20": 1.16773,
  "up2": false,
  "dn2": false,
  "source": "twelvedata_repo"
}