{
  "datetime": "2026-07-21 17:20:00",
  "open": 1.14085,
  "high": 1.14093,
  "low": 1.14073,
  "close": 1.14092,
  "rollH20": 1.14116,
  "rollL20": 1.1403,
  "up2": false,
  "dn2": false,
  "source": "twelvedata_repo"
}