{
  "datetime": "2026-06-21 13:50:00",
  "open": 1.14736,
  "high": 1.14741,
  "low": 1.14734,
  "close": 1.14736,
  "rollH20": 1.1476,
  "rollL20": 1.14726,
  "up2": false,
  "dn2": false,
  "source": "twelvedata_repo"
}