{
  "datetime": "2026-07-08 05:25:00",
  "open": 1.14125,
  "high": 1.14136,
  "low": 1.14124,
  "close": 1.14134,
  "rollH20": 1.14166,
  "rollL20": 1.14107,
  "up2": false,
  "dn2": false,
  "source": "twelvedata_repo"
}