{
  "datetime": "2026-01-11 00:25:00",
  "open": 1.16349,
  "high": 1.16352,
  "low": 1.16341,
  "close": 1.16344,
  "rollH20": 1.16354,
  "rollL20": 1.16341,
  "up2": false,
  "dn2": false,
  "source": "twelvedata_repo"
}