{
  "datetime": "2026-03-23 23:30:00",
  "open": 1.16148,
  "high": 1.16153,
  "low": 1.16148,
  "close": 1.16153,
  "rollH20": 1.16161,
  "rollL20": 1.16084,
  "up2": false,
  "dn2": false,
  "source": "twelvedata_repo"
}