{
  "datetime": "2025-10-09 08:55:00",
  "open": 1.16132,
  "high": 1.16132,
  "low": 1.16091,
  "close": 1.16091,
  "rollH20": 1.16339,
  "rollL20": 1.16065,
  "up2": false,
  "dn2": false,
  "source": "twelvedata_repo"
}