{
  "datetime": "2025-10-13 19:55:00",
  "open": 1.15693,
  "high": 1.15694,
  "low": 1.15658,
  "close": 1.15664,
  "rollH20": 1.15776,
  "rollL20": 1.15687,
  "up2": false,
  "dn2": false,
  "source": "twelvedata_repo"
}