{
  "datetime": "2026-01-12 08:55:00",
  "open": 1.16798,
  "high": 1.16878,
  "low": 1.16798,
  "close": 1.16866,
  "rollH20": 1.16855,
  "rollL20": 1.16648,
  "up2": false,
  "dn2": false,
  "source": "twelvedata_repo"
}