{
  "datetime": "2025-12-30 17:20:00",
  "open": 1.17606,
  "high": 1.1763,
  "low": 1.17602,
  "close": 1.17619,
  "rollH20": 1.17666,
  "rollL20": 1.17459,
  "up2": false,
  "dn2": false,
  "source": "twelvedata_repo"
}