{
  "datetime": "2026-02-07 23:40:00",
  "open": 1.18188,
  "high": 1.18191,
  "low": 1.18187,
  "close": 1.1819,
  "rollH20": 1.182,
  "rollL20": 1.18174,
  "up2": false,
  "dn2": false,
  "source": "twelvedata_repo"
}