{
  "datetime": "2026-01-06 11:55:00",
  "open": 1.17122,
  "high": 1.17135,
  "low": 1.17122,
  "close": 1.17133,
  "rollH20": 1.17192,
  "rollL20": 1.17086,
  "up2": false,
  "dn2": false,
  "source": "twelvedata_repo"
}