{
  "datetime": "2026-03-04 21:45:00",
  "open": 1.16357,
  "high": 1.1637,
  "low": 1.16357,
  "close": 1.16368,
  "rollH20": 1.16444,
  "rollL20": 1.16355,
  "up2": false,
  "dn2": false,
  "source": "twelvedata_repo"
}