{
  "datetime": "2026-07-22 01:45:00",
  "open": 1.14032,
  "high": 1.14038,
  "low": 1.14032,
  "close": 1.14036,
  "rollH20": 1.14074,
  "rollL20": 1.13982,
  "up2": false,
  "dn2": false,
  "source": "twelvedata_repo"
}