{
  "datetime": "2026-07-22 03:10:00",
  "open": 1.14022,
  "high": 1.14053,
  "low": 1.14012,
  "close": 1.1405,
  "rollH20": 1.14074,
  "rollL20": 1.13991,
  "up2": false,
  "dn2": false,
  "source": "twelvedata_repo"
}