{
  "datetime": "2025-11-05 23:45:00",
  "open": 1.14926,
  "high": 1.14926,
  "low": 1.14926,
  "close": 1.14926,
  "rollH20": 1.14937,
  "rollL20": 1.14887,
  "up2": false,
  "dn2": false,
  "source": "twelvedata_repo"
}