{
  "datetime": "2026-05-13 15:10:00",
  "open": 1.17118,
  "high": 1.17121,
  "low": 1.17102,
  "close": 1.17111,
  "rollH20": 1.17124,
  "rollL20": 1.16988,
  "up2": false,
  "dn2": false,
  "source": "twelvedata_repo"
}