{
  "datetime": "2025-09-30 11:05:00",
  "open": 1.17488,
  "high": 1.17495,
  "low": 1.17463,
  "close": 1.17465,
  "rollH20": 1.17611,
  "rollL20": 1.17451,
  "up2": false,
  "dn2": false,
  "source": "twelvedata_repo"
}