{
  "datetime": "2025-12-02 16:55:00",
  "open": 1.16042,
  "high": 1.16044,
  "low": 1.16024,
  "close": 1.16036,
  "rollH20": 1.16192,
  "rollL20": 1.15956,
  "up2": false,
  "dn2": false,
  "source": "twelvedata_repo"
}