{
  "datetime": "2026-03-11 20:00:00",
  "open": 1.15734,
  "high": 1.15735,
  "low": 1.15692,
  "close": 1.15708,
  "rollH20": 1.15767,
  "rollL20": 1.15678,
  "up2": false,
  "dn2": false,
  "source": "twelvedata_repo"
}