{
  "datetime": "2026-05-03 21:40:00",
  "open": 1.1728,
  "high": 1.17373,
  "low": 1.17199,
  "close": 1.17366,
  "rollH20": 1.17604,
  "rollL20": 1.17195,
  "up2": false,
  "dn2": false,
  "source": "twelvedata_repo"
}