{
  "datetime": "2025-09-10 18:45:00",
  "open": 1.17037,
  "high": 1.17042,
  "low": 1.17033,
  "close": 1.17042,
  "rollH20": 1.17147,
  "rollL20": 1.17016,
  "up2": false,
  "dn2": false,
  "source": "twelvedata_repo"
}