{
  "datetime": "2026-03-17 21:15:00",
  "open": 1.15373,
  "high": 1.15376,
  "low": 1.15372,
  "close": 1.15376,
  "rollH20": 1.1542,
  "rollL20": 1.15344,
  "up2": false,
  "dn2": false,
  "source": "twelvedata_repo"
}