{
  "datetime": "2025-10-23 16:10:00",
  "open": 1.16116,
  "high": 1.16158,
  "low": 1.16107,
  "close": 1.16107,
  "rollH20": 1.16225,
  "rollL20": 1.16036,
  "up2": false,
  "dn2": false,
  "source": "twelvedata_repo"
}