{
  "datetime": "2026-07-05 12:55:00",
  "open": 1.14418,
  "high": 1.1442,
  "low": 1.14417,
  "close": 1.1442,
  "rollH20": 1.14432,
  "rollL20": 1.14414,
  "up2": false,
  "dn2": false,
  "source": "twelvedata_repo"
}