{
  "datetime": "2025-10-30 15:25:00",
  "open": 1.15807,
  "high": 1.15855,
  "low": 1.15799,
  "close": 1.15844,
  "rollH20": 1.15859,
  "rollL20": 1.15474,
  "up2": false,
  "dn2": false,
  "source": "twelvedata_repo"
}