{
  "datetime": "2025-12-12 17:10:00",
  "open": 1.17382,
  "high": 1.17396,
  "low": 1.17381,
  "close": 1.17393,
  "rollH20": 1.1745,
  "rollL20": 1.1731,
  "up2": false,
  "dn2": false,
  "source": "twelvedata_repo"
}