{
  "datetime": "2026-03-21 19:55:00",
  "open": 1.15867,
  "high": 1.15871,
  "low": 1.15866,
  "close": 1.15867,
  "rollH20": 1.15918,
  "rollL20": 1.1582,
  "up2": false,
  "dn2": false,
  "source": "twelvedata_repo"
}