{
  "datetime": "2026-02-13 10:20:00",
  "open": 1.18628,
  "high": 1.18643,
  "low": 1.18624,
  "close": 1.18633,
  "rollH20": 1.18664,
  "rollL20": 1.18486,
  "up2": false,
  "dn2": false,
  "source": "twelvedata_repo"
}