{
  "datetime": "2025-12-29 12:40:00",
  "open": 1.17659,
  "high": 1.17687,
  "low": 1.17659,
  "close": 1.17687,
  "rollH20": 1.178,
  "rollL20": 1.17583,
  "up2": false,
  "dn2": false,
  "source": "twelvedata_repo"
}