{
  "datetime": "2026-06-09 22:05:00",
  "open": 1.15458,
  "high": 1.15474,
  "low": 1.15421,
  "close": 1.15454,
  "rollH20": 1.15462,
  "rollL20": 1.154,
  "up2": false,
  "dn2": false,
  "source": "twelvedata_repo"
}