{
  "datetime": "2025-09-03 15:55:00",
  "open": 1.16624,
  "high": 1.16648,
  "low": 1.1662,
  "close": 1.16641,
  "rollH20": 1.16806,
  "rollL20": 1.16385,
  "up2": false,
  "dn2": false,
  "source": "twelvedata_repo"
}