{
  "datetime": "2025-12-11 11:55:00",
  "open": 1.17041,
  "high": 1.17075,
  "low": 1.17041,
  "close": 1.17069,
  "rollH20": 1.17062,
  "rollL20": 1.16879,
  "up2": false,
  "dn2": false,
  "source": "twelvedata_repo"
}