{
  "datetime": "2026-02-14 00:55:00",
  "open": 1.18713,
  "high": 1.18736,
  "low": 1.18713,
  "close": 1.18719,
  "rollH20": 1.18798,
  "rollL20": 1.1869,
  "up2": false,
  "dn2": false,
  "source": "twelvedata_repo"
}