{
  "datetime": "2025-12-10 18:40:00",
  "open": 1.16554,
  "high": 1.16555,
  "low": 1.16553,
  "close": 1.16553,
  "rollH20": 1.16555,
  "rollL20": 1.16374,
  "up2": false,
  "dn2": false,
  "source": "twelvedata_repo"
}