{
  "datetime": "2026-03-13 22:10:00",
  "open": 1.14661,
  "high": 1.14667,
  "low": 1.14661,
  "close": 1.14667,
  "rollH20": 1.14706,
  "rollL20": 1.14113,
  "up2": false,
  "dn2": false,
  "source": "twelvedata_repo"
}