{
  "datetime": "2025-10-10 12:40:00",
  "open": 1.15673,
  "high": 1.15697,
  "low": 1.15663,
  "close": 1.15678,
  "rollH20": 1.15834,
  "rollL20": 1.15623,
  "up2": false,
  "dn2": false,
  "source": "twelvedata_repo"
}