{
  "datetime": "2026-03-21 23:55:00",
  "open": 1.15905,
  "high": 1.1591,
  "low": 1.15904,
  "close": 1.15904,
  "rollH20": 1.15909,
  "rollL20": 1.15822,
  "up2": false,
  "dn2": false,
  "source": "twelvedata_repo"
}