{
  "datetime": "2026-01-22 06:00:00",
  "open": 1.16919,
  "high": 1.1692,
  "low": 1.16911,
  "close": 1.16913,
  "rollH20": 1.16975,
  "rollL20": 1.16854,
  "up2": false,
  "dn2": false,
  "source": "twelvedata_repo"
}