{
  "datetime": "2026-04-22 23:20:00",
  "open": 1.17073,
  "high": 1.17076,
  "low": 1.1707,
  "close": 1.17072,
  "rollH20": 1.17094,
  "rollL20": 1.17046,
  "up2": false,
  "dn2": false,
  "source": "twelvedata_repo"
}