{
  "datetime": "2026-01-30 23:50:00",
  "open": 1.18556,
  "high": 1.18558,
  "low": 1.18545,
  "close": 1.18557,
  "rollH20": 1.18598,
  "rollL20": 1.18503,
  "up2": false,
  "dn2": false,
  "source": "twelvedata_repo"
}