{
  "datetime": "2026-04-04 11:45:00",
  "open": 1.15142,
  "high": 1.15143,
  "low": 1.15142,
  "close": 1.15143,
  "rollH20": 1.15211,
  "rollL20": 1.15133,
  "up2": false,
  "dn2": false,
  "source": "twelvedata_repo"
}