{
  "datetime": "2026-02-14 11:50:00",
  "open": 1.1861,
  "high": 1.18627,
  "low": 1.18609,
  "close": 1.18627,
  "rollH20": 1.18677,
  "rollL20": 1.18607,
  "up2": false,
  "dn2": false,
  "source": "twelvedata_repo"
}