{
  "datetime": "2026-04-13 02:45:00",
  "open": 1.16823,
  "high": 1.16823,
  "low": 1.16812,
  "close": 1.16822,
  "rollH20": 1.16898,
  "rollL20": 1.16747,
  "up2": false,
  "dn2": false,
  "source": "twelvedata_repo"
}