{
  "datetime": "2026-04-17 10:30:00",
  "open": 1.1799,
  "high": 1.17994,
  "low": 1.17981,
  "close": 1.17983,
  "rollH20": 1.17991,
  "rollL20": 1.17804,
  "up2": false,
  "dn2": false,
  "source": "twelvedata_repo"
}