{
  "datetime": "2025-11-20 15:35:00",
  "open": 1.15461,
  "high": 1.15481,
  "low": 1.15424,
  "close": 1.15446,
  "rollH20": 1.15495,
  "rollL20": 1.15078,
  "up2": false,
  "dn2": false,
  "source": "twelvedata_repo"
}