{
  "datetime": "2025-10-08 20:20:00",
  "open": 1.16225,
  "high": 1.16241,
  "low": 1.16224,
  "close": 1.16241,
  "rollH20": 1.16256,
  "rollL20": 1.15996,
  "up2": false,
  "dn2": false,
  "source": "twelvedata_repo"
}