{
  "datetime": "2026-06-28 19:30:00",
  "open": 1.1386,
  "high": 1.13869,
  "low": 1.1386,
  "close": 1.13864,
  "rollH20": 1.13885,
  "rollL20": 1.13808,
  "up2": false,
  "dn2": false,
  "source": "twelvedata_repo"
}