{
  "datetime": "2025-12-30 14:55:00",
  "open": 1.17652,
  "high": 1.17659,
  "low": 1.17637,
  "close": 1.17659,
  "rollH20": 1.17683,
  "rollL20": 1.17564,
  "up2": false,
  "dn2": false,
  "source": "twelvedata_repo"
}