{
  "datetime": "2026-01-19 16:35:00",
  "open": 1.16364,
  "high": 1.16364,
  "low": 1.16348,
  "close": 1.16348,
  "rollH20": 1.16429,
  "rollL20": 1.16308,
  "up2": false,
  "dn2": false,
  "source": "twelvedata_repo"
}