{
  "datetime": "2025-12-22 06:10:00",
  "open": 1.17204,
  "high": 1.17214,
  "low": 1.17202,
  "close": 1.17212,
  "rollH20": 1.17218,
  "rollL20": 1.17141,
  "up2": false,
  "dn2": false,
  "source": "twelvedata_repo"
}