{
  "datetime": "2026-04-26 19:40:00",
  "open": 1.17195,
  "high": 1.17206,
  "low": 1.17195,
  "close": 1.17204,
  "rollH20": 1.17209,
  "rollL20": 1.17157,
  "up2": false,
  "dn2": false,
  "source": "twelvedata_repo"
}