{
  "datetime": "2026-03-02 17:45:00",
  "open": 1.16976,
  "high": 1.16978,
  "low": 1.16975,
  "close": 1.16978,
  "rollH20": 1.17039,
  "rollL20": 1.16731,
  "up2": false,
  "dn2": false,
  "source": "twelvedata_repo"
}