{
  "datetime": "2025-11-24 08:20:00",
  "open": 1.15186,
  "high": 1.15186,
  "low": 1.15168,
  "close": 1.15175,
  "rollH20": 1.15273,
  "rollL20": 1.15168,
  "up2": false,
  "dn2": false,
  "source": "twelvedata_repo"
}