{
  "datetime": "2026-06-10 01:00:00",
  "open": 1.15345,
  "high": 1.15351,
  "low": 1.1534,
  "close": 1.15349,
  "rollH20": 1.1541,
  "rollL20": 1.15335,
  "up2": false,
  "dn2": false,
  "source": "twelvedata_repo"
}