{
  "datetime": "2026-05-20 19:25:00",
  "open": 1.16266,
  "high": 1.1629,
  "low": 1.16229,
  "close": 1.16274,
  "rollH20": 1.16302,
  "rollL20": 1.16171,
  "up2": false,
  "dn2": false,
  "source": "twelvedata_repo"
}