{
  "datetime": "2025-12-22 18:55:00",
  "open": 1.17613,
  "high": 1.17615,
  "low": 1.17593,
  "close": 1.17596,
  "rollH20": 1.17655,
  "rollL20": 1.17489,
  "up2": false,
  "dn2": false,
  "source": "twelvedata_repo"
}