{
  "datetime": "2026-03-14 07:40:00",
  "open": 1.14185,
  "high": 1.14188,
  "low": 1.14167,
  "close": 1.14178,
  "rollH20": 1.14375,
  "rollL20": 1.14131,
  "up2": false,
  "dn2": false,
  "source": "twelvedata_repo"
}