{
  "datetime": "2026-05-05 20:25:00",
  "open": 1.16972,
  "high": 1.16979,
  "low": 1.16959,
  "close": 1.1696,
  "rollH20": 1.17026,
  "rollL20": 1.16965,
  "up2": false,
  "dn2": false,
  "source": "twelvedata_repo"
}