{
  "datetime": "2025-08-28 17:40:00",
  "open": 1.16824,
  "high": 1.1683,
  "low": 1.1679,
  "close": 1.16801,
  "rollH20": 1.16852,
  "rollL20": 1.16611,
  "up2": false,
  "dn2": false,
  "source": "twelvedata_repo"
}