{
  "datetime": "2026-02-23 17:40:00",
  "open": 1.17924,
  "high": 1.17942,
  "low": 1.17924,
  "close": 1.17941,
  "rollH20": 1.18073,
  "rollL20": 1.17891,
  "up2": false,
  "dn2": false,
  "source": "twelvedata_repo"
}