{
  "datetime": "2026-05-21 18:00:00",
  "open": 1.15957,
  "high": 1.1596,
  "low": 1.1595,
  "close": 1.15953,
  "rollH20": 1.15963,
  "rollL20": 1.15833,
  "up2": false,
  "dn2": false,
  "source": "twelvedata_repo"
}