{
  "datetime": "2026-01-29 08:15:00",
  "open": 1.19861,
  "high": 1.19866,
  "low": 1.19861,
  "close": 1.19866,
  "rollH20": 1.19941,
  "rollL20": 1.19765,
  "up2": false,
  "dn2": false,
  "source": "twelvedata_repo"
}