{
  "datetime": "2026-06-20 18:00:00",
  "open": 1.14745,
  "high": 1.14747,
  "low": 1.14745,
  "close": 1.14747,
  "rollH20": 1.14811,
  "rollL20": 1.14714,
  "up2": false,
  "dn2": false,
  "source": "twelvedata_repo"
}