{
  "datetime": "2025-09-10 23:55:00",
  "open": 1.17012,
  "high": 1.17028,
  "low": 1.17012,
  "close": 1.17028,
  "rollH20": 1.17029,
  "rollL20": 1.16948,
  "up2": false,
  "dn2": false,
  "source": "twelvedata_repo"
}