{
  "datetime": "2026-06-01 20:00:00",
  "open": 1.16322,
  "high": 1.16332,
  "low": 1.16305,
  "close": 1.16329,
  "rollH20": 1.16374,
  "rollL20": 1.16222,
  "up2": false,
  "dn2": false,
  "source": "twelvedata_repo"
}