{
  "datetime": "2026-01-10 19:30:00",
  "open": 1.16348,
  "high": 1.16352,
  "low": 1.16347,
  "close": 1.16347,
  "rollH20": 1.1636,
  "rollL20": 1.16343,
  "up2": false,
  "dn2": false,
  "source": "twelvedata_repo"
}