{
  "datetime": "2026-05-07 00:25:00",
  "open": 1.17496,
  "high": 1.175,
  "low": 1.17492,
  "close": 1.17494,
  "rollH20": 1.17525,
  "rollL20": 1.1749,
  "up2": false,
  "dn2": false,
  "source": "twelvedata_repo"
}