{
  "datetime": "2026-01-08 19:10:00",
  "open": 1.1648,
  "high": 1.16496,
  "low": 1.1648,
  "close": 1.16492,
  "rollH20": 1.16583,
  "rollL20": 1.16446,
  "up2": false,
  "dn2": false,
  "source": "twelvedata_repo"
}