{
  "datetime": "2026-02-11 18:00:00",
  "open": 1.18827,
  "high": 1.18838,
  "low": 1.18771,
  "close": 1.18794,
  "rollH20": 1.18838,
  "rollL20": 1.18533,
  "up2": false,
  "dn2": false,
  "source": "twelvedata_repo"
}