{
  "datetime": "2026-04-28 00:30:00",
  "open": 1.1722,
  "high": 1.17223,
  "low": 1.1722,
  "close": 1.17222,
  "rollH20": 1.17239,
  "rollL20": 1.17207,
  "up2": false,
  "dn2": false,
  "source": "twelvedata_repo"
}