{
  "datetime": "2026-05-02 09:35:00",
  "open": 1.172,
  "high": 1.17204,
  "low": 1.17198,
  "close": 1.17201,
  "rollH20": 1.17253,
  "rollL20": 1.17191,
  "up2": false,
  "dn2": false,
  "source": "twelvedata_repo"
}