{
  "datetime": "2025-11-03 12:35:00",
  "open": 1.15156,
  "high": 1.15159,
  "low": 1.15151,
  "close": 1.15158,
  "rollH20": 1.15199,
  "rollL20": 1.15078,
  "up2": false,
  "dn2": false,
  "source": "twelvedata_repo"
}