{
  "datetime": "2026-03-26 16:10:00",
  "open": 1.15463,
  "high": 1.15483,
  "low": 1.15463,
  "close": 1.15479,
  "rollH20": 1.1555,
  "rollL20": 1.15365,
  "up2": false,
  "dn2": false,
  "source": "twelvedata_repo"
}