{
  "datetime": "2026-06-25 20:15:00",
  "open": 1.13717,
  "high": 1.13763,
  "low": 1.13716,
  "close": 1.13743,
  "rollH20": 1.13802,
  "rollL20": 1.13706,
  "up2": false,
  "dn2": false,
  "source": "twelvedata_repo"
}