{
  "datetime": "2025-12-30 00:15:00",
  "open": 1.17744,
  "high": 1.17749,
  "low": 1.17742,
  "close": 1.17743,
  "rollH20": 1.17752,
  "rollL20": 1.17676,
  "up2": false,
  "dn2": false,
  "source": "twelvedata_repo"
}