{
  "datetime": "2026-03-09 10:05:00",
  "open": 1.15584,
  "high": 1.15592,
  "low": 1.15566,
  "close": 1.15568,
  "rollH20": 1.15702,
  "rollL20": 1.15166,
  "up2": false,
  "dn2": false,
  "source": "twelvedata_repo"
}