{
  "datetime": "2026-07-09 19:20:00",
  "open": 1.14352,
  "high": 1.14352,
  "low": 1.14339,
  "close": 1.14341,
  "rollH20": 1.14412,
  "rollL20": 1.14342,
  "up2": false,
  "dn2": false,
  "source": "twelvedata_repo"
}