{
  "datetime": "2026-02-09 18:50:00",
  "open": 1.19082,
  "high": 1.19091,
  "low": 1.19081,
  "close": 1.19087,
  "rollH20": 1.19109,
  "rollL20": 1.18933,
  "up2": false,
  "dn2": false,
  "source": "twelvedata_repo"
}