{
  "datetime": "2026-01-10 19:00:00",
  "open": 1.16355,
  "high": 1.1636,
  "low": 1.16354,
  "close": 1.16354,
  "rollH20": 1.1636,
  "rollL20": 1.1634,
  "up2": false,
  "dn2": false,
  "source": "twelvedata_repo"
}