{
  "datetime": "2026-05-09 12:55:00",
  "open": 1.17878,
  "high": 1.17882,
  "low": 1.17877,
  "close": 1.17877,
  "rollH20": 1.17922,
  "rollL20": 1.17834,
  "up2": false,
  "dn2": false,
  "source": "twelvedata_repo"
}