{
  "datetime": "2026-03-07 17:55:00",
  "open": 1.16191,
  "high": 1.16194,
  "low": 1.1619,
  "close": 1.16193,
  "rollH20": 1.16198,
  "rollL20": 1.16181,
  "up2": false,
  "dn2": false,
  "source": "twelvedata_repo"
}