{
  "datetime": "2025-10-27 00:20:00",
  "open": 1.16303,
  "high": 1.16303,
  "low": 1.16298,
  "close": 1.16299,
  "rollH20": 1.16356,
  "rollL20": 1.16246,
  "up2": false,
  "dn2": false,
  "source": "twelvedata_repo"
}