{
  "datetime": "2025-09-12 16:45:00",
  "open": 1.17199,
  "high": 1.17213,
  "low": 1.1718,
  "close": 1.1718,
  "rollH20": 1.17279,
  "rollL20": 1.1713,
  "up2": false,
  "dn2": false,
  "source": "twelvedata_repo"
}