{
  "datetime": "2026-05-08 22:25:00",
  "open": 1.17889,
  "high": 1.17909,
  "low": 1.17854,
  "close": 1.17907,
  "rollH20": 1.1793,
  "rollL20": 1.17762,
  "up2": false,
  "dn2": false,
  "source": "twelvedata_repo"
}