{
  "datetime": "2026-03-18 21:15:00",
  "open": 1.14577,
  "high": 1.14603,
  "low": 1.14573,
  "close": 1.14597,
  "rollH20": 1.14809,
  "rollL20": 1.14499,
  "up2": false,
  "dn2": false,
  "source": "twelvedata_repo"
}