{
  "datetime": "2026-04-11 16:50:00",
  "open": 1.1725,
  "high": 1.17258,
  "low": 1.17249,
  "close": 1.17256,
  "rollH20": 1.1726,
  "rollL20": 1.17246,
  "up2": false,
  "dn2": false,
  "source": "twelvedata_repo"
}