{
  "datetime": "2025-09-19 12:45:00",
  "open": 1.17483,
  "high": 1.17486,
  "low": 1.17437,
  "close": 1.1746,
  "rollH20": 1.1765,
  "rollL20": 1.17477,
  "up2": false,
  "dn2": false,
  "source": "twelvedata_repo"
}