{
  "datetime": "2025-09-10 11:40:00",
  "open": 1.16996,
  "high": 1.17011,
  "low": 1.16988,
  "close": 1.17003,
  "rollH20": 1.1717,
  "rollL20": 1.16963,
  "up2": false,
  "dn2": false,
  "source": "twelvedata_repo"
}