{
  "datetime": "2026-02-27 08:40:00",
  "open": 1.18136,
  "high": 1.1814,
  "low": 1.18122,
  "close": 1.18132,
  "rollH20": 1.18221,
  "rollL20": 1.17977,
  "up2": false,
  "dn2": false,
  "source": "twelvedata_repo"
}