{
  "datetime": "2026-03-03 07:10:00",
  "open": 1.16601,
  "high": 1.16604,
  "low": 1.166,
  "close": 1.16604,
  "rollH20": 1.16814,
  "rollL20": 1.16576,
  "up2": false,
  "dn2": false,
  "source": "twelvedata_repo"
}