{
  "datetime": "2026-01-18 02:55:00",
  "open": 1.16055,
  "high": 1.16059,
  "low": 1.16055,
  "close": 1.16059,
  "rollH20": 1.1606,
  "rollL20": 1.16049,
  "up2": false,
  "dn2": false,
  "source": "twelvedata_repo"
}