{
  "datetime": "2026-03-21 14:40:00",
  "open": 1.1592,
  "high": 1.15924,
  "low": 1.15918,
  "close": 1.15922,
  "rollH20": 1.15931,
  "rollL20": 1.15913,
  "up2": false,
  "dn2": false,
  "source": "twelvedata_repo"
}