{
  "datetime": "2025-11-17 07:35:00",
  "open": 1.16016,
  "high": 1.16021,
  "low": 1.16016,
  "close": 1.16021,
  "rollH20": 1.16053,
  "rollL20": 1.15954,
  "up2": false,
  "dn2": false,
  "source": "twelvedata_repo"
}