{
  "datetime": "2026-05-04 22:05:00",
  "open": 1.16925,
  "high": 1.16951,
  "low": 1.1691,
  "close": 1.1691,
  "rollH20": 1.17015,
  "rollL20": 1.16874,
  "up2": false,
  "dn2": false,
  "source": "twelvedata_repo"
}