{
  "datetime": "2026-03-01 19:45:00",
  "open": 1.17567,
  "high": 1.17581,
  "low": 1.17555,
  "close": 1.17564,
  "rollH20": 1.1805,
  "rollL20": 1.17545,
  "up2": false,
  "dn2": false,
  "source": "twelvedata_repo"
}