{
  "datetime": "2025-11-13 21:25:00",
  "open": 1.16372,
  "high": 1.1638,
  "low": 1.16369,
  "close": 1.16372,
  "rollH20": 1.16431,
  "rollL20": 1.16331,
  "up2": false,
  "dn2": false,
  "source": "twelvedata_repo"
}