{
  "datetime": "2025-11-17 15:50:00",
  "open": 1.15857,
  "high": 1.15881,
  "low": 1.15856,
  "close": 1.15881,
  "rollH20": 1.15972,
  "rollL20": 1.15836,
  "up2": false,
  "dn2": false,
  "source": "twelvedata_repo"
}