{
  "datetime": "2025-09-19 18:40:00",
  "open": 1.17516,
  "high": 1.17516,
  "low": 1.17512,
  "close": 1.17516,
  "rollH20": 1.17551,
  "rollL20": 1.17411,
  "up2": false,
  "dn2": false,
  "source": "twelvedata_repo"
}