{
  "datetime": "2025-11-11 21:35:00",
  "open": 1.15874,
  "high": 1.15874,
  "low": 1.15871,
  "close": 1.15873,
  "rollH20": 1.15949,
  "rollL20": 1.1584,
  "up2": false,
  "dn2": false,
  "source": "twelvedata_repo"
}