{
  "datetime": "2025-09-25 11:55:00",
  "open": 1.17505,
  "high": 1.17507,
  "low": 1.17492,
  "close": 1.17495,
  "rollH20": 1.17539,
  "rollL20": 1.1739,
  "up2": false,
  "dn2": false,
  "source": "twelvedata_repo"
}