{
  "datetime": "2026-02-12 08:30:00",
  "open": 1.18718,
  "high": 1.18738,
  "low": 1.18718,
  "close": 1.18736,
  "rollH20": 1.18732,
  "rollL20": 1.18535,
  "up2": false,
  "dn2": false,
  "source": "twelvedata_repo"
}