{
  "datetime": "2026-01-21 08:10:00",
  "open": 1.17173,
  "high": 1.17178,
  "low": 1.17141,
  "close": 1.17148,
  "rollH20": 1.17249,
  "rollL20": 1.17156,
  "up2": false,
  "dn2": false,
  "source": "twelvedata_repo"
}