{
  "datetime": "2026-05-28 05:30:00",
  "open": 1.15889,
  "high": 1.15901,
  "low": 1.15879,
  "close": 1.15898,
  "rollH20": 1.1614,
  "rollL20": 1.15865,
  "up2": false,
  "dn2": false,
  "source": "twelvedata_repo"
}