{
  "datetime": "2026-01-08 11:55:00",
  "open": 1.16789,
  "high": 1.16815,
  "low": 1.16773,
  "close": 1.16798,
  "rollH20": 1.16811,
  "rollL20": 1.16702,
  "up2": false,
  "dn2": false,
  "source": "twelvedata_repo"
}