{
  "datetime": "2025-12-23 10:55:00",
  "open": 1.17898,
  "high": 1.17907,
  "low": 1.17898,
  "close": 1.17907,
  "rollH20": 1.1791,
  "rollL20": 1.17787,
  "up2": false,
  "dn2": false,
  "source": "twelvedata_repo"
}