{
  "datetime": "2026-03-21 22:45:00",
  "open": 1.159,
  "high": 1.15905,
  "low": 1.15899,
  "close": 1.15903,
  "rollH20": 1.15935,
  "rollL20": 1.15836,
  "up2": false,
  "dn2": false,
  "source": "twelvedata_repo"
}