{
  "datetime": "2026-04-15 05:50:00",
  "open": 1.1789,
  "high": 1.17894,
  "low": 1.1789,
  "close": 1.17891,
  "rollH20": 1.17904,
  "rollL20": 1.17823,
  "up2": false,
  "dn2": false,
  "source": "twelvedata_repo"
}