{
  "datetime": "2026-01-14 19:25:00",
  "open": 1.1645,
  "high": 1.16456,
  "low": 1.16448,
  "close": 1.16451,
  "rollH20": 1.16569,
  "rollL20": 1.16431,
  "up2": false,
  "dn2": false,
  "source": "twelvedata_repo"
}