{
  "datetime": "2025-12-26 15:50:00",
  "open": 1.1783,
  "high": 1.17838,
  "low": 1.1783,
  "close": 1.17838,
  "rollH20": 1.17965,
  "rollL20": 1.17831,
  "up2": false,
  "dn2": false,
  "source": "twelvedata_repo"
}