{
  "datetime": "2026-01-18 19:15:00",
  "open": 1.15815,
  "high": 1.15877,
  "low": 1.15805,
  "close": 1.15823,
  "rollH20": 1.16043,
  "rollL20": 1.15654,
  "up2": false,
  "dn2": false,
  "source": "twelvedata_repo"
}