{
  "datetime": "2026-04-05 22:30:00",
  "open": 1.15234,
  "high": 1.15235,
  "low": 1.15231,
  "close": 1.15231,
  "rollH20": 1.15251,
  "rollL20": 1.15138,
  "up2": false,
  "dn2": false,
  "source": "twelvedata_repo"
}