{
  "datetime": "2026-01-14 06:25:00",
  "open": 1.16428,
  "high": 1.16432,
  "low": 1.16427,
  "close": 1.16432,
  "rollH20": 1.16494,
  "rollL20": 1.16426,
  "up2": false,
  "dn2": false,
  "source": "twelvedata_repo"
}