{
  "datetime": "2026-04-26 23:05:00",
  "open": 1.17073,
  "high": 1.17074,
  "low": 1.17063,
  "close": 1.17063,
  "rollH20": 1.17106,
  "rollL20": 1.16867,
  "up2": false,
  "dn2": false,
  "source": "twelvedata_repo"
}