{
  "datetime": "2025-12-19 12:30:00",
  "open": 1.1712,
  "high": 1.17129,
  "low": 1.17119,
  "close": 1.17129,
  "rollH20": 1.17178,
  "rollL20": 1.17087,
  "up2": false,
  "dn2": false,
  "source": "twelvedata_repo"
}