{
  "datetime": "2026-07-10 18:15:00",
  "open": 1.14277,
  "high": 1.14278,
  "low": 1.14271,
  "close": 1.14277,
  "rollH20": 1.14417,
  "rollL20": 1.14264,
  "up2": false,
  "dn2": false,
  "source": "twelvedata_repo"
}