{
  "datetime": "2026-01-19 03:50:00",
  "open": 1.16183,
  "high": 1.16188,
  "low": 1.1617,
  "close": 1.16185,
  "rollH20": 1.16304,
  "rollL20": 1.16145,
  "up2": false,
  "dn2": false,
  "source": "twelvedata_repo"
}