{
  "datetime": "2025-09-15 04:50:00",
  "open": 1.17323,
  "high": 1.17343,
  "low": 1.17321,
  "close": 1.17338,
  "rollH20": 1.17323,
  "rollL20": 1.17247,
  "up2": false,
  "dn2": false,
  "source": "twelvedata_repo"
}