{
  "datetime": "2025-09-01 15:45:00",
  "open": 1.17101,
  "high": 1.17113,
  "low": 1.17069,
  "close": 1.17079,
  "rollH20": 1.17166,
  "rollL20": 1.17052,
  "up2": false,
  "dn2": false,
  "source": "twelvedata_repo"
}