{
  "datetime": "2025-11-14 05:10:00",
  "open": 1.16419,
  "high": 1.16425,
  "low": 1.16419,
  "close": 1.16425,
  "rollH20": 1.16446,
  "rollL20": 1.16322,
  "up2": false,
  "dn2": false,
  "source": "twelvedata_repo"
}