{
  "datetime": "2026-01-11 22:55:00",
  "open": 1.16325,
  "high": 1.16341,
  "low": 1.16324,
  "close": 1.1634,
  "rollH20": 1.1642,
  "rollL20": 1.16316,
  "up2": false,
  "dn2": false,
  "source": "twelvedata_repo"
}