{
  "datetime": "2026-01-02 03:30:00",
  "open": 1.17612,
  "high": 1.17617,
  "low": 1.17602,
  "close": 1.17604,
  "rollH20": 1.17641,
  "rollL20": 1.17535,
  "up2": false,
  "dn2": false,
  "source": "twelvedata_repo"
}