{
  "datetime": "2026-01-06 20:55:00",
  "open": 1.16862,
  "high": 1.16898,
  "low": 1.16858,
  "close": 1.16895,
  "rollH20": 1.17007,
  "rollL20": 1.16842,
  "up2": false,
  "dn2": false,
  "source": "twelvedata_repo"
}