{
  "datetime": "2025-11-21 10:50:00",
  "open": 1.15335,
  "high": 1.15335,
  "low": 1.15297,
  "close": 1.15312,
  "rollH20": 1.1552,
  "rollL20": 1.15316,
  "up2": false,
  "dn2": false,
  "source": "twelvedata_repo"
}