{
  "datetime": "2026-01-18 17:25:00",
  "open": 1.15846,
  "high": 1.15851,
  "low": 1.15845,
  "close": 1.15848,
  "rollH20": 1.15964,
  "rollL20": 1.15813,
  "up2": false,
  "dn2": false,
  "source": "twelvedata_repo"
}