{
  "datetime": "2025-11-28 11:10:00",
  "open": 1.15676,
  "high": 1.15678,
  "low": 1.15667,
  "close": 1.15677,
  "rollH20": 1.15794,
  "rollL20": 1.15667,
  "up2": false,
  "dn2": false,
  "source": "twelvedata_repo"
}