{
  "datetime": "2026-03-24 00:30:00",
  "open": 1.16126,
  "high": 1.16128,
  "low": 1.16112,
  "close": 1.16113,
  "rollH20": 1.16177,
  "rollL20": 1.16101,
  "up2": false,
  "dn2": false,
  "source": "twelvedata_repo"
}