{
  "datetime": "2026-06-21 18:10:00",
  "open": 1.14735,
  "high": 1.14738,
  "low": 1.14735,
  "close": 1.14738,
  "rollH20": 1.14762,
  "rollL20": 1.14697,
  "up2": false,
  "dn2": false,
  "source": "twelvedata_repo"
}