{
  "datetime": "2025-11-28 06:35:00",
  "open": 1.1588,
  "high": 1.15881,
  "low": 1.15862,
  "close": 1.15864,
  "rollH20": 1.15919,
  "rollL20": 1.1584,
  "up2": false,
  "dn2": false,
  "source": "twelvedata_repo"
}