{
  "datetime": "2026-06-05 00:05:00",
  "open": 1.16128,
  "high": 1.16137,
  "low": 1.16124,
  "close": 1.16126,
  "rollH20": 1.16164,
  "rollL20": 1.1611,
  "up2": false,
  "dn2": false,
  "source": "twelvedata_repo"
}