{
  "datetime": "2025-12-11 18:50:00",
  "open": 1.17571,
  "high": 1.17574,
  "low": 1.17549,
  "close": 1.17562,
  "rollH20": 1.17625,
  "rollL20": 1.17463,
  "up2": false,
  "dn2": false,
  "source": "twelvedata_repo"
}