{
  "datetime": "2026-07-21 18:30:00",
  "open": 1.14098,
  "high": 1.14107,
  "low": 1.14098,
  "close": 1.14104,
  "rollH20": 1.14112,
  "rollL20": 1.14041,
  "up2": false,
  "dn2": false,
  "source": "twelvedata_repo"
}