{
  "datetime": "2026-02-28 06:30:00",
  "open": 1.18058,
  "high": 1.18061,
  "low": 1.18057,
  "close": 1.18057,
  "rollH20": 1.18108,
  "rollL20": 1.18052,
  "up2": false,
  "dn2": false,
  "source": "twelvedata_repo"
}