{
  "datetime": "2026-02-13 19:20:00",
  "open": 1.18747,
  "high": 1.1875,
  "low": 1.1874,
  "close": 1.18747,
  "rollH20": 1.18838,
  "rollL20": 1.18674,
  "up2": false,
  "dn2": false,
  "source": "twelvedata_repo"
}