{
  "datetime": "2026-02-13 23:10:00",
  "open": 1.18729,
  "high": 1.18732,
  "low": 1.1872,
  "close": 1.18729,
  "rollH20": 1.18772,
  "rollL20": 1.18649,
  "up2": false,
  "dn2": false,
  "source": "twelvedata_repo"
}