{
  "datetime": "2026-01-08 15:15:00",
  "open": 1.16616,
  "high": 1.16617,
  "low": 1.16604,
  "close": 1.16608,
  "rollH20": 1.16777,
  "rollL20": 1.16595,
  "up2": false,
  "dn2": false,
  "source": "twelvedata_repo"
}