{
  "datetime": "2026-03-15 19:00:00",
  "open": 1.14255,
  "high": 1.1426,
  "low": 1.14177,
  "close": 1.14177,
  "rollH20": 1.14261,
  "rollL20": 1.13515,
  "up2": false,
  "dn2": false,
  "source": "twelvedata_repo"
}