{
  "datetime": "2025-12-02 17:30:00",
  "open": 1.16066,
  "high": 1.16089,
  "low": 1.16062,
  "close": 1.16082,
  "rollH20": 1.16187,
  "rollL20": 1.15956,
  "up2": false,
  "dn2": false,
  "source": "twelvedata_repo"
}