{
  "datetime": "2025-12-08 08:40:00",
  "open": 1.16631,
  "high": 1.16634,
  "low": 1.16628,
  "close": 1.16631,
  "rollH20": 1.16731,
  "rollL20": 1.16563,
  "up2": false,
  "dn2": false,
  "source": "twelvedata_repo"
}