{
  "datetime": "2026-04-08 00:35:00",
  "open": 1.16761,
  "high": 1.16764,
  "low": 1.16749,
  "close": 1.1675,
  "rollH20": 1.16854,
  "rollL20": 1.15973,
  "up2": false,
  "dn2": false,
  "source": "twelvedata_repo"
}