{
  "datetime": "2025-11-03 18:30:00",
  "open": 1.15363,
  "high": 1.15369,
  "low": 1.15363,
  "close": 1.15365,
  "rollH20": 1.15376,
  "rollL20": 1.1506,
  "up2": false,
  "dn2": false,
  "source": "twelvedata_repo"
}