{
  "datetime": "2025-11-18 08:55:00",
  "open": 1.15972,
  "high": 1.15975,
  "low": 1.15928,
  "close": 1.15928,
  "rollH20": 1.16009,
  "rollL20": 1.15938,
  "up2": false,
  "dn2": false,
  "source": "twelvedata_repo"
}