{
  "datetime": "2026-02-19 06:10:00",
  "open": 1.17915,
  "high": 1.17922,
  "low": 1.17915,
  "close": 1.17922,
  "rollH20": 1.17931,
  "rollL20": 1.17853,
  "up2": false,
  "dn2": false,
  "source": "twelvedata_repo"
}