{
  "datetime": "2026-05-06 10:10:00",
  "open": 1.17625,
  "high": 1.17625,
  "low": 1.17617,
  "close": 1.17617,
  "rollH20": 1.1773,
  "rollL20": 1.17251,
  "up2": false,
  "dn2": false,
  "source": "twelvedata_repo"
}