{
  "datetime": "2026-02-12 13:00:00",
  "open": 1.18839,
  "high": 1.18858,
  "low": 1.18839,
  "close": 1.18858,
  "rollH20": 1.18845,
  "rollL20": 1.1875,
  "up2": false,
  "dn2": false,
  "source": "twelvedata_repo"
}