{
  "datetime": "2026-06-05 05:55:00",
  "open": 1.16159,
  "high": 1.16172,
  "low": 1.16158,
  "close": 1.16161,
  "rollH20": 1.1617,
  "rollL20": 1.16139,
  "up2": false,
  "dn2": false,
  "source": "twelvedata_repo"
}