{
  "datetime": "2025-11-04 21:20:00",
  "open": 1.14796,
  "high": 1.14796,
  "low": 1.14792,
  "close": 1.14793,
  "rollH20": 1.14874,
  "rollL20": 1.14753,
  "up2": false,
  "dn2": false,
  "source": "twelvedata_repo"
}