{
  "datetime": "2025-11-03 10:10:00",
  "open": 1.15162,
  "high": 1.15169,
  "low": 1.15151,
  "close": 1.15151,
  "rollH20": 1.15409,
  "rollL20": 1.15098,
  "up2": false,
  "dn2": false,
  "source": "twelvedata_repo"
}