{
  "datetime": "2026-05-23 21:45:00",
  "open": 1.16023,
  "high": 1.16026,
  "low": 1.16022,
  "close": 1.16025,
  "rollH20": 1.16081,
  "rollL20": 1.16021,
  "up2": false,
  "dn2": false,
  "source": "twelvedata_repo"
}