{
  "datetime": "2026-04-15 16:20:00",
  "open": 1.18036,
  "high": 1.18056,
  "low": 1.18036,
  "close": 1.18054,
  "rollH20": 1.18044,
  "rollL20": 1.17848,
  "up2": false,
  "dn2": false,
  "source": "twelvedata_repo"
}