{
  "datetime": "2025-09-29 16:10:00",
  "open": 1.17265,
  "high": 1.17281,
  "low": 1.17253,
  "close": 1.17253,
  "rollH20": 1.17544,
  "rollL20": 1.1726,
  "up2": false,
  "dn2": false,
  "source": "twelvedata_repo"
}