{
  "datetime": "2026-01-28 11:25:00",
  "open": 1.19819,
  "high": 1.1982,
  "low": 1.19759,
  "close": 1.19759,
  "rollH20": 1.19923,
  "rollL20": 1.19716,
  "up2": false,
  "dn2": false,
  "source": "twelvedata_repo"
}