{
  "datetime": "2026-06-13 18:25:00",
  "open": 1.15671,
  "high": 1.15675,
  "low": 1.15671,
  "close": 1.15671,
  "rollH20": 1.15788,
  "rollL20": 1.15648,
  "up2": false,
  "dn2": false,
  "source": "twelvedata_repo"
}