{
  "datetime": "2025-11-24 17:55:00",
  "open": 1.15237,
  "high": 1.15239,
  "low": 1.15213,
  "close": 1.15213,
  "rollH20": 1.15308,
  "rollL20": 1.15186,
  "up2": false,
  "dn2": false,
  "source": "twelvedata_repo"
}