{
  "datetime": "2026-02-26 14:55:00",
  "open": 1.1813,
  "high": 1.1815,
  "low": 1.18129,
  "close": 1.18141,
  "rollH20": 1.18171,
  "rollL20": 1.18028,
  "up2": false,
  "dn2": false,
  "source": "twelvedata_repo"
}