{
  "datetime": "2026-01-26 08:45:00",
  "open": 1.18478,
  "high": 1.18491,
  "low": 1.18443,
  "close": 1.18463,
  "rollH20": 1.18647,
  "rollL20": 1.18476,
  "up2": false,
  "dn2": false,
  "source": "twelvedata_repo"
}