{
  "datetime": "2025-11-07 12:45:00",
  "open": 1.15557,
  "high": 1.1558,
  "low": 1.15556,
  "close": 1.15579,
  "rollH20": 1.15603,
  "rollL20": 1.15418,
  "up2": false,
  "dn2": false,
  "source": "twelvedata_repo"
}