{
  "datetime": "2025-09-19 06:55:00",
  "open": 1.17713,
  "high": 1.17733,
  "low": 1.17712,
  "close": 1.17727,
  "rollH20": 1.17876,
  "rollL20": 1.17705,
  "up2": false,
  "dn2": false,
  "source": "twelvedata_repo"
}