{
  "datetime": "2025-10-07 12:20:00",
  "open": 1.1666,
  "high": 1.1666,
  "low": 1.16605,
  "close": 1.16621,
  "rollH20": 1.16758,
  "rollL20": 1.16605,
  "up2": false,
  "dn2": false,
  "source": "twelvedata_repo"
}