{
  "datetime": "2026-04-15 01:55:00",
  "open": 1.17909,
  "high": 1.17948,
  "low": 1.17909,
  "close": 1.17947,
  "rollH20": 1.18018,
  "rollL20": 1.17899,
  "up2": false,
  "dn2": false,
  "source": "twelvedata_repo"
}