{
  "datetime": "2026-01-29 18:50:00",
  "open": 1.19589,
  "high": 1.19593,
  "low": 1.19523,
  "close": 1.19549,
  "rollH20": 1.19607,
  "rollL20": 1.19291,
  "up2": false,
  "dn2": false,
  "source": "twelvedata_repo"
}