{
  "datetime": "2026-04-06 15:00:00",
  "open": 1.15612,
  "high": 1.15635,
  "low": 1.15608,
  "close": 1.15611,
  "rollH20": 1.1561,
  "rollL20": 1.15429,
  "up2": false,
  "dn2": false,
  "source": "twelvedata_repo"
}