{
  "datetime": "2026-07-15 21:50:00",
  "open": 1.14629,
  "high": 1.14644,
  "low": 1.14629,
  "close": 1.14641,
  "rollH20": 1.14746,
  "rollL20": 1.14612,
  "up2": false,
  "dn2": false,
  "source": "twelvedata_repo"
}