{
  "datetime": "2026-06-26 15:40:00",
  "open": 1.14163,
  "high": 1.14163,
  "low": 1.14155,
  "close": 1.14157,
  "rollH20": 1.14331,
  "rollL20": 1.14125,
  "up2": false,
  "dn2": false,
  "source": "twelvedata_repo"
}