{
  "datetime": "2026-03-19 17:25:00",
  "open": 1.15409,
  "high": 1.15411,
  "low": 1.15397,
  "close": 1.15397,
  "rollH20": 1.15476,
  "rollL20": 1.15016,
  "up2": false,
  "dn2": false,
  "source": "twelvedata_repo"
}