{
  "datetime": "2026-05-06 00:45:00",
  "open": 1.17179,
  "high": 1.17184,
  "low": 1.17167,
  "close": 1.17169,
  "rollH20": 1.17251,
  "rollL20": 1.1692,
  "up2": false,
  "dn2": false,
  "source": "twelvedata_repo"
}