{
  "datetime": "2026-01-02 05:25:00",
  "open": 1.176,
  "high": 1.17602,
  "low": 1.17588,
  "close": 1.17588,
  "rollH20": 1.17653,
  "rollL20": 1.17587,
  "up2": false,
  "dn2": false,
  "source": "twelvedata_repo"
}