{
  "datetime": "2026-01-18 23:40:00",
  "open": 1.1584,
  "high": 1.15855,
  "low": 1.1584,
  "close": 1.15855,
  "rollH20": 1.15917,
  "rollL20": 1.15789,
  "up2": false,
  "dn2": false,
  "source": "twelvedata_repo"
}