{
  "datetime": "2026-07-21 20:00:00",
  "open": 1.14022,
  "high": 1.14038,
  "low": 1.14022,
  "close": 1.14035,
  "rollH20": 1.14107,
  "rollL20": 1.1399,
  "up2": false,
  "dn2": false,
  "source": "twelvedata_repo"
}