{
  "datetime": "2026-06-03 04:45:00",
  "open": 1.16293,
  "high": 1.16297,
  "low": 1.16283,
  "close": 1.16296,
  "rollH20": 1.16321,
  "rollL20": 1.16255,
  "up2": false,
  "dn2": false,
  "source": "twelvedata_repo"
}