{
  "datetime": "2026-03-06 23:35:00",
  "open": 1.16218,
  "high": 1.16225,
  "low": 1.16212,
  "close": 1.16224,
  "rollH20": 1.1624,
  "rollL20": 1.1613,
  "up2": false,
  "dn2": false,
  "source": "twelvedata_repo"
}