{
  "datetime": "2025-10-15 10:10:00",
  "open": 1.16302,
  "high": 1.16302,
  "low": 1.16296,
  "close": 1.16299,
  "rollH20": 1.16453,
  "rollL20": 1.16281,
  "up2": false,
  "dn2": false,
  "source": "twelvedata_repo"
}