{
  "datetime": "2026-04-25 00:55:00",
  "open": 1.17219,
  "high": 1.17225,
  "low": 1.17219,
  "close": 1.17223,
  "rollH20": 1.17233,
  "rollL20": 1.17198,
  "up2": false,
  "dn2": false,
  "source": "twelvedata_repo"
}