{
  "datetime": "2026-01-15 10:25:00",
  "open": 1.16331,
  "high": 1.16353,
  "low": 1.16329,
  "close": 1.16343,
  "rollH20": 1.16355,
  "rollL20": 1.16266,
  "up2": false,
  "dn2": false,
  "source": "twelvedata_repo"
}