{
  "datetime": "2026-03-20 04:40:00",
  "open": 1.15585,
  "high": 1.15603,
  "low": 1.15585,
  "close": 1.15588,
  "rollH20": 1.15652,
  "rollL20": 1.15564,
  "up2": false,
  "dn2": false,
  "source": "twelvedata_repo"
}