{
  "datetime": "2026-04-08 19:40:00",
  "open": 1.16636,
  "high": 1.16637,
  "low": 1.16587,
  "close": 1.16588,
  "rollH20": 1.16852,
  "rollL20": 1.16636,
  "up2": false,
  "dn2": false,
  "source": "twelvedata_repo"
}