{
  "datetime": "2025-09-22 16:30:00",
  "open": 1.17724,
  "high": 1.17753,
  "low": 1.17716,
  "close": 1.1774,
  "rollH20": 1.17775,
  "rollL20": 1.17628,
  "up2": false,
  "dn2": false,
  "source": "twelvedata_repo"
}