{
  "datetime": "2026-03-14 11:30:00",
  "open": 1.14171,
  "high": 1.14172,
  "low": 1.14164,
  "close": 1.14167,
  "rollH20": 1.14377,
  "rollL20": 1.14121,
  "up2": false,
  "dn2": false,
  "source": "twelvedata_repo"
}