{
  "datetime": "2026-05-04 06:30:00",
  "open": 1.17269,
  "high": 1.17288,
  "low": 1.1726,
  "close": 1.17264,
  "rollH20": 1.17382,
  "rollL20": 1.17256,
  "up2": false,
  "dn2": false,
  "source": "twelvedata_repo"
}