{
  "datetime": "2026-01-06 19:10:00",
  "open": 1.16979,
  "high": 1.16983,
  "low": 1.16979,
  "close": 1.16981,
  "rollH20": 1.17023,
  "rollL20": 1.16868,
  "up2": false,
  "dn2": false,
  "source": "twelvedata_repo"
}