{
  "datetime": "2025-09-25 06:40:00",
  "open": 1.17437,
  "high": 1.17439,
  "low": 1.17417,
  "close": 1.17436,
  "rollH20": 1.17534,
  "rollL20": 1.17417,
  "up2": false,
  "dn2": false,
  "source": "twelvedata_repo"
}