{
  "datetime": "2025-10-15 16:55:00",
  "open": 1.16331,
  "high": 1.16337,
  "low": 1.16319,
  "close": 1.16336,
  "rollH20": 1.16468,
  "rollL20": 1.16185,
  "up2": false,
  "dn2": false,
  "source": "twelvedata_repo"
}