{
  "datetime": "2026-06-27 06:55:00",
  "open": 1.13869,
  "high": 1.13871,
  "low": 1.13861,
  "close": 1.13863,
  "rollH20": 1.13943,
  "rollL20": 1.13808,
  "up2": false,
  "dn2": false,
  "source": "twelvedata_repo"
}