{
  "datetime": "2026-07-03 23:40:00",
  "open": 1.1439,
  "high": 1.1444,
  "low": 1.14385,
  "close": 1.14411,
  "rollH20": 1.14448,
  "rollL20": 1.14348,
  "up2": false,
  "dn2": false,
  "source": "twelvedata_repo"
}