{
  "datetime": "2026-03-09 21:15:00",
  "open": 1.16355,
  "high": 1.16355,
  "low": 1.16353,
  "close": 1.16354,
  "rollH20": 1.16376,
  "rollL20": 1.16098,
  "up2": false,
  "dn2": false,
  "source": "twelvedata_repo"
}