{
  "datetime": "2025-09-30 22:35:00",
  "open": 1.17341,
  "high": 1.17346,
  "low": 1.17338,
  "close": 1.17346,
  "rollH20": 1.17409,
  "rollL20": 1.1733,
  "up2": false,
  "dn2": false,
  "source": "twelvedata_repo"
}