{
  "datetime": "2026-05-31 19:45:00",
  "open": 1.16604,
  "high": 1.16613,
  "low": 1.16603,
  "close": 1.16603,
  "rollH20": 1.16619,
  "rollL20": 1.16587,
  "up2": false,
  "dn2": false,
  "source": "twelvedata_repo"
}