{
  "datetime": "2026-03-05 21:55:00",
  "open": 1.16076,
  "high": 1.1609,
  "low": 1.16075,
  "close": 1.16087,
  "rollH20": 1.16102,
  "rollL20": 1.15971,
  "up2": false,
  "dn2": false,
  "source": "twelvedata_repo"
}