{
  "datetime": "2025-10-03 12:20:00",
  "open": 1.17342,
  "high": 1.17343,
  "low": 1.17323,
  "close": 1.17327,
  "rollH20": 1.17395,
  "rollL20": 1.17311,
  "up2": false,
  "dn2": false,
  "source": "twelvedata_repo"
}