{
  "datetime": "2026-07-18 21:40:00",
  "open": 1.14381,
  "high": 1.14384,
  "low": 1.14381,
  "close": 1.14381,
  "rollH20": 1.14416,
  "rollL20": 1.14368,
  "up2": false,
  "dn2": false,
  "source": "twelvedata_repo"
}