{
  "datetime": "2026-01-19 15:25:00",
  "open": 1.16332,
  "high": 1.16352,
  "low": 1.16332,
  "close": 1.16351,
  "rollH20": 1.16353,
  "rollL20": 1.16255,
  "up2": false,
  "dn2": false,
  "source": "twelvedata_repo"
}