{
  "datetime": "2025-10-28 16:45:00",
  "open": 1.16599,
  "high": 1.16609,
  "low": 1.16592,
  "close": 1.16592,
  "rollH20": 1.16667,
  "rollL20": 1.16426,
  "up2": false,
  "dn2": false,
  "source": "twelvedata_repo"
}