{
  "datetime": "2026-05-22 07:10:00",
  "open": 1.16138,
  "high": 1.1614,
  "low": 1.16126,
  "close": 1.16136,
  "rollH20": 1.16174,
  "rollL20": 1.16082,
  "up2": false,
  "dn2": false,
  "source": "twelvedata_repo"
}