{
  "datetime": "2025-11-26 21:55:00",
  "open": 1.15944,
  "high": 1.15949,
  "low": 1.15935,
  "close": 1.15939,
  "rollH20": 1.15978,
  "rollL20": 1.15911,
  "up2": false,
  "dn2": false,
  "source": "twelvedata_repo"
}