{
  "datetime": "2026-02-05 16:30:00",
  "open": 1.17924,
  "high": 1.17927,
  "low": 1.17923,
  "close": 1.17927,
  "rollH20": 1.1821,
  "rollL20": 1.17895,
  "up2": false,
  "dn2": false,
  "source": "twelvedata_repo"
}