{
  "datetime": "2026-07-04 12:10:00",
  "open": 1.1437,
  "high": 1.14374,
  "low": 1.14367,
  "close": 1.14368,
  "rollH20": 1.1444,
  "rollL20": 1.14363,
  "up2": false,
  "dn2": false,
  "source": "twelvedata_repo"
}