{
  "datetime": "2025-10-31 11:55:00",
  "open": 1.15705,
  "high": 1.15714,
  "low": 1.15704,
  "close": 1.15714,
  "rollH20": 1.15765,
  "rollL20": 1.15657,
  "up2": false,
  "dn2": false,
  "source": "twelvedata_repo"
}