{
  "datetime": "2026-01-17 23:40:00",
  "open": 1.16055,
  "high": 1.1606,
  "low": 1.16053,
  "close": 1.16057,
  "rollH20": 1.16063,
  "rollL20": 1.16045,
  "up2": false,
  "dn2": false,
  "source": "twelvedata_repo"
}