{
  "datetime": "2025-12-18 20:55:00",
  "open": 1.17243,
  "high": 1.1725,
  "low": 1.17243,
  "close": 1.1725,
  "rollH20": 1.17273,
  "rollL20": 1.17179,
  "up2": false,
  "dn2": false,
  "source": "twelvedata_repo"
}