{
  "datetime": "2025-10-01 13:40:00",
  "open": 1.17488,
  "high": 1.17534,
  "low": 1.17462,
  "close": 1.17465,
  "rollH20": 1.17685,
  "rollL20": 1.17221,
  "up2": false,
  "dn2": false,
  "source": "twelvedata_repo"
}