{
  "datetime": "2025-11-03 00:15:00",
  "open": 1.15362,
  "high": 1.15362,
  "low": 1.15356,
  "close": 1.15357,
  "rollH20": 1.15384,
  "rollL20": 1.15295,
  "up2": false,
  "dn2": false,
  "source": "twelvedata_repo"
}