{
  "datetime": "2026-03-28 06:40:00",
  "open": 1.15263,
  "high": 1.15379,
  "low": 1.15263,
  "close": 1.15282,
  "rollH20": 1.15459,
  "rollL20": 1.15274,
  "up2": false,
  "dn2": false,
  "source": "twelvedata_repo"
}