{
  "datetime": "2025-12-04 20:25:00",
  "open": 1.16523,
  "high": 1.16533,
  "low": 1.16521,
  "close": 1.16533,
  "rollH20": 1.16604,
  "rollL20": 1.16509,
  "up2": false,
  "dn2": false,
  "source": "twelvedata_repo"
}