{
  "datetime": "2026-03-03 12:40:00",
  "open": 1.16094,
  "high": 1.16097,
  "low": 1.16064,
  "close": 1.16071,
  "rollH20": 1.16121,
  "rollL20": 1.15822,
  "up2": false,
  "dn2": false,
  "source": "twelvedata_repo"
}