{
  "datetime": "2026-07-04 10:50:00",
  "open": 1.14369,
  "high": 1.14373,
  "low": 1.14364,
  "close": 1.14364,
  "rollH20": 1.14452,
  "rollL20": 1.14359,
  "up2": false,
  "dn2": false,
  "source": "twelvedata_repo"
}