{
  "datetime": "2026-03-03 22:55:00",
  "open": 1.16132,
  "high": 1.16133,
  "low": 1.16131,
  "close": 1.16132,
  "rollH20": 1.16172,
  "rollL20": 1.16104,
  "up2": false,
  "dn2": false,
  "source": "twelvedata_repo"
}