{
  "datetime": "2026-03-31 00:20:00",
  "open": 1.14539,
  "high": 1.14558,
  "low": 1.14539,
  "close": 1.14549,
  "rollH20": 1.14673,
  "rollL20": 1.14531,
  "up2": false,
  "dn2": false,
  "source": "twelvedata_repo"
}