{
  "datetime": "2026-03-18 22:00:00",
  "open": 1.14672,
  "high": 1.14675,
  "low": 1.1465,
  "close": 1.1465,
  "rollH20": 1.14735,
  "rollL20": 1.14499,
  "up2": false,
  "dn2": false,
  "source": "twelvedata_repo"
}