{
  "datetime": "2025-09-11 16:25:00",
  "open": 1.17437,
  "high": 1.17442,
  "low": 1.17398,
  "close": 1.17419,
  "rollH20": 1.17459,
  "rollL20": 1.1725,
  "up2": false,
  "dn2": false,
  "source": "twelvedata_repo"
}