{
  "datetime": "2026-03-15 05:45:00",
  "open": 1.14632,
  "high": 1.14634,
  "low": 1.14632,
  "close": 1.14634,
  "rollH20": 1.14707,
  "rollL20": 1.14586,
  "up2": false,
  "dn2": false,
  "source": "twelvedata_repo"
}