{
  "datetime": "2026-06-17 00:35:00",
  "open": 1.16145,
  "high": 1.16145,
  "low": 1.16133,
  "close": 1.16136,
  "rollH20": 1.16153,
  "rollL20": 1.16085,
  "up2": false,
  "dn2": false,
  "source": "twelvedata_repo"
}