{
  "datetime": "2026-02-02 11:10:00",
  "open": 1.18656,
  "high": 1.18688,
  "low": 1.18648,
  "close": 1.18685,
  "rollH20": 1.18674,
  "rollL20": 1.18443,
  "up2": false,
  "dn2": false,
  "source": "twelvedata_repo"
}