{
  "datetime": "2025-12-10 12:30:00",
  "open": 1.16354,
  "high": 1.16357,
  "low": 1.16336,
  "close": 1.16346,
  "rollH20": 1.1642,
  "rollL20": 1.16281,
  "up2": false,
  "dn2": false,
  "source": "twelvedata_repo"
}