{
  "datetime": "2026-03-06 06:40:00",
  "open": 1.16082,
  "high": 1.1609,
  "low": 1.16081,
  "close": 1.16089,
  "rollH20": 1.16174,
  "rollL20": 1.16033,
  "up2": false,
  "dn2": false,
  "source": "twelvedata_repo"
}