{
  "datetime": "2026-02-05 22:10:00",
  "open": 1.17773,
  "high": 1.17783,
  "low": 1.17772,
  "close": 1.17781,
  "rollH20": 1.17971,
  "rollL20": 1.1777,
  "up2": false,
  "dn2": false,
  "source": "twelvedata_repo"
}