{
  "datetime": "2026-04-26 08:20:00",
  "open": 1.17215,
  "high": 1.1722,
  "low": 1.17214,
  "close": 1.17218,
  "rollH20": 1.17229,
  "rollL20": 1.17179,
  "up2": false,
  "dn2": false,
  "source": "twelvedata_repo"
}