{
  "datetime": "2026-01-28 18:40:00",
  "open": 1.19338,
  "high": 1.1934,
  "low": 1.19294,
  "close": 1.19295,
  "rollH20": 1.19523,
  "rollL20": 1.1922,
  "up2": false,
  "dn2": false,
  "source": "twelvedata_repo"
}