{
  "datetime": "2025-11-07 15:55:00",
  "open": 1.15758,
  "high": 1.15759,
  "low": 1.15742,
  "close": 1.15748,
  "rollH20": 1.15783,
  "rollL20": 1.15623,
  "up2": false,
  "dn2": false,
  "source": "twelvedata_repo"
}