{
  "datetime": "2025-10-02 10:05:00",
  "open": 1.17554,
  "high": 1.17558,
  "low": 1.17511,
  "close": 1.17525,
  "rollH20": 1.17567,
  "rollL20": 1.17449,
  "up2": false,
  "dn2": false,
  "source": "twelvedata_repo"
}