{
  "datetime": "2026-03-14 03:05:00",
  "open": 1.1458,
  "high": 1.14584,
  "low": 1.14579,
  "close": 1.1458,
  "rollH20": 1.147,
  "rollL20": 1.14436,
  "up2": false,
  "dn2": false,
  "source": "twelvedata_repo"
}