{
  "datetime": "2026-01-02 18:40:00",
  "open": 1.17343,
  "high": 1.17357,
  "low": 1.17341,
  "close": 1.17351,
  "rollH20": 1.17527,
  "rollL20": 1.17312,
  "up2": false,
  "dn2": false,
  "source": "twelvedata_repo"
}