{
  "datetime": "2026-05-27 07:35:00",
  "open": 1.16402,
  "high": 1.16417,
  "low": 1.16402,
  "close": 1.16415,
  "rollH20": 1.16446,
  "rollL20": 1.16375,
  "up2": false,
  "dn2": false,
  "source": "twelvedata_repo"
}