{
  "datetime": "2026-01-27 11:40:00",
  "open": 1.18796,
  "high": 1.18848,
  "low": 1.18794,
  "close": 1.18848,
  "rollH20": 1.18919,
  "rollL20": 1.18588,
  "up2": false,
  "dn2": false,
  "source": "twelvedata_repo"
}