{
  "datetime": "2026-03-31 10:30:00",
  "open": 1.14722,
  "high": 1.14725,
  "low": 1.147,
  "close": 1.147,
  "rollH20": 1.14752,
  "rollL20": 1.14634,
  "up2": false,
  "dn2": false,
  "source": "twelvedata_repo"
}