{
  "datetime": "2026-01-28 08:55:00",
  "open": 1.19857,
  "high": 1.19926,
  "low": 1.19857,
  "close": 1.19901,
  "rollH20": 1.20233,
  "rollL20": 1.19855,
  "up2": false,
  "dn2": false,
  "source": "twelvedata_repo"
}