{
  "datetime": "2025-12-15 20:35:00",
  "open": 1.17402,
  "high": 1.17417,
  "low": 1.17402,
  "close": 1.17414,
  "rollH20": 1.17481,
  "rollL20": 1.17387,
  "up2": false,
  "dn2": false,
  "source": "twelvedata_repo"
}