{
  "datetime": "2026-01-28 15:30:00",
  "open": 1.19666,
  "high": 1.19668,
  "low": 1.19643,
  "close": 1.19662,
  "rollH20": 1.198,
  "rollL20": 1.19526,
  "up2": false,
  "dn2": false,
  "source": "twelvedata_repo"
}