{
  "datetime": "2025-12-15 10:25:00",
  "open": 1.17398,
  "high": 1.17403,
  "low": 1.17398,
  "close": 1.17403,
  "rollH20": 1.17425,
  "rollL20": 1.1728,
  "up2": false,
  "dn2": false,
  "source": "twelvedata_repo"
}