{
  "datetime": "2025-10-28 18:35:00",
  "open": 1.16656,
  "high": 1.16665,
  "low": 1.16654,
  "close": 1.16657,
  "rollH20": 1.16681,
  "rollL20": 1.16536,
  "up2": false,
  "dn2": false,
  "source": "twelvedata_repo"
}