{
  "datetime": "2026-05-12 00:25:00",
  "open": 1.17837,
  "high": 1.1784,
  "low": 1.17834,
  "close": 1.17839,
  "rollH20": 1.17883,
  "rollL20": 1.17819,
  "up2": false,
  "dn2": false,
  "source": "twelvedata_repo"
}