{
  "datetime": "2026-01-22 20:50:00",
  "open": 1.17438,
  "high": 1.17441,
  "low": 1.17437,
  "close": 1.17441,
  "rollH20": 1.17489,
  "rollL20": 1.17419,
  "up2": false,
  "dn2": false,
  "source": "twelvedata_repo"
}