{
  "datetime": "2025-11-25 22:10:00",
  "open": 1.15675,
  "high": 1.15687,
  "low": 1.15675,
  "close": 1.15682,
  "rollH20": 1.15855,
  "rollL20": 1.15596,
  "up2": false,
  "dn2": false,
  "source": "twelvedata_repo"
}