{
  "datetime": "2026-01-30 22:45:00",
  "open": 1.18557,
  "high": 1.18564,
  "low": 1.18543,
  "close": 1.18544,
  "rollH20": 1.18668,
  "rollL20": 1.18504,
  "up2": false,
  "dn2": false,
  "source": "twelvedata_repo"
}