{
  "datetime": "2026-02-21 12:55:00",
  "open": 1.17834,
  "high": 1.17836,
  "low": 1.17834,
  "close": 1.17835,
  "rollH20": 1.17853,
  "rollL20": 1.17831,
  "up2": false,
  "dn2": false,
  "source": "twelvedata_repo"
}