{
  "datetime": "2025-10-07 14:55:00",
  "open": 1.1662,
  "high": 1.1662,
  "low": 1.16602,
  "close": 1.16617,
  "rollH20": 1.167,
  "rollL20": 1.16542,
  "up2": false,
  "dn2": false,
  "source": "twelvedata_repo"
}