{
  "datetime": "2026-05-20 09:40:00",
  "open": 1.15903,
  "high": 1.15916,
  "low": 1.15903,
  "close": 1.15915,
  "rollH20": 1.16018,
  "rollL20": 1.15845,
  "up2": false,
  "dn2": false,
  "source": "twelvedata_repo"
}