{
  "datetime": "2026-02-04 08:25:00",
  "open": 1.18323,
  "high": 1.18326,
  "low": 1.18286,
  "close": 1.18287,
  "rollH20": 1.18364,
  "rollL20": 1.18255,
  "up2": false,
  "dn2": false,
  "source": "twelvedata_repo"
}