{
  "datetime": "2026-03-11 22:25:00",
  "open": 1.15668,
  "high": 1.15671,
  "low": 1.15653,
  "close": 1.15658,
  "rollH20": 1.15754,
  "rollL20": 1.15648,
  "up2": false,
  "dn2": false,
  "source": "twelvedata_repo"
}