{
  "datetime": "2026-02-13 15:20:00",
  "open": 1.18704,
  "high": 1.18706,
  "low": 1.18656,
  "close": 1.18656,
  "rollH20": 1.18862,
  "rollL20": 1.18579,
  "up2": false,
  "dn2": false,
  "source": "twelvedata_repo"
}