{
  "datetime": "2025-12-26 11:10:00",
  "open": 1.17711,
  "high": 1.17764,
  "low": 1.17709,
  "close": 1.17757,
  "rollH20": 1.17779,
  "rollL20": 1.1769,
  "up2": false,
  "dn2": false,
  "source": "twelvedata_repo"
}