{
  "datetime": "2026-06-24 00:00:00",
  "open": 1.13819,
  "high": 1.1383,
  "low": 1.13808,
  "close": 1.13819,
  "rollH20": 1.13848,
  "rollL20": 1.13792,
  "up2": false,
  "dn2": false,
  "source": "twelvedata_repo"
}