{
  "datetime": "2025-10-07 14:30:00",
  "open": 1.16671,
  "high": 1.16678,
  "low": 1.16651,
  "close": 1.16653,
  "rollH20": 1.167,
  "rollL20": 1.1654,
  "up2": false,
  "dn2": false,
  "source": "twelvedata_repo"
}