{
  "datetime": "2026-01-25 18:40:00",
  "open": 1.181,
  "high": 1.18112,
  "low": 1.181,
  "close": 1.1811,
  "rollH20": 1.18131,
  "rollL20": 1.18089,
  "up2": false,
  "dn2": false,
  "source": "twelvedata_repo"
}