{
  "datetime": "2025-09-01 12:45:00",
  "open": 1.17213,
  "high": 1.17217,
  "low": 1.17197,
  "close": 1.17202,
  "rollH20": 1.17303,
  "rollL20": 1.17185,
  "up2": false,
  "dn2": false,
  "source": "twelvedata_repo"
}