{
  "datetime": "2026-03-03 23:35:00",
  "open": 1.16167,
  "high": 1.16168,
  "low": 1.16158,
  "close": 1.16159,
  "rollH20": 1.16203,
  "rollL20": 1.16114,
  "up2": false,
  "dn2": false,
  "source": "twelvedata_repo"
}