{
  "datetime": "2026-02-09 18:05:00",
  "open": 1.1901,
  "high": 1.19022,
  "low": 1.19002,
  "close": 1.19004,
  "rollH20": 1.19172,
  "rollL20": 1.18933,
  "up2": false,
  "dn2": false,
  "source": "twelvedata_repo"
}