{
  "datetime": "2025-09-04 22:55:00",
  "open": 1.16494,
  "high": 1.16527,
  "low": 1.16461,
  "close": 1.16494,
  "rollH20": 1.16545,
  "rollL20": 1.16456,
  "up2": false,
  "dn2": false,
  "source": "twelvedata_repo"
}