{
  "datetime": "2026-02-11 00:15:00",
  "open": 1.18889,
  "high": 1.18904,
  "low": 1.18882,
  "close": 1.18904,
  "rollH20": 1.18981,
  "rollL20": 1.18881,
  "up2": false,
  "dn2": false,
  "source": "twelvedata_repo"
}