{
  "datetime": "2025-12-22 23:05:00",
  "open": 1.17596,
  "high": 1.176,
  "low": 1.17591,
  "close": 1.17598,
  "rollH20": 1.17625,
  "rollL20": 1.17552,
  "up2": false,
  "dn2": false,
  "source": "twelvedata_repo"
}