{
  "datetime": "2026-05-25 21:10:00",
  "open": 1.1643,
  "high": 1.16438,
  "low": 1.16425,
  "close": 1.16431,
  "rollH20": 1.16442,
  "rollL20": 1.16417,
  "up2": false,
  "dn2": false,
  "source": "twelvedata_repo"
}