{
  "datetime": "2025-12-10 03:25:00",
  "open": 1.16276,
  "high": 1.1628,
  "low": 1.16269,
  "close": 1.16276,
  "rollH20": 1.16289,
  "rollL20": 1.16229,
  "up2": false,
  "dn2": false,
  "source": "twelvedata_repo"
}