{
  "datetime": "2025-11-21 12:45:00",
  "open": 1.15145,
  "high": 1.15159,
  "low": 1.15122,
  "close": 1.15125,
  "rollH20": 1.1523,
  "rollL20": 1.15122,
  "up2": false,
  "dn2": false,
  "source": "twelvedata_repo"
}