{
  "datetime": "2025-11-26 06:45:00",
  "open": 1.15862,
  "high": 1.15865,
  "low": 1.15859,
  "close": 1.15864,
  "rollH20": 1.15915,
  "rollL20": 1.15823,
  "up2": false,
  "dn2": false,
  "source": "twelvedata_repo"
}