{
  "datetime": "2026-02-27 17:00:00",
  "open": 1.18214,
  "high": 1.18224,
  "low": 1.18214,
  "close": 1.18216,
  "rollH20": 1.1824,
  "rollL20": 1.18006,
  "up2": false,
  "dn2": false,
  "source": "twelvedata_repo"
}