{
  "datetime": "2025-12-30 21:20:00",
  "open": 1.17491,
  "high": 1.17491,
  "low": 1.17491,
  "close": 1.17491,
  "rollH20": 1.17555,
  "rollL20": 1.17455,
  "up2": false,
  "dn2": false,
  "source": "twelvedata_repo"
}