{
  "datetime": "2025-10-03 04:55:00",
  "open": 1.17249,
  "high": 1.17266,
  "low": 1.17248,
  "close": 1.17261,
  "rollH20": 1.17266,
  "rollL20": 1.17198,
  "up2": false,
  "dn2": false,
  "source": "twelvedata_repo"
}