{
  "datetime": "2026-02-15 20:35:00",
  "open": 1.18729,
  "high": 1.1875,
  "low": 1.18729,
  "close": 1.18744,
  "rollH20": 1.18794,
  "rollL20": 1.18641,
  "up2": false,
  "dn2": false,
  "source": "twelvedata_repo"
}