{
  "datetime": "2025-10-01 00:15:00",
  "open": 1.17411,
  "high": 1.17411,
  "low": 1.17404,
  "close": 1.17411,
  "rollH20": 1.17425,
  "rollL20": 1.1733,
  "up2": false,
  "dn2": false,
  "source": "twelvedata_repo"
}