{
  "datetime": "2026-03-18 08:45:00",
  "open": 1.15258,
  "high": 1.15291,
  "low": 1.15253,
  "close": 1.15287,
  "rollH20": 1.15454,
  "rollL20": 1.15192,
  "up2": false,
  "dn2": false,
  "source": "twelvedata_repo"
}