{
  "datetime": "2025-12-31 10:30:00",
  "open": 1.1732,
  "high": 1.17342,
  "low": 1.1732,
  "close": 1.17336,
  "rollH20": 1.17399,
  "rollL20": 1.1721,
  "up2": false,
  "dn2": false,
  "source": "twelvedata_repo"
}