{
  "datetime": "2026-02-10 15:00:00",
  "open": 1.19045,
  "high": 1.19078,
  "low": 1.19045,
  "close": 1.19077,
  "rollH20": 1.19116,
  "rollL20": 1.18903,
  "up2": false,
  "dn2": false,
  "source": "twelvedata_repo"
}