{
  "datetime": "2025-11-13 20:55:00",
  "open": 1.16383,
  "high": 1.16387,
  "low": 1.16352,
  "close": 1.16355,
  "rollH20": 1.16512,
  "rollL20": 1.16369,
  "up2": false,
  "dn2": false,
  "source": "twelvedata_repo"
}