{
  "datetime": "2026-01-29 21:25:00",
  "open": 1.19596,
  "high": 1.19603,
  "low": 1.19594,
  "close": 1.19597,
  "rollH20": 1.19634,
  "rollL20": 1.19471,
  "up2": false,
  "dn2": false,
  "source": "twelvedata_repo"
}