{
  "datetime": "2026-01-19 12:20:00",
  "open": 1.16213,
  "high": 1.16215,
  "low": 1.1621,
  "close": 1.1621,
  "rollH20": 1.16288,
  "rollL20": 1.16204,
  "up2": false,
  "dn2": false,
  "source": "twelvedata_repo"
}