{
  "datetime": "2026-01-12 20:55:00",
  "open": 1.1673,
  "high": 1.16738,
  "low": 1.16716,
  "close": 1.16724,
  "rollH20": 1.16743,
  "rollL20": 1.16673,
  "up2": false,
  "dn2": false,
  "source": "twelvedata_repo"
}