{
  "datetime": "2025-12-18 10:40:00",
  "open": 1.17207,
  "high": 1.17212,
  "low": 1.17207,
  "close": 1.17208,
  "rollH20": 1.1737,
  "rollL20": 1.17186,
  "up2": false,
  "dn2": false,
  "source": "twelvedata_repo"
}