{
  "datetime": "2025-10-06 05:55:00",
  "open": 1.17211,
  "high": 1.17224,
  "low": 1.17208,
  "close": 1.17209,
  "rollH20": 1.173,
  "rollL20": 1.17196,
  "up2": false,
  "dn2": false,
  "source": "twelvedata_repo"
}