{
  "datetime": "2026-02-21 00:35:00",
  "open": 1.17836,
  "high": 1.17838,
  "low": 1.17836,
  "close": 1.17837,
  "rollH20": 1.17888,
  "rollL20": 1.17833,
  "up2": false,
  "dn2": false,
  "source": "twelvedata_repo"
}