{
  "datetime": "2026-01-27 05:40:00",
  "open": 1.18719,
  "high": 1.18719,
  "low": 1.18709,
  "close": 1.1871,
  "rollH20": 1.18941,
  "rollL20": 1.18713,
  "up2": false,
  "dn2": false,
  "source": "twelvedata_repo"
}