{
  "datetime": "2025-10-31 00:25:00",
  "open": 1.15673,
  "high": 1.15674,
  "low": 1.15672,
  "close": 1.15673,
  "rollH20": 1.15701,
  "rollL20": 1.15661,
  "up2": false,
  "dn2": false,
  "source": "twelvedata_repo"
}