{
  "datetime": "2026-03-12 09:40:00",
  "open": 1.15565,
  "high": 1.15595,
  "low": 1.15565,
  "close": 1.15585,
  "rollH20": 1.15584,
  "rollL20": 1.15445,
  "up2": false,
  "dn2": false,
  "source": "twelvedata_repo"
}