{
  "datetime": "2026-05-04 21:40:00",
  "open": 1.16908,
  "high": 1.1691,
  "low": 1.16895,
  "close": 1.16904,
  "rollH20": 1.17015,
  "rollL20": 1.16874,
  "up2": false,
  "dn2": false,
  "source": "twelvedata_repo"
}