{
  "datetime": "2026-02-19 22:45:00",
  "open": 1.17736,
  "high": 1.17743,
  "low": 1.17732,
  "close": 1.1774,
  "rollH20": 1.17785,
  "rollL20": 1.17696,
  "up2": false,
  "dn2": false,
  "source": "twelvedata_repo"
}