{
  "datetime": "2026-05-26 14:30:00",
  "open": 1.16301,
  "high": 1.16301,
  "low": 1.16268,
  "close": 1.16271,
  "rollH20": 1.16366,
  "rollL20": 1.16283,
  "up2": false,
  "dn2": false,
  "source": "twelvedata_repo"
}