{
  "datetime": "2025-11-11 04:35:00",
  "open": 1.15567,
  "high": 1.15583,
  "low": 1.15567,
  "close": 1.15583,
  "rollH20": 1.15585,
  "rollL20": 1.15521,
  "up2": false,
  "dn2": false,
  "source": "twelvedata_repo"
}