{
  "datetime": "2025-12-09 08:15:00",
  "open": 1.16416,
  "high": 1.1642,
  "low": 1.16391,
  "close": 1.1642,
  "rollH20": 1.16501,
  "rollL20": 1.16405,
  "up2": false,
  "dn2": false,
  "source": "twelvedata_repo"
}