{
  "datetime": "2025-10-30 00:55:00",
  "open": 1.16014,
  "high": 1.16029,
  "low": 1.16013,
  "close": 1.16027,
  "rollH20": 1.16058,
  "rollL20": 1.1601,
  "up2": false,
  "dn2": false,
  "source": "twelvedata_repo"
}