{
  "datetime": "2025-09-15 22:40:00",
  "open": 1.17639,
  "high": 1.17643,
  "low": 1.1763,
  "close": 1.17639,
  "rollH20": 1.17685,
  "rollL20": 1.176,
  "up2": false,
  "dn2": false,
  "source": "twelvedata_repo"
}