{
  "datetime": "2026-01-11 01:40:00",
  "open": 1.16359,
  "high": 1.16363,
  "low": 1.16354,
  "close": 1.16356,
  "rollH20": 1.16363,
  "rollL20": 1.16341,
  "up2": false,
  "dn2": false,
  "source": "twelvedata_repo"
}