{
  "datetime": "2026-06-10 19:10:00",
  "open": 1.15568,
  "high": 1.15585,
  "low": 1.15554,
  "close": 1.15557,
  "rollH20": 1.15594,
  "rollL20": 1.15448,
  "up2": false,
  "dn2": false,
  "source": "twelvedata_repo"
}