{
  "datetime": "2025-12-30 10:30:00",
  "open": 1.17753,
  "high": 1.17769,
  "low": 1.17746,
  "close": 1.17754,
  "rollH20": 1.17759,
  "rollL20": 1.17649,
  "up2": false,
  "dn2": false,
  "source": "twelvedata_repo"
}