{
  "datetime": "2025-11-05 08:35:00",
  "open": 1.14883,
  "high": 1.14891,
  "low": 1.14878,
  "close": 1.14887,
  "rollH20": 1.14946,
  "rollL20": 1.14834,
  "up2": false,
  "dn2": false,
  "source": "twelvedata_repo"
}