{
  "datetime": "2026-04-06 23:35:00",
  "open": 1.15446,
  "high": 1.15447,
  "low": 1.15445,
  "close": 1.15447,
  "rollH20": 1.15479,
  "rollL20": 1.1541,
  "up2": false,
  "dn2": false,
  "source": "twelvedata_repo"
}