{
  "datetime": "2026-06-02 19:35:00",
  "open": 1.1624,
  "high": 1.16245,
  "low": 1.16233,
  "close": 1.16245,
  "rollH20": 1.16299,
  "rollL20": 1.16139,
  "up2": false,
  "dn2": false,
  "source": "twelvedata_repo"
}