{
  "datetime": "2026-01-28 23:20:00",
  "open": 1.19559,
  "high": 1.19565,
  "low": 1.19556,
  "close": 1.1956,
  "rollH20": 1.19565,
  "rollL20": 1.19431,
  "up2": false,
  "dn2": false,
  "source": "twelvedata_repo"
}