{
  "datetime": "2026-01-29 12:25:00",
  "open": 1.19513,
  "high": 1.19517,
  "low": 1.19496,
  "close": 1.1951,
  "rollH20": 1.19655,
  "rollL20": 1.19384,
  "up2": false,
  "dn2": false,
  "source": "twelvedata_repo"
}