{
  "datetime": "2026-04-01 05:50:00",
  "open": 1.15653,
  "high": 1.15659,
  "low": 1.15652,
  "close": 1.15656,
  "rollH20": 1.15683,
  "rollL20": 1.15597,
  "up2": false,
  "dn2": false,
  "source": "twelvedata_repo"
}