{
  "datetime": "2026-03-20 19:25:00",
  "open": 1.15529,
  "high": 1.15533,
  "low": 1.1551,
  "close": 1.15518,
  "rollH20": 1.15699,
  "rollL20": 1.15466,
  "up2": false,
  "dn2": false,
  "source": "twelvedata_repo"
}