{
  "datetime": "2025-12-08 06:30:00",
  "open": 1.16541,
  "high": 1.16543,
  "low": 1.16536,
  "close": 1.16538,
  "rollH20": 1.16559,
  "rollL20": 1.16502,
  "up2": false,
  "dn2": false,
  "source": "twelvedata_repo"
}