{
  "datetime": "2025-11-12 14:25:00",
  "open": 1.15721,
  "high": 1.15728,
  "low": 1.15715,
  "close": 1.15722,
  "rollH20": 1.15804,
  "rollL20": 1.15707,
  "up2": false,
  "dn2": false,
  "source": "twelvedata_repo"
}