{
  "datetime": "2025-10-26 23:55:00",
  "open": 1.16299,
  "high": 1.16303,
  "low": 1.16296,
  "close": 1.16296,
  "rollH20": 1.16356,
  "rollL20": 1.16234,
  "up2": false,
  "dn2": false,
  "source": "twelvedata_repo"
}