{
  "datetime": "2026-03-12 20:45:00",
  "open": 1.15139,
  "high": 1.15167,
  "low": 1.15136,
  "close": 1.15158,
  "rollH20": 1.15191,
  "rollL20": 1.15107,
  "up2": false,
  "dn2": false,
  "source": "twelvedata_repo"
}