{
  "datetime": "2026-07-15 19:10:00",
  "open": 1.1476,
  "high": 1.14761,
  "low": 1.14739,
  "close": 1.14744,
  "rollH20": 1.14774,
  "rollL20": 1.14341,
  "up2": false,
  "dn2": false,
  "source": "twelvedata_repo"
}