{
  "datetime": "2026-05-12 20:20:00",
  "open": 1.17438,
  "high": 1.1744,
  "low": 1.17418,
  "close": 1.17418,
  "rollH20": 1.17449,
  "rollL20": 1.17297,
  "up2": false,
  "dn2": false,
  "source": "twelvedata_repo"
}