{
  "datetime": "2026-05-31 00:25:00",
  "open": 1.16596,
  "high": 1.16597,
  "low": 1.16588,
  "close": 1.16592,
  "rollH20": 1.16609,
  "rollL20": 1.16587,
  "up2": false,
  "dn2": false,
  "source": "twelvedata_repo"
}