{
  "datetime": "2026-06-15 00:30:00",
  "open": 1.16048,
  "high": 1.16049,
  "low": 1.16032,
  "close": 1.16047,
  "rollH20": 1.16179,
  "rollL20": 1.1602,
  "up2": false,
  "dn2": false,
  "source": "twelvedata_repo"
}