{
  "datetime": "2026-02-20 06:50:00",
  "open": 1.17537,
  "high": 1.17538,
  "low": 1.17524,
  "close": 1.17524,
  "rollH20": 1.1757,
  "rollL20": 1.17508,
  "up2": false,
  "dn2": false,
  "source": "twelvedata_repo"
}