{
  "datetime": "2026-01-20 16:30:00",
  "open": 1.17236,
  "high": 1.17274,
  "low": 1.17236,
  "close": 1.1726,
  "rollH20": 1.17449,
  "rollL20": 1.17172,
  "up2": false,
  "dn2": false,
  "source": "twelvedata_repo"
}