{
  "datetime": "2026-02-19 02:10:00",
  "open": 1.17933,
  "high": 1.17939,
  "low": 1.17933,
  "close": 1.17939,
  "rollH20": 1.17958,
  "rollL20": 1.17861,
  "up2": false,
  "dn2": false,
  "source": "twelvedata_repo"
}