{
  "datetime": "2026-04-02 00:10:00",
  "open": 1.15938,
  "high": 1.15945,
  "low": 1.15936,
  "close": 1.15942,
  "rollH20": 1.15939,
  "rollL20": 1.15869,
  "up2": false,
  "dn2": false,
  "source": "twelvedata_repo"
}