{
  "datetime": "2026-01-07 06:40:00",
  "open": 1.16931,
  "high": 1.16934,
  "low": 1.16928,
  "close": 1.16932,
  "rollH20": 1.17025,
  "rollL20": 1.16911,
  "up2": false,
  "dn2": false,
  "source": "twelvedata_repo"
}