{
  "datetime": "2026-02-18 23:15:00",
  "open": 1.17888,
  "high": 1.17899,
  "low": 1.17888,
  "close": 1.17899,
  "rollH20": 1.17894,
  "rollL20": 1.17831,
  "up2": false,
  "dn2": false,
  "source": "twelvedata_repo"
}