{
  "datetime": "2026-02-24 22:00:00",
  "open": 1.17733,
  "high": 1.17757,
  "low": 1.17729,
  "close": 1.17757,
  "rollH20": 1.17835,
  "rollL20": 1.17727,
  "up2": false,
  "dn2": false,
  "source": "twelvedata_repo"
}