{
  "datetime": "2025-11-25 16:45:00",
  "open": 1.15756,
  "high": 1.15757,
  "low": 1.15731,
  "close": 1.15736,
  "rollH20": 1.15842,
  "rollL20": 1.15532,
  "up2": false,
  "dn2": false,
  "source": "twelvedata_repo"
}