{
  "datetime": "2025-12-30 23:30:00",
  "open": 1.17485,
  "high": 1.17489,
  "low": 1.17485,
  "close": 1.17489,
  "rollH20": 1.17499,
  "rollL20": 1.1744,
  "up2": false,
  "dn2": false,
  "source": "twelvedata_repo"
}