{
  "datetime": "2026-02-25 20:50:00",
  "open": 1.18078,
  "high": 1.18083,
  "low": 1.18071,
  "close": 1.18072,
  "rollH20": 1.18099,
  "rollL20": 1.18033,
  "up2": false,
  "dn2": false,
  "source": "twelvedata_repo"
}