{
  "datetime": "2026-05-06 22:50:00",
  "open": 1.17497,
  "high": 1.17502,
  "low": 1.17492,
  "close": 1.175,
  "rollH20": 1.17527,
  "rollL20": 1.17452,
  "up2": false,
  "dn2": false,
  "source": "twelvedata_repo"
}