{
  "datetime": "2025-10-29 04:10:00",
  "open": 1.1645,
  "high": 1.1646,
  "low": 1.1645,
  "close": 1.1646,
  "rollH20": 1.16508,
  "rollL20": 1.16427,
  "up2": false,
  "dn2": false,
  "source": "twelvedata_repo"
}