{
  "datetime": "2026-03-11 10:00:00",
  "open": 1.15932,
  "high": 1.15935,
  "low": 1.15918,
  "close": 1.15924,
  "rollH20": 1.16176,
  "rollL20": 1.15913,
  "up2": false,
  "dn2": false,
  "source": "twelvedata_repo"
}