{
  "datetime": "2026-03-08 01:20:00",
  "open": 1.16184,
  "high": 1.16187,
  "low": 1.16184,
  "close": 1.16184,
  "rollH20": 1.16206,
  "rollL20": 1.16173,
  "up2": false,
  "dn2": false,
  "source": "twelvedata_repo"
}