{
  "datetime": "2025-12-12 17:55:00",
  "open": 1.17327,
  "high": 1.1733,
  "low": 1.17306,
  "close": 1.17315,
  "rollH20": 1.17421,
  "rollL20": 1.17269,
  "up2": false,
  "dn2": false,
  "source": "twelvedata_repo"
}