{
  "datetime": "2026-01-19 16:55:00",
  "open": 1.16377,
  "high": 1.16405,
  "low": 1.16374,
  "close": 1.16405,
  "rollH20": 1.16429,
  "rollL20": 1.16308,
  "up2": false,
  "dn2": false,
  "source": "twelvedata_repo"
}