{
  "datetime": "2026-07-17 14:00:00",
  "open": 1.14279,
  "high": 1.14297,
  "low": 1.14279,
  "close": 1.14293,
  "rollH20": 1.1436,
  "rollL20": 1.14257,
  "up2": false,
  "dn2": false,
  "source": "twelvedata_repo"
}