{
  "datetime": "2026-04-03 22:50:00",
  "open": 1.15205,
  "high": 1.1521,
  "low": 1.15203,
  "close": 1.1521,
  "rollH20": 1.15256,
  "rollL20": 1.15152,
  "up2": false,
  "dn2": false,
  "source": "twelvedata_repo"
}