{
  "datetime": "2026-04-04 18:30:00",
  "open": 1.1517,
  "high": 1.15174,
  "low": 1.1517,
  "close": 1.15173,
  "rollH20": 1.1521,
  "rollL20": 1.15151,
  "up2": false,
  "dn2": false,
  "source": "twelvedata_repo"
}