{
  "datetime": "2025-09-11 23:55:00",
  "open": 1.17369,
  "high": 1.17374,
  "low": 1.17369,
  "close": 1.17372,
  "rollH20": 1.17406,
  "rollL20": 1.17323,
  "up2": false,
  "dn2": false,
  "source": "twelvedata_repo"
}