{
  "datetime": "2026-03-11 22:40:00",
  "open": 1.15558,
  "high": 1.15559,
  "low": 1.15558,
  "close": 1.15558,
  "rollH20": 1.15754,
  "rollL20": 1.15557,
  "up2": false,
  "dn2": false,
  "source": "twelvedata_repo"
}