{
  "datetime": "2026-03-04 03:50:00",
  "open": 1.16061,
  "high": 1.16082,
  "low": 1.16061,
  "close": 1.16074,
  "rollH20": 1.16062,
  "rollL20": 1.15939,
  "up2": false,
  "dn2": false,
  "source": "twelvedata_repo"
}