{
  "datetime": "2026-06-17 11:40:00",
  "open": 1.15995,
  "high": 1.16003,
  "low": 1.15974,
  "close": 1.15976,
  "rollH20": 1.16063,
  "rollL20": 1.15958,
  "up2": false,
  "dn2": false,
  "source": "twelvedata_repo"
}