{
  "datetime": "2026-02-23 19:00:00",
  "open": 1.17986,
  "high": 1.17986,
  "low": 1.17981,
  "close": 1.17982,
  "rollH20": 1.18023,
  "rollL20": 1.17917,
  "up2": false,
  "dn2": false,
  "source": "twelvedata_repo"
}