{
  "datetime": "2025-10-20 16:35:00",
  "open": 1.16611,
  "high": 1.16614,
  "low": 1.16592,
  "close": 1.16602,
  "rollH20": 1.16644,
  "rollL20": 1.16463,
  "up2": false,
  "dn2": false,
  "source": "twelvedata_repo"
}