{
  "datetime": "2025-12-08 14:40:00",
  "open": 1.16484,
  "high": 1.16489,
  "low": 1.16477,
  "close": 1.16478,
  "rollH20": 1.16565,
  "rollL20": 1.16484,
  "up2": false,
  "dn2": false,
  "source": "twelvedata_repo"
}