{
  "datetime": "2026-05-25 13:10:00",
  "open": 1.16444,
  "high": 1.1646,
  "low": 1.1643,
  "close": 1.16454,
  "rollH20": 1.16502,
  "rollL20": 1.16406,
  "up2": false,
  "dn2": false,
  "source": "twelvedata_repo"
}