{
  "datetime": "2025-09-10 22:45:00",
  "open": 1.16966,
  "high": 1.16966,
  "low": 1.16963,
  "close": 1.16965,
  "rollH20": 1.17012,
  "rollL20": 1.16935,
  "up2": false,
  "dn2": false,
  "source": "twelvedata_repo"
}