{
  "datetime": "2026-04-04 15:30:00",
  "open": 1.15175,
  "high": 1.1518,
  "low": 1.15174,
  "close": 1.15178,
  "rollH20": 1.15212,
  "rollL20": 1.1515,
  "up2": false,
  "dn2": false,
  "source": "twelvedata_repo"
}