{
  "datetime": "2025-09-29 17:40:00",
  "open": 1.17278,
  "high": 1.17284,
  "low": 1.17278,
  "close": 1.17283,
  "rollH20": 1.17341,
  "rollL20": 1.17227,
  "up2": false,
  "dn2": false,
  "source": "twelvedata_repo"
}