{
  "datetime": "2026-01-25 12:40:00",
  "open": 1.18254,
  "high": 1.18256,
  "low": 1.18253,
  "close": 1.18256,
  "rollH20": 1.18259,
  "rollL20": 1.18252,
  "up2": false,
  "dn2": false,
  "source": "twelvedata_repo"
}