{
  "datetime": "2026-03-29 09:55:00",
  "open": 1.15396,
  "high": 1.15401,
  "low": 1.15394,
  "close": 1.15395,
  "rollH20": 1.15413,
  "rollL20": 1.15321,
  "up2": false,
  "dn2": false,
  "source": "twelvedata_repo"
}