{
  "datetime": "2026-03-06 12:15:00",
  "open": 1.15536,
  "high": 1.15623,
  "low": 1.15536,
  "close": 1.15608,
  "rollH20": 1.15836,
  "rollL20": 1.15526,
  "up2": false,
  "dn2": false,
  "source": "twelvedata_repo"
}