{
  "datetime": "2026-01-16 22:30:00",
  "open": 1.16014,
  "high": 1.16021,
  "low": 1.16013,
  "close": 1.16016,
  "rollH20": 1.16027,
  "rollL20": 1.15953,
  "up2": false,
  "dn2": false,
  "source": "twelvedata_repo"
}