{
  "datetime": "2026-03-08 20:15:00",
  "open": 1.15622,
  "high": 1.15674,
  "low": 1.15615,
  "close": 1.15674,
  "rollH20": 1.15978,
  "rollL20": 1.15381,
  "up2": false,
  "dn2": false,
  "source": "twelvedata_repo"
}