{
  "datetime": "2026-01-14 11:50:00",
  "open": 1.16568,
  "high": 1.16574,
  "low": 1.16568,
  "close": 1.16571,
  "rollH20": 1.1658,
  "rollL20": 1.16469,
  "up2": false,
  "dn2": false,
  "source": "twelvedata_repo"
}