{
  "datetime": "2026-03-19 06:30:00",
  "open": 1.14703,
  "high": 1.14708,
  "low": 1.14693,
  "close": 1.14693,
  "rollH20": 1.1476,
  "rollL20": 1.14641,
  "up2": false,
  "dn2": false,
  "source": "twelvedata_repo"
}