{
  "datetime": "2026-01-02 20:25:00",
  "open": 1.17158,
  "high": 1.17167,
  "low": 1.17152,
  "close": 1.17166,
  "rollH20": 1.17353,
  "rollL20": 1.17153,
  "up2": false,
  "dn2": false,
  "source": "twelvedata_repo"
}