{
  "datetime": "2026-04-21 18:50:00",
  "open": 1.17499,
  "high": 1.17502,
  "low": 1.17477,
  "close": 1.17481,
  "rollH20": 1.17596,
  "rollL20": 1.1721,
  "up2": false,
  "dn2": false,
  "source": "twelvedata_repo"
}