{
  "datetime": "2026-01-07 16:35:00",
  "open": 1.16894,
  "high": 1.16941,
  "low": 1.16894,
  "close": 1.16941,
  "rollH20": 1.1699,
  "rollL20": 1.16814,
  "up2": false,
  "dn2": false,
  "source": "twelvedata_repo"
}