{
  "datetime": "2026-02-12 21:15:00",
  "open": 1.18671,
  "high": 1.18687,
  "low": 1.18671,
  "close": 1.18687,
  "rollH20": 1.18719,
  "rollL20": 1.18597,
  "up2": false,
  "dn2": false,
  "source": "twelvedata_repo"
}