{
  "datetime": "2025-09-10 04:40:00",
  "open": 1.1708,
  "high": 1.17095,
  "low": 1.17075,
  "close": 1.17081,
  "rollH20": 11.7025,
  "rollL20": 1.17,
  "up2": false,
  "dn2": false,
  "source": "twelvedata_repo"
}