{
  "datetime": "2025-10-21 17:50:00",
  "open": 1.16119,
  "high": 1.16128,
  "low": 1.16079,
  "close": 1.16096,
  "rollH20": 1.16242,
  "rollL20": 1.16084,
  "up2": false,
  "dn2": false,
  "source": "twelvedata_repo"
}