{
  "datetime": "2025-10-06 12:35:00",
  "open": 1.16773,
  "high": 1.16777,
  "low": 1.16752,
  "close": 1.16759,
  "rollH20": 1.16809,
  "rollL20": 1.16526,
  "up2": false,
  "dn2": false,
  "source": "twelvedata_repo"
}