{
  "datetime": "2026-04-24 04:55:00",
  "open": 1.16786,
  "high": 1.16789,
  "low": 1.16781,
  "close": 1.16783,
  "rollH20": 1.16847,
  "rollL20": 1.16738,
  "up2": false,
  "dn2": false,
  "source": "twelvedata_repo"
}