{
  "datetime": "2025-09-29 11:45:00",
  "open": 1.17172,
  "high": 1.17185,
  "low": 1.17168,
  "close": 1.17185,
  "rollH20": 1.17261,
  "rollL20": 1.17155,
  "up2": false,
  "dn2": false,
  "source": "twelvedata_repo"
}