{
  "datetime": "2026-02-05 23:35:00",
  "open": 1.1781,
  "high": 1.17815,
  "low": 1.1781,
  "close": 1.1781,
  "rollH20": 1.17837,
  "rollL20": 1.17751,
  "up2": false,
  "dn2": false,
  "source": "twelvedata_repo"
}