{
  "datetime": "2026-03-17 05:20:00",
  "open": 1.14984,
  "high": 1.14987,
  "low": 1.14966,
  "close": 1.14978,
  "rollH20": 1.15003,
  "rollL20": 1.14897,
  "up2": false,
  "dn2": false,
  "source": "twelvedata_repo"
}