{
  "datetime": "2025-11-03 10:45:00",
  "open": 1.15142,
  "high": 1.15151,
  "low": 1.15125,
  "close": 1.15147,
  "rollH20": 1.15343,
  "rollL20": 1.15098,
  "up2": false,
  "dn2": false,
  "source": "twelvedata_repo"
}