{
  "datetime": "2026-03-08 05:05:00",
  "open": 1.16188,
  "high": 1.16192,
  "low": 1.16187,
  "close": 1.1619,
  "rollH20": 1.16199,
  "rollL20": 1.16182,
  "up2": false,
  "dn2": false,
  "source": "twelvedata_repo"
}