{
  "datetime": "2026-06-24 18:15:00",
  "open": 1.13548,
  "high": 1.13554,
  "low": 1.13548,
  "close": 1.13554,
  "rollH20": 1.13674,
  "rollL20": 1.13454,
  "up2": false,
  "dn2": false,
  "source": "twelvedata_repo"
}