{
  "datetime": "2026-01-01 17:55:00",
  "open": 1.17463,
  "high": 1.17479,
  "low": 1.17461,
  "close": 1.17472,
  "rollH20": 1.17488,
  "rollL20": 1.17436,
  "up2": false,
  "dn2": false,
  "source": "twelvedata_repo"
}