{
  "datetime": "2026-03-03 20:45:00",
  "open": 1.16189,
  "high": 1.162,
  "low": 1.16156,
  "close": 1.16174,
  "rollH20": 1.16246,
  "rollL20": 1.1601,
  "up2": false,
  "dn2": false,
  "source": "twelvedata_repo"
}