{
  "datetime": "2025-09-04 20:20:00",
  "open": 1.16518,
  "high": 1.16521,
  "low": 1.16482,
  "close": 1.1649,
  "rollH20": 1.1652,
  "rollL20": 1.16351,
  "up2": false,
  "dn2": false,
  "source": "twelvedata_repo"
}