{
  "datetime": "2026-05-05 12:45:00",
  "open": 1.16902,
  "high": 1.16911,
  "low": 1.16895,
  "close": 1.16905,
  "rollH20": 1.16956,
  "rollL20": 1.16843,
  "up2": false,
  "dn2": false,
  "source": "twelvedata_repo"
}