{
  "datetime": "2025-10-23 10:40:00",
  "open": 1.15977,
  "high": 1.15977,
  "low": 1.15948,
  "close": 1.15954,
  "rollH20": 1.16059,
  "rollL20": 1.1593,
  "up2": false,
  "dn2": false,
  "source": "twelvedata_repo"
}