{
  "datetime": "2026-03-22 15:55:00",
  "open": 1.15864,
  "high": 1.15866,
  "low": 1.15864,
  "close": 1.15864,
  "rollH20": 1.15919,
  "rollL20": 1.15842,
  "up2": false,
  "dn2": false,
  "source": "twelvedata_repo"
}