{
  "datetime": "2025-09-08 11:55:00",
  "open": 1.17282,
  "high": 1.17288,
  "low": 1.17258,
  "close": 1.17266,
  "rollH20": 1.17288,
  "rollL20": 1.172,
  "up2": false,
  "dn2": false,
  "source": "twelvedata_repo"
}