{
  "datetime": "2025-11-10 21:55:00",
  "open": 1.15629,
  "high": 1.15633,
  "low": 1.15627,
  "close": 1.15633,
  "rollH20": 1.15648,
  "rollL20": 1.156,
  "up2": false,
  "dn2": false,
  "source": "twelvedata_repo"
}