{
  "datetime": "2026-01-06 18:45:00",
  "open": 1.1694,
  "high": 1.16979,
  "low": 1.1694,
  "close": 1.16966,
  "rollH20": 1.1697,
  "rollL20": 1.16868,
  "up2": false,
  "dn2": false,
  "source": "twelvedata_repo"
}