{
  "datetime": "2026-03-22 08:55:00",
  "open": 1.15928,
  "high": 1.15933,
  "low": 1.15927,
  "close": 1.15929,
  "rollH20": 1.15933,
  "rollL20": 1.15919,
  "up2": false,
  "dn2": false,
  "source": "twelvedata_repo"
}