{
  "datetime": "2025-12-18 08:30:00",
  "open": 1.17436,
  "high": 1.17443,
  "low": 1.17424,
  "close": 1.17435,
  "rollH20": 1.17496,
  "rollL20": 1.17395,
  "up2": false,
  "dn2": false,
  "source": "twelvedata_repo"
}