{
  "datetime": "2026-04-03 19:20:00",
  "open": 1.15199,
  "high": 1.15202,
  "low": 1.15193,
  "close": 1.15196,
  "rollH20": 1.15222,
  "rollL20": 1.15183,
  "up2": false,
  "dn2": false,
  "source": "twelvedata_repo"
}