{
  "datetime": "2026-06-09 02:10:00",
  "open": 1.1533,
  "high": 1.15339,
  "low": 1.15326,
  "close": 1.15338,
  "rollH20": 1.15339,
  "rollL20": 1.15272,
  "up2": false,
  "dn2": false,
  "source": "twelvedata_repo"
}