{
  "datetime": "2026-02-01 20:25:00",
  "open": 1.18513,
  "high": 1.18639,
  "low": 1.18511,
  "close": 1.18581,
  "rollH20": 1.18739,
  "rollL20": 1.18487,
  "up2": false,
  "dn2": false,
  "source": "twelvedata_repo"
}