{
  "datetime": "2026-04-11 07:55:00",
  "open": 1.17199,
  "high": 1.17202,
  "low": 1.17182,
  "close": 1.17188,
  "rollH20": 1.17223,
  "rollL20": 1.17177,
  "up2": false,
  "dn2": false,
  "source": "twelvedata_repo"
}