{
  "datetime": "2026-06-25 15:15:00",
  "open": 1.13752,
  "high": 1.13754,
  "low": 1.13742,
  "close": 1.13744,
  "rollH20": 1.13821,
  "rollL20": 1.13476,
  "up2": false,
  "dn2": false,
  "source": "twelvedata_repo"
}