{
  "datetime": "2026-05-14 12:30:00",
  "open": 1.17053,
  "high": 1.17058,
  "low": 1.1705,
  "close": 1.17051,
  "rollH20": 1.17117,
  "rollL20": 1.17047,
  "up2": false,
  "dn2": false,
  "source": "twelvedata_repo"
}