{
  "datetime": "2025-11-25 00:30:00",
  "open": 1.1523,
  "high": 1.15234,
  "low": 1.1523,
  "close": 1.15232,
  "rollH20": 1.15263,
  "rollL20": 1.1521,
  "up2": false,
  "dn2": false,
  "source": "twelvedata_repo"
}