{
  "datetime": "2025-09-25 05:45:00",
  "open": 1.17514,
  "high": 1.17523,
  "low": 1.17512,
  "close": 1.17521,
  "rollH20": 1.17536,
  "rollL20": 1.17476,
  "up2": false,
  "dn2": false,
  "source": "twelvedata_repo"
}