{
  "datetime": "2026-07-21 21:10:00",
  "open": 1.14028,
  "high": 1.14028,
  "low": 1.14015,
  "close": 1.14016,
  "rollH20": 1.14046,
  "rollL20": 1.13994,
  "up2": false,
  "dn2": false,
  "source": "twelvedata_repo"
}