{
  "datetime": "2026-01-07 17:10:00",
  "open": 1.16906,
  "high": 1.16911,
  "low": 1.16898,
  "close": 1.16898,
  "rollH20": 1.1699,
  "rollL20": 1.16814,
  "up2": false,
  "dn2": false,
  "source": "twelvedata_repo"
}