{
  "datetime": "2026-04-25 03:25:00",
  "open": 1.17172,
  "high": 1.17176,
  "low": 1.1717,
  "close": 1.17174,
  "rollH20": 1.17198,
  "rollL20": 1.17169,
  "up2": false,
  "dn2": false,
  "source": "twelvedata_repo"
}