{
  "datetime": "2026-02-10 18:25:00",
  "open": 1.19003,
  "high": 1.19043,
  "low": 1.19003,
  "close": 1.19043,
  "rollH20": 1.19191,
  "rollL20": 1.18972,
  "up2": false,
  "dn2": false,
  "source": "twelvedata_repo"
}