{
  "datetime": "2026-01-12 00:25:00",
  "open": 1.16262,
  "high": 1.16275,
  "low": 1.1625,
  "close": 1.16255,
  "rollH20": 1.16355,
  "rollL20": 1.16265,
  "up2": false,
  "dn2": false,
  "source": "twelvedata_repo"
}