{
  "datetime": "2026-02-05 17:05:00",
  "open": 1.17879,
  "high": 1.17888,
  "low": 1.17865,
  "close": 1.17872,
  "rollH20": 1.18178,
  "rollL20": 1.17837,
  "up2": false,
  "dn2": false,
  "source": "twelvedata_repo"
}