{
  "datetime": "2025-11-10 11:45:00",
  "open": 1.15617,
  "high": 1.15626,
  "low": 1.15617,
  "close": 1.15623,
  "rollH20": 1.15726,
  "rollL20": 1.15613,
  "up2": false,
  "dn2": false,
  "source": "twelvedata_repo"
}