{
  "datetime": "2026-03-17 20:55:00",
  "open": 1.15406,
  "high": 1.1542,
  "low": 1.15404,
  "close": 1.1541,
  "rollH20": 1.15417,
  "rollL20": 1.15344,
  "up2": false,
  "dn2": false,
  "source": "twelvedata_repo"
}