{
  "datetime": "2026-05-21 23:20:00",
  "open": 1.16171,
  "high": 1.1618,
  "low": 1.16168,
  "close": 1.16178,
  "rollH20": 1.16232,
  "rollL20": 1.16152,
  "up2": false,
  "dn2": false,
  "source": "twelvedata_repo"
}