{
  "datetime": "2026-04-11 18:25:00",
  "open": 1.17247,
  "high": 1.17252,
  "low": 1.17245,
  "close": 1.17246,
  "rollH20": 1.17259,
  "rollL20": 1.17246,
  "up2": false,
  "dn2": false,
  "source": "twelvedata_repo"
}