{
  "datetime": "2026-03-20 19:40:00",
  "open": 1.1549,
  "high": 1.15541,
  "low": 1.15487,
  "close": 1.15533,
  "rollH20": 1.15699,
  "rollL20": 1.15466,
  "up2": false,
  "dn2": false,
  "source": "twelvedata_repo"
}