{
  "datetime": "2025-11-26 08:10:00",
  "open": 1.15911,
  "high": 1.15918,
  "low": 1.15903,
  "close": 1.15909,
  "rollH20": 1.15968,
  "rollL20": 1.15849,
  "up2": false,
  "dn2": false,
  "source": "twelvedata_repo"
}