{
  "datetime": "2025-11-13 23:40:00",
  "open": 1.16375,
  "high": 1.16378,
  "low": 1.16375,
  "close": 1.16376,
  "rollH20": 1.16393,
  "rollL20": 1.16311,
  "up2": false,
  "dn2": false,
  "source": "twelvedata_repo"
}