{
  "datetime": "2025-11-14 16:25:00",
  "open": 1.16233,
  "high": 1.16242,
  "low": 1.16183,
  "close": 1.16192,
  "rollH20": 1.1643,
  "rollL20": 1.16162,
  "up2": false,
  "dn2": false,
  "source": "twelvedata_repo"
}