{
  "datetime": "2025-12-19 03:40:00",
  "open": 1.17239,
  "high": 1.17245,
  "low": 1.17212,
  "close": 1.1722,
  "rollH20": 1.17288,
  "rollL20": 1.17213,
  "up2": false,
  "dn2": false,
  "source": "twelvedata_repo"
}