{
  "datetime": "2026-04-02 01:00:00",
  "open": 1.15906,
  "high": 1.1591,
  "low": 1.15889,
  "close": 1.15896,
  "rollH20": 1.15945,
  "rollL20": 1.15892,
  "up2": false,
  "dn2": false,
  "source": "twelvedata_repo"
}