{
  "datetime": "2026-02-27 14:55:00",
  "open": 1.18033,
  "high": 1.18035,
  "low": 1.17967,
  "close": 1.17972,
  "rollH20": 1.18149,
  "rollL20": 1.17913,
  "up2": false,
  "dn2": false,
  "source": "twelvedata_repo"
}