{
  "datetime": "2025-11-20 20:05:00",
  "open": 1.15362,
  "high": 1.15379,
  "low": 1.15358,
  "close": 1.15379,
  "rollH20": 1.15377,
  "rollL20": 1.15249,
  "up2": false,
  "dn2": false,
  "source": "twelvedata_repo"
}