{
  "datetime": "2026-03-03 13:35:00",
  "open": 1.16011,
  "high": 1.16015,
  "low": 1.15997,
  "close": 1.15999,
  "rollH20": 1.16149,
  "rollL20": 1.15914,
  "up2": false,
  "dn2": false,
  "source": "twelvedata_repo"
}