{
  "datetime": "2025-11-06 00:10:00",
  "open": 1.14927,
  "high": 1.14942,
  "low": 1.14927,
  "close": 1.14942,
  "rollH20": 1.14937,
  "rollL20": 1.14904,
  "up2": false,
  "dn2": false,
  "source": "twelvedata_repo"
}