{
  "datetime": "2026-07-22 22:25:00",
  "open": 1.14093,
  "high": 1.14098,
  "low": 1.14089,
  "close": 1.14093,
  "rollH20": 1.14143,
  "rollL20": 1.1408,
  "up2": false,
  "dn2": false,
  "source": "twelvedata_repo"
}