{
  "datetime": "2025-11-21 21:50:00",
  "open": 1.15125,
  "high": 1.15135,
  "low": 1.15125,
  "close": 1.15131,
  "rollH20": 1.15176,
  "rollL20": 1.15085,
  "up2": false,
  "dn2": false,
  "source": "twelvedata_repo"
}