{
  "datetime": "2026-02-23 11:40:00",
  "open": 1.17831,
  "high": 1.17841,
  "low": 1.17821,
  "close": 1.17838,
  "rollH20": 1.18017,
  "rollL20": 1.17817,
  "up2": false,
  "dn2": false,
  "source": "twelvedata_repo"
}