{
  "datetime": "2026-02-04 04:55:00",
  "open": 1.18256,
  "high": 1.18276,
  "low": 1.18256,
  "close": 1.18276,
  "rollH20": 1.18278,
  "rollL20": 1.18193,
  "up2": false,
  "dn2": false,
  "source": "twelvedata_repo"
}