{
  "datetime": "2026-04-18 14:40:00",
  "open": 1.17725,
  "high": 1.17728,
  "low": 1.17725,
  "close": 1.17727,
  "rollH20": 1.17731,
  "rollL20": 1.17681,
  "up2": false,
  "dn2": false,
  "source": "twelvedata_repo"
}