{
  "datetime": "2025-12-02 09:30:00",
  "open": 1.16157,
  "high": 1.16159,
  "low": 1.16148,
  "close": 1.16148,
  "rollH20": 1.16165,
  "rollL20": 1.16078,
  "up2": false,
  "dn2": false,
  "source": "twelvedata_repo"
}