{
  "datetime": "2026-03-15 22:25:00",
  "open": 1.14208,
  "high": 1.14213,
  "low": 1.14202,
  "close": 1.14212,
  "rollH20": 1.14342,
  "rollL20": 1.14203,
  "up2": false,
  "dn2": false,
  "source": "twelvedata_repo"
}