{
  "datetime": "2025-12-30 23:15:00",
  "open": 1.17481,
  "high": 1.17485,
  "low": 1.17479,
  "close": 1.17481,
  "rollH20": 1.17497,
  "rollL20": 1.1744,
  "up2": false,
  "dn2": false,
  "source": "twelvedata_repo"
}