{
  "datetime": "2025-12-24 11:55:00",
  "open": 1.17974,
  "high": 1.17981,
  "low": 1.17967,
  "close": 1.17968,
  "rollH20": 1.1801,
  "rollL20": 1.17916,
  "up2": false,
  "dn2": false,
  "source": "twelvedata_repo"
}