{
  "datetime": "2026-01-19 21:45:00",
  "open": 1.1644,
  "high": 1.16443,
  "low": 1.1644,
  "close": 1.16443,
  "rollH20": 1.16476,
  "rollL20": 1.16419,
  "up2": false,
  "dn2": false,
  "source": "twelvedata_repo"
}