{
  "datetime": "2025-12-26 19:40:00",
  "open": 1.17724,
  "high": 1.17737,
  "low": 1.1772,
  "close": 1.17737,
  "rollH20": 1.17746,
  "rollL20": 1.17623,
  "up2": false,
  "dn2": false,
  "source": "twelvedata_repo"
}