{
  "datetime": "2026-05-06 18:55:00",
  "open": 1.17456,
  "high": 1.17462,
  "low": 1.17455,
  "close": 1.17456,
  "rollH20": 1.17558,
  "rollL20": 1.17417,
  "up2": false,
  "dn2": false,
  "source": "twelvedata_repo"
}