{
  "datetime": "2026-03-28 23:45:00",
  "open": 1.15388,
  "high": 1.15393,
  "low": 1.15387,
  "close": 1.15387,
  "rollH20": 1.15393,
  "rollL20": 1.15345,
  "up2": false,
  "dn2": false,
  "source": "twelvedata_repo"
}