{
  "datetime": "2025-10-15 16:05:00",
  "open": 1.1622,
  "high": 1.1622,
  "low": 1.16185,
  "close": 1.1621,
  "rollH20": 1.16319,
  "rollL20": 1.16177,
  "up2": false,
  "dn2": false,
  "source": "twelvedata_repo"
}