{
  "datetime": "2025-10-28 21:10:00",
  "open": 1.16565,
  "high": 1.16565,
  "low": 1.16562,
  "close": 1.16565,
  "rollH20": 1.16647,
  "rollL20": 1.16521,
  "up2": false,
  "dn2": false,
  "source": "twelvedata_repo"
}