{
  "datetime": "2025-09-25 09:55:00",
  "open": 1.17406,
  "high": 1.17444,
  "low": 1.17406,
  "close": 1.17441,
  "rollH20": 1.17479,
  "rollL20": 1.17306,
  "up2": false,
  "dn2": false,
  "source": "twelvedata_repo"
}