{
  "datetime": "2025-12-15 05:55:00",
  "open": 1.17339,
  "high": 1.17343,
  "low": 1.17334,
  "close": 1.17342,
  "rollH20": 1.17412,
  "rollL20": 1.17312,
  "up2": false,
  "dn2": false,
  "source": "twelvedata_repo"
}