{
  "datetime": "2026-01-01 21:15:00",
  "open": 1.17436,
  "high": 1.17441,
  "low": 1.17435,
  "close": 1.17437,
  "rollH20": 1.1748,
  "rollL20": 1.17431,
  "up2": false,
  "dn2": false,
  "source": "twelvedata_repo"
}