{
  "datetime": "2025-11-20 12:25:00",
  "open": 1.15177,
  "high": 1.15179,
  "low": 1.15173,
  "close": 1.15179,
  "rollH20": 1.15294,
  "rollL20": 1.15177,
  "up2": false,
  "dn2": false,
  "source": "twelvedata_repo"
}