{
  "datetime": "2026-04-13 22:10:00",
  "open": 1.17579,
  "high": 1.17585,
  "low": 1.17565,
  "close": 1.17572,
  "rollH20": 1.17635,
  "rollL20": 1.17572,
  "up2": false,
  "dn2": false,
  "source": "twelvedata_repo"
}