{
  "datetime": "2026-04-28 03:25:00",
  "open": 1.17124,
  "high": 1.17127,
  "low": 1.17122,
  "close": 1.17127,
  "rollH20": 1.17218,
  "rollL20": 1.17116,
  "up2": false,
  "dn2": false,
  "source": "twelvedata_repo"
}