{
  "datetime": "2025-12-04 03:25:00",
  "open": 1.166,
  "high": 1.16605,
  "low": 1.166,
  "close": 1.16603,
  "rollH20": 1.16652,
  "rollL20": 1.16597,
  "up2": false,
  "dn2": false,
  "source": "twelvedata_repo"
}