{
  "datetime": "2025-10-01 11:55:00",
  "open": 1.17279,
  "high": 1.17279,
  "low": 1.17204,
  "close": 1.17227,
  "rollH20": 1.17518,
  "rollL20": 1.17159,
  "up2": false,
  "dn2": false,
  "source": "twelvedata_repo"
}