{
  "datetime": "2025-09-10 10:40:00",
  "open": 1.17077,
  "high": 1.17102,
  "low": 1.17075,
  "close": 1.17097,
  "rollH20": 1.17112,
  "rollL20": 1.1691,
  "up2": false,
  "dn2": false,
  "source": "twelvedata_repo"
}