{
  "datetime": "2026-01-22 10:00:00",
  "open": 1.16898,
  "high": 1.16898,
  "low": 1.16894,
  "close": 1.16894,
  "rollH20": 1.16962,
  "rollL20": 1.16851,
  "up2": false,
  "dn2": false,
  "source": "twelvedata_repo"
}