{
  "datetime": "2026-02-14 18:50:00",
  "open": 1.18576,
  "high": 1.18579,
  "low": 1.18576,
  "close": 1.18579,
  "rollH20": 1.18696,
  "rollL20": 1.18498,
  "up2": false,
  "dn2": false,
  "source": "twelvedata_repo"
}