{
  "datetime": "2026-05-01 23:40:00",
  "open": 1.17233,
  "high": 1.17254,
  "low": 1.17215,
  "close": 1.17226,
  "rollH20": 1.17266,
  "rollL20": 1.17195,
  "up2": false,
  "dn2": false,
  "source": "twelvedata_repo"
}