{
  "datetime": "2025-11-05 20:05:00",
  "open": 1.14827,
  "high": 1.14834,
  "low": 1.1482,
  "close": 1.14829,
  "rollH20": 1.14834,
  "rollL20": 1.14768,
  "up2": false,
  "dn2": false,
  "source": "twelvedata_repo"
}