{
  "datetime": "2026-03-25 12:20:00",
  "open": 1.16049,
  "high": 1.16049,
  "low": 1.16047,
  "close": 1.16048,
  "rollH20": 1.16113,
  "rollL20": 1.15921,
  "up2": false,
  "dn2": false,
  "source": "twelvedata_repo"
}