{
  "datetime": "2026-05-04 07:30:00",
  "open": 1.17364,
  "high": 1.17367,
  "low": 1.17353,
  "close": 1.17365,
  "rollH20": 1.17375,
  "rollL20": 1.17256,
  "up2": false,
  "dn2": false,
  "source": "twelvedata_repo"
}