{
  "datetime": "2026-04-08 09:40:00",
  "open": 1.16851,
  "high": 1.16856,
  "low": 1.16735,
  "close": 1.16735,
  "rollH20": 1.16997,
  "rollL20": 1.16813,
  "up2": false,
  "dn2": false,
  "source": "twelvedata_repo"
}