{
  "datetime": "2026-02-25 06:15:00",
  "open": 1.18022,
  "high": 1.18024,
  "low": 1.1802,
  "close": 1.18024,
  "rollH20": 1.18052,
  "rollL20": 1.17921,
  "up2": false,
  "dn2": false,
  "source": "twelvedata_repo"
}