{
  "datetime": "2026-03-10 22:00:00",
  "open": 1.16111,
  "high": 1.16112,
  "low": 1.16106,
  "close": 1.16108,
  "rollH20": 1.16171,
  "rollL20": 1.16069,
  "up2": false,
  "dn2": false,
  "source": "twelvedata_repo"
}