{
  "datetime": "2026-01-18 10:40:00",
  "open": 1.1606,
  "high": 1.16065,
  "low": 1.16059,
  "close": 1.16062,
  "rollH20": 1.16065,
  "rollL20": 1.16055,
  "up2": false,
  "dn2": false,
  "source": "twelvedata_repo"
}