{
  "datetime": "2025-12-24 10:40:00",
  "open": 1.17968,
  "high": 1.17973,
  "low": 1.17968,
  "close": 1.17969,
  "rollH20": 1.18006,
  "rollL20": 1.17809,
  "up2": false,
  "dn2": false,
  "source": "twelvedata_repo"
}