{
  "datetime": "2025-09-09 19:45:00",
  "open": 1.17061,
  "high": 1.17082,
  "low": 1.17054,
  "close": 1.17063,
  "rollH20": 1.17217,
  "rollL20": 1.17042,
  "up2": false,
  "dn2": false,
  "source": "twelvedata_repo"
}