{
  "datetime": "2026-03-25 16:15:00",
  "open": 1.15773,
  "high": 1.15774,
  "low": 1.15649,
  "close": 1.15692,
  "rollH20": 1.15887,
  "rollL20": 1.1567,
  "up2": false,
  "dn2": false,
  "source": "twelvedata_repo"
}