{
  "datetime": "2025-10-09 11:45:00",
  "open": 1.16168,
  "high": 1.16188,
  "low": 1.1616,
  "close": 1.16161,
  "rollH20": 1.16272,
  "rollL20": 1.16108,
  "up2": false,
  "dn2": false,
  "source": "twelvedata_repo"
}