{
  "datetime": "2026-04-04 06:20:00",
  "open": 1.15172,
  "high": 1.15185,
  "low": 1.15151,
  "close": 1.15175,
  "rollH20": 1.15211,
  "rollL20": 1.15138,
  "up2": false,
  "dn2": false,
  "source": "twelvedata_repo"
}