{
  "datetime": "2026-03-23 03:40:00",
  "open": 1.15446,
  "high": 1.15479,
  "low": 1.15446,
  "close": 1.15479,
  "rollH20": 1.15603,
  "rollL20": 1.15431,
  "up2": false,
  "dn2": false,
  "source": "twelvedata_repo"
}