{
  "datetime": "2025-12-15 19:55:00",
  "open": 1.17415,
  "high": 1.17444,
  "low": 1.17415,
  "close": 1.1744,
  "rollH20": 1.17542,
  "rollL20": 1.17397,
  "up2": false,
  "dn2": false,
  "source": "twelvedata_repo"
}