{
  "datetime": "2025-12-24 10:50:00",
  "open": 1.17977,
  "high": 1.17983,
  "low": 1.17976,
  "close": 1.17982,
  "rollH20": 1.18006,
  "rollL20": 1.17809,
  "up2": false,
  "dn2": false,
  "source": "twelvedata_repo"
}