{
  "datetime": "2026-06-12 12:20:00",
  "open": 1.15757,
  "high": 1.15778,
  "low": 1.15753,
  "close": 1.15777,
  "rollH20": 1.15883,
  "rollL20": 1.15703,
  "up2": false,
  "dn2": false,
  "source": "twelvedata_repo"
}