{
  "datetime": "2026-01-01 20:20:00",
  "open": 1.17465,
  "high": 1.1748,
  "low": 1.17464,
  "close": 1.17471,
  "rollH20": 1.17492,
  "rollL20": 1.17437,
  "up2": false,
  "dn2": false,
  "source": "twelvedata_repo"
}