{
  "datetime": "2026-04-15 12:25:00",
  "open": 1.17783,
  "high": 1.17791,
  "low": 1.1777,
  "close": 1.17774,
  "rollH20": 1.17867,
  "rollL20": 1.17734,
  "up2": false,
  "dn2": false,
  "source": "twelvedata_repo"
}