{
  "datetime": "2025-10-16 15:55:00",
  "open": 1.16769,
  "high": 1.16778,
  "low": 1.16761,
  "close": 1.16768,
  "rollH20": 1.16778,
  "rollL20": 1.16501,
  "up2": false,
  "dn2": false,
  "source": "twelvedata_repo"
}