{
  "datetime": "2025-09-25 12:45:00",
  "open": 1.17357,
  "high": 1.17377,
  "low": 1.17351,
  "close": 1.17375,
  "rollH20": 1.17539,
  "rollL20": 1.17347,
  "up2": false,
  "dn2": false,
  "source": "twelvedata_repo"
}