{
  "datetime": "2025-10-07 06:40:00",
  "open": 1.16895,
  "high": 1.16899,
  "low": 1.16895,
  "close": 1.16899,
  "rollH20": 1.17096,
  "rollL20": 1.16875,
  "up2": false,
  "dn2": false,
  "source": "twelvedata_repo"
}