{
  "datetime": "2025-10-13 07:30:00",
  "open": 1.16258,
  "high": 1.16258,
  "low": 1.16236,
  "close": 1.16238,
  "rollH20": 1.16296,
  "rollL20": 1.16129,
  "up2": false,
  "dn2": false,
  "source": "twelvedata_repo"
}