{
  "datetime": "2025-09-11 04:55:00",
  "open": 1.16949,
  "high": 1.16963,
  "low": 1.16949,
  "close": 1.16956,
  "rollH20": 1.17002,
  "rollL20": 1.16936,
  "up2": false,
  "dn2": false,
  "source": "twelvedata_repo"
}