{
  "datetime": "2025-12-24 08:55:00",
  "open": 1.1792,
  "high": 1.17923,
  "low": 1.17893,
  "close": 1.179,
  "rollH20": 1.18033,
  "rollL20": 1.17871,
  "up2": false,
  "dn2": false,
  "source": "twelvedata_repo"
}