{
  "datetime": "2026-01-10 05:35:00",
  "open": 1.16408,
  "high": 1.16412,
  "low": 1.16399,
  "close": 1.16399,
  "rollH20": 1.16413,
  "rollL20": 1.16373,
  "up2": false,
  "dn2": false,
  "source": "twelvedata_repo"
}