{
  "datetime": "2026-07-11 01:55:00",
  "open": 1.14095,
  "high": 1.1418,
  "low": 1.14081,
  "close": 1.14083,
  "rollH20": 1.14219,
  "rollL20": 1.14063,
  "up2": false,
  "dn2": false,
  "source": "twelvedata_repo"
}