{
  "datetime": "2025-12-23 02:05:00",
  "open": 1.17673,
  "high": 1.17682,
  "low": 1.17668,
  "close": 1.17682,
  "rollH20": 1.17705,
  "rollL20": 1.17631,
  "up2": false,
  "dn2": false,
  "source": "twelvedata_repo"
}