{
  "datetime": "2026-07-03 14:00:00",
  "open": 1.14479,
  "high": 1.14479,
  "low": 1.14457,
  "close": 1.14471,
  "rollH20": 1.1457,
  "rollL20": 1.14462,
  "up2": false,
  "dn2": false,
  "source": "twelvedata_repo"
}