{
  "datetime": "2026-06-10 18:10:00",
  "open": 1.15532,
  "high": 1.15532,
  "low": 1.15496,
  "close": 1.15514,
  "rollH20": 1.15594,
  "rollL20": 1.15389,
  "up2": false,
  "dn2": false,
  "source": "twelvedata_repo"
}