{
  "datetime": "2025-12-15 21:50:00",
  "open": 1.17511,
  "high": 1.17516,
  "low": 1.17505,
  "close": 1.17509,
  "rollH20": 1.17524,
  "rollL20": 1.17387,
  "up2": false,
  "dn2": false,
  "source": "twelvedata_repo"
}