{
  "datetime": "2026-03-05 04:05:00",
  "open": 1.16106,
  "high": 1.16129,
  "low": 1.16106,
  "close": 1.16121,
  "rollH20": 1.16299,
  "rollL20": 1.16105,
  "up2": false,
  "dn2": false,
  "source": "twelvedata_repo"
}