{
  "datetime": "2025-12-26 13:45:00",
  "open": 1.17767,
  "high": 1.17782,
  "low": 1.17764,
  "close": 1.17773,
  "rollH20": 1.17833,
  "rollL20": 1.17734,
  "up2": false,
  "dn2": false,
  "source": "twelvedata_repo"
}