{
  "datetime": "2026-03-23 09:30:00",
  "open": 1.15441,
  "high": 1.15448,
  "low": 1.15441,
  "close": 1.15447,
  "rollH20": 1.15473,
  "rollL20": 1.1525,
  "up2": false,
  "dn2": false,
  "source": "twelvedata_repo"
}