{
  "datetime": "2025-12-12 22:30:00",
  "open": 1.17411,
  "high": 1.17414,
  "low": 1.1739,
  "close": 1.17398,
  "rollH20": 1.17468,
  "rollL20": 1.17359,
  "up2": false,
  "dn2": false,
  "source": "twelvedata_repo"
}