{
  "datetime": "2026-04-18 00:55:00",
  "open": 1.17906,
  "high": 1.17938,
  "low": 1.17906,
  "close": 1.17938,
  "rollH20": 1.17969,
  "rollL20": 1.17798,
  "up2": false,
  "dn2": false,
  "source": "twelvedata_repo"
}