{
  "datetime": "2026-01-15 06:40:00",
  "open": 1.16359,
  "high": 1.16366,
  "low": 1.16359,
  "close": 1.16362,
  "rollH20": 1.16395,
  "rollL20": 1.16347,
  "up2": false,
  "dn2": false,
  "source": "twelvedata_repo"
}