{
  "datetime": "2026-03-20 20:55:00",
  "open": 1.15672,
  "high": 1.15707,
  "low": 1.15668,
  "close": 1.15707,
  "rollH20": 1.15668,
  "rollL20": 1.1548,
  "up2": false,
  "dn2": false,
  "source": "twelvedata_repo"
}