{
  "datetime": "2025-12-24 04:45:00",
  "open": 1.17886,
  "high": 1.1789,
  "low": 1.17885,
  "close": 1.17885,
  "rollH20": 1.18082,
  "rollL20": 1.17888,
  "up2": false,
  "dn2": false,
  "source": "twelvedata_repo"
}