{
  "datetime": "2026-02-23 20:15:00",
  "open": 1.17919,
  "high": 1.17923,
  "low": 1.17914,
  "close": 1.17916,
  "rollH20": 1.18014,
  "rollL20": 1.17882,
  "up2": false,
  "dn2": false,
  "source": "twelvedata_repo"
}