{
  "datetime": "2026-06-05 11:40:00",
  "open": 1.16423,
  "high": 1.16425,
  "low": 1.16421,
  "close": 1.16425,
  "rollH20": 1.16448,
  "rollL20": 1.16348,
  "up2": false,
  "dn2": false,
  "source": "twelvedata_repo"
}