{
  "datetime": "2026-01-12 08:40:00",
  "open": 1.16794,
  "high": 1.16799,
  "low": 1.16774,
  "close": 1.16783,
  "rollH20": 1.16855,
  "rollL20": 1.16648,
  "up2": false,
  "dn2": false,
  "source": "twelvedata_repo"
}