{
  "datetime": "2025-12-16 15:15:00",
  "open": 1.17766,
  "high": 1.1777,
  "low": 1.17751,
  "close": 1.17758,
  "rollH20": 1.17956,
  "rollL20": 1.17594,
  "up2": false,
  "dn2": false,
  "source": "twelvedata_repo"
}