{
  "datetime": "2026-07-20 17:05:00",
  "open": 1.14137,
  "high": 1.14141,
  "low": 1.14119,
  "close": 1.14129,
  "rollH20": 1.14178,
  "rollL20": 1.14033,
  "up2": false,
  "dn2": false,
  "source": "twelvedata_repo"
}