{
  "datetime": "2026-01-30 09:35:00",
  "open": 1.19304,
  "high": 1.19304,
  "low": 1.19282,
  "close": 1.19284,
  "rollH20": 1.1942,
  "rollL20": 1.19144,
  "up2": false,
  "dn2": false,
  "source": "twelvedata_repo"
}