{
  "datetime": "2026-03-12 15:35:00",
  "open": 1.1518,
  "high": 1.15189,
  "low": 1.15175,
  "close": 1.15175,
  "rollH20": 1.15331,
  "rollL20": 1.15115,
  "up2": false,
  "dn2": false,
  "source": "twelvedata_repo"
}