{
  "datetime": "2026-05-30 10:40:00",
  "open": 1.16598,
  "high": 1.16607,
  "low": 1.16596,
  "close": 1.16605,
  "rollH20": 1.16611,
  "rollL20": 1.16587,
  "up2": false,
  "dn2": false,
  "source": "twelvedata_repo"
}