{
  "datetime": "2025-10-24 06:40:00",
  "open": 1.16047,
  "high": 1.16047,
  "low": 1.16037,
  "close": 1.16037,
  "rollH20": 1.16092,
  "rollL20": 1.16023,
  "up2": false,
  "dn2": false,
  "source": "twelvedata_repo"
}