{
  "datetime": "2025-12-08 16:35:00",
  "open": 1.16265,
  "high": 1.1627,
  "low": 1.16238,
  "close": 1.16241,
  "rollH20": 1.16543,
  "rollL20": 1.16257,
  "up2": false,
  "dn2": false,
  "source": "twelvedata_repo"
}