{
  "datetime": "2025-09-16 14:55:00",
  "open": 1.18244,
  "high": 1.18249,
  "low": 1.1821,
  "close": 1.18232,
  "rollH20": 1.18271,
  "rollL20": 1.1791,
  "up2": false,
  "dn2": false,
  "source": "twelvedata_repo"
}