{
  "datetime": "2026-05-10 17:10:00",
  "open": 1.17882,
  "high": 1.17885,
  "low": 1.17881,
  "close": 1.17885,
  "rollH20": 1.17887,
  "rollL20": 1.17642,
  "up2": false,
  "dn2": false,
  "source": "twelvedata_repo"
}