{
  "datetime": "2026-03-02 18:40:00",
  "open": 1.1688,
  "high": 1.16883,
  "low": 1.16872,
  "close": 1.16876,
  "rollH20": 1.1707,
  "rollL20": 1.1687,
  "up2": false,
  "dn2": false,
  "source": "twelvedata_repo"
}