{
  "datetime": "2026-01-16 19:45:00",
  "open": 1.15974,
  "high": 1.15979,
  "low": 1.15974,
  "close": 1.15975,
  "rollH20": 1.16034,
  "rollL20": 1.159,
  "up2": false,
  "dn2": false,
  "source": "twelvedata_repo"
}