{
  "datetime": "2026-05-17 23:10:00",
  "open": 1.16236,
  "high": 1.1624,
  "low": 1.16231,
  "close": 1.16238,
  "rollH20": 1.16259,
  "rollL20": 1.16193,
  "up2": false,
  "dn2": false,
  "source": "twelvedata_repo"
}