{
  "datetime": "2026-06-07 00:20:00",
  "open": 1.15216,
  "high": 1.15218,
  "low": 1.15213,
  "close": 1.15218,
  "rollH20": 1.15246,
  "rollL20": 1.15203,
  "up2": false,
  "dn2": false,
  "source": "twelvedata_repo"
}