{
  "datetime": "2025-10-23 11:10:00",
  "open": 1.15927,
  "high": 1.1593,
  "low": 1.15926,
  "close": 1.15927,
  "rollH20": 1.16043,
  "rollL20": 1.1592,
  "up2": false,
  "dn2": false,
  "source": "twelvedata_repo"
}