{
  "datetime": "2026-01-21 07:55:00",
  "open": 1.17233,
  "high": 1.17246,
  "low": 1.17233,
  "close": 1.17246,
  "rollH20": 1.17245,
  "rollL20": 1.17156,
  "up2": false,
  "dn2": false,
  "source": "twelvedata_repo"
}