{
  "datetime": "2025-09-30 10:05:00",
  "open": 1.17542,
  "high": 1.17542,
  "low": 1.1751,
  "close": 1.17525,
  "rollH20": 1.17611,
  "rollL20": 1.17365,
  "up2": false,
  "dn2": false,
  "source": "twelvedata_repo"
}