{
  "datetime": "2025-10-02 16:30:00",
  "open": 1.16953,
  "high": 1.16968,
  "low": 1.16952,
  "close": 1.1696,
  "rollH20": 1.17242,
  "rollL20": 1.16918,
  "up2": false,
  "dn2": false,
  "source": "twelvedata_repo"
}