{
  "datetime": "2026-03-28 16:45:00",
  "open": 1.15356,
  "high": 1.1536,
  "low": 1.15356,
  "close": 1.15356,
  "rollH20": 1.15371,
  "rollL20": 1.1528,
  "up2": false,
  "dn2": false,
  "source": "twelvedata_repo"
}