{
  "datetime": "2026-05-29 07:25:00",
  "open": 1.16473,
  "high": 1.16477,
  "low": 1.16454,
  "close": 1.16467,
  "rollH20": 1.16478,
  "rollL20": 1.16368,
  "up2": false,
  "dn2": false,
  "source": "twelvedata_repo"
}