{
  "datetime": "2026-01-19 19:35:00",
  "open": 1.1648,
  "high": 1.16481,
  "low": 1.16463,
  "close": 1.16473,
  "rollH20": 1.16494,
  "rollL20": 1.16401,
  "up2": false,
  "dn2": false,
  "source": "twelvedata_repo"
}