{
  "datetime": "2026-05-03 00:40:00",
  "open": 1.17211,
  "high": 1.17213,
  "low": 1.17211,
  "close": 1.17213,
  "rollH20": 1.17254,
  "rollL20": 1.17204,
  "up2": false,
  "dn2": false,
  "source": "twelvedata_repo"
}