{
  "datetime": "2026-03-26 11:50:00",
  "open": 1.15567,
  "high": 1.15582,
  "low": 1.15567,
  "close": 1.15582,
  "rollH20": 1.15647,
  "rollL20": 1.15539,
  "up2": false,
  "dn2": false,
  "source": "twelvedata_repo"
}