{
  "datetime": "2026-01-15 13:30:00",
  "open": 1.16348,
  "high": 1.16352,
  "low": 1.16338,
  "close": 1.16345,
  "rollH20": 1.16382,
  "rollL20": 1.16309,
  "up2": false,
  "dn2": false,
  "source": "twelvedata_repo"
}