{
  "datetime": "2026-04-19 22:35:00",
  "open": 1.17378,
  "high": 1.17386,
  "low": 1.17378,
  "close": 1.17378,
  "rollH20": 1.17529,
  "rollL20": 1.17333,
  "up2": false,
  "dn2": false,
  "source": "twelvedata_repo"
}