{
  "datetime": "2026-03-19 21:30:00",
  "open": 1.15854,
  "high": 1.1586,
  "low": 1.15854,
  "close": 1.1586,
  "rollH20": 1.15895,
  "rollL20": 1.15792,
  "up2": false,
  "dn2": false,
  "source": "twelvedata_repo"
}