{
  "datetime": "2026-04-29 16:20:00",
  "open": 1.16962,
  "high": 1.16967,
  "low": 1.16961,
  "close": 1.16961,
  "rollH20": 1.17023,
  "rollL20": 1.16851,
  "up2": false,
  "dn2": false,
  "source": "twelvedata_repo"
}