{
  "datetime": "2025-10-01 05:35:00",
  "open": 1.17474,
  "high": 1.17485,
  "low": 1.17472,
  "close": 1.17472,
  "rollH20": 1.17486,
  "rollL20": 1.17339,
  "up2": false,
  "dn2": false,
  "source": "twelvedata_repo"
}