{
  "datetime": "2026-03-09 09:00:00",
  "open": 1.15326,
  "high": 1.1537,
  "low": 1.15326,
  "close": 1.15352,
  "rollH20": 1.15656,
  "rollL20": 1.15166,
  "up2": false,
  "dn2": false,
  "source": "twelvedata_repo"
}