{
  "datetime": "2026-04-16 22:45:00",
  "open": 1.17813,
  "high": 1.17817,
  "low": 1.17812,
  "close": 1.17817,
  "rollH20": 1.17837,
  "rollL20": 1.17791,
  "up2": false,
  "dn2": false,
  "source": "twelvedata_repo"
}