{
  "datetime": "2026-03-28 21:30:00",
  "open": 1.1533,
  "high": 1.15331,
  "low": 1.1533,
  "close": 1.15331,
  "rollH20": 1.15396,
  "rollL20": 1.15296,
  "up2": false,
  "dn2": false,
  "source": "twelvedata_repo"
}