{
  "datetime": "2025-11-20 06:30:00",
  "open": 1.15159,
  "high": 1.15162,
  "low": 1.15146,
  "close": 1.15148,
  "rollH20": 1.15207,
  "rollL20": 1.15123,
  "up2": false,
  "dn2": false,
  "source": "twelvedata_repo"
}