{
  "datetime": "2025-11-13 14:25:00",
  "open": 1.16207,
  "high": 1.16217,
  "low": 1.1618,
  "close": 1.16183,
  "rollH20": 1.1625,
  "rollL20": 1.16056,
  "up2": false,
  "dn2": false,
  "source": "twelvedata_repo"
}