{
  "datetime": "2026-06-28 11:05:00",
  "open": 1.13924,
  "high": 1.13926,
  "low": 1.13924,
  "close": 1.13926,
  "rollH20": 1.13945,
  "rollL20": 1.13908,
  "up2": false,
  "dn2": false,
  "source": "twelvedata_repo"
}