{
  "datetime": "2025-09-25 07:55:00",
  "open": 1.1747,
  "high": 1.17472,
  "low": 1.17453,
  "close": 1.17468,
  "rollH20": 1.17523,
  "rollL20": 1.17383,
  "up2": false,
  "dn2": false,
  "source": "twelvedata_repo"
}