{
  "datetime": "2025-12-30 05:25:00",
  "open": 1.17739,
  "high": 1.17741,
  "low": 1.17735,
  "close": 1.17737,
  "rollH20": 1.17762,
  "rollL20": 1.17703,
  "up2": false,
  "dn2": false,
  "source": "twelvedata_repo"
}