{
  "datetime": "2025-10-30 16:10:00",
  "open": 1.15717,
  "high": 1.15764,
  "low": 1.15717,
  "close": 1.15753,
  "rollH20": 1.15859,
  "rollL20": 1.15674,
  "up2": false,
  "dn2": false,
  "source": "twelvedata_repo"
}