{
  "datetime": "2026-02-26 03:05:00",
  "open": 1.18193,
  "high": 1.18197,
  "low": 1.18192,
  "close": 1.18192,
  "rollH20": 1.18288,
  "rollL20": 1.18141,
  "up2": false,
  "dn2": false,
  "source": "twelvedata_repo"
}