{
  "datetime": "2025-12-18 22:30:00",
  "open": 1.17246,
  "high": 1.17251,
  "low": 1.17239,
  "close": 1.17242,
  "rollH20": 1.17281,
  "rollL20": 1.17211,
  "up2": false,
  "dn2": false,
  "source": "twelvedata_repo"
}