{
  "datetime": "2025-12-31 00:55:00",
  "open": 1.17466,
  "high": 1.17472,
  "low": 1.17464,
  "close": 1.1747,
  "rollH20": 1.17499,
  "rollL20": 1.17456,
  "up2": false,
  "dn2": false,
  "source": "twelvedata_repo"
}