{
  "datetime": "2026-01-20 23:20:00",
  "open": 1.17236,
  "high": 1.17241,
  "low": 1.17234,
  "close": 1.17234,
  "rollH20": 1.17271,
  "rollL20": 1.17158,
  "up2": false,
  "dn2": false,
  "source": "twelvedata_repo"
}