{
  "datetime": "2026-04-10 21:30:00",
  "open": 1.17289,
  "high": 1.17299,
  "low": 1.17287,
  "close": 1.17298,
  "rollH20": 1.17322,
  "rollL20": 1.17271,
  "up2": false,
  "dn2": false,
  "source": "twelvedata_repo"
}