{
  "datetime": "2025-12-26 16:05:00",
  "open": 1.17877,
  "high": 1.17895,
  "low": 1.17871,
  "close": 1.17893,
  "rollH20": 1.17965,
  "rollL20": 1.1782,
  "up2": false,
  "dn2": false,
  "source": "twelvedata_repo"
}