{
  "datetime": "2026-04-07 22:40:00",
  "open": 1.15997,
  "high": 1.16002,
  "low": 1.15994,
  "close": 1.15999,
  "rollH20": 1.16044,
  "rollL20": 1.15935,
  "up2": false,
  "dn2": false,
  "source": "twelvedata_repo"
}