{
  "datetime": "2025-10-07 20:45:00",
  "open": 1.16498,
  "high": 1.16498,
  "low": 1.16484,
  "close": 1.16485,
  "rollH20": 1.167,
  "rollL20": 1.16477,
  "up2": false,
  "dn2": false,
  "source": "twelvedata_repo"
}