{
  "datetime": "2025-11-24 18:20:00",
  "open": 1.15149,
  "high": 1.15153,
  "low": 1.15136,
  "close": 1.15143,
  "rollH20": 1.15308,
  "rollL20": 1.15123,
  "up2": false,
  "dn2": false,
  "source": "twelvedata_repo"
}