{
  "datetime": "2026-04-20 08:00:00",
  "open": 1.17636,
  "high": 1.17661,
  "low": 1.17632,
  "close": 1.17649,
  "rollH20": 1.17639,
  "rollL20": 1.17482,
  "up2": false,
  "dn2": false,
  "source": "twelvedata_repo"
}