{
  "datetime": "2026-07-17 11:10:00",
  "open": 1.14376,
  "high": 1.14394,
  "low": 1.14376,
  "close": 1.14393,
  "rollH20": 1.14434,
  "rollL20": 1.14358,
  "up2": false,
  "dn2": false,
  "source": "twelvedata_repo"
}