{
  "datetime": "2026-05-18 14:00:00",
  "open": 1.16511,
  "high": 1.16527,
  "low": 1.16481,
  "close": 1.16492,
  "rollH20": 1.16572,
  "rollL20": 1.16284,
  "up2": false,
  "dn2": false,
  "source": "twelvedata_repo"
}