{
  "datetime": "2025-10-01 11:45:00",
  "open": 1.17256,
  "high": 1.17291,
  "low": 1.17255,
  "close": 1.17284,
  "rollH20": 1.1754,
  "rollL20": 1.17159,
  "up2": false,
  "dn2": false,
  "source": "twelvedata_repo"
}