{
  "datetime": "2025-09-16 21:40:00",
  "open": 1.18645,
  "high": 1.18645,
  "low": 1.18631,
  "close": 1.18634,
  "rollH20": 1.18689,
  "rollL20": 1.18582,
  "up2": false,
  "dn2": false,
  "source": "twelvedata_repo"
}