{
  "datetime": "2025-12-08 20:45:00",
  "open": 1.16413,
  "high": 1.16415,
  "low": 1.16398,
  "close": 1.16403,
  "rollH20": 1.16421,
  "rollL20": 1.16352,
  "up2": false,
  "dn2": false,
  "source": "twelvedata_repo"
}