{
  "datetime": "2026-03-08 06:05:00",
  "open": 1.16194,
  "high": 1.16197,
  "low": 1.16194,
  "close": 1.16194,
  "rollH20": 1.16199,
  "rollL20": 1.16182,
  "up2": false,
  "dn2": false,
  "source": "twelvedata_repo"
}