{
  "datetime": "2025-12-09 16:40:00",
  "open": 1.16304,
  "high": 1.16306,
  "low": 1.16273,
  "close": 1.16273,
  "rollH20": 1.16395,
  "rollL20": 1.16165,
  "up2": false,
  "dn2": false,
  "source": "twelvedata_repo"
}