{
  "datetime": "2026-03-02 09:00:00",
  "open": 1.17229,
  "high": 1.17233,
  "low": 1.1722,
  "close": 1.1723,
  "rollH20": 1.17269,
  "rollL20": 1.16992,
  "up2": false,
  "dn2": false,
  "source": "twelvedata_repo"
}