{
  "datetime": "2026-02-06 00:25:00",
  "open": 1.17775,
  "high": 1.17776,
  "low": 1.17774,
  "close": 1.17776,
  "rollH20": 1.17828,
  "rollL20": 1.17751,
  "up2": false,
  "dn2": false,
  "source": "twelvedata_repo"
}