{
  "datetime": "2025-10-15 00:15:00",
  "open": 1.16063,
  "high": 1.16077,
  "low": 1.16063,
  "close": 1.16077,
  "rollH20": 1.16144,
  "rollL20": 1.16063,
  "up2": false,
  "dn2": false,
  "source": "twelvedata_repo"
}