{
  "datetime": "2025-09-23 20:45:00",
  "open": 1.18155,
  "high": 1.18167,
  "low": 1.18153,
  "close": 1.18157,
  "rollH20": 1.18167,
  "rollL20": 1.18069,
  "up2": false,
  "dn2": false,
  "source": "twelvedata_repo"
}