{
  "datetime": "2025-12-16 11:55:00",
  "open": 1.1755,
  "high": 1.17572,
  "low": 1.1755,
  "close": 1.17572,
  "rollH20": 1.17627,
  "rollL20": 1.17511,
  "up2": false,
  "dn2": false,
  "source": "twelvedata_repo"
}