{
  "datetime": "2026-02-13 22:05:00",
  "open": 1.18759,
  "high": 1.18772,
  "low": 1.18755,
  "close": 1.18756,
  "rollH20": 1.18764,
  "rollL20": 1.18655,
  "up2": false,
  "dn2": false,
  "source": "twelvedata_repo"
}