{
  "datetime": "2026-02-10 00:55:00",
  "open": 1.19048,
  "high": 1.19054,
  "low": 1.19026,
  "close": 1.19037,
  "rollH20": 1.19148,
  "rollL20": 1.19048,
  "up2": false,
  "dn2": false,
  "source": "twelvedata_repo"
}