{
  "datetime": "2026-03-09 15:10:00",
  "open": 1.15798,
  "high": 1.15828,
  "low": 1.15798,
  "close": 1.15828,
  "rollH20": 1.15877,
  "rollL20": 1.15463,
  "up2": false,
  "dn2": false,
  "source": "twelvedata_repo"
}