{
  "datetime": "2026-04-03 13:40:00",
  "open": 1.15295,
  "high": 1.15321,
  "low": 1.15291,
  "close": 1.15318,
  "rollH20": 1.15468,
  "rollL20": 1.15198,
  "up2": false,
  "dn2": false,
  "source": "twelvedata_repo"
}