{
  "datetime": "2026-02-10 20:05:00",
  "open": 1.18919,
  "high": 1.18921,
  "low": 1.18916,
  "close": 1.18921,
  "rollH20": 1.19055,
  "rollL20": 1.18912,
  "up2": false,
  "dn2": false,
  "source": "twelvedata_repo"
}