{
  "datetime": "2025-11-14 10:55:00",
  "open": 1.16217,
  "high": 1.16219,
  "low": 1.16213,
  "close": 1.16213,
  "rollH20": 1.16373,
  "rollL20": 1.16206,
  "up2": false,
  "dn2": false,
  "source": "twelvedata_repo"
}