{
  "datetime": "2025-10-03 21:30:00",
  "open": 1.17427,
  "high": 1.17427,
  "low": 1.17422,
  "close": 1.17422,
  "rollH20": 1.17444,
  "rollL20": 1.17369,
  "up2": false,
  "dn2": false,
  "source": "twelvedata_repo"
}