{
  "datetime": "2026-02-01 21:35:00",
  "open": 1.18525,
  "high": 1.18529,
  "low": 1.18517,
  "close": 1.18517,
  "rollH20": 1.18665,
  "rollL20": 1.18364,
  "up2": false,
  "dn2": false,
  "source": "twelvedata_repo"
}