{
  "datetime": "2026-02-12 00:55:00",
  "open": 1.18754,
  "high": 1.18758,
  "low": 1.18748,
  "close": 1.1875,
  "rollH20": 1.18767,
  "rollL20": 1.18707,
  "up2": false,
  "dn2": false,
  "source": "twelvedata_repo"
}