{
  "datetime": "2026-07-18 01:45:00",
  "open": 1.14376,
  "high": 1.14388,
  "low": 1.14375,
  "close": 1.14385,
  "rollH20": 1.14413,
  "rollL20": 1.14376,
  "up2": false,
  "dn2": false,
  "source": "twelvedata_repo"
}