{
  "datetime": "2025-10-17 11:30:00",
  "open": 1.16943,
  "high": 1.16951,
  "low": 1.16926,
  "close": 1.16937,
  "rollH20": 1.17077,
  "rollL20": 1.16916,
  "up2": false,
  "dn2": false,
  "source": "twelvedata_repo"
}