{
  "datetime": "2026-02-27 22:45:00",
  "open": 1.18163,
  "high": 1.18178,
  "low": 1.18157,
  "close": 1.18173,
  "rollH20": 1.18187,
  "rollL20": 1.18115,
  "up2": false,
  "dn2": false,
  "source": "twelvedata_repo"
}