{
  "datetime": "2026-06-26 19:55:00",
  "open": 1.13893,
  "high": 1.13904,
  "low": 1.13868,
  "close": 1.13871,
  "rollH20": 1.13932,
  "rollL20": 1.13851,
  "up2": false,
  "dn2": false,
  "source": "twelvedata_repo"
}