{
  "datetime": "2025-09-30 14:55:00",
  "open": 1.17375,
  "high": 1.17375,
  "low": 1.17332,
  "close": 1.17346,
  "rollH20": 1.17449,
  "rollL20": 1.17165,
  "up2": false,
  "dn2": false,
  "source": "twelvedata_repo"
}