{
  "datetime": "2025-09-30 10:40:00",
  "open": 1.17456,
  "high": 1.17484,
  "low": 1.17451,
  "close": 1.17476,
  "rollH20": 1.17611,
  "rollL20": 1.17432,
  "up2": false,
  "dn2": false,
  "source": "twelvedata_repo"
}