{
  "datetime": "2026-04-24 18:25:00",
  "open": 1.17165,
  "high": 1.17169,
  "low": 1.17165,
  "close": 1.17169,
  "rollH20": 1.17212,
  "rollL20": 1.17053,
  "up2": false,
  "dn2": false,
  "source": "twelvedata_repo"
}