{
  "datetime": "2026-04-11 12:30:00",
  "open": 1.17175,
  "high": 1.17213,
  "low": 1.17175,
  "close": 1.17183,
  "rollH20": 1.17232,
  "rollL20": 1.17178,
  "up2": false,
  "dn2": false,
  "source": "twelvedata_repo"
}