{
  "datetime": "2026-03-31 01:50:00",
  "open": 1.14721,
  "high": 1.14728,
  "low": 1.14719,
  "close": 1.14728,
  "rollH20": 1.14732,
  "rollL20": 1.14496,
  "up2": false,
  "dn2": false,
  "source": "twelvedata_repo"
}