{
  "datetime": "2026-02-11 11:10:00",
  "open": 1.19182,
  "high": 1.19196,
  "low": 1.19182,
  "close": 1.19196,
  "rollH20": 1.19203,
  "rollL20": 1.19118,
  "up2": false,
  "dn2": false,
  "source": "twelvedata_repo"
}