{
  "datetime": "2025-09-29 18:15:00",
  "open": 1.17268,
  "high": 1.1727,
  "low": 1.17255,
  "close": 1.17256,
  "rollH20": 1.1734,
  "rollL20": 1.17253,
  "up2": false,
  "dn2": false,
  "source": "twelvedata_repo"
}