{
  "datetime": "2025-11-19 08:25:00",
  "open": 1.1588,
  "high": 1.15891,
  "low": 1.1588,
  "close": 1.15884,
  "rollH20": 1.15918,
  "rollL20": 1.1583,
  "up2": false,
  "dn2": false,
  "source": "twelvedata_repo"
}