{
  "datetime": "2025-09-11 15:45:00",
  "open": 1.17342,
  "high": 1.17361,
  "low": 1.1732,
  "close": 1.17327,
  "rollH20": 1.17442,
  "rollL20": 1.17139,
  "up2": false,
  "dn2": false,
  "source": "twelvedata_repo"
}