{
  "datetime": "2026-03-16 11:50:00",
  "open": 1.14845,
  "high": 1.14847,
  "low": 1.1477,
  "close": 1.14791,
  "rollH20": 1.14878,
  "rollL20": 1.14516,
  "up2": false,
  "dn2": false,
  "source": "twelvedata_repo"
}