{
  "datetime": "2025-12-19 16:10:00",
  "open": 1.17264,
  "high": 1.17267,
  "low": 1.17236,
  "close": 1.17244,
  "rollH20": 1.17382,
  "rollL20": 1.17121,
  "up2": false,
  "dn2": false,
  "source": "twelvedata_repo"
}