{
  "datetime": "2026-06-24 23:45:00",
  "open": 1.13571,
  "high": 1.13577,
  "low": 1.13568,
  "close": 1.13575,
  "rollH20": 1.13628,
  "rollL20": 1.13556,
  "up2": false,
  "dn2": false,
  "source": "twelvedata_repo"
}