{
  "datetime": "2026-04-27 03:40:00",
  "open": 1.17279,
  "high": 1.17283,
  "low": 1.1727,
  "close": 1.17273,
  "rollH20": 1.17287,
  "rollL20": 1.1716,
  "up2": false,
  "dn2": false,
  "source": "twelvedata_repo"
}