{
  "datetime": "2026-01-16 18:40:00",
  "open": 1.16008,
  "high": 1.16011,
  "low": 1.15992,
  "close": 1.15992,
  "rollH20": 1.16055,
  "rollL20": 1.15934,
  "up2": false,
  "dn2": false,
  "source": "twelvedata_repo"
}