{
  "datetime": "2025-09-30 04:35:00",
  "open": 1.17255,
  "high": 1.17256,
  "low": 1.1725,
  "close": 1.17253,
  "rollH20": 1.17264,
  "rollL20": 1.17123,
  "up2": false,
  "dn2": false,
  "source": "twelvedata_repo"
}