{
  "datetime": "2025-09-12 08:45:00",
  "open": 1.17381,
  "high": 1.17399,
  "low": 1.17379,
  "close": 1.17399,
  "rollH20": 1.17476,
  "rollL20": 1.1722,
  "up2": false,
  "dn2": false,
  "source": "twelvedata_repo"
}