{
  "datetime": "2025-10-23 00:05:00",
  "open": 1.16144,
  "high": 1.16144,
  "low": 1.16144,
  "close": 1.16144,
  "rollH20": 1.16184,
  "rollL20": 1.16131,
  "up2": false,
  "dn2": false,
  "source": "twelvedata_repo"
}