{
  "datetime": "2026-03-06 14:50:00",
  "open": 1.15662,
  "high": 1.15734,
  "low": 1.15649,
  "close": 1.15698,
  "rollH20": 1.15928,
  "rollL20": 1.1547,
  "up2": false,
  "dn2": false,
  "source": "twelvedata_repo"
}