{
  "datetime": "2025-09-11 07:45:00",
  "open": 1.16905,
  "high": 1.16928,
  "low": 1.16902,
  "close": 1.16925,
  "rollH20": 1.16977,
  "rollL20": 1.16837,
  "up2": false,
  "dn2": false,
  "source": "twelvedata_repo"
}