{
  "datetime": "2026-06-12 23:10:00",
  "open": 1.15728,
  "high": 1.15728,
  "low": 1.15679,
  "close": 1.15694,
  "rollH20": 1.15786,
  "rollL20": 1.1563,
  "up2": false,
  "dn2": false,
  "source": "twelvedata_repo"
}