{
  "datetime": "2026-02-03 08:45:00",
  "open": 1.18233,
  "high": 1.18236,
  "low": 1.18221,
  "close": 1.1823,
  "rollH20": 1.18237,
  "rollL20": 1.1809,
  "up2": false,
  "dn2": false,
  "source": "twelvedata_repo"
}