{
  "datetime": "2025-12-22 10:45:00",
  "open": 1.1731,
  "high": 1.17323,
  "low": 1.17308,
  "close": 1.17323,
  "rollH20": 1.17381,
  "rollL20": 1.17244,
  "up2": false,
  "dn2": false,
  "source": "twelvedata_repo"
}