{
  "datetime": "2025-12-12 15:55:00",
  "open": 1.17429,
  "high": 1.17434,
  "low": 1.17428,
  "close": 1.17429,
  "rollH20": 1.1745,
  "rollL20": 1.17238,
  "up2": false,
  "dn2": false,
  "source": "twelvedata_repo"
}