{
  "datetime": "2025-12-07 23:25:00",
  "open": 1.16407,
  "high": 1.16408,
  "low": 1.16394,
  "close": 1.16408,
  "rollH20": 1.16481,
  "rollL20": 1.16396,
  "up2": false,
  "dn2": false,
  "source": "twelvedata_repo"
}