{
  "datetime": "2026-07-15 01:40:00",
  "open": 1.1428,
  "high": 1.1428,
  "low": 1.14266,
  "close": 1.14267,
  "rollH20": 1.14304,
  "rollL20": 1.14196,
  "up2": false,
  "dn2": false,
  "source": "twelvedata_repo"
}