{
  "datetime": "2026-03-19 17:45:00",
  "open": 1.15575,
  "high": 1.1559,
  "low": 1.15575,
  "close": 1.15588,
  "rollH20": 1.15587,
  "rollL20": 1.15024,
  "up2": false,
  "dn2": false,
  "source": "twelvedata_repo"
}