{
  "datetime": "2025-11-28 14:35:00",
  "open": 1.1571,
  "high": 1.1573,
  "low": 1.15709,
  "close": 1.15724,
  "rollH20": 1.15726,
  "rollL20": 1.15624,
  "up2": false,
  "dn2": false,
  "source": "twelvedata_repo"
}