{
  "datetime": "2026-06-14 03:15:00",
  "open": 1.15739,
  "high": 1.15743,
  "low": 1.15738,
  "close": 1.15738,
  "rollH20": 1.15766,
  "rollL20": 1.15727,
  "up2": false,
  "dn2": false,
  "source": "twelvedata_repo"
}