{
  "datetime": "2026-01-31 20:40:00",
  "open": 1.18537,
  "high": 1.18542,
  "low": 1.18535,
  "close": 1.18537,
  "rollH20": 1.18552,
  "rollL20": 1.18535,
  "up2": false,
  "dn2": false,
  "source": "twelvedata_repo"
}