{
  "datetime": "2026-06-23 09:40:00",
  "open": 1.14064,
  "high": 1.14071,
  "low": 1.14059,
  "close": 1.14069,
  "rollH20": 1.14386,
  "rollL20": 1.14049,
  "up2": false,
  "dn2": false,
  "source": "twelvedata_repo"
}