{
  "datetime": "2026-01-08 14:35:00",
  "open": 1.16684,
  "high": 1.16716,
  "low": 1.16678,
  "close": 1.16703,
  "rollH20": 1.16792,
  "rollL20": 1.16684,
  "up2": false,
  "dn2": false,
  "source": "twelvedata_repo"
}