{
  "datetime": "2025-10-21 04:50:00",
  "open": 1.16335,
  "high": 1.16353,
  "low": 1.16335,
  "close": 1.16344,
  "rollH20": 1.16447,
  "rollL20": 1.16327,
  "up2": false,
  "dn2": false,
  "source": "twelvedata_repo"
}