{
  "datetime": "2026-03-20 06:00:00",
  "open": 1.15538,
  "high": 1.1556,
  "low": 1.15531,
  "close": 1.1556,
  "rollH20": 1.15607,
  "rollL20": 1.15533,
  "up2": false,
  "dn2": false,
  "source": "twelvedata_repo"
}