{
  "datetime": "2025-12-11 03:55:00",
  "open": 1.16978,
  "high": 1.16979,
  "low": 1.16939,
  "close": 1.16942,
  "rollH20": 1.17062,
  "rollL20": 1.16968,
  "up2": false,
  "dn2": false,
  "source": "twelvedata_repo"
}