{
  "datetime": "2025-11-19 14:35:00",
  "open": 1.1579,
  "high": 1.1579,
  "low": 1.15773,
  "close": 1.15773,
  "rollH20": 1.15905,
  "rollL20": 1.15762,
  "up2": false,
  "dn2": false,
  "source": "twelvedata_repo"
}