{
  "datetime": "2025-12-03 06:10:00",
  "open": 1.1643,
  "high": 1.16435,
  "low": 1.16428,
  "close": 1.16435,
  "rollH20": 1.16433,
  "rollL20": 1.16365,
  "up2": false,
  "dn2": false,
  "source": "twelvedata_repo"
}