{
  "datetime": "2026-01-14 09:05:00",
  "open": 1.16484,
  "high": 1.16515,
  "low": 1.16465,
  "close": 1.16466,
  "rollH20": 1.16516,
  "rollL20": 1.16441,
  "up2": false,
  "dn2": false,
  "source": "twelvedata_repo"
}