{
  "datetime": "2026-02-20 21:20:00",
  "open": 1.17913,
  "high": 1.17917,
  "low": 1.17906,
  "close": 1.17908,
  "rollH20": 1.17919,
  "rollL20": 1.17784,
  "up2": false,
  "dn2": false,
  "source": "twelvedata_repo"
}