{
  "datetime": "2025-09-17 11:45:00",
  "open": 1.18429,
  "high": 1.18432,
  "low": 1.18425,
  "close": 1.18432,
  "rollH20": 1.18493,
  "rollL20": 1.18327,
  "up2": false,
  "dn2": false,
  "source": "twelvedata_repo"
}