{
  "datetime": "2025-12-23 12:30:00",
  "open": 1.17989,
  "high": 1.17993,
  "low": 1.17977,
  "close": 1.17978,
  "rollH20": 1.18005,
  "rollL20": 1.17863,
  "up2": false,
  "dn2": false,
  "source": "twelvedata_repo"
}