{
  "datetime": "2026-01-18 00:45:00",
  "open": 1.16045,
  "high": 1.16047,
  "low": 1.16045,
  "close": 1.16046,
  "rollH20": 1.1606,
  "rollL20": 1.16016,
  "up2": false,
  "dn2": false,
  "source": "twelvedata_repo"
}