{
  "datetime": "2026-03-03 11:55:00",
  "open": 1.16019,
  "high": 1.16022,
  "low": 1.15952,
  "close": 1.15958,
  "rollH20": 1.16067,
  "rollL20": 1.15822,
  "up2": false,
  "dn2": false,
  "source": "twelvedata_repo"
}