{
  "datetime": "2025-11-10 22:30:00",
  "open": 1.15602,
  "high": 1.15609,
  "low": 1.15596,
  "close": 1.15607,
  "rollH20": 1.15648,
  "rollL20": 1.156,
  "up2": false,
  "dn2": false,
  "source": "twelvedata_repo"
}