{
  "datetime": "2026-01-07 20:40:00",
  "open": 1.1682,
  "high": 1.16829,
  "low": 1.1682,
  "close": 1.16827,
  "rollH20": 1.16902,
  "rollL20": 1.16791,
  "up2": false,
  "dn2": false,
  "source": "twelvedata_repo"
}