{
  "datetime": "2025-09-25 20:45:00",
  "open": 1.16571,
  "high": 1.16573,
  "low": 1.1657,
  "close": 1.1657,
  "rollH20": 1.16629,
  "rollL20": 1.16454,
  "up2": false,
  "dn2": false,
  "source": "twelvedata_repo"
}