{
  "datetime": "2026-06-06 19:00:00",
  "open": 1.15218,
  "high": 1.15222,
  "low": 1.15211,
  "close": 1.15222,
  "rollH20": 1.15242,
  "rollL20": 1.15203,
  "up2": false,
  "dn2": false,
  "source": "twelvedata_repo"
}