{
  "datetime": "2026-03-14 08:20:00",
  "open": 1.14163,
  "high": 1.14381,
  "low": 1.14122,
  "close": 1.14296,
  "rollH20": 1.14375,
  "rollL20": 1.14131,
  "up2": false,
  "dn2": false,
  "source": "twelvedata_repo"
}