{
  "datetime": "2025-12-05 00:40:00",
  "open": 1.16426,
  "high": 1.16428,
  "low": 1.16423,
  "close": 1.16423,
  "rollH20": 1.16467,
  "rollL20": 1.16416,
  "up2": false,
  "dn2": false,
  "source": "twelvedata_repo"
}