{
  "datetime": "2026-03-04 19:20:00",
  "open": 1.16293,
  "high": 1.16295,
  "low": 1.16281,
  "close": 1.16292,
  "rollH20": 1.16349,
  "rollL20": 1.1624,
  "up2": false,
  "dn2": false,
  "source": "twelvedata_repo"
}