{
  "datetime": "2026-01-19 05:30:00",
  "open": 1.163,
  "high": 1.16302,
  "low": 1.16294,
  "close": 1.16294,
  "rollH20": 1.16305,
  "rollL20": 1.16165,
  "up2": false,
  "dn2": false,
  "source": "twelvedata_repo"
}