{
  "datetime": "2026-03-22 04:20:00",
  "open": 1.15885,
  "high": 1.1589,
  "low": 1.15883,
  "close": 1.15887,
  "rollH20": 1.15922,
  "rollL20": 1.15876,
  "up2": false,
  "dn2": false,
  "source": "twelvedata_repo"
}