{
  "datetime": "2026-04-30 17:30:00",
  "open": 1.17258,
  "high": 1.17265,
  "low": 1.17245,
  "close": 1.17248,
  "rollH20": 1.17358,
  "rollL20": 1.1715,
  "up2": false,
  "dn2": false,
  "source": "twelvedata_repo"
}