{
  "datetime": "2026-04-12 15:55:00",
  "open": 1.17243,
  "high": 1.17248,
  "low": 1.17205,
  "close": 1.17205,
  "rollH20": 1.17311,
  "rollL20": 1.17212,
  "up2": false,
  "dn2": false,
  "source": "twelvedata_repo"
}