{
  "datetime": "2026-04-26 18:20:00",
  "open": 1.17187,
  "high": 1.17192,
  "low": 1.17185,
  "close": 1.17189,
  "rollH20": 1.17237,
  "rollL20": 1.17146,
  "up2": false,
  "dn2": false,
  "source": "twelvedata_repo"
}