{
  "datetime": "2026-04-20 00:25:00",
  "open": 1.17431,
  "high": 1.17433,
  "low": 1.17428,
  "close": 1.1743,
  "rollH20": 1.17453,
  "rollL20": 1.17299,
  "up2": false,
  "dn2": false,
  "source": "twelvedata_repo"
}