{
  "datetime": "2025-11-28 10:10:00",
  "open": 1.15746,
  "high": 1.15792,
  "low": 1.15746,
  "close": 1.15785,
  "rollH20": 1.15895,
  "rollL20": 1.15678,
  "up2": false,
  "dn2": false,
  "source": "twelvedata_repo"
}