{
  "datetime": "2025-10-28 09:40:00",
  "open": 1.16581,
  "high": 1.16599,
  "low": 1.16575,
  "close": 1.16591,
  "rollH20": 1.16627,
  "rollL20": 1.16508,
  "up2": false,
  "dn2": false,
  "source": "twelvedata_repo"
}