{
  "datetime": "2026-06-16 19:05:00",
  "open": 1.16139,
  "high": 1.16139,
  "low": 1.16122,
  "close": 1.16125,
  "rollH20": 1.16182,
  "rollL20": 1.16104,
  "up2": false,
  "dn2": false,
  "source": "twelvedata_repo"
}