{
  "datetime": "2026-01-30 19:55:00",
  "open": 1.18826,
  "high": 1.18828,
  "low": 1.18773,
  "close": 1.18792,
  "rollH20": 1.18835,
  "rollL20": 1.18533,
  "up2": false,
  "dn2": false,
  "source": "twelvedata_repo"
}