{
  "datetime": "2026-02-25 05:50:00",
  "open": 1.18045,
  "high": 1.18051,
  "low": 1.18045,
  "close": 1.18051,
  "rollH20": 1.18052,
  "rollL20": 1.17882,
  "up2": false,
  "dn2": false,
  "source": "twelvedata_repo"
}