{
  "datetime": "2025-10-02 13:10:00",
  "open": 1.17531,
  "high": 1.17555,
  "low": 1.17525,
  "close": 1.17547,
  "rollH20": 1.17582,
  "rollL20": 1.17462,
  "up2": false,
  "dn2": false,
  "source": "twelvedata_repo"
}