{
  "datetime": "2026-04-19 14:40:00",
  "open": 1.17552,
  "high": 1.17554,
  "low": 1.17552,
  "close": 1.17552,
  "rollH20": 1.17667,
  "rollL20": 1.17505,
  "up2": false,
  "dn2": false,
  "source": "twelvedata_repo"
}