{
  "datetime": "2026-05-19 20:25:00",
  "open": 1.16038,
  "high": 1.16038,
  "low": 1.16029,
  "close": 1.1603,
  "rollH20": 1.16142,
  "rollL20": 1.16028,
  "up2": false,
  "dn2": false,
  "source": "twelvedata_repo"
}