{
  "datetime": "2025-12-25 19:20:00",
  "open": 1.17875,
  "high": 1.17881,
  "low": 1.17813,
  "close": 1.17831,
  "rollH20": 1.17901,
  "rollL20": 1.1779,
  "up2": false,
  "dn2": false,
  "source": "twelvedata_repo"
}