{
  "datetime": "2026-06-14 15:30:00",
  "open": 1.15667,
  "high": 1.15672,
  "low": 1.15666,
  "close": 1.15666,
  "rollH20": 1.15737,
  "rollL20": 1.15643,
  "up2": false,
  "dn2": false,
  "source": "twelvedata_repo"
}