{
  "datetime": "2026-02-16 23:40:00",
  "open": 1.185,
  "high": 1.18504,
  "low": 1.18497,
  "close": 1.18498,
  "rollH20": 1.18527,
  "rollL20": 1.18476,
  "up2": false,
  "dn2": false,
  "source": "twelvedata_repo"
}