{
  "datetime": "2026-05-28 00:05:00",
  "open": 1.16266,
  "high": 1.16278,
  "low": 1.16266,
  "close": 1.16271,
  "rollH20": 1.16309,
  "rollL20": 1.16248,
  "up2": false,
  "dn2": false,
  "source": "twelvedata_repo"
}