{
  "datetime": "2025-09-09 23:40:00",
  "open": 1.17121,
  "high": 1.17129,
  "low": 1.17115,
  "close": 1.17121,
  "rollH20": 1.17154,
  "rollL20": 1.17043,
  "up2": false,
  "dn2": false,
  "source": "twelvedata_repo"
}