{
  "datetime": "2026-02-14 10:55:00",
  "open": 1.1861,
  "high": 1.18615,
  "low": 1.18609,
  "close": 1.18609,
  "rollH20": 1.18693,
  "rollL20": 1.18608,
  "up2": false,
  "dn2": false,
  "source": "twelvedata_repo"
}