{
  "datetime": "2025-12-08 18:35:00",
  "open": 1.16251,
  "high": 1.16256,
  "low": 1.16249,
  "close": 1.16253,
  "rollH20": 1.16296,
  "rollL20": 1.16171,
  "up2": false,
  "dn2": false,
  "source": "twelvedata_repo"
}