{
  "datetime": "2026-03-14 20:50:00",
  "open": 1.14638,
  "high": 1.14642,
  "low": 1.14638,
  "close": 1.14638,
  "rollH20": 1.14676,
  "rollL20": 1.14476,
  "up2": false,
  "dn2": false,
  "source": "twelvedata_repo"
}