{
  "datetime": "2025-11-20 16:55:00",
  "open": 1.15233,
  "high": 1.15258,
  "low": 1.1522,
  "close": 1.15257,
  "rollH20": 1.15495,
  "rollL20": 1.152,
  "up2": false,
  "dn2": false,
  "source": "twelvedata_repo"
}