{
  "datetime": "2026-02-25 16:15:00",
  "open": 1.1805,
  "high": 1.18056,
  "low": 1.18035,
  "close": 1.18056,
  "rollH20": 1.18075,
  "rollL20": 1.17803,
  "up2": false,
  "dn2": false,
  "source": "twelvedata_repo"
}