{
  "datetime": "2025-11-28 08:30:00",
  "open": 1.15846,
  "high": 1.15849,
  "low": 1.15834,
  "close": 1.15838,
  "rollH20": 1.15897,
  "rollL20": 1.15823,
  "up2": false,
  "dn2": false,
  "source": "twelvedata_repo"
}