{
  "datetime": "2026-05-07 21:35:00",
  "open": 1.17353,
  "high": 1.17353,
  "low": 1.1733,
  "close": 1.17339,
  "rollH20": 1.17534,
  "rollL20": 1.17311,
  "up2": false,
  "dn2": false,
  "source": "twelvedata_repo"
}