{
  "datetime": "2025-10-29 00:55:00",
  "open": 1.16529,
  "high": 1.16545,
  "low": 1.16529,
  "close": 1.16542,
  "rollH20": 1.16542,
  "rollL20": 1.16486,
  "up2": false,
  "dn2": false,
  "source": "twelvedata_repo"
}