{
  "datetime": "2026-04-18 12:20:00",
  "open": 1.17648,
  "high": 1.17649,
  "low": 1.17645,
  "close": 1.17645,
  "rollH20": 1.17717,
  "rollL20": 1.1763,
  "up2": false,
  "dn2": false,
  "source": "twelvedata_repo"
}