{
  "datetime": "2026-03-23 18:10:00",
  "open": 1.15989,
  "high": 1.15993,
  "low": 1.15983,
  "close": 1.15983,
  "rollH20": 1.16108,
  "rollL20": 1.15786,
  "up2": false,
  "dn2": false,
  "source": "twelvedata_repo"
}