{
  "datetime": "2025-10-23 14:40:00",
  "open": 1.16092,
  "high": 1.16092,
  "low": 1.16089,
  "close": 1.16089,
  "rollH20": 1.16105,
  "rollL20": 1.15866,
  "up2": false,
  "dn2": false,
  "source": "twelvedata_repo"
}