{
  "datetime": "2026-02-17 06:50:00",
  "open": 1.18447,
  "high": 1.18451,
  "low": 1.18441,
  "close": 1.1845,
  "rollH20": 1.1846,
  "rollL20": 1.18374,
  "up2": false,
  "dn2": false,
  "source": "twelvedata_repo"
}