{
  "datetime": "2026-03-18 06:55:00",
  "open": 1.15403,
  "high": 1.15433,
  "low": 1.15403,
  "close": 1.15432,
  "rollH20": 1.15493,
  "rollL20": 1.15395,
  "up2": false,
  "dn2": false,
  "source": "twelvedata_repo"
}