{
  "datetime": "2026-01-18 14:45:00",
  "open": 1.15906,
  "high": 1.1591,
  "low": 1.15868,
  "close": 1.15868,
  "rollH20": 1.16033,
  "rollL20": 1.15842,
  "up2": false,
  "dn2": false,
  "source": "twelvedata_repo"
}