{
  "datetime": "2026-02-07 16:50:00",
  "open": 1.18184,
  "high": 1.18188,
  "low": 1.18182,
  "close": 1.18183,
  "rollH20": 1.18195,
  "rollL20": 1.18165,
  "up2": false,
  "dn2": false,
  "source": "twelvedata_repo"
}