{
  "datetime": "2025-12-17 22:40:00",
  "open": 1.17409,
  "high": 1.17413,
  "low": 1.17407,
  "close": 1.1741,
  "rollH20": 1.17466,
  "rollL20": 1.17391,
  "up2": false,
  "dn2": false,
  "source": "twelvedata_repo"
}