{
  "datetime": "2026-05-28 23:00:00",
  "open": 1.16519,
  "high": 1.16526,
  "low": 1.16513,
  "close": 1.16517,
  "rollH20": 1.16539,
  "rollL20": 1.16463,
  "up2": false,
  "dn2": false,
  "source": "twelvedata_repo"
}