{
  "datetime": "2026-01-16 17:35:00",
  "open": 1.1598,
  "high": 1.15985,
  "low": 1.15977,
  "close": 1.15982,
  "rollH20": 1.16275,
  "rollL20": 1.15851,
  "up2": false,
  "dn2": false,
  "source": "twelvedata_repo"
}