{
  "datetime": "2026-03-24 16:55:00",
  "open": 1.15845,
  "high": 1.15847,
  "low": 1.1583,
  "close": 1.15835,
  "rollH20": 1.16019,
  "rollL20": 1.15841,
  "up2": false,
  "dn2": false,
  "source": "twelvedata_repo"
}