{
  "datetime": "2026-01-22 06:45:00",
  "open": 1.16872,
  "high": 1.16877,
  "low": 1.16867,
  "close": 1.16869,
  "rollH20": 1.16975,
  "rollL20": 1.16865,
  "up2": false,
  "dn2": false,
  "source": "twelvedata_repo"
}