{
  "datetime": "2025-09-04 08:55:00",
  "open": 1.16501,
  "high": 1.16516,
  "low": 1.16481,
  "close": 1.16494,
  "rollH20": 1.16614,
  "rollL20": 1.16436,
  "up2": false,
  "dn2": false,
  "source": "twelvedata_repo"
}