{
  "datetime": "2025-10-01 12:55:00",
  "open": 1.17372,
  "high": 1.17372,
  "low": 1.17337,
  "close": 1.17338,
  "rollH20": 1.174,
  "rollL20": 1.17159,
  "up2": false,
  "dn2": false,
  "source": "twelvedata_repo"
}