{
  "datetime": "2025-10-10 10:15:00",
  "open": 1.15753,
  "high": 1.15759,
  "low": 1.15747,
  "close": 1.15752,
  "rollH20": 1.15892,
  "rollL20": 1.15717,
  "up2": false,
  "dn2": false,
  "source": "twelvedata_repo"
}