{
  "datetime": "2026-03-11 13:40:00",
  "open": 1.15852,
  "high": 1.15884,
  "low": 1.15851,
  "close": 1.1587,
  "rollH20": 1.16015,
  "rollL20": 1.15771,
  "up2": false,
  "dn2": false,
  "source": "twelvedata_repo"
}