{
  "datetime": "2025-10-28 10:35:00",
  "open": 1.16548,
  "high": 1.16549,
  "low": 1.16528,
  "close": 1.16538,
  "rollH20": 1.16627,
  "rollL20": 1.16468,
  "up2": false,
  "dn2": false,
  "source": "twelvedata_repo"
}