{
  "datetime": "2026-03-22 05:10:00",
  "open": 1.15896,
  "high": 1.15901,
  "low": 1.15894,
  "close": 1.15895,
  "rollH20": 1.15922,
  "rollL20": 1.15876,
  "up2": false,
  "dn2": false,
  "source": "twelvedata_repo"
}