{
  "datetime": "2025-11-10 10:35:00",
  "open": 1.15668,
  "high": 1.15674,
  "low": 1.15668,
  "close": 1.15674,
  "rollH20": 1.1583,
  "rollL20": 1.15646,
  "up2": false,
  "dn2": false,
  "source": "twelvedata_repo"
}