{
  "datetime": "2025-11-13 07:55:00",
  "open": 1.1584,
  "high": 1.15854,
  "low": 1.1584,
  "close": 1.15854,
  "rollH20": 1.15884,
  "rollL20": 1.15806,
  "up2": false,
  "dn2": false,
  "source": "twelvedata_repo"
}