{
  "datetime": "2026-03-20 17:50:00",
  "open": 1.15624,
  "high": 1.15629,
  "low": 1.15609,
  "close": 1.15623,
  "rollH20": 1.15707,
  "rollL20": 1.15521,
  "up2": false,
  "dn2": false,
  "source": "twelvedata_repo"
}