{
  "datetime": "2026-01-20 00:45:00",
  "open": 1.16389,
  "high": 1.16395,
  "low": 1.16389,
  "close": 1.16395,
  "rollH20": 1.16481,
  "rollL20": 1.16388,
  "up2": false,
  "dn2": false,
  "source": "twelvedata_repo"
}