{
  "datetime": "2026-02-23 05:25:00",
  "open": 1.18161,
  "high": 1.18165,
  "low": 1.18157,
  "close": 1.18158,
  "rollH20": 1.18239,
  "rollL20": 1.18163,
  "up2": false,
  "dn2": false,
  "source": "twelvedata_repo"
}