{
  "datetime": "2025-10-10 18:10:00",
  "open": 1.1598,
  "high": 1.15995,
  "low": 1.15971,
  "close": 1.1598,
  "rollH20": 1.16305,
  "rollL20": 1.15986,
  "up2": false,
  "dn2": false,
  "source": "twelvedata_repo"
}