{
  "datetime": "2025-12-16 23:35:00",
  "open": 1.17487,
  "high": 1.17489,
  "low": 1.17477,
  "close": 1.17481,
  "rollH20": 1.17545,
  "rollL20": 1.17468,
  "up2": false,
  "dn2": false,
  "source": "twelvedata_repo"
}