{
  "datetime": "2025-10-21 18:55:00",
  "open": 1.16039,
  "high": 1.16046,
  "low": 1.16028,
  "close": 1.16043,
  "rollH20": 1.16177,
  "rollL20": 1.16015,
  "up2": false,
  "dn2": false,
  "source": "twelvedata_repo"
}