{
  "datetime": "2026-03-14 17:50:00",
  "open": 1.14368,
  "high": 1.14373,
  "low": 1.14366,
  "close": 1.14367,
  "rollH20": 1.14702,
  "rollL20": 1.14325,
  "up2": false,
  "dn2": false,
  "source": "twelvedata_repo"
}