{
  "datetime": "2025-09-05 12:50:00",
  "open": 1.16799,
  "high": 1.16814,
  "low": 1.16778,
  "close": 1.16792,
  "rollH20": 1.16966,
  "rollL20": 1.16783,
  "up2": false,
  "dn2": false,
  "source": "twelvedata_repo"
}