{
  "datetime": "2025-12-05 17:55:00",
  "open": 1.1637,
  "high": 1.16374,
  "low": 1.16353,
  "close": 1.16357,
  "rollH20": 1.16589,
  "rollL20": 1.16297,
  "up2": false,
  "dn2": false,
  "source": "twelvedata_repo"
}