{
  "datetime": "2026-02-02 10:05:00",
  "open": 1.18481,
  "high": 1.18529,
  "low": 1.18481,
  "close": 1.18525,
  "rollH20": 1.18661,
  "rollL20": 1.18443,
  "up2": false,
  "dn2": false,
  "source": "twelvedata_repo"
}