{
  "datetime": "2026-01-22 12:30:00",
  "open": 1.16988,
  "high": 1.17028,
  "low": 1.16977,
  "close": 1.17016,
  "rollH20": 1.16995,
  "rollL20": 1.16873,
  "up2": false,
  "dn2": false,
  "source": "twelvedata_repo"
}