{
  "datetime": "2026-01-23 16:00:00",
  "open": 1.17462,
  "high": 1.17491,
  "low": 1.17462,
  "close": 1.17491,
  "rollH20": 1.1748,
  "rollL20": 1.17329,
  "up2": false,
  "dn2": false,
  "source": "twelvedata_repo"
}