{
  "datetime": "2026-03-02 20:10:00",
  "open": 1.16925,
  "high": 1.16928,
  "low": 1.16902,
  "close": 1.16902,
  "rollH20": 1.17137,
  "rollL20": 1.1687,
  "up2": false,
  "dn2": false,
  "source": "twelvedata_repo"
}