{
  "datetime": "2025-11-10 23:40:00",
  "open": 1.15585,
  "high": 1.15586,
  "low": 1.15585,
  "close": 1.15585,
  "rollH20": 1.1564,
  "rollL20": 1.15552,
  "up2": false,
  "dn2": false,
  "source": "twelvedata_repo"
}