{
  "datetime": "2025-10-23 06:30:00",
  "open": 1.15996,
  "high": 1.15996,
  "low": 1.15978,
  "close": 1.15983,
  "rollH20": 1.15998,
  "rollL20": 1.15907,
  "up2": false,
  "dn2": false,
  "source": "twelvedata_repo"
}