{
  "datetime": "2026-07-20 14:50:00",
  "open": 1.14169,
  "high": 1.14183,
  "low": 1.14163,
  "close": 1.14178,
  "rollH20": 1.14277,
  "rollL20": 1.14149,
  "up2": false,
  "dn2": false,
  "source": "twelvedata_repo"
}