{
  "datetime": "2026-06-22 20:45:00",
  "open": 1.1421,
  "high": 1.1421,
  "low": 1.14192,
  "close": 1.14202,
  "rollH20": 1.14321,
  "rollL20": 1.14192,
  "up2": false,
  "dn2": false,
  "source": "twelvedata_repo"
}