{
  "datetime": "2026-03-15 19:45:00",
  "open": 1.14206,
  "high": 1.1421,
  "low": 1.14206,
  "close": 1.14207,
  "rollH20": 1.14306,
  "rollL20": 1.13515,
  "up2": false,
  "dn2": false,
  "source": "twelvedata_repo"
}