{
  "datetime": "2026-02-07 20:00:00",
  "open": 1.18193,
  "high": 1.18198,
  "low": 1.18191,
  "close": 1.18192,
  "rollH20": 1.18202,
  "rollL20": 1.1818,
  "up2": false,
  "dn2": false,
  "source": "twelvedata_repo"
}