{
  "datetime": "2025-12-14 23:35:00",
  "open": 1.17378,
  "high": 1.17379,
  "low": 1.17372,
  "close": 1.17372,
  "rollH20": 1.1745,
  "rollL20": 1.17354,
  "up2": false,
  "dn2": false,
  "source": "twelvedata_repo"
}