{
  "datetime": "2026-06-22 12:35:00",
  "open": 1.14543,
  "high": 1.14547,
  "low": 1.14533,
  "close": 1.14545,
  "rollH20": 1.14623,
  "rollL20": 1.14495,
  "up2": false,
  "dn2": false,
  "source": "twelvedata_repo"
}