{
  "datetime": "2026-06-08 12:45:00",
  "open": 1.15365,
  "high": 1.15372,
  "low": 1.15347,
  "close": 1.15369,
  "rollH20": 1.15445,
  "rollL20": 1.15106,
  "up2": false,
  "dn2": false,
  "source": "twelvedata_repo"
}