{
  "datetime": "2025-12-15 11:55:00",
  "open": 1.17422,
  "high": 1.17431,
  "low": 1.17414,
  "close": 1.1743,
  "rollH20": 1.17476,
  "rollL20": 1.17393,
  "up2": false,
  "dn2": false,
  "source": "twelvedata_repo"
}