{
  "datetime": "2025-09-02 20:45:00",
  "open": 1.16404,
  "high": 1.16415,
  "low": 1.16389,
  "close": 1.16396,
  "rollH20": 1.1642,
  "rollL20": 1.16295,
  "up2": false,
  "dn2": false,
  "source": "twelvedata_repo"
}