{
  "datetime": "2025-12-22 18:40:00",
  "open": 1.17629,
  "high": 1.17655,
  "low": 1.17626,
  "close": 1.17645,
  "rollH20": 1.17646,
  "rollL20": 1.17489,
  "up2": false,
  "dn2": false,
  "source": "twelvedata_repo"
}