{
  "datetime": "2025-12-11 08:40:00",
  "open": 1.16991,
  "high": 1.16995,
  "low": 1.16984,
  "close": 1.16985,
  "rollH20": 1.17,
  "rollL20": 1.16831,
  "up2": false,
  "dn2": false,
  "source": "twelvedata_repo"
}