{
  "datetime": "2025-11-04 21:45:00",
  "open": 1.14819,
  "high": 1.1482,
  "low": 1.14816,
  "close": 1.14817,
  "rollH20": 1.14874,
  "rollL20": 1.14753,
  "up2": false,
  "dn2": false,
  "source": "twelvedata_repo"
}