{
  "datetime": "2026-03-07 13:55:00",
  "open": 1.16183,
  "high": 1.16188,
  "low": 1.16182,
  "close": 1.16185,
  "rollH20": 1.16188,
  "rollL20": 1.1617,
  "up2": false,
  "dn2": false,
  "source": "twelvedata_repo"
}