{
  "datetime": "2025-11-12 16:50:00",
  "open": 1.1585,
  "high": 1.15887,
  "low": 1.1585,
  "close": 1.1586,
  "rollH20": 1.15875,
  "rollL20": 1.15634,
  "up2": false,
  "dn2": false,
  "source": "twelvedata_repo"
}