{
  "datetime": "2025-11-11 23:45:00",
  "open": 1.15852,
  "high": 1.15853,
  "low": 1.15851,
  "close": 1.15851,
  "rollH20": 1.15867,
  "rollL20": 1.15817,
  "up2": false,
  "dn2": false,
  "source": "twelvedata_repo"
}