{
  "datetime": "2025-11-17 12:05:00",
  "open": 1.1599,
  "high": 1.16006,
  "low": 1.15979,
  "close": 1.16006,
  "rollH20": 1.1608,
  "rollL20": 1.15952,
  "up2": false,
  "dn2": false,
  "source": "twelvedata_repo"
}