{
  "datetime": "2025-12-05 09:40:00",
  "open": 1.16594,
  "high": 1.16597,
  "low": 1.16583,
  "close": 1.16591,
  "rollH20": 1.16717,
  "rollL20": 1.16568,
  "up2": false,
  "dn2": false,
  "source": "twelvedata_repo"
}