{
  "datetime": "2026-03-21 19:00:00",
  "open": 1.1584,
  "high": 1.15845,
  "low": 1.15839,
  "close": 1.15843,
  "rollH20": 1.15918,
  "rollL20": 1.15788,
  "up2": false,
  "dn2": false,
  "source": "twelvedata_repo"
}