{
  "datetime": "2025-12-25 19:55:00",
  "open": 1.17857,
  "high": 1.17884,
  "low": 1.17815,
  "close": 1.17872,
  "rollH20": 1.17906,
  "rollL20": 1.1779,
  "up2": false,
  "dn2": false,
  "source": "twelvedata_repo"
}