{
  "datetime": "2026-01-05 16:40:00",
  "open": 1.16975,
  "high": 1.16975,
  "low": 1.16955,
  "close": 1.16969,
  "rollH20": 1.16989,
  "rollL20": 1.16734,
  "up2": false,
  "dn2": false,
  "source": "twelvedata_repo"
}