{
  "datetime": "2025-10-07 04:15:00",
  "open": 1.17037,
  "high": 1.17047,
  "low": 1.17037,
  "close": 1.17041,
  "rollH20": 1.17069,
  "rollL20": 1.16966,
  "up2": false,
  "dn2": false,
  "source": "twelvedata_repo"
}