{
  "datetime": "2026-01-13 13:15:00",
  "open": 1.16664,
  "high": 1.16666,
  "low": 1.16658,
  "close": 1.1666,
  "rollH20": 1.16703,
  "rollL20": 1.16644,
  "up2": false,
  "dn2": false,
  "source": "twelvedata_repo"
}