{
  "datetime": "2025-11-04 08:40:00",
  "open": 1.15284,
  "high": 1.15333,
  "low": 1.15281,
  "close": 1.15315,
  "rollH20": 1.15308,
  "rollL20": 1.15115,
  "up2": false,
  "dn2": false,
  "source": "twelvedata_repo"
}