{
  "datetime": "2026-03-17 23:20:00",
  "open": 1.15394,
  "high": 1.154,
  "low": 1.15393,
  "close": 1.154,
  "rollH20": 1.15443,
  "rollL20": 1.15372,
  "up2": false,
  "dn2": false,
  "source": "twelvedata_repo"
}