{
  "datetime": "2026-01-07 23:15:00",
  "open": 1.16765,
  "high": 1.16771,
  "low": 1.16763,
  "close": 1.1677,
  "rollH20": 1.16825,
  "rollL20": 1.16722,
  "up2": false,
  "dn2": false,
  "source": "twelvedata_repo"
}