{
  "datetime": "2025-11-20 14:05:00",
  "open": 1.15146,
  "high": 1.15146,
  "low": 1.15132,
  "close": 1.15142,
  "rollH20": 1.15212,
  "rollL20": 1.15078,
  "up2": false,
  "dn2": false,
  "source": "twelvedata_repo"
}