{
  "datetime": "2026-03-29 00:25:00",
  "open": 1.15409,
  "high": 1.15409,
  "low": 1.15327,
  "close": 1.1536,
  "rollH20": 1.15408,
  "rollL20": 1.15345,
  "up2": false,
  "dn2": false,
  "source": "twelvedata_repo"
}