{
  "datetime": "2025-10-20 18:30:00",
  "open": 1.16494,
  "high": 1.16494,
  "low": 1.16487,
  "close": 1.16488,
  "rollH20": 1.16603,
  "rollL20": 1.16477,
  "up2": false,
  "dn2": false,
  "source": "twelvedata_repo"
}