{
  "datetime": "2026-03-12 14:25:00",
  "open": 1.15239,
  "high": 1.15268,
  "low": 1.15234,
  "close": 1.15253,
  "rollH20": 1.15494,
  "rollL20": 1.1521,
  "up2": false,
  "dn2": false,
  "source": "twelvedata_repo"
}