{
  "datetime": "2026-04-21 01:55:00",
  "open": 1.17826,
  "high": 1.17833,
  "low": 1.17823,
  "close": 1.17833,
  "rollH20": 1.17872,
  "rollL20": 1.17811,
  "up2": false,
  "dn2": false,
  "source": "twelvedata_repo"
}