{
  "datetime": "2025-10-09 07:55:00",
  "open": 1.16143,
  "high": 1.16146,
  "low": 1.16122,
  "close": 1.16122,
  "rollH20": 1.16475,
  "rollL20": 1.16124,
  "up2": false,
  "dn2": false,
  "source": "twelvedata_repo"
}