{
  "datetime": "2025-12-30 11:10:00",
  "open": 1.17747,
  "high": 1.17772,
  "low": 1.17747,
  "close": 1.17769,
  "rollH20": 1.17788,
  "rollL20": 1.17649,
  "up2": false,
  "dn2": false,
  "source": "twelvedata_repo"
}