{
  "datetime": "2025-11-14 21:35:00",
  "open": 1.16202,
  "high": 1.16214,
  "low": 1.16202,
  "close": 1.16213,
  "rollH20": 1.16213,
  "rollL20": 1.16159,
  "up2": false,
  "dn2": false,
  "source": "twelvedata_repo"
}