{
  "datetime": "2026-05-18 21:45:00",
  "open": 1.16556,
  "high": 1.16584,
  "low": 1.16556,
  "close": 1.16571,
  "rollH20": 1.16607,
  "rollL20": 1.16448,
  "up2": false,
  "dn2": false,
  "source": "twelvedata_repo"
}