{
  "datetime": "2026-07-18 17:35:00",
  "open": 1.14389,
  "high": 1.14393,
  "low": 1.14387,
  "close": 1.14391,
  "rollH20": 1.14415,
  "rollL20": 1.14376,
  "up2": false,
  "dn2": false,
  "source": "twelvedata_repo"
}