{
  "datetime": "2026-01-08 14:50:00",
  "open": 1.16617,
  "high": 1.16622,
  "low": 1.16597,
  "close": 1.16597,
  "rollH20": 1.16777,
  "rollL20": 1.16607,
  "up2": false,
  "dn2": false,
  "source": "twelvedata_repo"
}