{
  "datetime": "2025-12-24 11:45:00",
  "open": 1.17969,
  "high": 1.17971,
  "low": 1.17916,
  "close": 1.17939,
  "rollH20": 1.1801,
  "rollL20": 1.17954,
  "up2": false,
  "dn2": false,
  "source": "twelvedata_repo"
}