{
  "datetime": "2026-06-13 09:00:00",
  "open": 1.15676,
  "high": 1.15676,
  "low": 1.15664,
  "close": 1.15673,
  "rollH20": 1.15768,
  "rollL20": 1.15641,
  "up2": false,
  "dn2": false,
  "source": "twelvedata_repo"
}