{
  "datetime": "2025-10-01 22:35:00",
  "open": 1.17307,
  "high": 1.17314,
  "low": 1.17307,
  "close": 1.17311,
  "rollH20": 1.17349,
  "rollL20": 1.17237,
  "up2": false,
  "dn2": false,
  "source": "twelvedata_repo"
}