{
  "datetime": "2025-10-09 19:15:00",
  "open": 1.15582,
  "high": 1.15595,
  "low": 1.15579,
  "close": 1.15588,
  "rollH20": 1.15664,
  "rollL20": 1.15523,
  "up2": false,
  "dn2": false,
  "source": "twelvedata_repo"
}