{
  "datetime": "2026-03-14 19:05:00",
  "open": 1.14479,
  "high": 1.14481,
  "low": 1.14479,
  "close": 1.1448,
  "rollH20": 1.1459,
  "rollL20": 1.14296,
  "up2": false,
  "dn2": false,
  "source": "twelvedata_repo"
}