{
  "datetime": "2026-01-09 09:50:00",
  "open": 1.16445,
  "high": 1.16461,
  "low": 1.16445,
  "close": 1.16461,
  "rollH20": 1.16519,
  "rollL20": 1.16405,
  "up2": false,
  "dn2": false,
  "source": "twelvedata_repo"
}