{
  "datetime": "2025-10-22 06:30:00",
  "open": 1.1614,
  "high": 1.16152,
  "low": 1.1614,
  "close": 1.16147,
  "rollH20": 1.16147,
  "rollL20": 1.16049,
  "up2": false,
  "dn2": false,
  "source": "twelvedata_repo"
}