{
  "datetime": "2026-05-15 00:00:00",
  "open": 1.16704,
  "high": 1.16705,
  "low": 1.16693,
  "close": 1.167,
  "rollH20": 1.16743,
  "rollL20": 1.16671,
  "up2": false,
  "dn2": false,
  "source": "twelvedata_repo"
}