{
  "datetime": "2026-03-06 07:25:00",
  "open": 1.16174,
  "high": 1.16175,
  "low": 1.16151,
  "close": 1.1616,
  "rollH20": 1.1618,
  "rollL20": 1.16033,
  "up2": false,
  "dn2": false,
  "source": "twelvedata_repo"
}