{
  "datetime": "2025-11-24 20:40:00",
  "open": 1.15277,
  "high": 1.15284,
  "low": 1.15275,
  "close": 1.15276,
  "rollH20": 1.15292,
  "rollL20": 1.15182,
  "up2": false,
  "dn2": false,
  "source": "twelvedata_repo"
}