{
  "datetime": "2025-10-03 19:40:00",
  "open": 1.17357,
  "high": 1.17362,
  "low": 1.17357,
  "close": 1.17358,
  "rollH20": 1.17416,
  "rollL20": 1.17267,
  "up2": false,
  "dn2": false,
  "source": "twelvedata_repo"
}