{
  "datetime": "2026-01-19 00:50:00",
  "open": 1.16241,
  "high": 1.16241,
  "low": 1.16199,
  "close": 1.16217,
  "rollH20": 1.16261,
  "rollL20": 1.15792,
  "up2": false,
  "dn2": false,
  "source": "twelvedata_repo"
}