{
  "datetime": "2025-12-01 08:35:00",
  "open": 1.16082,
  "high": 1.16088,
  "low": 1.1608,
  "close": 1.16082,
  "rollH20": 1.16097,
  "rollL20": 1.15914,
  "up2": false,
  "dn2": false,
  "source": "twelvedata_repo"
}