{
  "datetime": "2026-07-18 06:10:00",
  "open": 1.14381,
  "high": 1.14385,
  "low": 1.1438,
  "close": 1.1438,
  "rollH20": 1.14414,
  "rollL20": 1.14367,
  "up2": false,
  "dn2": false,
  "source": "twelvedata_repo"
}