{
  "datetime": "2026-06-06 11:30:00",
  "open": 1.15215,
  "high": 1.15218,
  "low": 1.15214,
  "close": 1.15217,
  "rollH20": 1.15233,
  "rollL20": 1.15205,
  "up2": false,
  "dn2": false,
  "source": "twelvedata_repo"
}