{
  "datetime": "2026-02-21 10:00:00",
  "open": 1.17834,
  "high": 1.17843,
  "low": 1.17834,
  "close": 1.17843,
  "rollH20": 1.17857,
  "rollL20": 1.17832,
  "up2": false,
  "dn2": false,
  "source": "twelvedata_repo"
}