{
  "datetime": "2026-01-26 13:20:00",
  "open": 1.18551,
  "high": 1.18555,
  "low": 1.18548,
  "close": 1.18549,
  "rollH20": 1.1861,
  "rollL20": 1.18498,
  "up2": false,
  "dn2": false,
  "source": "twelvedata_repo"
}