{
  "datetime": "2026-03-22 11:10:00",
  "open": 1.15919,
  "high": 1.15922,
  "low": 1.15919,
  "close": 1.1592,
  "rollH20": 1.1593,
  "rollL20": 1.15918,
  "up2": false,
  "dn2": false,
  "source": "twelvedata_repo"
}