{
  "datetime": "2025-10-30 10:25:00",
  "open": 1.16218,
  "high": 1.16234,
  "low": 1.16218,
  "close": 1.16229,
  "rollH20": 1.16237,
  "rollL20": 1.16074,
  "up2": false,
  "dn2": false,
  "source": "twelvedata_repo"
}