{
  "datetime": "2025-09-19 17:50:00",
  "open": 1.17449,
  "high": 1.17465,
  "low": 1.17446,
  "close": 1.17459,
  "rollH20": 1.17551,
  "rollL20": 1.17372,
  "up2": false,
  "dn2": false,
  "source": "twelvedata_repo"
}