{
  "datetime": "2026-01-16 07:10:00",
  "open": 1.16081,
  "high": 1.16087,
  "low": 1.16081,
  "close": 1.16087,
  "rollH20": 1.16142,
  "rollL20": 1.16066,
  "up2": false,
  "dn2": false,
  "source": "twelvedata_repo"
}