{
  "datetime": "2026-01-27 04:50:00",
  "open": 1.18818,
  "high": 1.18827,
  "low": 1.18806,
  "close": 1.18818,
  "rollH20": 1.18992,
  "rollL20": 1.18788,
  "up2": false,
  "dn2": false,
  "source": "twelvedata_repo"
}