{
  "datetime": "2025-09-29 05:40:00",
  "open": 1.17285,
  "high": 1.17285,
  "low": 1.17265,
  "close": 1.17266,
  "rollH20": 1.17293,
  "rollL20": 1.17226,
  "up2": false,
  "dn2": false,
  "source": "twelvedata_repo"
}