{
  "datetime": "2026-03-11 01:15:00",
  "open": 1.16178,
  "high": 1.16186,
  "low": 1.16175,
  "close": 1.16184,
  "rollH20": 1.16249,
  "rollL20": 1.16072,
  "up2": false,
  "dn2": false,
  "source": "twelvedata_repo"
}