{
  "datetime": "2025-09-10 08:55:00",
  "open": 1.17061,
  "high": 1.1707,
  "low": 1.17041,
  "close": 1.17051,
  "rollH20": 1.1722,
  "rollL20": 1.16918,
  "up2": false,
  "dn2": false,
  "source": "twelvedata_repo"
}