{
  "datetime": "2026-01-29 09:55:00",
  "open": 1.19664,
  "high": 1.19667,
  "low": 1.19632,
  "close": 1.19667,
  "rollH20": 1.19886,
  "rollL20": 1.19657,
  "up2": false,
  "dn2": false,
  "source": "twelvedata_repo"
}