{
  "datetime": "2026-06-09 01:05:00",
  "open": 1.1529,
  "high": 1.1529,
  "low": 1.1528,
  "close": 1.15284,
  "rollH20": 1.15355,
  "rollL20": 1.15272,
  "up2": false,
  "dn2": false,
  "source": "twelvedata_repo"
}