{
  "datetime": "2025-10-17 19:50:00",
  "open": 1.167,
  "high": 1.16727,
  "low": 1.16664,
  "close": 1.16665,
  "rollH20": 1.16781,
  "rollL20": 1.16638,
  "up2": false,
  "dn2": false,
  "source": "twelvedata_repo"
}