{
  "datetime": "2025-10-01 23:55:00",
  "open": 1.17342,
  "high": 1.17348,
  "low": 1.17339,
  "close": 1.1734,
  "rollH20": 1.17373,
  "rollL20": 1.17269,
  "up2": false,
  "dn2": false,
  "source": "twelvedata_repo"
}