{
  "datetime": "2026-01-14 05:45:00",
  "open": 1.16443,
  "high": 1.16446,
  "low": 1.16442,
  "close": 1.16442,
  "rollH20": 1.16494,
  "rollL20": 1.1644,
  "up2": false,
  "dn2": false,
  "source": "twelvedata_repo"
}