{
  "datetime": "2026-02-03 06:10:00",
  "open": 1.18111,
  "high": 1.18115,
  "low": 1.18091,
  "close": 1.18091,
  "rollH20": 1.18166,
  "rollL20": 1.18045,
  "up2": false,
  "dn2": false,
  "source": "twelvedata_repo"
}