{
  "datetime": "2025-12-12 06:40:00",
  "open": 1.17365,
  "high": 1.17373,
  "low": 1.17365,
  "close": 1.17373,
  "rollH20": 1.17373,
  "rollL20": 1.17318,
  "up2": false,
  "dn2": false,
  "source": "twelvedata_repo"
}