{
  "datetime": "2025-11-12 08:30:00",
  "open": 1.15867,
  "high": 1.1587,
  "low": 1.1586,
  "close": 1.15868,
  "rollH20": 1.15887,
  "rollL20": 1.15755,
  "up2": false,
  "dn2": false,
  "source": "twelvedata_repo"
}