{
  "datetime": "2025-08-28 20:45:00",
  "open": 1.16845,
  "high": 1.16849,
  "low": 1.16824,
  "close": 1.16843,
  "rollH20": 1.16905,
  "rollL20": 1.16825,
  "up2": false,
  "dn2": false,
  "source": "twelvedata_repo"
}