{
  "datetime": "2025-10-30 16:55:00",
  "open": 1.15608,
  "high": 1.1564,
  "low": 1.15608,
  "close": 1.15638,
  "rollH20": 1.15855,
  "rollL20": 1.15612,
  "up2": false,
  "dn2": false,
  "source": "twelvedata_repo"
}