{
  "datetime": "2025-11-18 14:45:00",
  "open": 1.15999,
  "high": 1.16005,
  "low": 1.15998,
  "close": 1.16005,
  "rollH20": 1.16019,
  "rollL20": 1.15844,
  "up2": false,
  "dn2": false,
  "source": "twelvedata_repo"
}