{
  "datetime": "2025-10-06 21:30:00",
  "open": 1.17115,
  "high": 1.17116,
  "low": 1.17114,
  "close": 1.17116,
  "rollH20": 1.17168,
  "rollL20": 1.17084,
  "up2": false,
  "dn2": false,
  "source": "twelvedata_repo"
}