{
  "datetime": "2026-03-13 15:00:00",
  "open": 1.14572,
  "high": 1.14577,
  "low": 1.14559,
  "close": 1.1457,
  "rollH20": 1.149,
  "rollL20": 1.14561,
  "up2": false,
  "dn2": false,
  "source": "twelvedata_repo"
}