{
  "datetime": "2026-01-01 15:00:00",
  "open": 1.17456,
  "high": 1.1746,
  "low": 1.17455,
  "close": 1.1746,
  "rollH20": 1.17583,
  "rollL20": 1.17442,
  "up2": false,
  "dn2": false,
  "source": "twelvedata_repo"
}