{
  "datetime": "2025-12-18 18:40:00",
  "open": 1.17214,
  "high": 1.17248,
  "low": 1.17212,
  "close": 1.17235,
  "rollH20": 1.17454,
  "rollL20": 1.17155,
  "up2": false,
  "dn2": false,
  "source": "twelvedata_repo"
}