{
  "datetime": "2025-09-17 22:35:00",
  "open": 1.18132,
  "high": 1.18132,
  "low": 1.18132,
  "close": 1.18132,
  "rollH20": 1.18276,
  "rollL20": 1.18078,
  "up2": false,
  "dn2": false,
  "source": "twelvedata_repo"
}