{
  "datetime": "2025-11-27 19:55:00",
  "open": 1.15938,
  "high": 1.15942,
  "low": 1.15932,
  "close": 1.15933,
  "rollH20": 1.1596,
  "rollL20": 1.15917,
  "up2": false,
  "dn2": false,
  "source": "twelvedata_repo"
}