{
  "datetime": "2026-01-05 10:45:00",
  "open": 1.16766,
  "high": 1.16768,
  "low": 1.16747,
  "close": 1.16754,
  "rollH20": 1.16956,
  "rollL20": 1.16757,
  "up2": false,
  "dn2": false,
  "source": "twelvedata_repo"
}