{
  "datetime": "2026-02-18 11:05:00",
  "open": 1.18323,
  "high": 1.18327,
  "low": 1.18317,
  "close": 1.1832,
  "rollH20": 1.18411,
  "rollL20": 1.183,
  "up2": false,
  "dn2": false,
  "source": "twelvedata_repo"
}