{
  "datetime": "2025-09-15 11:55:00",
  "open": 1.1752,
  "high": 1.17542,
  "low": 1.1752,
  "close": 1.17527,
  "rollH20": 1.17627,
  "rollL20": 1.17396,
  "up2": false,
  "dn2": false,
  "source": "twelvedata_repo"
}