{
  "datetime": "2026-07-22 21:55:00",
  "open": 1.1412,
  "high": 1.14129,
  "low": 1.14116,
  "close": 1.14128,
  "rollH20": 1.14132,
  "rollL20": 1.14095,
  "up2": false,
  "dn2": false,
  "source": "twelvedata_repo"
}