{
  "datetime": "2026-06-10 08:55:00",
  "open": 1.15529,
  "high": 1.15537,
  "low": 1.15524,
  "close": 1.15536,
  "rollH20": 1.15589,
  "rollL20": 1.15472,
  "up2": false,
  "dn2": false,
  "source": "twelvedata_repo"
}