{
  "datetime": "2026-02-13 23:25:00",
  "open": 1.18723,
  "high": 1.18738,
  "low": 1.18712,
  "close": 1.18731,
  "rollH20": 1.18772,
  "rollL20": 1.18649,
  "up2": false,
  "dn2": false,
  "source": "twelvedata_repo"
}