{
  "datetime": "2026-05-19 00:00:00",
  "open": 1.16583,
  "high": 1.16588,
  "low": 1.16579,
  "close": 1.1658,
  "rollH20": 1.16621,
  "rollL20": 1.16526,
  "up2": false,
  "dn2": false,
  "source": "twelvedata_repo"
}