{
  "datetime": "2026-05-27 17:55:00",
  "open": 1.16325,
  "high": 1.16328,
  "low": 1.16309,
  "close": 1.1632,
  "rollH20": 1.16364,
  "rollL20": 1.16251,
  "up2": false,
  "dn2": false,
  "source": "twelvedata_repo"
}