{
  "datetime": "2026-06-21 21:10:00",
  "open": 1.14698,
  "high": 1.14732,
  "low": 1.14667,
  "close": 1.14669,
  "rollH20": 1.1483,
  "rollL20": 1.14471,
  "up2": false,
  "dn2": false,
  "source": "twelvedata_repo"
}