{
  "datetime": "2026-03-29 20:30:00",
  "open": 1.15121,
  "high": 1.15124,
  "low": 1.15116,
  "close": 1.15119,
  "rollH20": 1.15197,
  "rollL20": 1.14874,
  "up2": false,
  "dn2": false,
  "source": "twelvedata_repo"
}