{
  "datetime": "2026-03-03 06:45:00",
  "open": 1.16679,
  "high": 1.16681,
  "low": 1.16649,
  "close": 1.16655,
  "rollH20": 1.16841,
  "rollL20": 1.16623,
  "up2": false,
  "dn2": false,
  "source": "twelvedata_repo"
}