{
  "datetime": "2026-04-25 05:30:00",
  "open": 1.1717,
  "high": 1.17175,
  "low": 1.17169,
  "close": 1.1717,
  "rollH20": 1.17198,
  "rollL20": 1.17169,
  "up2": false,
  "dn2": false,
  "source": "twelvedata_repo"
}