{
  "datetime": "2025-10-07 11:30:00",
  "open": 1.16711,
  "high": 1.16726,
  "low": 1.16711,
  "close": 1.16726,
  "rollH20": 1.16727,
  "rollL20": 1.16605,
  "up2": false,
  "dn2": false,
  "source": "twelvedata_repo"
}