{
  "datetime": "2026-04-06 12:50:00",
  "open": 1.15471,
  "high": 1.15476,
  "low": 1.15469,
  "close": 1.1547,
  "rollH20": 1.15535,
  "rollL20": 1.15412,
  "up2": false,
  "dn2": false,
  "source": "twelvedata_repo"
}