{
  "datetime": "2026-03-15 07:55:00",
  "open": 1.14691,
  "high": 1.14695,
  "low": 1.14691,
  "close": 1.14693,
  "rollH20": 1.14696,
  "rollL20": 1.14668,
  "up2": false,
  "dn2": false,
  "source": "twelvedata_repo"
}