{
  "datetime": "2025-11-19 20:40:00",
  "open": 1.15238,
  "high": 1.15241,
  "low": 1.15231,
  "close": 1.15231,
  "rollH20": 1.15374,
  "rollL20": 1.15189,
  "up2": false,
  "dn2": false,
  "source": "twelvedata_repo"
}