{
  "datetime": "2026-02-14 13:10:00",
  "open": 1.18625,
  "high": 1.18625,
  "low": 1.18616,
  "close": 1.18618,
  "rollH20": 1.18652,
  "rollL20": 1.18607,
  "up2": false,
  "dn2": false,
  "source": "twelvedata_repo"
}