{
  "datetime": "2025-11-19 21:10:00",
  "open": 1.1525,
  "high": 1.15263,
  "low": 1.15248,
  "close": 1.15254,
  "rollH20": 1.15374,
  "rollL20": 1.15189,
  "up2": false,
  "dn2": false,
  "source": "twelvedata_repo"
}