{
  "datetime": "2025-11-11 06:15:00",
  "open": 1.15616,
  "high": 1.15623,
  "low": 1.15616,
  "close": 1.15619,
  "rollH20": 1.15616,
  "rollL20": 1.15552,
  "up2": false,
  "dn2": false,
  "source": "twelvedata_repo"
}