{
  "datetime": "2025-10-08 08:40:00",
  "open": 1.16245,
  "high": 1.16251,
  "low": 1.1621,
  "close": 1.16241,
  "rollH20": 1.16263,
  "rollL20": 1.16071,
  "up2": false,
  "dn2": false,
  "source": "twelvedata_repo"
}