{
  "datetime": "2026-01-15 08:10:00",
  "open": 1.16349,
  "high": 1.16352,
  "low": 1.16323,
  "close": 1.16323,
  "rollH20": 1.16382,
  "rollL20": 1.16293,
  "up2": false,
  "dn2": false,
  "source": "twelvedata_repo"
}