{
  "datetime": "2026-04-01 17:10:00",
  "open": 1.16104,
  "high": 1.16116,
  "low": 1.16065,
  "close": 1.16078,
  "rollH20": 1.1626,
  "rollL20": 1.16055,
  "up2": false,
  "dn2": false,
  "source": "twelvedata_repo"
}