{
  "datetime": "2026-01-02 22:55:00",
  "open": 1.17213,
  "high": 1.17214,
  "low": 1.17196,
  "close": 1.17201,
  "rollH20": 1.17237,
  "rollL20": 1.17159,
  "up2": false,
  "dn2": false,
  "source": "twelvedata_repo"
}