{
  "datetime": "2026-04-21 12:10:00",
  "open": 1.17597,
  "high": 1.17598,
  "low": 1.17574,
  "close": 1.17586,
  "rollH20": 1.17631,
  "rollL20": 1.17569,
  "up2": false,
  "dn2": false,
  "source": "twelvedata_repo"
}