{
  "datetime": "2026-07-02 04:55:00",
  "open": 1.13802,
  "high": 1.13802,
  "low": 1.13795,
  "close": 1.13796,
  "rollH20": 1.13886,
  "rollL20": 1.13782,
  "up2": false,
  "dn2": false,
  "source": "twelvedata_repo"
}