{
  "datetime": "2025-10-16 23:15:00",
  "open": 1.16907,
  "high": 1.16915,
  "low": 1.16907,
  "close": 1.16915,
  "rollH20": 1.16915,
  "rollL20": 1.16848,
  "up2": false,
  "dn2": false,
  "source": "twelvedata_repo"
}