{
  "datetime": "2026-06-28 03:05:00",
  "open": 1.13923,
  "high": 1.13926,
  "low": 1.13921,
  "close": 1.13924,
  "rollH20": 1.13958,
  "rollL20": 1.13879,
  "up2": false,
  "dn2": false,
  "source": "twelvedata_repo"
}