{
  "datetime": "2026-05-09 00:25:00",
  "open": 1.17887,
  "high": 1.17925,
  "low": 1.17887,
  "close": 1.17894,
  "rollH20": 1.17925,
  "rollL20": 1.17852,
  "up2": false,
  "dn2": false,
  "source": "twelvedata_repo"
}