{
  "datetime": "2025-12-29 15:00:00",
  "open": 1.17708,
  "high": 1.17708,
  "low": 1.17705,
  "close": 1.17705,
  "rollH20": 1.17729,
  "rollL20": 1.17571,
  "up2": false,
  "dn2": false,
  "source": "twelvedata_repo"
}