{
  "datetime": "2025-10-16 14:40:00",
  "open": 1.16572,
  "high": 1.16587,
  "low": 1.16558,
  "close": 1.16584,
  "rollH20": 1.16621,
  "rollL20": 1.16489,
  "up2": false,
  "dn2": false,
  "source": "twelvedata_repo"
}