{
  "datetime": "2025-12-02 17:55:00",
  "open": 1.15999,
  "high": 1.16002,
  "low": 1.15995,
  "close": 1.15997,
  "rollH20": 1.16146,
  "rollL20": 1.15956,
  "up2": false,
  "dn2": false,
  "source": "twelvedata_repo"
}