{
  "datetime": "2026-01-06 17:45:00",
  "open": 1.16873,
  "high": 1.16882,
  "low": 1.16873,
  "close": 1.16881,
  "rollH20": 1.17076,
  "rollL20": 1.16855,
  "up2": false,
  "dn2": false,
  "source": "twelvedata_repo"
}