{
  "datetime": "2026-05-20 23:10:00",
  "open": 1.16253,
  "high": 1.1628,
  "low": 1.16249,
  "close": 1.16278,
  "rollH20": 1.16278,
  "rollL20": 1.1623,
  "up2": false,
  "dn2": false,
  "source": "twelvedata_repo"
}