{
  "datetime": "2026-02-13 00:40:00",
  "open": 1.18701,
  "high": 1.1871,
  "low": 1.18701,
  "close": 1.18705,
  "rollH20": 1.18723,
  "rollL20": 1.18634,
  "up2": false,
  "dn2": false,
  "source": "twelvedata_repo"
}