{
  "datetime": "2025-11-14 09:40:00",
  "open": 1.16318,
  "high": 1.16373,
  "low": 1.16301,
  "close": 1.16336,
  "rollH20": 1.16464,
  "rollL20": 1.16206,
  "up2": false,
  "dn2": false,
  "source": "twelvedata_repo"
}