{
  "datetime": "2025-11-17 10:30:00",
  "open": 1.15985,
  "high": 1.15992,
  "low": 1.15983,
  "close": 1.15989,
  "rollH20": 1.16152,
  "rollL20": 1.15975,
  "up2": false,
  "dn2": false,
  "source": "twelvedata_repo"
}