{
  "datetime": "2025-09-12 06:40:00",
  "open": 1.17305,
  "high": 1.17314,
  "low": 1.17302,
  "close": 1.17314,
  "rollH20": 1.17305,
  "rollL20": 1.17209,
  "up2": false,
  "dn2": false,
  "source": "twelvedata_repo"
}