{
  "datetime": "2026-03-19 20:35:00",
  "open": 1.15869,
  "high": 1.15869,
  "low": 1.1586,
  "close": 1.15866,
  "rollH20": 1.16164,
  "rollL20": 1.15545,
  "up2": false,
  "dn2": false,
  "source": "twelvedata_repo"
}