{
  "datetime": "2025-12-04 10:55:00",
  "open": 1.16784,
  "high": 1.16797,
  "low": 1.16782,
  "close": 1.16792,
  "rollH20": 1.16825,
  "rollL20": 1.16654,
  "up2": false,
  "dn2": false,
  "source": "twelvedata_repo"
}