{
  "datetime": "2025-10-17 17:10:00",
  "open": 1.16706,
  "high": 1.16712,
  "low": 1.16705,
  "close": 1.16711,
  "rollH20": 1.16768,
  "rollL20": 1.16608,
  "up2": false,
  "dn2": false,
  "source": "twelvedata_repo"
}