{
  "datetime": "2026-01-06 11:45:00",
  "open": 1.17134,
  "high": 1.17146,
  "low": 1.1712,
  "close": 1.17128,
  "rollH20": 1.17243,
  "rollL20": 1.17086,
  "up2": false,
  "dn2": false,
  "source": "twelvedata_repo"
}