{
  "datetime": "2026-02-03 23:55:00",
  "open": 1.18188,
  "high": 1.18192,
  "low": 1.18176,
  "close": 1.18183,
  "rollH20": 1.18253,
  "rollL20": 1.18159,
  "up2": false,
  "dn2": false,
  "source": "twelvedata_repo"
}