{
  "datetime": "2026-05-26 00:55:00",
  "open": 1.16371,
  "high": 1.16372,
  "low": 1.16362,
  "close": 1.16371,
  "rollH20": 1.16436,
  "rollL20": 1.16359,
  "up2": false,
  "dn2": false,
  "source": "twelvedata_repo"
}