{
  "datetime": "2025-12-11 05:35:00",
  "open": 1.16883,
  "high": 1.16898,
  "low": 1.1688,
  "close": 1.16884,
  "rollH20": 1.16979,
  "rollL20": 1.16845,
  "up2": false,
  "dn2": false,
  "source": "twelvedata_repo"
}