{
  "datetime": "2025-10-23 05:50:00",
  "open": 1.15973,
  "high": 1.15976,
  "low": 1.15973,
  "close": 1.15974,
  "rollH20": 1.15984,
  "rollL20": 1.15907,
  "up2": false,
  "dn2": false,
  "source": "twelvedata_repo"
}