{
  "datetime": "2026-06-22 01:15:00",
  "open": 1.14636,
  "high": 1.14645,
  "low": 1.1463,
  "close": 1.14632,
  "rollH20": 1.14663,
  "rollL20": 1.14582,
  "up2": false,
  "dn2": false,
  "source": "twelvedata_repo"
}