{
  "datetime": "2025-10-01 17:55:00",
  "open": 1.17182,
  "high": 1.17235,
  "low": 1.17176,
  "close": 1.17233,
  "rollH20": 1.17372,
  "rollL20": 1.17155,
  "up2": false,
  "dn2": false,
  "source": "twelvedata_repo"
}