{
  "datetime": "2025-11-28 10:30:00",
  "open": 1.15743,
  "high": 1.15771,
  "low": 1.15743,
  "close": 1.15771,
  "rollH20": 1.15843,
  "rollL20": 1.15678,
  "up2": false,
  "dn2": false,
  "source": "twelvedata_repo"
}