{
  "datetime": "2026-07-23 22:00:00",
  "open": 1.13778,
  "high": 1.13778,
  "low": 1.13753,
  "close": 1.13768,
  "rollH20": 1.13803,
  "rollL20": 1.1374,
  "up2": false,
  "dn2": false,
  "source": "twelvedata_repo"
}