{
  "datetime": "2025-12-15 06:55:00",
  "open": 1.17342,
  "high": 1.17344,
  "low": 1.17338,
  "close": 1.17343,
  "rollH20": 1.17361,
  "rollL20": 1.17312,
  "up2": false,
  "dn2": false,
  "source": "twelvedata_repo"
}