{
  "datetime": "2026-06-17 19:00:00",
  "open": 1.15958,
  "high": 1.16073,
  "low": 1.15447,
  "close": 1.15513,
  "rollH20": 1.15964,
  "rollL20": 1.15891,
  "up2": false,
  "dn2": false,
  "source": "twelvedata_repo"
}