{
  "datetime": "2026-04-01 21:20:00",
  "open": 1.15858,
  "high": 1.15862,
  "low": 1.15856,
  "close": 1.15856,
  "rollH20": 1.1588,
  "rollL20": 1.15784,
  "up2": false,
  "dn2": false,
  "source": "twelvedata_repo"
}