{
  "datetime": "2026-01-15 11:45:00",
  "open": 1.16384,
  "high": 1.16389,
  "low": 1.16367,
  "close": 1.16378,
  "rollH20": 1.16404,
  "rollL20": 1.16312,
  "up2": false,
  "dn2": false,
  "source": "twelvedata_repo"
}