{
  "datetime": "2026-05-18 19:15:00",
  "open": 1.16464,
  "high": 1.16464,
  "low": 1.16455,
  "close": 1.16456,
  "rollH20": 1.16548,
  "rollL20": 1.16452,
  "up2": false,
  "dn2": false,
  "source": "twelvedata_repo"
}