{
  "datetime": "2026-05-15 21:30:00",
  "open": 1.16218,
  "high": 1.16222,
  "low": 1.16212,
  "close": 1.1622,
  "rollH20": 1.16242,
  "rollL20": 1.16195,
  "up2": false,
  "dn2": false,
  "source": "twelvedata_repo"
}