{
  "datetime": "2026-03-03 00:45:00",
  "open": 1.16887,
  "high": 1.16934,
  "low": 1.16887,
  "close": 1.16933,
  "rollH20": 1.16989,
  "rollL20": 1.16868,
  "up2": false,
  "dn2": false,
  "source": "twelvedata_repo"
}