{
  "datetime": "2025-12-01 18:45:00",
  "open": 1.16277,
  "high": 1.16278,
  "low": 1.16241,
  "close": 1.16243,
  "rollH20": 1.1634,
  "rollL20": 1.1621,
  "up2": false,
  "dn2": false,
  "source": "twelvedata_repo"
}