{
  "datetime": "2026-03-15 19:30:00",
  "open": 1.14207,
  "high": 1.14211,
  "low": 1.14201,
  "close": 1.14202,
  "rollH20": 1.14306,
  "rollL20": 1.13515,
  "up2": false,
  "dn2": false,
  "source": "twelvedata_repo"
}