{
  "datetime": "2026-06-11 09:35:00",
  "open": 1.15377,
  "high": 1.15403,
  "low": 1.15377,
  "close": 1.15402,
  "rollH20": 1.15552,
  "rollL20": 1.15375,
  "up2": false,
  "dn2": false,
  "source": "twelvedata_repo"
}