{
  "datetime": "2025-12-26 10:25:00",
  "open": 1.17708,
  "high": 1.17716,
  "low": 1.17703,
  "close": 1.17713,
  "rollH20": 1.17779,
  "rollL20": 1.17674,
  "up2": false,
  "dn2": false,
  "source": "twelvedata_repo"
}