{
  "datetime": "2026-05-08 10:10:00",
  "open": 1.1769,
  "high": 1.17698,
  "low": 1.17679,
  "close": 1.17686,
  "rollH20": 1.17704,
  "rollL20": 1.17425,
  "up2": false,
  "dn2": false,
  "source": "twelvedata_repo"
}