{
  "datetime": "2026-05-23 18:50:00",
  "open": 1.16035,
  "high": 1.16039,
  "low": 1.16035,
  "close": 1.16035,
  "rollH20": 1.16079,
  "rollL20": 1.16028,
  "up2": false,
  "dn2": false,
  "source": "twelvedata_repo"
}