{
  "datetime": "2025-08-29 05:55:00",
  "open": 1.16631,
  "high": 1.16651,
  "low": 1.16626,
  "close": 1.16643,
  "rollH20": 1.16653,
  "rollL20": 1.16585,
  "up2": false,
  "dn2": false,
  "source": "twelvedata_repo"
}