{
  "datetime": "2026-02-07 13:30:00",
  "open": 1.18084,
  "high": 1.18117,
  "low": 1.18084,
  "close": 1.18102,
  "rollH20": 1.18152,
  "rollL20": 1.18073,
  "up2": false,
  "dn2": false,
  "source": "twelvedata_repo"
}