{
  "datetime": "2025-10-22 08:40:00",
  "open": 1.16043,
  "high": 1.16055,
  "low": 1.16032,
  "close": 1.16039,
  "rollH20": 1.16147,
  "rollL20": 1.15996,
  "up2": false,
  "dn2": false,
  "source": "twelvedata_repo"
}