{
  "datetime": "2025-10-07 03:30:00",
  "open": 1.17046,
  "high": 1.17058,
  "low": 1.1704,
  "close": 1.17044,
  "rollH20": 1.17086,
  "rollL20": 1.16966,
  "up2": false,
  "dn2": false,
  "source": "twelvedata_repo"
}