{
  "datetime": "2026-01-19 23:35:00",
  "open": 1.1647,
  "high": 1.16472,
  "low": 1.1647,
  "close": 1.16472,
  "rollH20": 1.16481,
  "rollL20": 1.16426,
  "up2": false,
  "dn2": false,
  "source": "twelvedata_repo"
}