{
  "datetime": "2025-11-24 22:40:00",
  "open": 1.15209,
  "high": 1.15213,
  "low": 1.15209,
  "close": 1.15213,
  "rollH20": 1.15283,
  "rollL20": 1.15196,
  "up2": false,
  "dn2": false,
  "source": "twelvedata_repo"
}