{
  "datetime": "2026-01-15 00:55:00",
  "open": 1.16469,
  "high": 1.16471,
  "low": 1.16458,
  "close": 1.16462,
  "rollH20": 1.16474,
  "rollL20": 1.16435,
  "up2": false,
  "dn2": false,
  "source": "twelvedata_repo"
}