{
  "datetime": "2026-03-19 09:40:00",
  "open": 1.14658,
  "high": 1.147,
  "low": 1.14658,
  "close": 1.147,
  "rollH20": 1.14782,
  "rollL20": 1.14437,
  "up2": false,
  "dn2": false,
  "source": "twelvedata_repo"
}