{
  "datetime": "2026-01-12 10:45:00",
  "open": 1.16884,
  "high": 1.16885,
  "low": 1.1685,
  "close": 1.16863,
  "rollH20": 1.16956,
  "rollL20": 1.1677,
  "up2": false,
  "dn2": false,
  "source": "twelvedata_repo"
}