{
  "datetime": "2025-09-16 11:45:00",
  "open": 1.18077,
  "high": 1.18088,
  "low": 1.18075,
  "close": 1.18078,
  "rollH20": 1.18179,
  "rollL20": 1.17974,
  "up2": false,
  "dn2": false,
  "source": "twelvedata_repo"
}