{
  "datetime": "2026-02-09 12:55:00",
  "open": 1.18685,
  "high": 1.18712,
  "low": 1.18685,
  "close": 1.18712,
  "rollH20": 1.18704,
  "rollL20": 1.18557,
  "up2": false,
  "dn2": false,
  "source": "twelvedata_repo"
}