{
  "datetime": "2026-03-27 23:45:00",
  "open": 1.15429,
  "high": 1.15434,
  "low": 1.15417,
  "close": 1.1543,
  "rollH20": 1.15542,
  "rollL20": 1.15187,
  "up2": false,
  "dn2": false,
  "source": "twelvedata_repo"
}