{
  "datetime": "2026-01-12 02:10:00",
  "open": 1.16643,
  "high": 1.16686,
  "low": 1.16632,
  "close": 1.16674,
  "rollH20": 1.16658,
  "rollL20": 1.16226,
  "up2": false,
  "dn2": false,
  "source": "twelvedata_repo"
}