{
  "datetime": "2026-01-30 00:55:00",
  "open": 1.1967,
  "high": 1.19674,
  "low": 1.19653,
  "close": 1.19659,
  "rollH20": 1.19744,
  "rollL20": 1.19662,
  "up2": false,
  "dn2": false,
  "source": "twelvedata_repo"
}