{
  "datetime": "2025-12-08 18:15:00",
  "open": 1.16224,
  "high": 1.16228,
  "low": 1.16215,
  "close": 1.16218,
  "rollH20": 1.16289,
  "rollL20": 1.16171,
  "up2": false,
  "dn2": false,
  "source": "twelvedata_repo"
}