{
  "datetime": "2026-03-09 09:25:00",
  "open": 1.15529,
  "high": 1.15537,
  "low": 1.15529,
  "close": 1.15537,
  "rollH20": 1.15656,
  "rollL20": 1.15166,
  "up2": false,
  "dn2": false,
  "source": "twelvedata_repo"
}