{
  "datetime": "2026-01-22 04:20:00",
  "open": 1.16868,
  "high": 1.1687,
  "low": 1.16859,
  "close": 1.16863,
  "rollH20": 1.16939,
  "rollL20": 1.16835,
  "up2": false,
  "dn2": false,
  "source": "twelvedata_repo"
}