{
  "datetime": "2026-07-23 12:05:00",
  "open": 1.14038,
  "high": 1.14044,
  "low": 1.14037,
  "close": 1.14043,
  "rollH20": 1.14157,
  "rollL20": 1.14029,
  "up2": false,
  "dn2": false,
  "source": "twelvedata_repo"
}