{
  "datetime": "2025-11-28 16:45:00",
  "open": 1.1587,
  "high": 1.15901,
  "low": 1.1587,
  "close": 1.15899,
  "rollH20": 1.15904,
  "rollL20": 1.15711,
  "up2": false,
  "dn2": false,
  "source": "twelvedata_repo"
}