{
  "datetime": "2026-06-22 22:35:00",
  "open": 1.14281,
  "high": 1.14289,
  "low": 1.14275,
  "close": 1.14284,
  "rollH20": 1.14305,
  "rollL20": 1.14225,
  "up2": false,
  "dn2": false,
  "source": "twelvedata_repo"
}