{
  "datetime": "2026-05-12 16:30:00",
  "open": 1.17244,
  "high": 1.17292,
  "low": 1.17233,
  "close": 1.17288,
  "rollH20": 1.17374,
  "rollL20": 1.17233,
  "up2": false,
  "dn2": false,
  "source": "twelvedata_repo"
}