{
  "datetime": "2025-11-24 12:25:00",
  "open": 1.15399,
  "high": 1.15413,
  "low": 1.15393,
  "close": 1.15393,
  "rollH20": 1.15419,
  "rollL20": 1.15281,
  "up2": false,
  "dn2": false,
  "source": "twelvedata_repo"
}