{
  "datetime": "2026-03-24 09:40:00",
  "open": 1.1593,
  "high": 1.15967,
  "low": 1.1593,
  "close": 1.15941,
  "rollH20": 1.16139,
  "rollL20": 1.15912,
  "up2": false,
  "dn2": false,
  "source": "twelvedata_repo"
}