{
  "datetime": "2026-04-20 18:10:00",
  "open": 1.17883,
  "high": 1.17885,
  "low": 1.17882,
  "close": 1.17885,
  "rollH20": 1.17895,
  "rollL20": 1.17822,
  "up2": false,
  "dn2": false,
  "source": "twelvedata_repo"
}