{
  "datetime": "2026-06-16 15:45:00",
  "open": 1.15959,
  "high": 1.15983,
  "low": 1.15959,
  "close": 1.15977,
  "rollH20": 1.16028,
  "rollL20": 1.15875,
  "up2": false,
  "dn2": false,
  "source": "twelvedata_repo"
}