{
  "datetime": "2026-06-12 14:40:00",
  "open": 1.15754,
  "high": 1.15786,
  "low": 1.15648,
  "close": 1.15682,
  "rollH20": 1.15775,
  "rollL20": 1.15607,
  "up2": false,
  "dn2": false,
  "source": "twelvedata_repo"
}