{
  "datetime": "2026-03-09 17:55:00",
  "open": 1.15837,
  "high": 1.1584,
  "low": 1.15836,
  "close": 1.15836,
  "rollH20": 1.15987,
  "rollL20": 1.15819,
  "up2": false,
  "dn2": false,
  "source": "twelvedata_repo"
}