{
  "datetime": "2026-01-19 00:30:00",
  "open": 1.16116,
  "high": 1.16121,
  "low": 1.16114,
  "close": 1.16121,
  "rollH20": 1.16117,
  "rollL20": 1.15789,
  "up2": false,
  "dn2": false,
  "source": "twelvedata_repo"
}