{
  "datetime": "2026-02-07 18:00:00",
  "open": 1.18196,
  "high": 1.18201,
  "low": 1.18195,
  "close": 1.18195,
  "rollH20": 1.18201,
  "rollL20": 1.18179,
  "up2": false,
  "dn2": false,
  "source": "twelvedata_repo"
}