{
  "datetime": "2026-03-13 06:45:00",
  "open": 1.14936,
  "high": 1.14948,
  "low": 1.14933,
  "close": 1.14938,
  "rollH20": 1.15065,
  "rollL20": 1.14906,
  "up2": false,
  "dn2": false,
  "source": "twelvedata_repo"
}