{
  "datetime": "2026-02-22 22:45:00",
  "open": 1.17942,
  "high": 1.17954,
  "low": 1.17942,
  "close": 1.17949,
  "rollH20": 1.17995,
  "rollL20": 1.17885,
  "up2": false,
  "dn2": false,
  "source": "twelvedata_repo"
}