{
  "datetime": "2025-10-23 20:30:00",
  "open": 1.16162,
  "high": 1.16163,
  "low": 1.16159,
  "close": 1.16162,
  "rollH20": 1.16195,
  "rollL20": 1.16097,
  "up2": false,
  "dn2": false,
  "source": "twelvedata_repo"
}