{
  "datetime": "2026-03-27 09:45:00",
  "open": 1.15239,
  "high": 1.15241,
  "low": 1.1523,
  "close": 1.1523,
  "rollH20": 1.15356,
  "rollL20": 1.15171,
  "up2": false,
  "dn2": false,
  "source": "twelvedata_repo"
}