{
  "datetime": "2026-02-28 02:50:00",
  "open": 1.1807,
  "high": 1.18073,
  "low": 1.18062,
  "close": 1.18065,
  "rollH20": 1.18108,
  "rollL20": 1.1805,
  "up2": false,
  "dn2": false,
  "source": "twelvedata_repo"
}