{
  "datetime": "2026-05-20 00:15:00",
  "open": 1.1609,
  "high": 1.16099,
  "low": 1.1609,
  "close": 1.16099,
  "rollH20": 1.161,
  "rollL20": 1.16062,
  "up2": false,
  "dn2": false,
  "source": "twelvedata_repo"
}