{
  "datetime": "2026-02-28 05:30:00",
  "open": 1.18069,
  "high": 1.1807,
  "low": 1.1806,
  "close": 1.18064,
  "rollH20": 1.18108,
  "rollL20": 1.18052,
  "up2": false,
  "dn2": false,
  "source": "twelvedata_repo"
}