{
  "datetime": "2025-10-13 15:55:00",
  "open": 1.15607,
  "high": 1.15607,
  "low": 1.15575,
  "close": 1.15592,
  "rollH20": 1.15774,
  "rollL20": 1.15608,
  "up2": false,
  "dn2": false,
  "source": "twelvedata_repo"
}