{
  "datetime": "2026-01-11 17:35:00",
  "open": 1.16495,
  "high": 1.16498,
  "low": 1.16495,
  "close": 1.16498,
  "rollH20": 1.165,
  "rollL20": 1.16331,
  "up2": false,
  "dn2": false,
  "source": "twelvedata_repo"
}