{
  "datetime": "2025-10-02 20:05:00",
  "open": 1.17237,
  "high": 1.17255,
  "low": 1.17235,
  "close": 1.17255,
  "rollH20": 1.1724,
  "rollL20": 1.1713,
  "up2": false,
  "dn2": false,
  "source": "twelvedata_repo"
}