{
  "datetime": "2026-01-13 02:45:00",
  "open": 1.16601,
  "high": 1.16614,
  "low": 1.16597,
  "close": 1.16609,
  "rollH20": 1.16677,
  "rollL20": 1.16568,
  "up2": false,
  "dn2": false,
  "source": "twelvedata_repo"
}