{
  "datetime": "2026-02-07 18:25:00",
  "open": 1.18192,
  "high": 1.18197,
  "low": 1.18191,
  "close": 1.18191,
  "rollH20": 1.18201,
  "rollL20": 1.18179,
  "up2": false,
  "dn2": false,
  "source": "twelvedata_repo"
}