{
  "datetime": "2025-12-12 18:55:00",
  "open": 1.17455,
  "high": 1.17474,
  "low": 1.17455,
  "close": 1.17468,
  "rollH20": 1.1749,
  "rollL20": 1.17269,
  "up2": false,
  "dn2": false,
  "source": "twelvedata_repo"
}