{
  "datetime": "2026-07-16 02:20:00",
  "open": 1.14696,
  "high": 1.14715,
  "low": 1.14692,
  "close": 1.14709,
  "rollH20": 1.14747,
  "rollL20": 1.14672,
  "up2": false,
  "dn2": false,
  "source": "twelvedata_repo"
}