{
  "datetime": "2026-03-12 19:30:00",
  "open": 1.15157,
  "high": 1.15162,
  "low": 1.15157,
  "close": 1.1516,
  "rollH20": 1.15246,
  "rollL20": 1.15113,
  "up2": false,
  "dn2": false,
  "source": "twelvedata_repo"
}