{
  "datetime": "2025-09-24 21:40:00",
  "open": 1.1738,
  "high": 1.17382,
  "low": 1.17377,
  "close": 1.17382,
  "rollH20": 1.17392,
  "rollL20": 1.17321,
  "up2": false,
  "dn2": false,
  "source": "twelvedata_repo"
}