{
  "datetime": "2026-04-22 10:35:00",
  "open": 1.17527,
  "high": 1.17539,
  "low": 1.17526,
  "close": 1.17539,
  "rollH20": 1.17588,
  "rollL20": 1.17481,
  "up2": false,
  "dn2": false,
  "source": "twelvedata_repo"
}