{
  "datetime": "2026-02-11 22:35:00",
  "open": 1.18716,
  "high": 1.18721,
  "low": 1.18709,
  "close": 1.1871,
  "rollH20": 1.18814,
  "rollL20": 1.187,
  "up2": false,
  "dn2": false,
  "source": "twelvedata_repo"
}