{
  "datetime": "2026-01-25 13:40:00",
  "open": 1.18213,
  "high": 1.18215,
  "low": 1.18213,
  "close": 1.18215,
  "rollH20": 1.18262,
  "rollL20": 1.18169,
  "up2": false,
  "dn2": false,
  "source": "twelvedata_repo"
}