{
  "datetime": "2025-12-09 00:40:00",
  "open": 1.16384,
  "high": 1.16391,
  "low": 1.16382,
  "close": 1.16391,
  "rollH20": 1.16396,
  "rollL20": 1.1634,
  "up2": false,
  "dn2": false,
  "source": "twelvedata_repo"
}