{
  "datetime": "2026-06-18 11:30:00",
  "open": 1.14684,
  "high": 1.14725,
  "low": 1.1467,
  "close": 1.14678,
  "rollH20": 1.14917,
  "rollL20": 1.14628,
  "up2": false,
  "dn2": false,
  "source": "twelvedata_repo"
}