{
  "datetime": "2025-09-30 12:20:00",
  "open": 1.17375,
  "high": 1.17387,
  "low": 1.17365,
  "close": 1.17382,
  "rollH20": 1.1752,
  "rollL20": 1.17369,
  "up2": false,
  "dn2": false,
  "source": "twelvedata_repo"
}