{
  "datetime": "2026-01-12 12:05:00",
  "open": 1.16846,
  "high": 1.16873,
  "low": 1.16846,
  "close": 1.16872,
  "rollH20": 1.16954,
  "rollL20": 1.16773,
  "up2": false,
  "dn2": false,
  "source": "twelvedata_repo"
}