{
  "datetime": "2026-01-27 14:00:00",
  "open": 1.19283,
  "high": 1.19322,
  "low": 1.19281,
  "close": 1.19307,
  "rollH20": 1.19337,
  "rollL20": 1.18858,
  "up2": false,
  "dn2": false,
  "source": "twelvedata_repo"
}