{
  "datetime": "2026-06-13 19:35:00",
  "open": 1.15698,
  "high": 1.15702,
  "low": 1.15697,
  "close": 1.157,
  "rollH20": 1.15793,
  "rollL20": 1.15656,
  "up2": false,
  "dn2": false,
  "source": "twelvedata_repo"
}