{
  "datetime": "2026-01-05 17:55:00",
  "open": 1.17138,
  "high": 1.17142,
  "low": 1.17138,
  "close": 1.17142,
  "rollH20": 1.1718,
  "rollL20": 1.1691,
  "up2": false,
  "dn2": false,
  "source": "twelvedata_repo"
}