{
  "datetime": "2025-10-24 20:55:00",
  "open": 1.16305,
  "high": 1.16311,
  "low": 1.16301,
  "close": 1.16311,
  "rollH20": 1.16308,
  "rollL20": 1.1625,
  "up2": false,
  "dn2": false,
  "source": "twelvedata_repo"
}