{
  "datetime": "2025-12-10 09:30:00",
  "open": 1.1649,
  "high": 1.16535,
  "low": 1.16488,
  "close": 1.16535,
  "rollH20": 1.16501,
  "rollL20": 1.16335,
  "up2": false,
  "dn2": false,
  "source": "twelvedata_repo"
}