{
  "datetime": "2026-03-01 16:55:00",
  "open": 1.18091,
  "high": 1.18096,
  "low": 1.18089,
  "close": 1.18094,
  "rollH20": 1.1811,
  "rollL20": 1.1808,
  "up2": false,
  "dn2": false,
  "source": "twelvedata_repo"
}