{
  "datetime": "2025-10-20 18:40:00",
  "open": 1.16451,
  "high": 1.16453,
  "low": 1.16417,
  "close": 1.16421,
  "rollH20": 1.1658,
  "rollL20": 1.16444,
  "up2": false,
  "dn2": false,
  "source": "twelvedata_repo"
}