{
  "datetime": "2026-02-06 20:25:00",
  "open": 1.18187,
  "high": 1.18187,
  "low": 1.18184,
  "close": 1.18184,
  "rollH20": 1.18231,
  "rollL20": 1.18169,
  "up2": false,
  "dn2": false,
  "source": "twelvedata_repo"
}