{
  "datetime": "2025-11-03 22:55:00",
  "open": 1.15203,
  "high": 1.15206,
  "low": 1.15191,
  "close": 1.15199,
  "rollH20": 1.15227,
  "rollL20": 1.15168,
  "up2": false,
  "dn2": false,
  "source": "twelvedata_repo"
}