{
  "datetime": "2026-02-03 21:10:00",
  "open": 1.18141,
  "high": 1.1815,
  "low": 1.18138,
  "close": 1.1815,
  "rollH20": 1.18169,
  "rollL20": 1.18063,
  "up2": false,
  "dn2": false,
  "source": "twelvedata_repo"
}