{
  "datetime": "2025-12-12 20:40:00",
  "open": 1.17383,
  "high": 1.17386,
  "low": 1.17382,
  "close": 1.17386,
  "rollH20": 1.17502,
  "rollL20": 1.17376,
  "up2": false,
  "dn2": false,
  "source": "twelvedata_repo"
}