{
  "datetime": "2026-04-17 18:50:00",
  "open": 1.17935,
  "high": 1.17946,
  "low": 1.17929,
  "close": 1.17946,
  "rollH20": 1.18044,
  "rollL20": 1.17857,
  "up2": false,
  "dn2": false,
  "source": "twelvedata_repo"
}