{
  "datetime": "2026-05-12 13:55:00",
  "open": 1.17489,
  "high": 1.17495,
  "low": 1.17484,
  "close": 1.17495,
  "rollH20": 1.17494,
  "rollL20": 1.17372,
  "up2": false,
  "dn2": false,
  "source": "twelvedata_repo"
}