{
  "datetime": "2025-11-26 21:35:00",
  "open": 1.15963,
  "high": 1.15967,
  "low": 1.15956,
  "close": 1.15963,
  "rollH20": 1.15978,
  "rollL20": 1.15911,
  "up2": false,
  "dn2": false,
  "source": "twelvedata_repo"
}