{
  "datetime": "2025-10-01 20:30:00",
  "open": 1.17334,
  "high": 1.17334,
  "low": 1.17328,
  "close": 1.17328,
  "rollH20": 1.17419,
  "rollL20": 1.17216,
  "up2": false,
  "dn2": false,
  "source": "twelvedata_repo"
}