{
  "datetime": "2026-05-24 16:55:00",
  "open": 1.16019,
  "high": 1.16024,
  "low": 1.16017,
  "close": 1.16019,
  "rollH20": 1.16044,
  "rollL20": 1.16008,
  "up2": false,
  "dn2": false,
  "source": "twelvedata_repo"
}