{
  "datetime": "2025-10-10 15:30:00",
  "open": 1.15679,
  "high": 1.1569,
  "low": 1.15654,
  "close": 1.15684,
  "rollH20": 1.15776,
  "rollL20": 1.1562,
  "up2": false,
  "dn2": false,
  "source": "twelvedata_repo"
}