{
  "datetime": "2025-09-24 21:55:00",
  "open": 1.17372,
  "high": 1.1738,
  "low": 1.1737,
  "close": 1.17379,
  "rollH20": 1.17392,
  "rollL20": 1.17332,
  "up2": false,
  "dn2": false,
  "source": "twelvedata_repo"
}