{
  "datetime": "2026-01-14 00:55:00",
  "open": 1.16432,
  "high": 1.16434,
  "low": 1.16422,
  "close": 1.16424,
  "rollH20": 1.1646,
  "rollL20": 1.16424,
  "up2": false,
  "dn2": false,
  "source": "twelvedata_repo"
}