{
  "datetime": "2026-01-28 13:00:00",
  "open": 1.19694,
  "high": 1.19702,
  "low": 1.19666,
  "close": 1.19679,
  "rollH20": 1.19957,
  "rollL20": 1.1963,
  "up2": false,
  "dn2": false,
  "source": "twelvedata_repo"
}