{
  "datetime": "2026-03-04 15:40:00",
  "open": 1.16365,
  "high": 1.16365,
  "low": 1.16343,
  "close": 1.16347,
  "rollH20": 1.16401,
  "rollL20": 1.16183,
  "up2": false,
  "dn2": false,
  "source": "twelvedata_repo"
}