{
  "datetime": "2026-01-26 15:00:00",
  "open": 1.18554,
  "high": 1.18565,
  "low": 1.1854,
  "close": 1.18544,
  "rollH20": 1.18575,
  "rollL20": 1.18356,
  "up2": false,
  "dn2": false,
  "source": "twelvedata_repo"
}