{
  "datetime": "2026-02-14 06:25:00",
  "open": 1.18624,
  "high": 1.1864,
  "low": 1.18624,
  "close": 1.18639,
  "rollH20": 1.18683,
  "rollL20": 1.18615,
  "up2": false,
  "dn2": false,
  "source": "twelvedata_repo"
}