{
  "datetime": "2026-01-30 10:50:00",
  "open": 1.19104,
  "high": 1.19104,
  "low": 1.18984,
  "close": 1.19015,
  "rollH20": 1.19417,
  "rollL20": 1.19085,
  "up2": false,
  "dn2": true,
  "source": "twelvedata_repo"
}