{
  "datetime": "2026-01-17 12:35:00",
  "open": 1.15958,
  "high": 1.15959,
  "low": 1.15945,
  "close": 1.15945,
  "rollH20": 1.16001,
  "rollL20": 1.15941,
  "up2": false,
  "dn2": false,
  "source": "twelvedata_repo"
}