{
  "datetime": "2026-03-11 20:45:00",
  "open": 1.15671,
  "high": 1.15674,
  "low": 1.15659,
  "close": 1.15659,
  "rollH20": 1.15767,
  "rollL20": 1.15663,
  "up2": false,
  "dn2": false,
  "source": "twelvedata_repo"
}