{
  "datetime": "2026-03-11 19:35:00",
  "open": 1.15714,
  "high": 1.15722,
  "low": 1.15714,
  "close": 1.15722,
  "rollH20": 1.1574,
  "rollL20": 1.15651,
  "up2": false,
  "dn2": false,
  "source": "twelvedata_repo"
}