{
  "datetime": "2025-10-23 20:40:00",
  "open": 1.16166,
  "high": 1.16169,
  "low": 1.16165,
  "close": 1.16169,
  "rollH20": 1.16195,
  "rollL20": 1.16098,
  "up2": false,
  "dn2": false,
  "source": "twelvedata_repo"
}