{
  "datetime": "2026-03-24 21:00:00",
  "open": 1.15854,
  "high": 1.15862,
  "low": 1.1585,
  "close": 1.15853,
  "rollH20": 1.15928,
  "rollL20": 1.15724,
  "up2": false,
  "dn2": false,
  "source": "twelvedata_repo"
}