{
  "datetime": "2025-10-24 06:30:00",
  "open": 1.16023,
  "high": 1.16044,
  "low": 1.16023,
  "close": 1.16044,
  "rollH20": 1.16115,
  "rollL20": 1.16034,
  "up2": false,
  "dn2": false,
  "source": "twelvedata_repo"
}