{
  "datetime": "2026-02-27 19:20:00",
  "open": 1.18189,
  "high": 1.18218,
  "low": 1.18187,
  "close": 1.18218,
  "rollH20": 1.18232,
  "rollL20": 1.18132,
  "up2": false,
  "dn2": false,
  "source": "twelvedata_repo"
}