{
  "datetime": "2026-06-13 02:30:00",
  "open": 1.15669,
  "high": 1.15673,
  "low": 1.15666,
  "close": 1.1567,
  "rollH20": 1.15762,
  "rollL20": 1.15648,
  "up2": false,
  "dn2": false,
  "source": "twelvedata_repo"
}