{
  "datetime": "2025-09-24 22:45:00",
  "open": 1.17385,
  "high": 1.17388,
  "low": 1.17383,
  "close": 1.17385,
  "rollH20": 1.17392,
  "rollL20": 1.17351,
  "up2": false,
  "dn2": false,
  "source": "twelvedata_repo"
}