{
  "datetime": "2026-05-28 02:05:00",
  "open": 1.1619,
  "high": 1.16194,
  "low": 1.16182,
  "close": 1.16192,
  "rollH20": 1.16238,
  "rollL20": 1.1616,
  "up2": false,
  "dn2": false,
  "source": "twelvedata_repo"
}