{
  "datetime": "2026-01-16 18:25:00",
  "open": 1.16021,
  "high": 1.16025,
  "low": 1.16004,
  "close": 1.16011,
  "rollH20": 1.16055,
  "rollL20": 1.15868,
  "up2": false,
  "dn2": false,
  "source": "twelvedata_repo"
}