{
  "datetime": "2026-01-02 12:10:00",
  "open": 1.1722,
  "high": 1.17222,
  "low": 1.17199,
  "close": 1.17203,
  "rollH20": 1.17332,
  "rollL20": 1.17139,
  "up2": false,
  "dn2": false,
  "source": "twelvedata_repo"
}