{
  "datetime": "2025-10-14 04:40:00",
  "open": 1.15777,
  "high": 1.15797,
  "low": 1.15773,
  "close": 1.15797,
  "rollH20": 1.15783,
  "rollL20": 1.15704,
  "up2": false,
  "dn2": false,
  "source": "twelvedata_repo"
}