{
  "datetime": "2025-10-06 05:45:00",
  "open": 1.17233,
  "high": 1.17249,
  "low": 1.1722,
  "close": 1.17222,
  "rollH20": 1.173,
  "rollL20": 1.17196,
  "up2": false,
  "dn2": false,
  "source": "twelvedata_repo"
}