{
  "datetime": "2026-03-30 17:10:00",
  "open": 1.14523,
  "high": 1.14544,
  "low": 1.14523,
  "close": 1.14536,
  "rollH20": 1.14686,
  "rollL20": 1.14451,
  "up2": false,
  "dn2": false,
  "source": "twelvedata_repo"
}