{
  "datetime": "2025-09-26 16:40:00",
  "open": 1.16939,
  "high": 1.16952,
  "low": 1.16934,
  "close": 1.16936,
  "rollH20": 1.17046,
  "rollL20": 1.16835,
  "up2": false,
  "dn2": false,
  "source": "twelvedata_repo"
}