{
  "datetime": "2026-01-16 09:30:00",
  "open": 1.161,
  "high": 1.16106,
  "low": 1.161,
  "close": 1.16106,
  "rollH20": 1.16152,
  "rollL20": 1.16049,
  "up2": false,
  "dn2": false,
  "source": "twelvedata_repo"
}