{
  "datetime": "2025-12-24 08:10:00",
  "open": 1.17976,
  "high": 1.17995,
  "low": 1.17961,
  "close": 1.17963,
  "rollH20": 1.18033,
  "rollL20": 1.17941,
  "up2": false,
  "dn2": false,
  "source": "twelvedata_repo"
}