{
  "datetime": "2025-09-29 20:15:00",
  "open": 1.17288,
  "high": 1.17302,
  "low": 1.17288,
  "close": 1.17301,
  "rollH20": 1.17329,
  "rollL20": 1.17202,
  "up2": false,
  "dn2": false,
  "source": "twelvedata_repo"
}