{
  "datetime": "2026-03-19 23:50:00",
  "open": 1.15763,
  "high": 1.15769,
  "low": 1.15756,
  "close": 1.15767,
  "rollH20": 1.15941,
  "rollL20": 1.15754,
  "up2": false,
  "dn2": false,
  "source": "twelvedata_repo"
}