{
  "datetime": "2025-10-03 10:05:00",
  "open": 1.17343,
  "high": 1.17364,
  "low": 1.1734,
  "close": 1.17351,
  "rollH20": 1.17446,
  "rollL20": 1.17248,
  "up2": false,
  "dn2": false,
  "source": "twelvedata_repo"
}