{
  "datetime": "2026-04-20 23:05:00",
  "open": 1.17877,
  "high": 1.17883,
  "low": 1.17874,
  "close": 1.17883,
  "rollH20": 1.17891,
  "rollL20": 1.17834,
  "up2": false,
  "dn2": false,
  "source": "twelvedata_repo"
}