{
  "datetime": "2025-11-14 18:25:00",
  "open": 1.16132,
  "high": 1.16153,
  "low": 1.16116,
  "close": 1.16151,
  "rollH20": 1.16224,
  "rollL20": 1.16068,
  "up2": false,
  "dn2": false,
  "source": "twelvedata_repo"
}