{
  "datetime": "2026-07-09 06:00:00",
  "open": 1.1427,
  "high": 1.1428,
  "low": 1.14267,
  "close": 1.14271,
  "rollH20": 1.14305,
  "rollL20": 1.14232,
  "up2": false,
  "dn2": false,
  "source": "twelvedata_repo"
}