{
  "datetime": "2026-04-09 10:40:00",
  "open": 1.16781,
  "high": 1.16781,
  "low": 1.16756,
  "close": 1.16767,
  "rollH20": 1.16788,
  "rollL20": 1.16602,
  "up2": false,
  "dn2": false,
  "source": "twelvedata_repo"
}