{
  "datetime": "2025-11-03 21:25:00",
  "open": 1.15203,
  "high": 1.15203,
  "low": 1.15203,
  "close": 1.15203,
  "rollH20": 1.15247,
  "rollL20": 1.1517,
  "up2": false,
  "dn2": false,
  "source": "twelvedata_repo"
}