{
  "datetime": "2025-10-30 20:15:00",
  "open": 1.15672,
  "high": 1.15672,
  "low": 1.1566,
  "close": 1.1566,
  "rollH20": 1.15713,
  "rollL20": 1.1563,
  "up2": false,
  "dn2": false,
  "source": "twelvedata_repo"
}