{
  "datetime": "2025-11-21 14:35:00",
  "open": 1.15196,
  "high": 1.1521,
  "low": 1.15175,
  "close": 1.15203,
  "rollH20": 1.15255,
  "rollL20": 1.14977,
  "up2": false,
  "dn2": false,
  "source": "twelvedata_repo"
}