{
  "datetime": "2026-03-19 08:40:00",
  "open": 1.14563,
  "high": 1.14563,
  "low": 1.14501,
  "close": 1.1451,
  "rollH20": 1.14741,
  "rollL20": 1.14451,
  "up2": false,
  "dn2": false,
  "source": "twelvedata_repo"
}