{
  "datetime": "2026-01-24 14:20:00",
  "open": 1.18235,
  "high": 1.1824,
  "low": 1.18215,
  "close": 1.18225,
  "rollH20": 1.18243,
  "rollL20": 1.18217,
  "up2": false,
  "dn2": false,
  "source": "twelvedata_repo"
}