{
  "datetime": "2026-07-19 11:30:00",
  "open": 1.14401,
  "high": 1.14404,
  "low": 1.14401,
  "close": 1.14404,
  "rollH20": 1.14406,
  "rollL20": 1.14398,
  "up2": false,
  "dn2": false,
  "source": "twelvedata_repo"
}