{
  "datetime": "2026-03-04 17:00:00",
  "open": 1.16369,
  "high": 1.16375,
  "low": 1.16369,
  "close": 1.16375,
  "rollH20": 1.16458,
  "rollL20": 1.1627,
  "up2": false,
  "dn2": false,
  "source": "twelvedata_repo"
}