{
  "datetime": "2025-11-11 18:30:00",
  "open": 1.15976,
  "high": 1.15979,
  "low": 1.15969,
  "close": 1.15969,
  "rollH20": 1.15999,
  "rollL20": 1.15908,
  "up2": false,
  "dn2": false,
  "source": "twelvedata_repo"
}