{
  "datetime": "2025-11-20 07:55:00",
  "open": 1.15226,
  "high": 1.15227,
  "low": 1.15207,
  "close": 1.1521,
  "rollH20": 1.15236,
  "rollL20": 1.15136,
  "up2": false,
  "dn2": false,
  "source": "twelvedata_repo"
}