{
  "datetime": "2026-02-12 23:10:00",
  "open": 1.18683,
  "high": 1.18686,
  "low": 1.18667,
  "close": 1.18681,
  "rollH20": 1.18728,
  "rollL20": 1.18634,
  "up2": false,
  "dn2": false,
  "source": "twelvedata_repo"
}