{
  "datetime": "2026-07-16 08:55:00",
  "open": 1.14718,
  "high": 1.14737,
  "low": 1.14693,
  "close": 1.14695,
  "rollH20": 1.1477,
  "rollL20": 1.14653,
  "up2": false,
  "dn2": false,
  "source": "twelvedata_repo"
}