{
  "datetime": "2025-09-02 16:35:00",
  "open": 1.16563,
  "high": 1.16569,
  "low": 1.1653,
  "close": 1.16538,
  "rollH20": 1.16827,
  "rollL20": 1.16469,
  "up2": false,
  "dn2": false,
  "source": "twelvedata_repo"
}