{
  "datetime": "2026-04-11 08:45:00",
  "open": 1.17181,
  "high": 1.17186,
  "low": 1.1718,
  "close": 1.1718,
  "rollH20": 1.17223,
  "rollL20": 1.17177,
  "up2": false,
  "dn2": false,
  "source": "twelvedata_repo"
}