{
  "datetime": "2026-02-28 12:55:00",
  "open": 1.18081,
  "high": 1.18085,
  "low": 1.1808,
  "close": 1.18081,
  "rollH20": 1.1812,
  "rollL20": 1.18053,
  "up2": false,
  "dn2": false,
  "source": "twelvedata_repo"
}