{
  "datetime": "2026-04-01 23:55:00",
  "open": 1.15928,
  "high": 1.1593,
  "low": 1.15924,
  "close": 1.15924,
  "rollH20": 1.15938,
  "rollL20": 1.15864,
  "up2": false,
  "dn2": false,
  "source": "twelvedata_repo"
}