{
  "datetime": "2025-12-05 20:40:00",
  "open": 1.16428,
  "high": 1.16429,
  "low": 1.16412,
  "close": 1.16414,
  "rollH20": 1.16491,
  "rollL20": 1.1641,
  "up2": false,
  "dn2": false,
  "source": "twelvedata_repo"
}