{
  "datetime": "2026-06-18 02:35:00",
  "open": 1.15222,
  "high": 1.15222,
  "low": 1.15203,
  "close": 1.15215,
  "rollH20": 1.15227,
  "rollL20": 1.15046,
  "up2": false,
  "dn2": false,
  "source": "twelvedata_repo"
}