{
  "datetime": "2026-02-05 01:25:00",
  "open": 1.18012,
  "high": 1.18024,
  "low": 1.18009,
  "close": 1.1802,
  "rollH20": 1.1808,
  "rollL20": 1.18004,
  "up2": false,
  "dn2": false,
  "source": "twelvedata_repo"
}