{
  "datetime": "2026-03-22 09:45:00",
  "open": 1.15923,
  "high": 1.15928,
  "low": 1.15922,
  "close": 1.15924,
  "rollH20": 1.15933,
  "rollL20": 1.15919,
  "up2": false,
  "dn2": false,
  "source": "twelvedata_repo"
}