{
  "datetime": "2026-03-25 00:30:00",
  "open": 1.1617,
  "high": 1.16178,
  "low": 1.16165,
  "close": 1.16167,
  "rollH20": 1.16189,
  "rollL20": 1.16044,
  "up2": false,
  "dn2": false,
  "source": "twelvedata_repo"
}