{
  "datetime": "2026-02-06 22:00:00",
  "open": 1.18226,
  "high": 1.18229,
  "low": 1.18221,
  "close": 1.18223,
  "rollH20": 1.18231,
  "rollL20": 1.18157,
  "up2": false,
  "dn2": false,
  "source": "twelvedata_repo"
}