{
  "datetime": "2026-01-21 23:55:00",
  "open": 1.16863,
  "high": 1.16865,
  "low": 1.16857,
  "close": 1.16859,
  "rollH20": 1.169,
  "rollL20": 1.16831,
  "up2": false,
  "dn2": false,
  "source": "twelvedata_repo"
}