{
  "datetime": "2026-05-20 10:55:00",
  "open": 1.15902,
  "high": 1.15905,
  "low": 1.15899,
  "close": 1.15905,
  "rollH20": 1.15948,
  "rollL20": 1.15845,
  "up2": false,
  "dn2": false,
  "source": "twelvedata_repo"
}