{
  "datetime": "2025-12-31 07:10:00",
  "open": 1.17356,
  "high": 1.17357,
  "low": 1.17346,
  "close": 1.17348,
  "rollH20": 1.17406,
  "rollL20": 1.17335,
  "up2": false,
  "dn2": false,
  "source": "twelvedata_repo"
}