{
  "datetime": "2026-02-17 20:25:00",
  "open": 1.18479,
  "high": 1.18481,
  "low": 1.18478,
  "close": 1.18481,
  "rollH20": 1.18531,
  "rollL20": 1.18438,
  "up2": false,
  "dn2": false,
  "source": "twelvedata_repo"
}