{
  "datetime": "2026-02-18 10:25:00",
  "open": 1.18404,
  "high": 1.18411,
  "low": 1.18397,
  "close": 1.18401,
  "rollH20": 1.18407,
  "rollL20": 1.18293,
  "up2": false,
  "dn2": false,
  "source": "twelvedata_repo"
}