{
  "datetime": "2026-06-27 13:15:00",
  "open": 1.13867,
  "high": 1.13868,
  "low": 1.13866,
  "close": 1.13868,
  "rollH20": 1.13967,
  "rollL20": 1.13835,
  "up2": false,
  "dn2": false,
  "source": "twelvedata_repo"
}