{
  "datetime": "2026-04-05 22:10:00",
  "open": 1.15226,
  "high": 1.15229,
  "low": 1.15186,
  "close": 1.15192,
  "rollH20": 1.15249,
  "rollL20": 1.15079,
  "up2": false,
  "dn2": false,
  "source": "twelvedata_repo"
}