{
  "datetime": "2025-10-20 20:05:00",
  "open": 1.16468,
  "high": 1.16491,
  "low": 1.16468,
  "close": 1.16474,
  "rollH20": 1.16494,
  "rollL20": 1.16384,
  "up2": false,
  "dn2": false,
  "source": "twelvedata_repo"
}