{
  "datetime": "2025-11-03 15:50:00",
  "open": 1.15061,
  "high": 1.15087,
  "low": 1.15061,
  "close": 1.15068,
  "rollH20": 1.15143,
  "rollL20": 1.15051,
  "up2": false,
  "dn2": false,
  "source": "twelvedata_repo"
}