{
  "datetime": "2026-06-27 04:15:00",
  "open": 1.13864,
  "high": 1.13869,
  "low": 1.13863,
  "close": 1.13863,
  "rollH20": 1.13969,
  "rollL20": 1.1385,
  "up2": false,
  "dn2": false,
  "source": "twelvedata_repo"
}