{
  "datetime": "2026-03-21 23:10:00",
  "open": 1.15873,
  "high": 1.15874,
  "low": 1.15873,
  "close": 1.15874,
  "rollH20": 1.15935,
  "rollL20": 1.15822,
  "up2": false,
  "dn2": false,
  "source": "twelvedata_repo"
}