{
  "datetime": "2026-01-09 08:35:00",
  "open": 1.16422,
  "high": 1.16426,
  "low": 1.16405,
  "close": 1.1641,
  "rollH20": 1.16533,
  "rollL20": 1.1642,
  "up2": false,
  "dn2": false,
  "source": "twelvedata_repo"
}