{
  "datetime": "2025-10-31 12:45:00",
  "open": 1.15622,
  "high": 1.15633,
  "low": 1.15611,
  "close": 1.15632,
  "rollH20": 1.15738,
  "rollL20": 1.15585,
  "up2": false,
  "dn2": false,
  "source": "twelvedata_repo"
}