{
  "datetime": "2026-04-30 10:00:00",
  "open": 1.16786,
  "high": 1.16814,
  "low": 1.16773,
  "close": 1.16799,
  "rollH20": 1.16971,
  "rollL20": 1.16745,
  "up2": false,
  "dn2": false,
  "source": "twelvedata_repo"
}