{
  "datetime": "2026-02-10 16:00:00",
  "open": 1.19165,
  "high": 1.19167,
  "low": 1.19129,
  "close": 1.19139,
  "rollH20": 1.19271,
  "rollL20": 1.18903,
  "up2": false,
  "dn2": false,
  "source": "twelvedata_repo"
}