{
  "datetime": "2025-09-04 20:55:00",
  "open": 1.16509,
  "high": 1.1652,
  "low": 1.16506,
  "close": 1.16512,
  "rollH20": 1.16521,
  "rollL20": 1.16416,
  "up2": false,
  "dn2": false,
  "source": "twelvedata_repo"
}