{
  "datetime": "2025-11-11 08:45:00",
  "open": 1.15575,
  "high": 1.15585,
  "low": 1.15566,
  "close": 1.15585,
  "rollH20": 1.1563,
  "rollL20": 1.15501,
  "up2": false,
  "dn2": false,
  "source": "twelvedata_repo"
}