{
  "datetime": "2025-09-11 16:55:00",
  "open": 1.17323,
  "high": 1.17335,
  "low": 1.17304,
  "close": 1.17309,
  "rollH20": 1.17459,
  "rollL20": 1.17256,
  "up2": false,
  "dn2": false,
  "source": "twelvedata_repo"
}