{
  "datetime": "2026-03-29 02:30:00",
  "open": 1.15326,
  "high": 1.15378,
  "low": 1.15319,
  "close": 1.1535,
  "rollH20": 1.15407,
  "rollL20": 1.15279,
  "up2": false,
  "dn2": false,
  "source": "twelvedata_repo"
}