{
  "datetime": "2026-02-15 00:45:00",
  "open": 1.1872,
  "high": 1.18725,
  "low": 1.1872,
  "close": 1.1872,
  "rollH20": 1.18752,
  "rollL20": 1.18719,
  "up2": false,
  "dn2": false,
  "source": "twelvedata_repo"
}