{
  "datetime": "2025-11-17 22:35:00",
  "open": 1.15911,
  "high": 1.15921,
  "low": 1.15908,
  "close": 1.15908,
  "rollH20": 1.15915,
  "rollL20": 1.1583,
  "up2": false,
  "dn2": false,
  "source": "twelvedata_repo"
}