{
  "datetime": "2025-11-11 22:25:00",
  "open": 1.15835,
  "high": 1.15849,
  "low": 1.15834,
  "close": 1.15841,
  "rollH20": 1.15915,
  "rollL20": 1.15825,
  "up2": false,
  "dn2": false,
  "source": "twelvedata_repo"
}