{
  "datetime": "2026-04-27 07:10:00",
  "open": 1.17199,
  "high": 1.1721,
  "low": 1.17185,
  "close": 1.17197,
  "rollH20": 1.17322,
  "rollL20": 1.17196,
  "up2": false,
  "dn2": false,
  "source": "twelvedata_repo"
}