{
  "datetime": "2025-12-29 21:15:00",
  "open": 1.17692,
  "high": 1.17695,
  "low": 1.17691,
  "close": 1.17691,
  "rollH20": 1.17698,
  "rollL20": 1.17566,
  "up2": false,
  "dn2": false,
  "source": "twelvedata_repo"
}