{
  "datetime": "2026-01-17 14:20:00",
  "open": 1.15986,
  "high": 1.16026,
  "low": 1.1598,
  "close": 1.16026,
  "rollH20": 1.16006,
  "rollL20": 1.15939,
  "up2": false,
  "dn2": false,
  "source": "twelvedata_repo"
}