{
  "datetime": "2026-07-23 17:25:00",
  "open": 1.13748,
  "high": 1.13776,
  "low": 1.13748,
  "close": 1.13775,
  "rollH20": 1.13779,
  "rollL20": 1.13654,
  "up2": false,
  "dn2": false,
  "source": "twelvedata_repo"
}