{
  "datetime": "2026-07-13 20:55:00",
  "open": 1.13831,
  "high": 1.13836,
  "low": 1.1383,
  "close": 1.13836,
  "rollH20": 1.13893,
  "rollL20": 1.1382,
  "up2": false,
  "dn2": false,
  "source": "twelvedata_repo"
}