{
  "datetime": "2026-03-03 08:35:00",
  "open": 1.16364,
  "high": 1.16368,
  "low": 1.16296,
  "close": 1.16318,
  "rollH20": 1.16712,
  "rollL20": 1.1631,
  "up2": false,
  "dn2": false,
  "source": "twelvedata_repo"
}