{
  "datetime": "2025-10-13 00:45:00",
  "open": 1.1605,
  "high": 1.1605,
  "low": 1.1605,
  "close": 1.1605,
  "rollH20": 1.16285,
  "rollL20": 1.15934,
  "up2": false,
  "dn2": false,
  "source": "twelvedata_repo"
}