{
  "datetime": "2026-02-23 08:00:00",
  "open": 1.18232,
  "high": 1.18241,
  "low": 1.18232,
  "close": 1.18241,
  "rollH20": 1.18345,
  "rollL20": 1.18194,
  "up2": false,
  "dn2": false,
  "source": "twelvedata_repo"
}