{
  "datetime": "2025-09-05 20:40:00",
  "open": 1.17164,
  "high": 1.17177,
  "low": 1.17144,
  "close": 1.17155,
  "rollH20": 1.17269,
  "rollL20": 1.17142,
  "up2": false,
  "dn2": false,
  "source": "twelvedata_repo"
}