{
  "datetime": "2025-12-16 20:30:00",
  "open": 1.17449,
  "high": 1.17493,
  "low": 1.17449,
  "close": 1.17485,
  "rollH20": 1.17772,
  "rollL20": 1.17363,
  "up2": false,
  "dn2": false,
  "source": "twelvedata_repo"
}