{
  "datetime": "2026-07-21 10:30:00",
  "open": 1.14225,
  "high": 1.14225,
  "low": 1.14213,
  "close": 1.14215,
  "rollH20": 1.14257,
  "rollL20": 1.14188,
  "up2": false,
  "dn2": false,
  "source": "twelvedata_repo"
}