{
  "datetime": "2025-09-29 22:15:00",
  "open": 1.17266,
  "high": 1.17266,
  "low": 1.17241,
  "close": 1.17241,
  "rollH20": 1.17311,
  "rollL20": 1.17235,
  "up2": false,
  "dn2": false,
  "source": "twelvedata_repo"
}