{
  "datetime": "2025-10-27 00:30:00",
  "open": 1.16302,
  "high": 1.16315,
  "low": 1.16302,
  "close": 1.16306,
  "rollH20": 1.16356,
  "rollL20": 1.16246,
  "up2": false,
  "dn2": false,
  "source": "twelvedata_repo"
}