{
  "datetime": "2026-03-12 05:05:00",
  "open": 1.15392,
  "high": 1.15419,
  "low": 1.15367,
  "close": 1.15418,
  "rollH20": 1.15402,
  "rollL20": 1.1532,
  "up2": false,
  "dn2": false,
  "source": "twelvedata_repo"
}