{
  "datetime": "2026-05-15 02:55:00",
  "open": 1.16481,
  "high": 1.16485,
  "low": 1.1647,
  "close": 1.16471,
  "rollH20": 1.16634,
  "rollL20": 1.16471,
  "up2": false,
  "dn2": false,
  "source": "twelvedata_repo"
}