{
  "datetime": "2026-05-23 23:20:00",
  "open": 1.16038,
  "high": 1.16043,
  "low": 1.16037,
  "close": 1.16038,
  "rollH20": 1.16073,
  "rollL20": 1.16011,
  "up2": false,
  "dn2": false,
  "source": "twelvedata_repo"
}