{
  "datetime": "2025-10-29 11:35:00",
  "open": 1.16457,
  "high": 1.16467,
  "low": 1.16457,
  "close": 1.16457,
  "rollH20": 1.1647,
  "rollL20": 1.1619,
  "up2": false,
  "dn2": false,
  "source": "twelvedata_repo"
}