{
  "datetime": "2026-06-04 15:20:00",
  "open": 1.16344,
  "high": 1.16352,
  "low": 1.16339,
  "close": 1.1635,
  "rollH20": 1.16434,
  "rollL20": 1.16328,
  "up2": false,
  "dn2": false,
  "source": "twelvedata_repo"
}