{
  "datetime": "2026-05-05 21:55:00",
  "open": 1.16951,
  "high": 1.16951,
  "low": 1.16932,
  "close": 1.16937,
  "rollH20": 1.16988,
  "rollL20": 1.16926,
  "up2": false,
  "dn2": false,
  "source": "twelvedata_repo"
}