{
  "datetime": "2026-04-19 19:55:00",
  "open": 1.17626,
  "high": 1.17702,
  "low": 1.17597,
  "close": 1.17652,
  "rollH20": 1.17804,
  "rollL20": 1.1745,
  "up2": false,
  "dn2": false,
  "source": "twelvedata_repo"
}