{
  "datetime": "2026-02-01 19:10:00",
  "open": 1.18639,
  "high": 1.187,
  "low": 1.18589,
  "close": 1.187,
  "rollH20": 1.18739,
  "rollL20": 1.18498,
  "up2": false,
  "dn2": false,
  "source": "twelvedata_repo"
}