{
  "datetime": "2025-12-29 21:40:00",
  "open": 1.17677,
  "high": 1.17679,
  "low": 1.17677,
  "close": 1.17679,
  "rollH20": 1.17698,
  "rollL20": 1.17572,
  "up2": false,
  "dn2": false,
  "source": "twelvedata_repo"
}