{
  "datetime": "2026-02-03 04:10:00",
  "open": 1.1803,
  "high": 1.18035,
  "low": 1.18022,
  "close": 1.18023,
  "rollH20": 1.18149,
  "rollL20": 1.18014,
  "up2": false,
  "dn2": false,
  "source": "twelvedata_repo"
}