{
  "datetime": "2026-03-21 22:35:00",
  "open": 1.15898,
  "high": 1.15906,
  "low": 1.15895,
  "close": 1.159,
  "rollH20": 1.15935,
  "rollL20": 1.15836,
  "up2": false,
  "dn2": false,
  "source": "twelvedata_repo"
}