{
  "datetime": "2026-02-05 08:00:00",
  "open": 1.17907,
  "high": 1.18007,
  "low": 1.17899,
  "close": 1.18005,
  "rollH20": 1.17918,
  "rollL20": 1.17845,
  "up2": false,
  "dn2": false,
  "source": "twelvedata_repo"
}