{
  "datetime": "2026-01-24 00:55:00",
  "open": 1.18273,
  "high": 1.18283,
  "low": 1.18273,
  "close": 1.18275,
  "rollH20": 1.18293,
  "rollL20": 1.18258,
  "up2": false,
  "dn2": false,
  "source": "twelvedata_repo"
}