{
  "datetime": "2026-03-06 12:35:00",
  "open": 1.15664,
  "high": 1.15668,
  "low": 1.15619,
  "close": 1.15632,
  "rollH20": 1.15828,
  "rollL20": 1.15526,
  "up2": false,
  "dn2": false,
  "source": "twelvedata_repo"
}