{
  "datetime": "2026-01-14 21:40:00",
  "open": 1.16473,
  "high": 1.16476,
  "low": 1.16454,
  "close": 1.16454,
  "rollH20": 1.16475,
  "rollL20": 1.16361,
  "up2": false,
  "dn2": false,
  "source": "twelvedata_repo"
}