{
  "datetime": "2026-04-01 23:35:00",
  "open": 1.15923,
  "high": 1.15924,
  "low": 1.15921,
  "close": 1.15921,
  "rollH20": 1.15936,
  "rollL20": 1.15864,
  "up2": false,
  "dn2": false,
  "source": "twelvedata_repo"
}