{
  "datetime": "2025-09-08 08:40:00",
  "open": 1.17314,
  "high": 1.17323,
  "low": 1.17314,
  "close": 1.17314,
  "rollH20": 1.17317,
  "rollL20": 1.1712,
  "up2": false,
  "dn2": false,
  "source": "twelvedata_repo"
}