{
  "datetime": "2026-02-02 08:05:00",
  "open": 1.18589,
  "high": 1.18624,
  "low": 1.18581,
  "close": 1.18611,
  "rollH20": 1.18616,
  "rollL20": 1.18429,
  "up2": false,
  "dn2": false,
  "source": "twelvedata_repo"
}