{
  "datetime": "2025-09-23 08:55:00",
  "open": 1.17898,
  "high": 1.17916,
  "low": 1.17882,
  "close": 1.17893,
  "rollH20": 1.18043,
  "rollL20": 1.17785,
  "up2": false,
  "dn2": false,
  "source": "twelvedata_repo"
}