{
  "datetime": "2025-10-03 10:45:00",
  "open": 1.17367,
  "high": 1.17392,
  "low": 1.17367,
  "close": 1.17384,
  "rollH20": 1.17446,
  "rollL20": 1.17312,
  "up2": false,
  "dn2": false,
  "source": "twelvedata_repo"
}