{
  "datetime": "2026-02-04 01:45:00",
  "open": 1.18149,
  "high": 1.18154,
  "low": 1.18129,
  "close": 1.1814,
  "rollH20": 1.18196,
  "rollL20": 1.18088,
  "up2": false,
  "dn2": false,
  "source": "twelvedata_repo"
}