{
  "datetime": "2025-11-25 19:55:00",
  "open": 1.1582,
  "high": 1.15827,
  "low": 1.15813,
  "close": 1.15813,
  "rollH20": 1.15854,
  "rollL20": 1.15651,
  "up2": false,
  "dn2": false,
  "source": "twelvedata_repo"
}