{
  "datetime": "2026-04-12 13:20:00",
  "open": 1.17282,
  "high": 1.17287,
  "low": 1.17281,
  "close": 1.17281,
  "rollH20": 1.17287,
  "rollL20": 1.17257,
  "up2": false,
  "dn2": false,
  "source": "twelvedata_repo"
}