{
  "datetime": "2025-09-10 20:40:00",
  "open": 1.1695,
  "high": 1.16953,
  "low": 1.16935,
  "close": 1.16945,
  "rollH20": 1.17119,
  "rollL20": 1.16934,
  "up2": false,
  "dn2": false,
  "source": "twelvedata_repo"
}