{
  "datetime": "2025-12-19 18:55:00",
  "open": 1.17194,
  "high": 1.17197,
  "low": 1.17184,
  "close": 1.17193,
  "rollH20": 1.17209,
  "rollL20": 1.17142,
  "up2": false,
  "dn2": false,
  "source": "twelvedata_repo"
}