{
  "datetime": "2025-12-12 05:55:00",
  "open": 1.17351,
  "high": 1.17352,
  "low": 1.17337,
  "close": 1.17341,
  "rollH20": 1.17379,
  "rollL20": 1.17318,
  "up2": false,
  "dn2": false,
  "source": "twelvedata_repo"
}