{
  "datetime": "2026-02-17 12:20:00",
  "open": 1.18313,
  "high": 1.18327,
  "low": 1.18303,
  "close": 1.18327,
  "rollH20": 1.18465,
  "rollL20": 1.18257,
  "up2": false,
  "dn2": false,
  "source": "twelvedata_repo"
}