{
  "datetime": "2025-10-31 17:10:00",
  "open": 1.15362,
  "high": 1.15386,
  "low": 1.1536,
  "close": 1.15386,
  "rollH20": 1.15434,
  "rollL20": 1.15226,
  "up2": false,
  "dn2": false,
  "source": "twelvedata_repo"
}