{
  "datetime": "2026-01-28 12:45:00",
  "open": 1.19681,
  "high": 1.19685,
  "low": 1.19664,
  "close": 1.1967,
  "rollH20": 1.19957,
  "rollL20": 1.1963,
  "up2": false,
  "dn2": false,
  "source": "twelvedata_repo"
}