{
  "datetime": "2025-12-28 23:50:00",
  "open": 1.17724,
  "high": 1.17726,
  "low": 1.17724,
  "close": 1.17725,
  "rollH20": 1.17749,
  "rollL20": 1.1767,
  "up2": false,
  "dn2": false,
  "source": "twelvedata_repo"
}