{
  "datetime": "2025-09-26 21:55:00",
  "open": 1.17016,
  "high": 1.17016,
  "low": 1.16989,
  "close": 1.16998,
  "rollH20": 1.17072,
  "rollL20": 1.16985,
  "up2": false,
  "dn2": false,
  "source": "twelvedata_repo"
}