{
  "datetime": "2026-01-30 11:05:00",
  "open": 1.19118,
  "high": 1.19122,
  "low": 1.19105,
  "close": 1.19108,
  "rollH20": 1.19395,
  "rollL20": 1.18984,
  "up2": false,
  "dn2": false,
  "source": "twelvedata_repo"
}