{
  "datetime": "2026-02-21 06:40:00",
  "open": 1.17834,
  "high": 1.1785,
  "low": 1.17834,
  "close": 1.17844,
  "rollH20": 1.17852,
  "rollL20": 1.17832,
  "up2": false,
  "dn2": false,
  "source": "twelvedata_repo"
}