{
  "datetime": "2026-03-19 18:50:00",
  "open": 1.15569,
  "high": 1.15573,
  "low": 1.15556,
  "close": 1.15556,
  "rollH20": 1.15649,
  "rollL20": 1.15242,
  "up2": false,
  "dn2": false,
  "source": "twelvedata_repo"
}