{
  "datetime": "2026-04-21 11:45:00",
  "open": 1.17596,
  "high": 1.17602,
  "low": 1.17596,
  "close": 1.17602,
  "rollH20": 1.1763,
  "rollL20": 1.17569,
  "up2": false,
  "dn2": false,
  "source": "twelvedata_repo"
}