{
  "datetime": "2025-11-19 06:35:00",
  "open": 1.15855,
  "high": 1.15874,
  "low": 1.15854,
  "close": 1.15874,
  "rollH20": 1.15888,
  "rollL20": 1.15793,
  "up2": false,
  "dn2": false,
  "source": "twelvedata_repo"
}