{
  "datetime": "2026-06-07 04:40:00",
  "open": 1.15229,
  "high": 1.15234,
  "low": 1.15228,
  "close": 1.15231,
  "rollH20": 1.15245,
  "rollL20": 1.15222,
  "up2": false,
  "dn2": false,
  "source": "twelvedata_repo"
}