{
  "datetime": "2025-11-04 22:55:00",
  "open": 1.14813,
  "high": 1.1482,
  "low": 1.1481,
  "close": 1.14819,
  "rollH20": 1.14831,
  "rollL20": 1.14756,
  "up2": false,
  "dn2": false,
  "source": "twelvedata_repo"
}