{
  "datetime": "2025-10-15 07:35:00",
  "open": 1.16231,
  "high": 1.16232,
  "low": 1.1622,
  "close": 1.16231,
  "rollH20": 1.16315,
  "rollL20": 1.16177,
  "up2": false,
  "dn2": false,
  "source": "twelvedata_repo"
}