{
  "datetime": "2025-12-30 04:10:00",
  "open": 1.17711,
  "high": 1.17713,
  "low": 1.1771,
  "close": 1.17713,
  "rollH20": 1.17768,
  "rollL20": 1.17699,
  "up2": false,
  "dn2": false,
  "source": "twelvedata_repo"
}