{
  "datetime": "2025-09-30 15:45:00",
  "open": 1.1748,
  "high": 1.17488,
  "low": 1.17479,
  "close": 1.17481,
  "rollH20": 1.17507,
  "rollL20": 1.17165,
  "up2": false,
  "dn2": false,
  "source": "twelvedata_repo"
}