{
  "datetime": "2026-01-05 22:00:00",
  "open": 1.17253,
  "high": 1.17255,
  "low": 1.17247,
  "close": 1.17249,
  "rollH20": 1.17292,
  "rollL20": 1.17236,
  "up2": false,
  "dn2": false,
  "source": "twelvedata_repo"
}