{
  "datetime": "2026-05-14 11:50:00",
  "open": 1.17072,
  "high": 1.17083,
  "low": 1.17069,
  "close": 1.17071,
  "rollH20": 1.17129,
  "rollL20": 1.17054,
  "up2": false,
  "dn2": false,
  "source": "twelvedata_repo"
}