{
  "datetime": "2026-02-17 07:40:00",
  "open": 1.18326,
  "high": 1.18331,
  "low": 1.18326,
  "close": 1.18331,
  "rollH20": 1.1846,
  "rollL20": 1.18325,
  "up2": false,
  "dn2": false,
  "source": "twelvedata_repo"
}