{
  "datetime": "2026-03-11 23:55:00",
  "open": 1.1543,
  "high": 1.15434,
  "low": 1.15408,
  "close": 1.15429,
  "rollH20": 1.15692,
  "rollL20": 1.15399,
  "up2": false,
  "dn2": false,
  "source": "twelvedata_repo"
}