{
  "datetime": "2026-03-15 22:10:00",
  "open": 1.14226,
  "high": 1.14304,
  "low": 1.14204,
  "close": 1.14267,
  "rollH20": 1.14342,
  "rollL20": 1.14157,
  "up2": false,
  "dn2": false,
  "source": "twelvedata_repo"
}