{
  "datetime": "2026-01-28 08:15:00",
  "open": 1.20145,
  "high": 1.20226,
  "low": 1.20145,
  "close": 1.20226,
  "rollH20": 1.20165,
  "rollL20": 1.19885,
  "up2": true,
  "dn2": false,
  "source": "twelvedata_repo"
}