{
  "datetime": "2025-10-07 16:25:00",
  "open": 1.16723,
  "high": 1.16725,
  "low": 1.16717,
  "close": 1.16717,
  "rollH20": 1.16749,
  "rollL20": 1.16547,
  "up2": false,
  "dn2": false,
  "source": "twelvedata_repo"
}