{
  "datetime": "2026-02-18 09:25:00",
  "open": 1.18353,
  "high": 1.18358,
  "low": 1.18344,
  "close": 1.18346,
  "rollH20": 1.18383,
  "rollL20": 1.18293,
  "up2": false,
  "dn2": false,
  "source": "twelvedata_repo"
}