{
  "datetime": "2026-02-07 00:10:00",
  "open": 1.18211,
  "high": 1.18213,
  "low": 1.18196,
  "close": 1.18196,
  "rollH20": 1.18276,
  "rollL20": 1.1814,
  "up2": false,
  "dn2": false,
  "source": "twelvedata_repo"
}