{
  "datetime": "2026-03-11 22:55:00",
  "open": 1.15512,
  "high": 1.15513,
  "low": 1.15498,
  "close": 1.15511,
  "rollH20": 1.15754,
  "rollL20": 1.1551,
  "up2": false,
  "dn2": false,
  "source": "twelvedata_repo"
}