{
  "datetime": "2025-10-21 07:15:00",
  "open": 1.16226,
  "high": 1.16231,
  "low": 1.16216,
  "close": 1.16225,
  "rollH20": 1.16371,
  "rollL20": 1.16187,
  "up2": false,
  "dn2": false,
  "source": "twelvedata_repo"
}