{
  "datetime": "2026-06-06 02:10:00",
  "open": 1.15214,
  "high": 1.15217,
  "low": 1.15214,
  "close": 1.15216,
  "rollH20": 1.15246,
  "rollL20": 1.15201,
  "up2": false,
  "dn2": false,
  "source": "twelvedata_repo"
}