{
  "datetime": "2026-03-13 06:25:00",
  "open": 1.14992,
  "high": 1.14994,
  "low": 1.14991,
  "close": 1.14992,
  "rollH20": 1.15065,
  "rollL20": 1.14972,
  "up2": false,
  "dn2": false,
  "source": "twelvedata_repo"
}