{
  "datetime": "2025-09-24 12:45:00",
  "open": 1.17515,
  "high": 1.17522,
  "low": 1.17498,
  "close": 1.17522,
  "rollH20": 1.1768,
  "rollL20": 1.17465,
  "up2": false,
  "dn2": false,
  "source": "twelvedata_repo"
}