{
  "datetime": "2026-03-20 19:55:00",
  "open": 1.15591,
  "high": 1.15612,
  "low": 1.15587,
  "close": 1.15588,
  "rollH20": 1.15699,
  "rollL20": 1.15466,
  "up2": false,
  "dn2": false,
  "source": "twelvedata_repo"
}