{
  "datetime": "2026-02-19 20:30:00",
  "open": 1.1766,
  "high": 1.17664,
  "low": 1.1766,
  "close": 1.17664,
  "rollH20": 1.17742,
  "rollL20": 1.17605,
  "up2": false,
  "dn2": false,
  "source": "twelvedata_repo"
}