{
  "datetime": "2025-12-09 10:50:00",
  "open": 1.16554,
  "high": 1.16554,
  "low": 1.1655,
  "close": 1.1655,
  "rollH20": 1.16575,
  "rollL20": 1.16356,
  "up2": false,
  "dn2": false,
  "source": "twelvedata_repo"
}