{
  "datetime": "2026-03-09 23:55:00",
  "open": 1.16161,
  "high": 1.16175,
  "low": 1.1616,
  "close": 1.16168,
  "rollH20": 1.16462,
  "rollL20": 1.1616,
  "up2": false,
  "dn2": false,
  "source": "twelvedata_repo"
}