{
  "datetime": "2026-02-28 12:30:00",
  "open": 1.18057,
  "high": 1.1808,
  "low": 1.18053,
  "close": 1.1808,
  "rollH20": 1.1812,
  "rollL20": 1.18056,
  "up2": false,
  "dn2": false,
  "source": "twelvedata_repo"
}