{
  "datetime": "2026-03-25 23:00:00",
  "open": 1.15608,
  "high": 1.15611,
  "low": 1.15596,
  "close": 1.15601,
  "rollH20": 1.15623,
  "rollL20": 1.15565,
  "up2": false,
  "dn2": false,
  "source": "twelvedata_repo"
}