{
  "datetime": "2026-04-22 11:10:00",
  "open": 1.17488,
  "high": 1.1749,
  "low": 1.17467,
  "close": 1.17476,
  "rollH20": 1.17579,
  "rollL20": 1.1744,
  "up2": false,
  "dn2": false,
  "source": "twelvedata_repo"
}