{
  "datetime": "2026-02-24 18:00:00",
  "open": 1.1786,
  "high": 1.17861,
  "low": 1.17858,
  "close": 1.1786,
  "rollH20": 1.17904,
  "rollL20": 1.17826,
  "up2": false,
  "dn2": false,
  "source": "twelvedata_repo"
}