{
  "datetime": "2026-01-19 01:40:00",
  "open": 1.16329,
  "high": 1.16361,
  "low": 1.16329,
  "close": 1.16361,
  "rollH20": 1.16342,
  "rollL20": 1.15814,
  "up2": false,
  "dn2": false,
  "source": "twelvedata_repo"
}