{
  "datetime": "2026-02-13 10:00:00",
  "open": 1.18626,
  "high": 1.18659,
  "low": 1.18626,
  "close": 1.18652,
  "rollH20": 1.18627,
  "rollL20": 1.18485,
  "up2": false,
  "dn2": false,
  "source": "twelvedata_repo"
}