{
  "datetime": "2026-03-22 22:25:00",
  "open": 1.15399,
  "high": 1.15401,
  "low": 1.1536,
  "close": 1.15383,
  "rollH20": 1.15557,
  "rollL20": 1.15352,
  "up2": false,
  "dn2": false,
  "source": "twelvedata_repo"
}