{
  "datetime": "2026-03-16 01:40:00",
  "open": 1.14443,
  "high": 1.1446,
  "low": 1.14443,
  "close": 1.1446,
  "rollH20": 1.14556,
  "rollL20": 1.1435,
  "up2": false,
  "dn2": false,
  "source": "twelvedata_repo"
}