{
  "datetime": "2026-07-17 20:00:00",
  "open": 1.14368,
  "high": 1.14368,
  "low": 1.14355,
  "close": 1.14365,
  "rollH20": 1.14376,
  "rollL20": 1.14338,
  "up2": false,
  "dn2": false,
  "source": "twelvedata_repo"
}