{
  "datetime": "2025-09-29 18:40:00",
  "open": 1.1724,
  "high": 1.1724,
  "low": 1.17228,
  "close": 1.17233,
  "rollH20": 1.17331,
  "rollL20": 1.17221,
  "up2": false,
  "dn2": false,
  "source": "twelvedata_repo"
}