{
  "datetime": "2026-06-28 20:00:00",
  "open": 1.13858,
  "high": 1.13885,
  "low": 1.13845,
  "close": 1.13848,
  "rollH20": 1.13877,
  "rollL20": 1.13843,
  "up2": false,
  "dn2": false,
  "source": "twelvedata_repo"
}