{
  "datetime": "2026-01-21 20:00:00",
  "open": 1.16971,
  "high": 1.16974,
  "low": 1.1696,
  "close": 1.16964,
  "rollH20": 1.17114,
  "rollL20": 1.16948,
  "up2": false,
  "dn2": false,
  "source": "twelvedata_repo"
}