{
  "datetime": "2026-02-27 22:05:00",
  "open": 1.18178,
  "high": 1.18187,
  "low": 1.18153,
  "close": 1.18169,
  "rollH20": 1.18262,
  "rollL20": 1.18115,
  "up2": false,
  "dn2": false,
  "source": "twelvedata_repo"
}