{
  "datetime": "2026-03-03 16:25:00",
  "open": 1.15887,
  "high": 1.15944,
  "low": 1.1588,
  "close": 1.15944,
  "rollH20": 1.15915,
  "rollL20": 1.15316,
  "up2": false,
  "dn2": false,
  "source": "twelvedata_repo"
}