{
  "datetime": "2025-09-25 14:55:00",
  "open": 1.16856,
  "high": 1.16863,
  "low": 1.16831,
  "close": 1.16858,
  "rollH20": 1.17377,
  "rollL20": 1.16837,
  "up2": false,
  "dn2": false,
  "source": "twelvedata_repo"
}