{
  "datetime": "2026-03-13 16:35:00",
  "open": 1.14399,
  "high": 1.14401,
  "low": 1.1438,
  "close": 1.14388,
  "rollH20": 1.14631,
  "rollL20": 1.14358,
  "up2": false,
  "dn2": false,
  "source": "twelvedata_repo"
}