{
  "datetime": "2026-01-31 12:55:00",
  "open": 1.18608,
  "high": 1.18612,
  "low": 1.18606,
  "close": 1.1861,
  "rollH20": 1.18614,
  "rollL20": 1.18566,
  "up2": false,
  "dn2": false,
  "source": "twelvedata_repo"
}