{
  "datetime": "2026-05-09 09:20:00",
  "open": 1.17847,
  "high": 1.1785,
  "low": 1.17847,
  "close": 1.17847,
  "rollH20": 1.17869,
  "rollL20": 1.17839,
  "up2": false,
  "dn2": false,
  "source": "twelvedata_repo"
}