{
  "datetime": "2025-11-19 21:40:00",
  "open": 1.15274,
  "high": 1.15281,
  "low": 1.15271,
  "close": 1.15281,
  "rollH20": 1.15308,
  "rollL20": 1.15189,
  "up2": false,
  "dn2": false,
  "source": "twelvedata_repo"
}