{
  "datetime": "2026-04-26 15:25:00",
  "open": 1.17262,
  "high": 1.17267,
  "low": 1.1726,
  "close": 1.17261,
  "rollH20": 1.17267,
  "rollL20": 1.1716,
  "up2": false,
  "dn2": false,
  "source": "twelvedata_repo"
}