{
  "datetime": "2026-01-27 15:00:00",
  "open": 1.19228,
  "high": 1.19243,
  "low": 1.19228,
  "close": 1.19243,
  "rollH20": 1.19386,
  "rollL20": 1.19082,
  "up2": false,
  "dn2": false,
  "source": "twelvedata_repo"
}