{
  "datetime": "2026-03-16 18:15:00",
  "open": 1.15042,
  "high": 1.15067,
  "low": 1.15042,
  "close": 1.15067,
  "rollH20": 1.15058,
  "rollL20": 1.14798,
  "up2": false,
  "dn2": false,
  "source": "twelvedata_repo"
}