{
  "datetime": "2026-01-24 17:55:00",
  "open": 1.1823,
  "high": 1.18235,
  "low": 1.18228,
  "close": 1.18232,
  "rollH20": 1.18249,
  "rollL20": 1.18227,
  "up2": false,
  "dn2": false,
  "source": "twelvedata_repo"
}