{
  "datetime": "2026-02-18 18:45:00",
  "open": 1.17915,
  "high": 1.17916,
  "low": 1.17875,
  "close": 1.17888,
  "rollH20": 1.18154,
  "rollL20": 1.17902,
  "up2": false,
  "dn2": false,
  "source": "twelvedata_repo"
}