{
  "datetime": "2025-10-07 20:25:00",
  "open": 1.16517,
  "high": 1.16519,
  "low": 1.16511,
  "close": 1.16518,
  "rollH20": 1.16759,
  "rollL20": 1.1651,
  "up2": false,
  "dn2": false,
  "source": "twelvedata_repo"
}