{
  "datetime": "2026-05-08 17:50:00",
  "open": 1.17737,
  "high": 1.17742,
  "low": 1.17733,
  "close": 1.1774,
  "rollH20": 1.17789,
  "rollL20": 1.1768,
  "up2": false,
  "dn2": false,
  "source": "twelvedata_repo"
}