{
  "datetime": "2025-11-11 18:40:00",
  "open": 1.15956,
  "high": 1.15966,
  "low": 1.15955,
  "close": 1.15966,
  "rollH20": 1.15999,
  "rollL20": 1.15908,
  "up2": false,
  "dn2": false,
  "source": "twelvedata_repo"
}