{
  "datetime": "2026-05-02 06:55:00",
  "open": 1.17203,
  "high": 1.17207,
  "low": 1.17199,
  "close": 1.17206,
  "rollH20": 1.17254,
  "rollL20": 1.17186,
  "up2": false,
  "dn2": false,
  "source": "twelvedata_repo"
}