{
  "datetime": "2026-02-16 10:25:00",
  "open": 1.18662,
  "high": 1.18665,
  "low": 1.18653,
  "close": 1.18656,
  "rollH20": 1.18692,
  "rollL20": 1.18613,
  "up2": false,
  "dn2": false,
  "source": "twelvedata_repo"
}