{
  "datetime": "2025-10-22 22:15:00",
  "open": 1.16085,
  "high": 1.16089,
  "low": 1.16085,
  "close": 1.16089,
  "rollH20": 1.16108,
  "rollL20": 1.16047,
  "up2": false,
  "dn2": false,
  "source": "twelvedata_repo"
}