{
  "datetime": "2026-01-27 22:25:00",
  "open": 1.2033,
  "high": 1.20422,
  "low": 1.2033,
  "close": 1.20422,
  "rollH20": 1.20656,
  "rollL20": 1.19718,
  "up2": false,
  "dn2": false,
  "source": "twelvedata_repo"
}