{
  "datetime": "2026-05-22 14:35:00",
  "open": 1.16109,
  "high": 1.16109,
  "low": 1.16067,
  "close": 1.16073,
  "rollH20": 1.16178,
  "rollL20": 1.15948,
  "up2": false,
  "dn2": false,
  "source": "twelvedata_repo"
}