{
  "datetime": "2026-02-13 07:05:00",
  "open": 1.18602,
  "high": 1.18605,
  "low": 1.18575,
  "close": 1.18583,
  "rollH20": 1.18674,
  "rollL20": 1.18586,
  "up2": false,
  "dn2": false,
  "source": "twelvedata_repo"
}