{
  "datetime": "2025-10-13 23:40:00",
  "open": 1.15712,
  "high": 1.15712,
  "low": 1.15708,
  "close": 1.15708,
  "rollH20": 1.15737,
  "rollL20": 1.15674,
  "up2": false,
  "dn2": false,
  "source": "twelvedata_repo"
}