{
  "datetime": "2026-06-09 15:10:00",
  "open": 1.15689,
  "high": 1.15726,
  "low": 1.1567,
  "close": 1.15674,
  "rollH20": 1.15781,
  "rollL20": 1.15642,
  "up2": false,
  "dn2": false,
  "source": "twelvedata_repo"
}