{
  "datetime": "2026-02-03 05:40:00",
  "open": 1.1812,
  "high": 1.1812,
  "low": 1.18113,
  "close": 1.18116,
  "rollH20": 1.18166,
  "rollL20": 1.18015,
  "up2": false,
  "dn2": false,
  "source": "twelvedata_repo"
}