{
  "datetime": "2025-11-17 10:45:00",
  "open": 1.16033,
  "high": 1.16033,
  "low": 1.16024,
  "close": 1.16024,
  "rollH20": 1.16152,
  "rollL20": 1.15975,
  "up2": false,
  "dn2": false,
  "source": "twelvedata_repo"
}