{
  "datetime": "2026-03-31 23:10:00",
  "open": 1.1554,
  "high": 1.1555,
  "low": 1.15536,
  "close": 1.15541,
  "rollH20": 1.15601,
  "rollL20": 1.15522,
  "up2": false,
  "dn2": false,
  "source": "twelvedata_repo"
}