{
  "datetime": "2026-05-23 00:55:00",
  "open": 1.16083,
  "high": 1.16086,
  "low": 1.16,
  "close": 1.16085,
  "rollH20": 1.16093,
  "rollL20": 1.15992,
  "up2": false,
  "dn2": false,
  "source": "twelvedata_repo"
}