{
  "datetime": "2025-12-30 20:15:00",
  "open": 1.17515,
  "high": 1.17525,
  "low": 1.17515,
  "close": 1.17521,
  "rollH20": 1.17604,
  "rollL20": 1.17487,
  "up2": false,
  "dn2": false,
  "source": "twelvedata_repo"
}