{
  "datetime": "2026-01-12 05:50:00",
  "open": 1.16549,
  "high": 1.16549,
  "low": 1.16544,
  "close": 1.16549,
  "rollH20": 1.16593,
  "rollL20": 1.16536,
  "up2": false,
  "dn2": false,
  "source": "twelvedata_repo"
}