{
  "datetime": "2026-06-24 04:25:00",
  "open": 1.13631,
  "high": 1.1364,
  "low": 1.1363,
  "close": 1.13638,
  "rollH20": 1.13775,
  "rollL20": 1.13616,
  "up2": false,
  "dn2": false,
  "source": "twelvedata_repo"
}