{
  "datetime": "2026-01-28 22:55:00",
  "open": 1.19521,
  "high": 1.19533,
  "low": 1.19521,
  "close": 1.19533,
  "rollH20": 1.1953,
  "rollL20": 1.19318,
  "up2": false,
  "dn2": false,
  "source": "twelvedata_repo"
}