{
  "datetime": "2026-05-12 19:00:00",
  "open": 1.17331,
  "high": 1.17353,
  "low": 1.17317,
  "close": 1.17318,
  "rollH20": 1.17383,
  "rollL20": 1.17267,
  "up2": false,
  "dn2": false,
  "source": "twelvedata_repo"
}