{
  "datetime": "2025-12-18 14:55:00",
  "open": 1.17574,
  "high": 1.17588,
  "low": 1.17512,
  "close": 1.17512,
  "rollH20": 1.17596,
  "rollL20": 1.17137,
  "up2": false,
  "dn2": false,
  "source": "twelvedata_repo"
}