{
  "datetime": "2026-06-12 13:30:00",
  "open": 1.15625,
  "high": 1.15643,
  "low": 1.15615,
  "close": 1.15642,
  "rollH20": 1.1579,
  "rollL20": 1.15619,
  "up2": false,
  "dn2": false,
  "source": "twelvedata_repo"
}