{
  "datetime": "2026-01-27 06:40:00",
  "open": 1.18757,
  "high": 1.18761,
  "low": 1.1875,
  "close": 1.18751,
  "rollH20": 1.18827,
  "rollL20": 1.18709,
  "up2": false,
  "dn2": false,
  "source": "twelvedata_repo"
}