{
  "datetime": "2026-02-23 06:45:00",
  "open": 1.18278,
  "high": 1.18293,
  "low": 1.18278,
  "close": 1.18293,
  "rollH20": 1.18345,
  "rollL20": 1.18157,
  "up2": false,
  "dn2": false,
  "source": "twelvedata_repo"
}