{
  "datetime": "2026-01-26 16:40:00",
  "open": 1.18865,
  "high": 1.18877,
  "low": 1.18862,
  "close": 1.18862,
  "rollH20": 1.1888,
  "rollL20": 1.18533,
  "up2": false,
  "dn2": false,
  "source": "twelvedata_repo"
}