{
  "datetime": "2026-01-23 17:30:00",
  "open": 1.17623,
  "high": 1.17665,
  "low": 1.17623,
  "close": 1.17661,
  "rollH20": 1.17623,
  "rollL20": 1.17448,
  "up2": false,
  "dn2": false,
  "source": "twelvedata_repo"
}