{
  "datetime": "2026-03-30 18:45:00",
  "open": 1.14616,
  "high": 1.14635,
  "low": 1.14616,
  "close": 1.14635,
  "rollH20": 1.14638,
  "rollL20": 1.14471,
  "up2": false,
  "dn2": false,
  "source": "twelvedata_repo"
}