{
  "datetime": "2026-03-03 05:10:00",
  "open": 1.16841,
  "high": 1.16841,
  "low": 1.1682,
  "close": 1.16822,
  "rollH20": 1.16941,
  "rollL20": 1.16803,
  "up2": false,
  "dn2": false,
  "source": "twelvedata_repo"
}