{
  "datetime": "2026-03-26 21:35:00",
  "open": 1.15359,
  "high": 1.15386,
  "low": 1.15357,
  "close": 1.15381,
  "rollH20": 1.15472,
  "rollL20": 1.15199,
  "up2": false,
  "dn2": false,
  "source": "twelvedata_repo"
}