{
  "datetime": "2025-09-02 05:40:00",
  "open": 1.16935,
  "high": 1.16941,
  "low": 1.16918,
  "close": 1.16926,
  "rollH20": 1.16996,
  "rollL20": 1.169,
  "up2": false,
  "dn2": false,
  "source": "twelvedata_repo"
}