{
  "datetime": "2026-01-16 23:15:00",
  "open": 1.16019,
  "high": 1.16026,
  "low": 1.16017,
  "close": 1.16024,
  "rollH20": 1.16044,
  "rollL20": 1.15961,
  "up2": false,
  "dn2": false,
  "source": "twelvedata_repo"
}