{
  "datetime": "2026-05-04 11:15:00",
  "open": 1.16953,
  "high": 1.16967,
  "low": 1.16951,
  "close": 1.16956,
  "rollH20": 1.17238,
  "rollL20": 1.16951,
  "up2": false,
  "dn2": false,
  "source": "twelvedata_repo"
}