{
  "datetime": "2025-12-08 22:05:00",
  "open": 1.16387,
  "high": 1.16388,
  "low": 1.16371,
  "close": 1.16378,
  "rollH20": 1.16421,
  "rollL20": 1.16368,
  "up2": false,
  "dn2": false,
  "source": "twelvedata_repo"
}