{
  "datetime": "2026-03-27 22:05:00",
  "open": 1.15187,
  "high": 1.15236,
  "low": 1.15187,
  "close": 1.1523,
  "rollH20": 1.15203,
  "rollL20": 1.15079,
  "up2": false,
  "dn2": false,
  "source": "twelvedata_repo"
}