{
  "datetime": "2025-10-28 23:35:00",
  "open": 1.16533,
  "high": 1.16533,
  "low": 1.16526,
  "close": 1.16526,
  "rollH20": 1.16548,
  "rollL20": 1.1651,
  "up2": false,
  "dn2": false,
  "source": "twelvedata_repo"
}