{
  "datetime": "2026-01-02 06:55:00",
  "open": 1.17525,
  "high": 1.17535,
  "low": 1.1751,
  "close": 1.17516,
  "rollH20": 1.17617,
  "rollL20": 1.17515,
  "up2": false,
  "dn2": false,
  "source": "twelvedata_repo"
}