{
  "datetime": "2025-10-29 00:10:00",
  "open": 1.16507,
  "high": 1.16514,
  "low": 1.16507,
  "close": 1.16512,
  "rollH20": 1.16542,
  "rollL20": 1.16503,
  "up2": false,
  "dn2": false,
  "source": "twelvedata_repo"
}