{
  "datetime": "2025-10-27 10:40:00",
  "open": 1.16352,
  "high": 1.16376,
  "low": 1.16329,
  "close": 1.16376,
  "rollH20": 1.16362,
  "rollL20": 1.1618,
  "up2": false,
  "dn2": false,
  "source": "twelvedata_repo"
}