{
  "datetime": "2025-10-29 19:25:00",
  "open": 1.16378,
  "high": 1.16378,
  "low": 1.16356,
  "close": 1.16359,
  "rollH20": 1.16596,
  "rollL20": 1.16354,
  "up2": false,
  "dn2": false,
  "source": "twelvedata_repo"
}