{
  "datetime": "2026-04-29 15:25:00",
  "open": 1.16918,
  "high": 1.16928,
  "low": 1.16903,
  "close": 1.16909,
  "rollH20": 1.17017,
  "rollL20": 1.16837,
  "up2": false,
  "dn2": false,
  "source": "twelvedata_repo"
}