{
  "datetime": "2025-11-14 07:55:00",
  "open": 1.16345,
  "high": 1.16378,
  "low": 1.16345,
  "close": 1.16366,
  "rollH20": 1.16488,
  "rollL20": 1.16335,
  "up2": false,
  "dn2": false,
  "source": "twelvedata_repo"
}