{
  "datetime": "2026-03-08 18:10:00",
  "open": 1.15898,
  "high": 1.15904,
  "low": 1.15863,
  "close": 1.15884,
  "rollH20": 1.16208,
  "rollL20": 1.15791,
  "up2": false,
  "dn2": false,
  "source": "twelvedata_repo"
}