{
  "datetime": "2025-10-21 11:55:00",
  "open": 1.16132,
  "high": 1.16138,
  "low": 1.16129,
  "close": 1.16137,
  "rollH20": 1.16271,
  "rollL20": 1.16066,
  "up2": false,
  "dn2": false,
  "source": "twelvedata_repo"
}