{
  "datetime": "2025-12-30 13:15:00",
  "open": 1.17658,
  "high": 1.17663,
  "low": 1.17655,
  "close": 1.17656,
  "rollH20": 1.17768,
  "rollL20": 1.1763,
  "up2": false,
  "dn2": false,
  "source": "twelvedata_repo"
}