{
  "datetime": "2026-01-31 17:40:00",
  "open": 1.18534,
  "high": 1.18539,
  "low": 1.18534,
  "close": 1.18534,
  "rollH20": 1.18559,
  "rollL20": 1.18517,
  "up2": false,
  "dn2": false,
  "source": "twelvedata_repo"
}