{
  "datetime": "2026-04-10 22:20:00",
  "open": 1.17234,
  "high": 1.17256,
  "low": 1.17233,
  "close": 1.17234,
  "rollH20": 1.17311,
  "rollL20": 1.17231,
  "up2": false,
  "dn2": false,
  "source": "twelvedata_repo"
}