{
  "datetime": "2026-06-04 00:35:00",
  "open": 1.16061,
  "high": 1.16074,
  "low": 1.16061,
  "close": 1.16071,
  "rollH20": 1.16108,
  "rollL20": 1.15949,
  "up2": false,
  "dn2": false,
  "source": "twelvedata_repo"
}