{
  "datetime": "2026-01-23 19:45:00",
  "open": 1.17883,
  "high": 1.17906,
  "low": 1.17883,
  "close": 1.17886,
  "rollH20": 1.17983,
  "rollL20": 1.17747,
  "up2": false,
  "dn2": false,
  "source": "twelvedata_repo"
}