{
  "datetime": "2026-04-15 23:55:00",
  "open": 1.18032,
  "high": 1.18036,
  "low": 1.1803,
  "close": 1.18031,
  "rollH20": 1.18036,
  "rollL20": 1.17983,
  "up2": false,
  "dn2": false,
  "source": "twelvedata_repo"
}