{
  "datetime": "2025-11-26 22:25:00",
  "open": 1.15949,
  "high": 1.15951,
  "low": 1.15939,
  "close": 1.1595,
  "rollH20": 1.15978,
  "rollL20": 1.15927,
  "up2": false,
  "dn2": false,
  "source": "twelvedata_repo"
}