{
  "datetime": "2026-01-19 22:45:00",
  "open": 1.16461,
  "high": 1.16464,
  "low": 1.16461,
  "close": 1.16464,
  "rollH20": 1.16465,
  "rollL20": 1.16419,
  "up2": false,
  "dn2": false,
  "source": "twelvedata_repo"
}