{
  "datetime": "2026-06-18 09:55:00",
  "open": 1.14895,
  "high": 1.14895,
  "low": 1.14855,
  "close": 1.1486,
  "rollH20": 1.15203,
  "rollL20": 1.14874,
  "up2": false,
  "dn2": false,
  "source": "twelvedata_repo"
}