{
  "datetime": "2026-04-02 19:35:00",
  "open": 1.15346,
  "high": 1.15355,
  "low": 1.15345,
  "close": 1.15352,
  "rollH20": 1.15498,
  "rollL20": 1.15336,
  "up2": false,
  "dn2": false,
  "source": "twelvedata_repo"
}