{
  "datetime": "2025-12-02 19:45:00",
  "open": 1.16068,
  "high": 1.16082,
  "low": 1.16065,
  "close": 1.1608,
  "rollH20": 1.16136,
  "rollL20": 1.15941,
  "up2": false,
  "dn2": false,
  "source": "twelvedata_repo"
}