{
  "datetime": "2025-11-06 20:40:00",
  "open": 1.15461,
  "high": 1.15474,
  "low": 1.15461,
  "close": 1.15473,
  "rollH20": 1.15524,
  "rollL20": 1.1539,
  "up2": false,
  "dn2": false,
  "source": "twelvedata_repo"
}