{
  "datetime": "2026-03-22 10:30:00",
  "open": 1.1592,
  "high": 1.15923,
  "low": 1.1592,
  "close": 1.15921,
  "rollH20": 1.15933,
  "rollL20": 1.1592,
  "up2": false,
  "dn2": false,
  "source": "twelvedata_repo"
}