{
  "datetime": "2026-02-26 12:25:00",
  "open": 1.18041,
  "high": 1.18042,
  "low": 1.18037,
  "close": 1.18038,
  "rollH20": 1.18071,
  "rollL20": 1.1794,
  "up2": false,
  "dn2": false,
  "source": "twelvedata_repo"
}