{
  "datetime": "2026-05-24 21:25:00",
  "open": 1.16323,
  "high": 1.1644,
  "low": 1.15927,
  "close": 1.16036,
  "rollH20": 1.16629,
  "rollL20": 1.15864,
  "up2": false,
  "dn2": false,
  "source": "twelvedata_repo"
}