{
  "datetime": "2026-02-13 19:40:00",
  "open": 1.18773,
  "high": 1.18781,
  "low": 1.18773,
  "close": 1.18781,
  "rollH20": 1.18838,
  "rollL20": 1.18687,
  "up2": false,
  "dn2": false,
  "source": "twelvedata_repo"
}