{
  "datetime": "2025-11-18 12:25:00",
  "open": 1.15837,
  "high": 1.15837,
  "low": 1.15812,
  "close": 1.15816,
  "rollH20": 1.15917,
  "rollL20": 1.158,
  "up2": false,
  "dn2": false,
  "source": "twelvedata_repo"
}