{
  "datetime": "2025-12-22 15:35:00",
  "open": 1.17609,
  "high": 1.17661,
  "low": 1.17609,
  "close": 1.17618,
  "rollH20": 1.17623,
  "rollL20": 1.17407,
  "up2": false,
  "dn2": false,
  "source": "twelvedata_repo"
}