{
  "datetime": "2026-02-14 19:25:00",
  "open": 1.18576,
  "high": 1.18582,
  "low": 1.18527,
  "close": 1.18528,
  "rollH20": 1.18596,
  "rollL20": 1.18498,
  "up2": false,
  "dn2": false,
  "source": "twelvedata_repo"
}