{
  "datetime": "2026-05-23 07:30:00",
  "open": 1.16023,
  "high": 1.16026,
  "low": 1.16022,
  "close": 1.16022,
  "rollH20": 1.16052,
  "rollL20": 1.16013,
  "up2": false,
  "dn2": false,
  "source": "twelvedata_repo"
}