{
  "datetime": "2026-05-11 11:00:00",
  "open": 1.1768,
  "high": 1.17687,
  "low": 1.17675,
  "close": 1.17676,
  "rollH20": 1.17825,
  "rollL20": 1.17677,
  "up2": false,
  "dn2": false,
  "source": "twelvedata_repo"
}