{
  "datetime": "2025-12-09 08:35:00",
  "open": 1.16406,
  "high": 1.16427,
  "low": 1.16404,
  "close": 1.16427,
  "rollH20": 1.16501,
  "rollL20": 1.16388,
  "up2": false,
  "dn2": false,
  "source": "twelvedata_repo"
}