{
  "datetime": "2026-04-10 07:55:00",
  "open": 1.16865,
  "high": 1.16887,
  "low": 1.1684,
  "close": 1.16861,
  "rollH20": 1.16926,
  "rollL20": 1.1684,
  "up2": false,
  "dn2": false,
  "source": "twelvedata_repo"
}