{
  "datetime": "2026-01-02 16:40:00",
  "open": 1.17394,
  "high": 1.17418,
  "low": 1.1739,
  "close": 1.17406,
  "rollH20": 1.17391,
  "rollL20": 1.17164,
  "up2": false,
  "dn2": false,
  "source": "twelvedata_repo"
}