{
  "datetime": "2026-04-11 20:50:00",
  "open": 1.1724,
  "high": 1.17244,
  "low": 1.17239,
  "close": 1.1724,
  "rollH20": 1.17262,
  "rollL20": 1.17205,
  "up2": false,
  "dn2": false,
  "source": "twelvedata_repo"
}