{
  "datetime": "2025-10-20 16:55:00",
  "open": 1.16584,
  "high": 1.16585,
  "low": 1.1655,
  "close": 1.16554,
  "rollH20": 1.16644,
  "rollL20": 1.16527,
  "up2": false,
  "dn2": false,
  "source": "twelvedata_repo"
}