{
  "datetime": "2026-01-05 08:15:00",
  "open": 1.16863,
  "high": 1.16867,
  "low": 1.16853,
  "close": 1.16856,
  "rollH20": 1.16926,
  "rollL20": 1.16786,
  "up2": false,
  "dn2": false,
  "source": "twelvedata_repo"
}