{
  "datetime": "2026-04-05 11:00:00",
  "open": 1.15204,
  "high": 1.15209,
  "low": 1.15203,
  "close": 1.15205,
  "rollH20": 1.15209,
  "rollL20": 1.15198,
  "up2": false,
  "dn2": false,
  "source": "twelvedata_repo"
}