{
  "datetime": "2026-03-10 05:00:00",
  "open": 1.16121,
  "high": 1.16126,
  "low": 1.16121,
  "close": 1.16122,
  "rollH20": 1.16153,
  "rollL20": 1.16079,
  "up2": false,
  "dn2": false,
  "source": "twelvedata_repo"
}