{
  "datetime": "2026-05-18 20:35:00",
  "open": 1.16502,
  "high": 1.16504,
  "low": 1.16485,
  "close": 1.16502,
  "rollH20": 1.16548,
  "rollL20": 1.16277,
  "up2": false,
  "dn2": false,
  "source": "twelvedata_repo"
}