{
  "datetime": "2025-12-04 17:25:00",
  "open": 1.16633,
  "high": 1.16637,
  "low": 1.16604,
  "close": 1.16606,
  "rollH20": 1.16749,
  "rollL20": 1.16575,
  "up2": false,
  "dn2": false,
  "source": "twelvedata_repo"
}