{
  "datetime": "2026-04-16 20:15:00",
  "open": 1.1782,
  "high": 1.17823,
  "low": 1.17815,
  "close": 1.17822,
  "rollH20": 1.17843,
  "rollL20": 1.17717,
  "up2": false,
  "dn2": false,
  "source": "twelvedata_repo"
}