{
  "datetime": "2026-05-27 00:15:00",
  "open": 1.16341,
  "high": 1.16354,
  "low": 1.1634,
  "close": 1.1635,
  "rollH20": 1.16358,
  "rollL20": 1.16303,
  "up2": false,
  "dn2": false,
  "source": "twelvedata_repo"
}