{
  "datetime": "2026-01-02 00:55:00",
  "open": 1.17496,
  "high": 1.17503,
  "low": 1.17495,
  "close": 1.17496,
  "rollH20": 1.17511,
  "rollL20": 1.17465,
  "up2": false,
  "dn2": false,
  "source": "twelvedata_repo"
}