{
  "datetime": "2025-12-08 16:45:00",
  "open": 1.16211,
  "high": 1.16254,
  "low": 1.16206,
  "close": 1.16245,
  "rollH20": 1.16543,
  "rollL20": 1.16186,
  "up2": false,
  "dn2": false,
  "source": "twelvedata_repo"
}