{
  "datetime": "2026-07-15 07:00:00",
  "open": 1.14419,
  "high": 1.1443,
  "low": 1.14402,
  "close": 1.14427,
  "rollH20": 1.14436,
  "rollL20": 1.14356,
  "up2": false,
  "dn2": false,
  "source": "twelvedata_repo"
}