{
  "datetime": "2025-12-12 09:20:00",
  "open": 1.17416,
  "high": 1.17419,
  "low": 1.17384,
  "close": 1.17387,
  "rollH20": 1.17432,
  "rollL20": 1.17343,
  "up2": false,
  "dn2": false,
  "source": "twelvedata_repo"
}