{
  "datetime": "2026-04-10 08:40:00",
  "open": 1.16863,
  "high": 1.16863,
  "low": 1.1686,
  "close": 1.1686,
  "rollH20": 1.16926,
  "rollL20": 1.16838,
  "up2": false,
  "dn2": false,
  "source": "twelvedata_repo"
}