{
  "datetime": "2025-10-23 21:45:00",
  "open": 1.16148,
  "high": 1.16161,
  "low": 1.16147,
  "close": 1.1616,
  "rollH20": 1.16195,
  "rollL20": 1.16138,
  "up2": false,
  "dn2": false,
  "source": "twelvedata_repo"
}