{
  "datetime": "2026-02-14 14:10:00",
  "open": 1.18645,
  "high": 1.1865,
  "low": 1.18644,
  "close": 1.18646,
  "rollH20": 1.1865,
  "rollL20": 1.18607,
  "up2": false,
  "dn2": false,
  "source": "twelvedata_repo"
}