{
  "datetime": "2026-01-19 11:40:00",
  "open": 1.16247,
  "high": 1.1625,
  "low": 1.16239,
  "close": 1.16242,
  "rollH20": 1.16294,
  "rollL20": 1.16123,
  "up2": false,
  "dn2": false,
  "source": "twelvedata_repo"
}