{
  "datetime": "2025-11-14 19:55:00",
  "open": 1.16166,
  "high": 1.16166,
  "low": 1.16161,
  "close": 1.16162,
  "rollH20": 1.16179,
  "rollL20": 1.16078,
  "up2": false,
  "dn2": false,
  "source": "twelvedata_repo"
}