{
  "datetime": "2026-01-13 08:45:00",
  "open": 1.16608,
  "high": 1.16636,
  "low": 1.16605,
  "close": 1.1663,
  "rollH20": 1.16636,
  "rollL20": 1.16543,
  "up2": false,
  "dn2": false,
  "source": "twelvedata_repo"
}