{
  "datetime": "2026-03-10 10:00:00",
  "open": 1.1653,
  "high": 1.16532,
  "low": 1.16501,
  "close": 1.16514,
  "rollH20": 1.16598,
  "rollL20": 1.16431,
  "up2": false,
  "dn2": false,
  "source": "twelvedata_repo"
}