{
  "datetime": "2026-01-21 20:50:00",
  "open": 1.16811,
  "high": 1.1685,
  "low": 1.16809,
  "close": 1.1685,
  "rollH20": 1.17061,
  "rollL20": 1.16781,
  "up2": false,
  "dn2": false,
  "source": "twelvedata_repo"
}