{
  "datetime": "2026-01-22 20:00:00",
  "open": 1.17474,
  "high": 1.1748,
  "low": 1.17474,
  "close": 1.1748,
  "rollH20": 1.17489,
  "rollL20": 1.1739,
  "up2": false,
  "dn2": false,
  "source": "twelvedata_repo"
}