{
  "datetime": "2026-02-26 23:15:00",
  "open": 1.17988,
  "high": 1.1799,
  "low": 1.17988,
  "close": 1.1799,
  "rollH20": 1.18015,
  "rollL20": 1.17955,
  "up2": false,
  "dn2": false,
  "source": "twelvedata_repo"
}