{
  "datetime": "2026-01-06 08:25:00",
  "open": 1.17343,
  "high": 1.17347,
  "low": 1.17332,
  "close": 1.17347,
  "rollH20": 1.17426,
  "rollL20": 1.17284,
  "up2": false,
  "dn2": false,
  "source": "twelvedata_repo"
}