{
  "datetime": "2025-12-01 17:45:00",
  "open": 1.16234,
  "high": 1.1625,
  "low": 1.16231,
  "close": 1.16233,
  "rollH20": 1.16405,
  "rollL20": 1.16217,
  "up2": false,
  "dn2": false,
  "source": "twelvedata_repo"
}