{
  "datetime": "2025-10-30 13:25:00",
  "open": 1.15881,
  "high": 1.15882,
  "low": 1.15838,
  "close": 1.15841,
  "rollH20": 1.16122,
  "rollL20": 1.15884,
  "up2": false,
  "dn2": false,
  "source": "twelvedata_repo"
}