{
  "datetime": "2026-05-30 00:45:00",
  "open": 1.16611,
  "high": 1.16616,
  "low": 1.16581,
  "close": 1.16614,
  "rollH20": 1.16619,
  "rollL20": 1.1658,
  "up2": false,
  "dn2": false,
  "source": "twelvedata_repo"
}