{
  "datetime": "2025-10-17 16:10:00",
  "open": 1.16631,
  "high": 1.16651,
  "low": 1.16619,
  "close": 1.16651,
  "rollH20": 1.16822,
  "rollL20": 1.16568,
  "up2": false,
  "dn2": false,
  "source": "twelvedata_repo"
}