{
  "datetime": "2026-04-19 20:20:00",
  "open": 1.17483,
  "high": 1.17531,
  "low": 1.17483,
  "close": 1.17531,
  "rollH20": 1.17804,
  "rollL20": 1.1745,
  "up2": false,
  "dn2": false,
  "source": "twelvedata_repo"
}