{
  "datetime": "2026-02-13 11:40:00",
  "open": 1.18557,
  "high": 1.1856,
  "low": 1.1855,
  "close": 1.18553,
  "rollH20": 1.18664,
  "rollL20": 1.18537,
  "up2": false,
  "dn2": false,
  "source": "twelvedata_repo"
}