{
  "datetime": "2026-07-21 04:35:00",
  "open": 1.14125,
  "high": 1.1413,
  "low": 1.14119,
  "close": 1.1412,
  "rollH20": 1.14166,
  "rollL20": 1.14093,
  "up2": false,
  "dn2": false,
  "source": "twelvedata_repo"
}