{
  "datetime": "2025-12-11 15:50:00",
  "open": 1.17416,
  "high": 1.17423,
  "low": 1.17393,
  "close": 1.17405,
  "rollH20": 1.17481,
  "rollL20": 1.17145,
  "up2": false,
  "dn2": false,
  "source": "twelvedata_repo"
}