{
  "datetime": "2025-09-30 09:30:00",
  "open": 1.17489,
  "high": 1.17545,
  "low": 1.17489,
  "close": 1.1754,
  "rollH20": 1.17509,
  "rollL20": 1.17364,
  "up2": false,
  "dn2": false,
  "source": "twelvedata_repo"
}