{
  "datetime": "2026-03-10 20:55:00",
  "open": 1.16105,
  "high": 1.16106,
  "low": 1.16086,
  "close": 1.1609,
  "rollH20": 1.16279,
  "rollL20": 1.16084,
  "up2": false,
  "dn2": false,
  "source": "twelvedata_repo"
}