{
  "datetime": "2025-11-19 05:35:00",
  "open": 1.15799,
  "high": 1.15807,
  "low": 1.15793,
  "close": 1.15806,
  "rollH20": 1.15875,
  "rollL20": 1.15773,
  "up2": false,
  "dn2": false,
  "source": "twelvedata_repo"
}