{
  "datetime": "2025-09-04 12:45:00",
  "open": 1.16428,
  "high": 1.1646,
  "low": 1.16422,
  "close": 1.16445,
  "rollH20": 1.16598,
  "rollL20": 1.1642,
  "up2": false,
  "dn2": false,
  "source": "twelvedata_repo"
}