{
  "datetime": "2026-05-01 22:15:00",
  "open": 1.17218,
  "high": 1.17225,
  "low": 1.17211,
  "close": 1.17222,
  "rollH20": 1.1725,
  "rollL20": 1.1716,
  "up2": false,
  "dn2": false,
  "source": "twelvedata_repo"
}