{
  "datetime": "2025-10-10 09:45:00",
  "open": 1.15856,
  "high": 1.15859,
  "low": 1.15838,
  "close": 1.15839,
  "rollH20": 1.15892,
  "rollL20": 1.1564,
  "up2": false,
  "dn2": false,
  "source": "twelvedata_repo"
}