{
  "datetime": "2025-11-05 20:35:00",
  "open": 1.14837,
  "high": 1.14837,
  "low": 1.14836,
  "close": 1.14836,
  "rollH20": 1.14837,
  "rollL20": 1.1479,
  "up2": false,
  "dn2": false,
  "source": "twelvedata_repo"
}