{
  "datetime": "2026-01-07 19:10:00",
  "open": 1.1689,
  "high": 1.16893,
  "low": 1.1688,
  "close": 1.1688,
  "rollH20": 1.16945,
  "rollL20": 1.16848,
  "up2": false,
  "dn2": false,
  "source": "twelvedata_repo"
}