{
  "datetime": "2026-03-06 15:45:00",
  "open": 1.1578,
  "high": 1.15805,
  "low": 1.15766,
  "close": 1.15788,
  "rollH20": 1.15915,
  "rollL20": 1.1547,
  "up2": false,
  "dn2": false,
  "source": "twelvedata_repo"
}