{
  "datetime": "2026-02-24 22:50:00",
  "open": 1.1774,
  "high": 1.17747,
  "low": 1.1774,
  "close": 1.17746,
  "rollH20": 1.17787,
  "rollL20": 1.17727,
  "up2": false,
  "dn2": false,
  "source": "twelvedata_repo"
}