{
  "datetime": "2025-12-03 20:40:00",
  "open": 1.16747,
  "high": 1.16749,
  "low": 1.16744,
  "close": 1.16745,
  "rollH20": 1.16781,
  "rollL20": 1.16686,
  "up2": false,
  "dn2": false,
  "source": "twelvedata_repo"
}