{
  "datetime": "2026-02-07 23:10:00",
  "open": 1.18194,
  "high": 1.18196,
  "low": 1.18191,
  "close": 1.18191,
  "rollH20": 1.182,
  "rollL20": 1.18174,
  "up2": false,
  "dn2": false,
  "source": "twelvedata_repo"
}