{
  "datetime": "2026-01-05 22:10:00",
  "open": 1.17238,
  "high": 1.17259,
  "low": 1.17238,
  "close": 1.17252,
  "rollH20": 1.17292,
  "rollL20": 1.17235,
  "up2": false,
  "dn2": false,
  "source": "twelvedata_repo"
}