{
  "datetime": "2025-11-21 11:50:00",
  "open": 1.1518,
  "high": 1.15182,
  "low": 1.15176,
  "close": 1.15179,
  "rollH20": 1.15397,
  "rollL20": 1.15122,
  "up2": false,
  "dn2": false,
  "source": "twelvedata_repo"
}