{
  "datetime": "2026-01-20 05:15:00",
  "open": 1.1659,
  "high": 1.16595,
  "low": 1.16585,
  "close": 1.16586,
  "rollH20": 1.16594,
  "rollL20": 1.16441,
  "up2": false,
  "dn2": false,
  "source": "twelvedata_repo"
}