{
  "datetime": "2026-03-19 22:20:00",
  "open": 1.15857,
  "high": 1.15871,
  "low": 1.15853,
  "close": 1.15862,
  "rollH20": 1.15975,
  "rollL20": 1.15835,
  "up2": false,
  "dn2": false,
  "source": "twelvedata_repo"
}