{
  "datetime": "2025-10-24 08:55:00",
  "open": 1.16179,
  "high": 1.1618,
  "low": 1.16176,
  "close": 1.1618,
  "rollH20": 1.16274,
  "rollL20": 1.16015,
  "up2": false,
  "dn2": false,
  "source": "twelvedata_repo"
}