{
  "datetime": "2026-02-12 22:50:00",
  "open": 1.18713,
  "high": 1.18717,
  "low": 1.18713,
  "close": 1.18717,
  "rollH20": 1.18728,
  "rollL20": 1.18642,
  "up2": false,
  "dn2": false,
  "source": "twelvedata_repo"
}