{
  "datetime": "2026-02-27 05:35:00",
  "open": 1.18104,
  "high": 1.18105,
  "low": 1.18101,
  "close": 1.18101,
  "rollH20": 1.18135,
  "rollL20": 1.18034,
  "up2": false,
  "dn2": false,
  "source": "twelvedata_repo"
}