{
  "datetime": "2026-07-18 13:20:00",
  "open": 1.14376,
  "high": 1.1438,
  "low": 1.14376,
  "close": 1.14378,
  "rollH20": 1.14416,
  "rollL20": 1.14374,
  "up2": false,
  "dn2": false,
  "source": "twelvedata_repo"
}