{
  "datetime": "2026-01-15 15:40:00",
  "open": 1.16024,
  "high": 1.16026,
  "low": 1.15969,
  "close": 1.15992,
  "rollH20": 1.16253,
  "rollL20": 1.15975,
  "up2": false,
  "dn2": false,
  "source": "twelvedata_repo"
}