{
  "datetime": "2025-11-11 17:10:00",
  "open": 1.15965,
  "high": 1.15965,
  "low": 1.1596,
  "close": 1.1596,
  "rollH20": 1.1605,
  "rollL20": 1.15926,
  "up2": false,
  "dn2": false,
  "source": "twelvedata_repo"
}