{
  "datetime": "2025-11-03 20:55:00",
  "open": 1.15202,
  "high": 1.15202,
  "low": 1.15193,
  "close": 1.15197,
  "rollH20": 1.15284,
  "rollL20": 1.1517,
  "up2": false,
  "dn2": false,
  "source": "twelvedata_repo"
}