{
  "datetime": "2026-03-12 13:35:00",
  "open": 1.15338,
  "high": 1.15365,
  "low": 1.15336,
  "close": 1.15365,
  "rollH20": 1.15572,
  "rollL20": 1.1521,
  "up2": false,
  "dn2": false,
  "source": "twelvedata_repo"
}