{
  "datetime": "2026-04-27 05:00:00",
  "open": 1.173,
  "high": 1.17301,
  "low": 1.17299,
  "close": 1.17299,
  "rollH20": 1.17319,
  "rollL20": 1.17228,
  "up2": false,
  "dn2": false,
  "source": "twelvedata_repo"
}