{
  "datetime": "2026-01-28 17:15:00",
  "open": 1.194,
  "high": 1.19419,
  "low": 1.1939,
  "close": 1.19419,
  "rollH20": 1.19779,
  "rollL20": 1.1932,
  "up2": false,
  "dn2": false,
  "source": "twelvedata_repo"
}