{
  "datetime": "2026-02-24 11:55:00",
  "open": 1.17813,
  "high": 1.17825,
  "low": 1.17812,
  "close": 1.17815,
  "rollH20": 1.17912,
  "rollL20": 1.17796,
  "up2": false,
  "dn2": false,
  "source": "twelvedata_repo"
}