{
  "datetime": "2026-01-16 10:45:00",
  "open": 1.16117,
  "high": 1.16119,
  "low": 1.16109,
  "close": 1.16116,
  "rollH20": 1.16149,
  "rollL20": 1.16087,
  "up2": false,
  "dn2": false,
  "source": "twelvedata_repo"
}