{
  "datetime": "2026-05-02 21:40:00",
  "open": 1.17227,
  "high": 1.17231,
  "low": 1.17226,
  "close": 1.17227,
  "rollH20": 1.17254,
  "rollL20": 1.17206,
  "up2": false,
  "dn2": false,
  "source": "twelvedata_repo"
}