{
  "datetime": "2026-02-07 02:15:00",
  "open": 1.18084,
  "high": 1.18116,
  "low": 1.18083,
  "close": 1.18102,
  "rollH20": 1.18233,
  "rollL20": 1.18081,
  "up2": false,
  "dn2": false,
  "source": "twelvedata_repo"
}