{
  "datetime": "2026-05-13 00:10:00",
  "open": 1.17411,
  "high": 1.17411,
  "low": 1.17404,
  "close": 1.17406,
  "rollH20": 1.17416,
  "rollL20": 1.17364,
  "up2": false,
  "dn2": false,
  "source": "twelvedata_repo"
}