{
  "datetime": "2026-06-27 16:10:00",
  "open": 1.13922,
  "high": 1.13926,
  "low": 1.1392,
  "close": 1.13924,
  "rollH20": 1.13955,
  "rollL20": 1.13885,
  "up2": false,
  "dn2": false,
  "source": "twelvedata_repo"
}