{
  "datetime": "2025-10-31 21:40:00",
  "open": 1.15321,
  "high": 1.15326,
  "low": 1.15306,
  "close": 1.15313,
  "rollH20": 1.15339,
  "rollL20": 1.1523,
  "up2": false,
  "dn2": false,
  "source": "twelvedata_repo"
}