{
  "datetime": "2026-03-24 15:35:00",
  "open": 1.15943,
  "high": 1.15946,
  "low": 1.15943,
  "close": 1.15946,
  "rollH20": 1.15945,
  "rollL20": 1.15693,
  "up2": false,
  "dn2": false,
  "source": "twelvedata_repo"
}