{
  "datetime": "2026-03-24 00:45:00",
  "open": 1.16112,
  "high": 1.16114,
  "low": 1.16076,
  "close": 1.16079,
  "rollH20": 1.16177,
  "rollL20": 1.16097,
  "up2": false,
  "dn2": false,
  "source": "twelvedata_repo"
}