{
  "datetime": "2025-10-13 10:30:00",
  "open": 1.15919,
  "high": 1.15939,
  "low": 1.15914,
  "close": 1.15938,
  "rollH20": 1.16061,
  "rollL20": 1.15816,
  "up2": false,
  "dn2": false,
  "source": "twelvedata_repo"
}