{
  "datetime": "2025-10-21 05:10:00",
  "open": 1.16325,
  "high": 1.16337,
  "low": 1.16322,
  "close": 1.16334,
  "rollH20": 1.16434,
  "rollL20": 1.1632,
  "up2": false,
  "dn2": false,
  "source": "twelvedata_repo"
}