{
  "datetime": "2026-03-27 08:40:00",
  "open": 1.15246,
  "high": 1.15248,
  "low": 1.1521,
  "close": 1.15221,
  "rollH20": 1.1545,
  "rollL20": 1.15222,
  "up2": false,
  "dn2": false,
  "source": "twelvedata_repo"
}