{
  "datetime": "2026-03-13 11:55:00",
  "open": 1.14665,
  "high": 1.14698,
  "low": 1.14665,
  "close": 1.14682,
  "rollH20": 1.14699,
  "rollL20": 1.1453,
  "up2": false,
  "dn2": false,
  "source": "twelvedata_repo"
}