{
  "datetime": "2026-03-13 05:30:00",
  "open": 1.15044,
  "high": 1.15065,
  "low": 1.15042,
  "close": 1.15061,
  "rollH20": 1.15098,
  "rollL20": 1.15003,
  "up2": false,
  "dn2": false,
  "source": "twelvedata_repo"
}