{
  "datetime": "2026-01-06 21:55:00",
  "open": 1.16908,
  "high": 1.16913,
  "low": 1.16873,
  "close": 1.16874,
  "rollH20": 1.16936,
  "rollL20": 1.16844,
  "up2": false,
  "dn2": false,
  "source": "twelvedata_repo"
}