{
  "datetime": "2026-01-07 11:40:00",
  "open": 1.16925,
  "high": 1.16937,
  "low": 1.16924,
  "close": 1.16937,
  "rollH20": 1.16934,
  "rollL20": 1.16809,
  "up2": false,
  "dn2": false,
  "source": "twelvedata_repo"
}