{
  "datetime": "2025-12-18 14:05:00",
  "open": 1.17164,
  "high": 1.1719,
  "low": 1.17157,
  "close": 1.1719,
  "rollH20": 1.17275,
  "rollL20": 1.17137,
  "up2": false,
  "dn2": false,
  "source": "twelvedata_repo"
}