{
  "datetime": "2026-01-15 12:15:00",
  "open": 1.1638,
  "high": 1.16382,
  "low": 1.1634,
  "close": 1.16353,
  "rollH20": 1.16404,
  "rollL20": 1.16321,
  "up2": false,
  "dn2": false,
  "source": "twelvedata_repo"
}