{
  "datetime": "2025-12-02 18:50:00",
  "open": 1.16075,
  "high": 1.1608,
  "low": 1.16049,
  "close": 1.16059,
  "rollH20": 1.1609,
  "rollL20": 1.15931,
  "up2": false,
  "dn2": false,
  "source": "twelvedata_repo"
}