{
  "datetime": "2026-01-06 22:40:00",
  "open": 1.16861,
  "high": 1.16873,
  "low": 1.16861,
  "close": 1.16873,
  "rollH20": 1.16936,
  "rollL20": 1.16852,
  "up2": false,
  "dn2": false,
  "source": "twelvedata_repo"
}