{
  "datetime": "2025-10-01 15:30:00",
  "open": 1.17479,
  "high": 1.17525,
  "low": 1.17467,
  "close": 1.1751,
  "rollH20": 1.17629,
  "rollL20": 1.17348,
  "up2": false,
  "dn2": false,
  "source": "twelvedata_repo"
}