{
  "datetime": "2026-01-25 21:30:00",
  "open": 1.18559,
  "high": 1.18636,
  "low": 1.18549,
  "close": 1.18596,
  "rollH20": 1.18733,
  "rollL20": 1.18325,
  "up2": false,
  "dn2": false,
  "source": "twelvedata_repo"
}