{
  "datetime": "2025-11-26 19:40:00",
  "open": 1.15901,
  "high": 1.1591,
  "low": 1.15901,
  "close": 1.15909,
  "rollH20": 1.1597,
  "rollL20": 1.15857,
  "up2": false,
  "dn2": false,
  "source": "twelvedata_repo"
}