{
  "datetime": "2025-12-10 23:50:00",
  "open": 1.16922,
  "high": 1.16928,
  "low": 1.16922,
  "close": 1.16924,
  "rollH20": 1.16962,
  "rollL20": 1.169,
  "up2": false,
  "dn2": false,
  "source": "twelvedata_repo"
}