{
  "datetime": "2026-02-18 13:15:00",
  "open": 1.18441,
  "high": 1.18452,
  "low": 1.18441,
  "close": 1.1845,
  "rollH20": 1.1849,
  "rollL20": 1.18331,
  "up2": false,
  "dn2": false,
  "source": "twelvedata_repo"
}