{
  "datetime": "2026-02-05 12:00:00",
  "open": 1.1788,
  "high": 1.17892,
  "low": 1.17871,
  "close": 1.17881,
  "rollH20": 1.17953,
  "rollL20": 1.1781,
  "up2": false,
  "dn2": false,
  "source": "twelvedata_repo"
}