{
  "datetime": "2026-05-31 21:40:00",
  "open": 1.16551,
  "high": 1.16626,
  "low": 1.16551,
  "close": 1.16602,
  "rollH20": 1.1667,
  "rollL20": 1.16543,
  "up2": false,
  "dn2": false,
  "source": "twelvedata_repo"
}