{
  "datetime": "2026-03-17 01:25:00",
  "open": 1.14892,
  "high": 1.14896,
  "low": 1.14887,
  "close": 1.14889,
  "rollH20": 1.15,
  "rollL20": 1.1488,
  "up2": false,
  "dn2": false,
  "source": "twelvedata_repo"
}