{
  "datetime": "2025-10-17 05:10:00",
  "open": 1.1708,
  "high": 1.17095,
  "low": 1.17077,
  "close": 1.17081,
  "rollH20": 1.17121,
  "rollL20": 1.17036,
  "up2": false,
  "dn2": false,
  "source": "twelvedata_repo"
}