{
  "datetime": "2026-02-17 00:55:00",
  "open": 1.18437,
  "high": 1.1844,
  "low": 1.18436,
  "close": 1.1844,
  "rollH20": 1.18519,
  "rollL20": 1.1843,
  "up2": false,
  "dn2": false,
  "source": "twelvedata_repo"
}