{
  "datetime": "2026-05-06 08:15:00",
  "open": 1.17297,
  "high": 1.17303,
  "low": 1.17284,
  "close": 1.17288,
  "rollH20": 1.17358,
  "rollL20": 1.17291,
  "up2": false,
  "dn2": false,
  "source": "twelvedata_repo"
}