{
  "datetime": "2025-09-29 17:25:00",
  "open": 1.173,
  "high": 1.17331,
  "low": 1.17298,
  "close": 1.17305,
  "rollH20": 1.17347,
  "rollL20": 1.17227,
  "up2": false,
  "dn2": false,
  "source": "twelvedata_repo"
}