{
  "datetime": "2026-03-07 23:30:00",
  "open": 1.16183,
  "high": 1.16186,
  "low": 1.16182,
  "close": 1.16185,
  "rollH20": 1.16197,
  "rollL20": 1.16177,
  "up2": false,
  "dn2": false,
  "source": "twelvedata_repo"
}