{
  "datetime": "2025-11-26 18:40:00",
  "open": 1.15866,
  "high": 1.15892,
  "low": 1.15857,
  "close": 1.15892,
  "rollH20": 1.16006,
  "rollL20": 1.15864,
  "up2": false,
  "dn2": false,
  "source": "twelvedata_repo"
}