{
  "datetime": "2026-07-14 13:10:00",
  "open": 1.14052,
  "high": 1.14075,
  "low": 1.1405,
  "close": 1.14073,
  "rollH20": 1.14094,
  "rollL20": 1.13903,
  "up2": false,
  "dn2": false,
  "source": "twelvedata_repo"
}