{
  "datetime": "2026-01-13 20:30:00",
  "open": 1.1648,
  "high": 1.16481,
  "low": 1.1648,
  "close": 1.1648,
  "rollH20": 1.16547,
  "rollL20": 1.16427,
  "up2": false,
  "dn2": false,
  "source": "twelvedata_repo"
}