{
  "datetime": "2026-02-25 19:45:00",
  "open": 1.18059,
  "high": 1.18071,
  "low": 1.18058,
  "close": 1.18069,
  "rollH20": 1.18102,
  "rollL20": 1.18033,
  "up2": false,
  "dn2": false,
  "source": "twelvedata_repo"
}