{
  "datetime": "2026-03-13 08:00:00",
  "open": 1.14577,
  "high": 1.1458,
  "low": 1.14533,
  "close": 1.14538,
  "rollH20": 1.15001,
  "rollL20": 1.14543,
  "up2": false,
  "dn2": false,
  "source": "twelvedata_repo"
}