{
  "datetime": "2025-10-08 11:40:00",
  "open": 1.16261,
  "high": 1.16296,
  "low": 1.16259,
  "close": 1.16296,
  "rollH20": 1.16281,
  "rollL20": 1.16059,
  "up2": false,
  "dn2": false,
  "source": "twelvedata_repo"
}