{
  "datetime": "2026-03-20 08:05:00",
  "open": 1.1574,
  "high": 1.15741,
  "low": 1.15721,
  "close": 1.15729,
  "rollH20": 1.15752,
  "rollL20": 1.15555,
  "up2": false,
  "dn2": false,
  "source": "twelvedata_repo"
}