{
  "datetime": "2026-01-29 05:45:00",
  "open": 1.19841,
  "high": 1.1987,
  "low": 1.1984,
  "close": 1.19869,
  "rollH20": 1.19913,
  "rollL20": 1.19723,
  "up2": false,
  "dn2": false,
  "source": "twelvedata_repo"
}