{
  "datetime": "2026-02-20 12:40:00",
  "open": 1.17662,
  "high": 1.17674,
  "low": 1.17662,
  "close": 1.17674,
  "rollH20": 1.17692,
  "rollL20": 1.17603,
  "up2": false,
  "dn2": false,
  "source": "twelvedata_repo"
}