{
  "datetime": "2025-11-14 19:10:00",
  "open": 1.16109,
  "high": 1.16122,
  "low": 1.16094,
  "close": 1.16121,
  "rollH20": 1.1621,
  "rollL20": 1.16078,
  "up2": false,
  "dn2": false,
  "source": "twelvedata_repo"
}