{
  "datetime": "2025-10-28 21:30:00",
  "open": 1.16541,
  "high": 1.16543,
  "low": 1.16538,
  "close": 1.16543,
  "rollH20": 1.16647,
  "rollL20": 1.16521,
  "up2": false,
  "dn2": false,
  "source": "twelvedata_repo"
}