{
  "datetime": "2026-03-24 20:25:00",
  "open": 1.15904,
  "high": 1.15909,
  "low": 1.15891,
  "close": 1.15892,
  "rollH20": 1.15928,
  "rollL20": 1.1566,
  "up2": false,
  "dn2": false,
  "source": "twelvedata_repo"
}