{
  "datetime": "2025-12-05 10:55:00",
  "open": 1.16528,
  "high": 1.16544,
  "low": 1.16528,
  "close": 1.16544,
  "rollH20": 1.16614,
  "rollL20": 1.16486,
  "up2": false,
  "dn2": false,
  "source": "twelvedata_repo"
}