{
  "datetime": "2026-03-20 00:10:00",
  "open": 1.15742,
  "high": 1.15757,
  "low": 1.15742,
  "close": 1.15754,
  "rollH20": 1.15847,
  "rollL20": 1.15736,
  "up2": false,
  "dn2": false,
  "source": "twelvedata_repo"
}