{
  "datetime": "2026-01-16 16:55:00",
  "open": 1.15921,
  "high": 1.1596,
  "low": 1.15917,
  "close": 1.15943,
  "rollH20": 1.16275,
  "rollL20": 1.15851,
  "up2": false,
  "dn2": false,
  "source": "twelvedata_repo"
}