{
  "datetime": "2026-03-17 18:55:00",
  "open": 1.15417,
  "high": 1.1542,
  "low": 1.15408,
  "close": 1.15411,
  "rollH20": 1.15475,
  "rollL20": 1.15275,
  "up2": false,
  "dn2": false,
  "source": "twelvedata_repo"
}