{
  "datetime": "2026-01-24 14:45:00",
  "open": 1.18225,
  "high": 1.18233,
  "low": 1.18225,
  "close": 1.18233,
  "rollH20": 1.18243,
  "rollL20": 1.18215,
  "up2": false,
  "dn2": false,
  "source": "twelvedata_repo"
}