{
  "datetime": "2026-04-08 12:50:00",
  "open": 1.17045,
  "high": 1.17048,
  "low": 1.17028,
  "close": 1.17037,
  "rollH20": 1.17097,
  "rollL20": 1.16811,
  "up2": false,
  "dn2": false,
  "source": "twelvedata_repo"
}