{
  "datetime": "2026-03-10 13:10:00",
  "open": 1.16411,
  "high": 1.16433,
  "low": 1.16406,
  "close": 1.16433,
  "rollH20": 1.16481,
  "rollL20": 1.16237,
  "up2": false,
  "dn2": false,
  "source": "twelvedata_repo"
}