{
  "datetime": "2026-03-02 05:45:00",
  "open": 1.17749,
  "high": 1.17752,
  "low": 1.17718,
  "close": 1.17718,
  "rollH20": 1.17908,
  "rollL20": 1.17744,
  "up2": false,
  "dn2": false,
  "source": "twelvedata_repo"
}