{
  "datetime": "2026-01-29 17:20:00",
  "open": 1.19341,
  "high": 1.19344,
  "low": 1.19314,
  "close": 1.19322,
  "rollH20": 1.19706,
  "rollL20": 1.19073,
  "up2": false,
  "dn2": false,
  "source": "twelvedata_repo"
}