{
  "datetime": "2025-12-08 18:55:00",
  "open": 1.16367,
  "high": 1.16384,
  "low": 1.16367,
  "close": 1.16381,
  "rollH20": 1.1637,
  "rollL20": 1.16171,
  "up2": false,
  "dn2": false,
  "source": "twelvedata_repo"
}