{
  "datetime": "2026-05-03 15:45:00",
  "open": 1.17229,
  "high": 1.17232,
  "low": 1.17229,
  "close": 1.17231,
  "rollH20": 1.17283,
  "rollL20": 1.17182,
  "up2": false,
  "dn2": false,
  "source": "twelvedata_repo"
}