{
  "datetime": "2026-05-16 16:00:00",
  "open": 1.1625,
  "high": 1.16255,
  "low": 1.16225,
  "close": 1.16253,
  "rollH20": 1.16256,
  "rollL20": 1.16225,
  "up2": false,
  "dn2": false,
  "source": "twelvedata_repo"
}