{
  "datetime": "2025-10-24 15:05:00",
  "open": 1.16237,
  "high": 1.16257,
  "low": 1.16216,
  "close": 1.16246,
  "rollH20": 1.16475,
  "rollL20": 1.16124,
  "up2": false,
  "dn2": false,
  "source": "twelvedata_repo"
}