{
  "datetime": "2026-05-08 07:00:00",
  "open": 1.17385,
  "high": 1.17389,
  "low": 1.17378,
  "close": 1.17387,
  "rollH20": 1.17388,
  "rollL20": 1.17284,
  "up2": false,
  "dn2": false,
  "source": "twelvedata_repo"
}