{
  "datetime": "2026-01-04 23:05:00",
  "open": 1.17243,
  "high": 1.17248,
  "low": 1.17227,
  "close": 1.17229,
  "rollH20": 1.17251,
  "rollL20": 1.17159,
  "up2": false,
  "dn2": false,
  "source": "twelvedata_repo"
}