{
  "datetime": "2026-04-09 06:05:00",
  "open": 1.16661,
  "high": 1.16662,
  "low": 1.16642,
  "close": 1.16654,
  "rollH20": 1.16712,
  "rollL20": 1.16616,
  "up2": false,
  "dn2": false,
  "source": "twelvedata_repo"
}