{
  "datetime": "2026-07-21 11:20:00",
  "open": 1.1425,
  "high": 1.14255,
  "low": 1.1424,
  "close": 1.14248,
  "rollH20": 1.14279,
  "rollL20": 1.14206,
  "up2": false,
  "dn2": false,
  "source": "twelvedata_repo"
}