{
  "datetime": "2025-10-06 04:55:00",
  "open": 1.17243,
  "high": 1.17249,
  "low": 1.17235,
  "close": 1.17238,
  "rollH20": 1.17307,
  "rollL20": 1.17238,
  "up2": false,
  "dn2": false,
  "source": "twelvedata_repo"
}