{
  "datetime": "2026-04-22 20:05:00",
  "open": 1.17078,
  "high": 1.17091,
  "low": 1.17078,
  "close": 1.17091,
  "rollH20": 1.17172,
  "rollL20": 1.17065,
  "up2": false,
  "dn2": false,
  "source": "twelvedata_repo"
}