{
  "datetime": "2026-02-20 21:35:00",
  "open": 1.17892,
  "high": 1.17897,
  "low": 1.1789,
  "close": 1.1789,
  "rollH20": 1.17919,
  "rollL20": 1.17784,
  "up2": false,
  "dn2": false,
  "source": "twelvedata_repo"
}