{
  "datetime": "2026-03-06 09:40:00",
  "open": 1.1579,
  "high": 1.15794,
  "low": 1.15773,
  "close": 1.15773,
  "rollH20": 1.16148,
  "rollL20": 1.15781,
  "up2": false,
  "dn2": false,
  "source": "twelvedata_repo"
}