{
  "datetime": "2026-03-12 21:55:00",
  "open": 1.15127,
  "high": 1.15133,
  "low": 1.15122,
  "close": 1.15131,
  "rollH20": 1.15167,
  "rollL20": 1.15101,
  "up2": false,
  "dn2": false,
  "source": "twelvedata_repo"
}