{
  "datetime": "2025-11-25 12:50:00",
  "open": 1.15259,
  "high": 1.15268,
  "low": 1.15259,
  "close": 1.15268,
  "rollH20": 1.15413,
  "rollL20": 1.1525,
  "up2": false,
  "dn2": false,
  "source": "twelvedata_repo"
}