{
  "datetime": "2026-02-23 22:40:00",
  "open": 1.17873,
  "high": 1.17876,
  "low": 1.17871,
  "close": 1.17876,
  "rollH20": 1.17926,
  "rollL20": 1.17846,
  "up2": false,
  "dn2": false,
  "source": "twelvedata_repo"
}