{
  "datetime": "2026-03-06 20:55:00",
  "open": 1.16084,
  "high": 1.16093,
  "low": 1.1606,
  "close": 1.16072,
  "rollH20": 1.16091,
  "rollL20": 1.15969,
  "up2": false,
  "dn2": false,
  "source": "twelvedata_repo"
}