{
  "datetime": "2025-09-10 20:35:00",
  "open": 1.16937,
  "high": 1.16941,
  "low": 1.16937,
  "close": 1.1694,
  "rollH20": 1.17119,
  "rollL20": 1.16934,
  "up2": false,
  "dn2": false,
  "source": "twelvedata_repo"
}