{
  "datetime": "2026-02-16 13:45:00",
  "open": 1.1852,
  "high": 1.18555,
  "low": 1.1852,
  "close": 1.18545,
  "rollH20": 1.18632,
  "rollL20": 1.1849,
  "up2": false,
  "dn2": false,
  "source": "twelvedata_repo"
}