{
  "datetime": "2026-06-17 15:35:00",
  "open": 1.15952,
  "high": 1.15952,
  "low": 1.15918,
  "close": 1.15921,
  "rollH20": 1.16034,
  "rollL20": 1.15902,
  "up2": false,
  "dn2": false,
  "source": "twelvedata_repo"
}