{
  "datetime": "2026-04-01 18:45:00",
  "open": 1.16065,
  "high": 1.16069,
  "low": 1.16041,
  "close": 1.16041,
  "rollH20": 1.16235,
  "rollL20": 1.15981,
  "up2": false,
  "dn2": false,
  "source": "twelvedata_repo"
}