{
  "datetime": "2025-12-05 00:25:00",
  "open": 1.16423,
  "high": 1.16434,
  "low": 1.16423,
  "close": 1.16433,
  "rollH20": 1.16467,
  "rollL20": 1.16421,
  "up2": false,
  "dn2": false,
  "source": "twelvedata_repo"
}