{
  "datetime": "2026-01-27 10:55:00",
  "open": 1.1885,
  "high": 1.18851,
  "low": 1.18834,
  "close": 1.18851,
  "rollH20": 1.18919,
  "rollL20": 1.1851,
  "up2": false,
  "dn2": false,
  "source": "twelvedata_repo"
}