{
  "datetime": "2026-02-12 18:25:00",
  "open": 1.18722,
  "high": 1.18734,
  "low": 1.18712,
  "close": 1.18728,
  "rollH20": 1.18897,
  "rollL20": 1.18634,
  "up2": false,
  "dn2": false,
  "source": "twelvedata_repo"
}