{
  "datetime": "2025-10-15 17:50:00",
  "open": 1.16389,
  "high": 1.16399,
  "low": 1.16384,
  "close": 1.16386,
  "rollH20": 1.16468,
  "rollL20": 1.1622,
  "up2": false,
  "dn2": false,
  "source": "twelvedata_repo"
}