{
  "datetime": "2026-04-02 10:50:00",
  "open": 1.15267,
  "high": 1.1527,
  "low": 1.15251,
  "close": 1.15265,
  "rollH20": 1.15357,
  "rollL20": 1.15233,
  "up2": false,
  "dn2": false,
  "source": "twelvedata_repo"
}