{
  "datetime": "2025-09-25 10:40:00",
  "open": 1.17407,
  "high": 1.17437,
  "low": 1.17406,
  "close": 1.17432,
  "rollH20": 1.17518,
  "rollL20": 1.17306,
  "up2": false,
  "dn2": false,
  "source": "twelvedata_repo"
}