{
  "datetime": "2026-06-28 00:10:00",
  "open": 1.13886,
  "high": 1.13891,
  "low": 1.13884,
  "close": 1.13888,
  "rollH20": 1.13952,
  "rollL20": 1.13851,
  "up2": false,
  "dn2": false,
  "source": "twelvedata_repo"
}