{
  "datetime": "2025-10-10 00:45:00",
  "open": 1.15687,
  "high": 1.15687,
  "low": 1.15687,
  "close": 1.15687,
  "rollH20": 1.15687,
  "rollL20": 1.15596,
  "up2": false,
  "dn2": false,
  "source": "twelvedata_repo"
}