{
  "datetime": "2026-03-05 07:45:00",
  "open": 1.16155,
  "high": 1.16155,
  "low": 1.16106,
  "close": 1.16118,
  "rollH20": 1.16184,
  "rollL20": 1.1588,
  "up2": false,
  "dn2": false,
  "source": "twelvedata_repo"
}