{
  "datetime": "2026-01-05 00:15:00",
  "open": 1.17122,
  "high": 1.17129,
  "low": 1.1712,
  "close": 1.1712,
  "rollH20": 1.17251,
  "rollL20": 1.16999,
  "up2": false,
  "dn2": false,
  "source": "twelvedata_repo"
}