{
  "datetime": "2026-04-19 07:25:00",
  "open": 1.17714,
  "high": 1.17715,
  "low": 1.17714,
  "close": 1.17715,
  "rollH20": 1.17746,
  "rollL20": 1.17668,
  "up2": false,
  "dn2": false,
  "source": "twelvedata_repo"
}