{
  "datetime": "2026-01-02 00:00:00",
  "open": 1.17486,
  "high": 1.1749,
  "low": 1.17484,
  "close": 1.17486,
  "rollH20": 1.17522,
  "rollL20": 1.17468,
  "up2": false,
  "dn2": false,
  "source": "twelvedata_repo"
}