{
  "datetime": "2025-11-12 08:10:00",
  "open": 1.1585,
  "high": 1.15871,
  "low": 1.15846,
  "close": 1.15854,
  "rollH20": 1.15874,
  "rollL20": 1.15752,
  "up2": false,
  "dn2": false,
  "source": "twelvedata_repo"
}