{
  "datetime": "2026-01-28 15:00:00",
  "open": 1.19576,
  "high": 1.19586,
  "low": 1.19526,
  "close": 1.19553,
  "rollH20": 1.19834,
  "rollL20": 1.19531,
  "up2": false,
  "dn2": false,
  "source": "twelvedata_repo"
}