{
  "datetime": "2026-07-19 07:40:00",
  "open": 1.14395,
  "high": 1.144,
  "low": 1.14393,
  "close": 1.14394,
  "rollH20": 1.14411,
  "rollL20": 1.14377,
  "up2": false,
  "dn2": false,
  "source": "twelvedata_repo"
}