{
  "datetime": "2026-01-24 21:55:00",
  "open": 1.18241,
  "high": 1.18244,
  "low": 1.18241,
  "close": 1.18241,
  "rollH20": 1.1825,
  "rollL20": 1.18229,
  "up2": false,
  "dn2": false,
  "source": "twelvedata_repo"
}