{
  "datetime": "2026-07-23 01:50:00",
  "open": 1.14133,
  "high": 1.14133,
  "low": 1.14125,
  "close": 1.14126,
  "rollH20": 1.14146,
  "rollL20": 1.14082,
  "up2": false,
  "dn2": false,
  "source": "twelvedata_repo"
}