{
  "datetime": "2026-06-03 00:20:00",
  "open": 1.1625,
  "high": 1.1625,
  "low": 1.16225,
  "close": 1.16241,
  "rollH20": 1.16335,
  "rollL20": 1.16245,
  "up2": false,
  "dn2": false,
  "source": "twelvedata_repo"
}