{
  "datetime": "2025-10-06 20:40:00",
  "open": 1.17158,
  "high": 1.17163,
  "low": 1.17151,
  "close": 1.17163,
  "rollH20": 1.17192,
  "rollL20": 1.17095,
  "up2": false,
  "dn2": false,
  "source": "twelvedata_repo"
}