{
  "datetime": "2026-05-18 22:15:00",
  "open": 1.16531,
  "high": 1.16561,
  "low": 1.16524,
  "close": 1.16526,
  "rollH20": 1.16607,
  "rollL20": 1.16485,
  "up2": false,
  "dn2": false,
  "source": "twelvedata_repo"
}