{
  "datetime": "2026-04-18 18:20:00",
  "open": 1.17664,
  "high": 1.17668,
  "low": 1.17663,
  "close": 1.17666,
  "rollH20": 1.17739,
  "rollL20": 1.1762,
  "up2": false,
  "dn2": false,
  "source": "twelvedata_repo"
}