{
  "datetime": "2026-04-04 23:10:00",
  "open": 1.15167,
  "high": 1.15181,
  "low": 1.15164,
  "close": 1.15176,
  "rollH20": 1.15208,
  "rollL20": 1.15164,
  "up2": false,
  "dn2": false,
  "source": "twelvedata_repo"
}