{
  "datetime": "2026-02-05 13:45:00",
  "open": 1.17939,
  "high": 1.18022,
  "low": 1.17939,
  "close": 1.17978,
  "rollH20": 1.18009,
  "rollL20": 1.17867,
  "up2": false,
  "dn2": false,
  "source": "twelvedata_repo"
}