{
  "datetime": "2026-04-30 07:30:00",
  "open": 1.16654,
  "high": 1.1666,
  "low": 1.16654,
  "close": 1.1666,
  "rollH20": 1.16659,
  "rollL20": 1.16575,
  "up2": false,
  "dn2": false,
  "source": "twelvedata_repo"
}