{
  "datetime": "2025-10-03 06:40:00",
  "open": 1.17185,
  "high": 1.17185,
  "low": 1.17153,
  "close": 1.17171,
  "rollH20": 1.17279,
  "rollL20": 1.17152,
  "up2": false,
  "dn2": false,
  "source": "twelvedata_repo"
}