{
  "datetime": "2026-03-21 18:30:00",
  "open": 1.15822,
  "high": 1.15826,
  "low": 1.15821,
  "close": 1.15821,
  "rollH20": 1.15918,
  "rollL20": 1.15788,
  "up2": false,
  "dn2": false,
  "source": "twelvedata_repo"
}