{
  "datetime": "2025-12-29 04:50:00",
  "open": 1.17758,
  "high": 1.17761,
  "low": 1.17748,
  "close": 1.17749,
  "rollH20": 1.17844,
  "rollL20": 1.17716,
  "up2": false,
  "dn2": false,
  "source": "twelvedata_repo"
}