{
  "datetime": "2026-01-23 00:30:00",
  "open": 1.17571,
  "high": 1.17574,
  "low": 1.17551,
  "close": 1.17556,
  "rollH20": 1.17596,
  "rollL20": 1.17511,
  "up2": false,
  "dn2": false,
  "source": "twelvedata_repo"
}