{
  "datetime": "2026-01-02 14:20:00",
  "open": 1.1726,
  "high": 1.17271,
  "low": 1.17255,
  "close": 1.17257,
  "rollH20": 1.17272,
  "rollL20": 1.1717,
  "up2": false,
  "dn2": false,
  "source": "twelvedata_repo"
}