{
  "datetime": "2025-10-21 14:55:00",
  "open": 1.16105,
  "high": 1.16143,
  "low": 1.16105,
  "close": 1.1612,
  "rollH20": 1.16169,
  "rollL20": 1.16021,
  "up2": false,
  "dn2": false,
  "source": "twelvedata_repo"
}