{
  "datetime": "2026-03-03 20:10:00",
  "open": 1.16176,
  "high": 1.16216,
  "low": 1.16176,
  "close": 1.16214,
  "rollH20": 1.16246,
  "rollL20": 1.1601,
  "up2": false,
  "dn2": false,
  "source": "twelvedata_repo"
}