{
  "datetime": "2026-02-15 04:05:00",
  "open": 1.18707,
  "high": 1.1871,
  "low": 1.18707,
  "close": 1.18707,
  "rollH20": 1.18712,
  "rollL20": 1.18688,
  "up2": false,
  "dn2": false,
  "source": "twelvedata_repo"
}