{
  "datetime": "2025-08-29 12:45:00",
  "open": 1.16631,
  "high": 1.16639,
  "low": 1.1661,
  "close": 1.16632,
  "rollH20": 1.16741,
  "rollL20": 1.16619,
  "up2": false,
  "dn2": false,
  "source": "twelvedata_repo"
}