{
  "datetime": "2026-06-09 18:10:00",
  "open": 1.15445,
  "high": 1.15445,
  "low": 1.15411,
  "close": 1.1542,
  "rollH20": 1.1561,
  "rollL20": 1.15286,
  "up2": false,
  "dn2": false,
  "source": "twelvedata_repo"
}