{
  "datetime": "2026-03-18 05:35:00",
  "open": 1.1543,
  "high": 1.15432,
  "low": 1.15429,
  "close": 1.15431,
  "rollH20": 1.15444,
  "rollL20": 1.15348,
  "up2": false,
  "dn2": false,
  "source": "twelvedata_repo"
}