{
  "datetime": "2025-10-14 18:15:00",
  "open": 1.1604,
  "high": 1.16055,
  "low": 1.16034,
  "close": 1.16039,
  "rollH20": 1.16147,
  "rollL20": 1.15908,
  "up2": false,
  "dn2": false,
  "source": "twelvedata_repo"
}