{
  "datetime": "2026-03-30 00:10:00",
  "open": 1.14898,
  "high": 1.14912,
  "low": 1.14896,
  "close": 1.14898,
  "rollH20": 1.15052,
  "rollL20": 1.14877,
  "up2": false,
  "dn2": false,
  "source": "twelvedata_repo"
}