{
  "datetime": "2025-10-24 12:45:00",
  "open": 1.16095,
  "high": 1.16098,
  "low": 1.16085,
  "close": 1.16085,
  "rollH20": 1.16162,
  "rollL20": 1.16074,
  "up2": false,
  "dn2": false,
  "source": "twelvedata_repo"
}