{
  "datetime": "2025-11-07 10:15:00",
  "open": 1.15351,
  "high": 1.15353,
  "low": 1.15349,
  "close": 1.15352,
  "rollH20": 1.154,
  "rollL20": 1.15295,
  "up2": false,
  "dn2": false,
  "source": "twelvedata_repo"
}