{
  "datetime": "2026-04-09 11:40:00",
  "open": 1.16761,
  "high": 1.16764,
  "low": 1.16759,
  "close": 1.16764,
  "rollH20": 1.16794,
  "rollL20": 1.16696,
  "up2": false,
  "dn2": false,
  "source": "twelvedata_repo"
}