{
  "datetime": "2026-01-16 20:15:00",
  "open": 1.15931,
  "high": 1.15937,
  "low": 1.15926,
  "close": 1.15928,
  "rollH20": 1.16021,
  "rollL20": 1.159,
  "up2": false,
  "dn2": false,
  "source": "twelvedata_repo"
}