{
  "datetime": "2025-11-12 22:55:00",
  "open": 1.15901,
  "high": 1.15936,
  "low": 1.15901,
  "close": 1.15928,
  "rollH20": 1.15911,
  "rollL20": 1.1585,
  "up2": false,
  "dn2": false,
  "source": "twelvedata_repo"
}