{
  "datetime": "2026-04-24 09:15:00",
  "open": 1.16874,
  "high": 1.16924,
  "low": 1.16872,
  "close": 1.16919,
  "rollH20": 1.16931,
  "rollL20": 1.1677,
  "up2": false,
  "dn2": false,
  "source": "twelvedata_repo"
}