{
  "datetime": "2025-10-13 18:40:00",
  "open": 1.15721,
  "high": 1.15725,
  "low": 1.15719,
  "close": 1.15724,
  "rollH20": 1.15789,
  "rollL20": 1.15697,
  "up2": false,
  "dn2": false,
  "source": "twelvedata_repo"
}