{
  "datetime": "2026-04-10 16:30:00",
  "open": 1.17348,
  "high": 1.17349,
  "low": 1.17322,
  "close": 1.17333,
  "rollH20": 1.17393,
  "rollL20": 1.17231,
  "up2": false,
  "dn2": false,
  "source": "twelvedata_repo"
}