{
  "datetime": "2026-07-09 09:35:00",
  "open": 1.14361,
  "high": 1.14361,
  "low": 1.14338,
  "close": 1.14342,
  "rollH20": 1.14434,
  "rollL20": 1.14322,
  "up2": false,
  "dn2": false,
  "source": "twelvedata_repo"
}