{
  "datetime": "2025-12-23 15:25:00",
  "open": 1.17716,
  "high": 1.17717,
  "low": 1.17707,
  "close": 1.17709,
  "rollH20": 1.17968,
  "rollL20": 1.17716,
  "up2": false,
  "dn2": false,
  "source": "twelvedata_repo"
}