{
  "datetime": "2025-12-26 20:15:00",
  "open": 1.17701,
  "high": 1.17719,
  "low": 1.17701,
  "close": 1.17719,
  "rollH20": 1.17746,
  "rollL20": 1.17623,
  "up2": false,
  "dn2": false,
  "source": "twelvedata_repo"
}