{
  "datetime": "2026-01-20 13:15:00",
  "open": 1.17385,
  "high": 1.17432,
  "low": 1.17385,
  "close": 1.1742,
  "rollH20": 1.1739,
  "rollL20": 1.17201,
  "up2": false,
  "dn2": false,
  "source": "twelvedata_repo"
}