{
  "datetime": "2026-03-26 19:30:00",
  "open": 1.1528,
  "high": 1.15283,
  "low": 1.1528,
  "close": 1.1528,
  "rollH20": 1.15389,
  "rollL20": 1.1526,
  "up2": false,
  "dn2": false,
  "source": "twelvedata_repo"
}