{
  "datetime": "2026-02-05 05:10:00",
  "open": 1.17876,
  "high": 1.17887,
  "low": 1.17875,
  "close": 1.17883,
  "rollH20": 1.17991,
  "rollL20": 1.17849,
  "up2": false,
  "dn2": false,
  "source": "twelvedata_repo"
}