{
  "datetime": "2025-12-30 08:40:00",
  "open": 1.17689,
  "high": 1.17698,
  "low": 1.17684,
  "close": 1.17688,
  "rollH20": 1.17801,
  "rollL20": 1.17671,
  "up2": false,
  "dn2": false,
  "source": "twelvedata_repo"
}