{
  "datetime": "2026-02-13 21:15:00",
  "open": 1.18656,
  "high": 1.18664,
  "low": 1.18656,
  "close": 1.18664,
  "rollH20": 1.18807,
  "rollL20": 1.18655,
  "up2": false,
  "dn2": false,
  "source": "twelvedata_repo"
}