{
  "datetime": "2026-04-19 00:20:00",
  "open": 1.17701,
  "high": 1.17704,
  "low": 1.17701,
  "close": 1.17701,
  "rollH20": 1.17728,
  "rollL20": 1.17669,
  "up2": false,
  "dn2": false,
  "source": "twelvedata_repo"
}