{
  "datetime": "2025-09-24 23:45:00",
  "open": 1.17434,
  "high": 1.17436,
  "low": 1.17434,
  "close": 1.17434,
  "rollH20": 1.17439,
  "rollL20": 1.1737,
  "up2": false,
  "dn2": false,
  "source": "twelvedata_repo"
}