{
  "datetime": "2026-02-27 14:00:00",
  "open": 1.17937,
  "high": 1.1794,
  "low": 1.17926,
  "close": 1.17931,
  "rollH20": 1.18083,
  "rollL20": 1.17913,
  "up2": false,
  "dn2": false,
  "source": "twelvedata_repo"
}