{
  "datetime": "2026-01-07 10:40:00",
  "open": 1.16839,
  "high": 1.16861,
  "low": 1.16839,
  "close": 1.1686,
  "rollH20": 1.1687,
  "rollL20": 1.1674,
  "up2": false,
  "dn2": false,
  "source": "twelvedata_repo"
}