{
  "datetime": "2026-04-27 08:10:00",
  "open": 1.17354,
  "high": 1.17359,
  "low": 1.17333,
  "close": 1.17343,
  "rollH20": 1.17359,
  "rollL20": 1.17169,
  "up2": false,
  "dn2": false,
  "source": "twelvedata_repo"
}