{
  "datetime": "2025-10-15 12:25:00",
  "open": 1.16295,
  "high": 1.16322,
  "low": 1.16294,
  "close": 1.16296,
  "rollH20": 1.16364,
  "rollL20": 1.16206,
  "up2": false,
  "dn2": false,
  "source": "twelvedata_repo"
}