{
  "datetime": "2025-11-19 00:45:00",
  "open": 1.158,
  "high": 1.158,
  "low": 1.15799,
  "close": 1.158,
  "rollH20": 1.15823,
  "rollL20": 1.15773,
  "up2": false,
  "dn2": false,
  "source": "twelvedata_repo"
}