{
  "datetime": "2025-11-27 00:30:00",
  "open": 1.15982,
  "high": 1.15984,
  "low": 1.15977,
  "close": 1.15979,
  "rollH20": 1.15987,
  "rollL20": 1.15888,
  "up2": false,
  "dn2": false,
  "source": "twelvedata_repo"
}