{
  "datetime": "2026-05-03 22:40:00",
  "open": 1.17477,
  "high": 1.17488,
  "low": 1.17257,
  "close": 1.17482,
  "rollH20": 1.17549,
  "rollL20": 1.17199,
  "up2": false,
  "dn2": false,
  "source": "twelvedata_repo"
}