{
  "datetime": "2025-11-03 05:20:00",
  "open": 1.1536,
  "high": 1.15368,
  "low": 1.15359,
  "close": 1.15366,
  "rollH20": 1.15369,
  "rollL20": 1.15302,
  "up2": false,
  "dn2": false,
  "source": "twelvedata_repo"
}