{
  "datetime": "2026-04-13 07:55:00",
  "open": 1.16812,
  "high": 1.16838,
  "low": 1.16812,
  "close": 1.16838,
  "rollH20": 1.16946,
  "rollL20": 1.16785,
  "up2": false,
  "dn2": false,
  "source": "twelvedata_repo"
}