{
  "datetime": "2026-01-14 17:05:00",
  "open": 1.1659,
  "high": 1.16607,
  "low": 1.1659,
  "close": 1.16607,
  "rollH20": 1.16608,
  "rollL20": 1.16504,
  "up2": false,
  "dn2": false,
  "source": "twelvedata_repo"
}