{
  "datetime": "2026-04-06 21:55:00",
  "open": 1.15433,
  "high": 1.15435,
  "low": 1.15425,
  "close": 1.15432,
  "rollH20": 1.15468,
  "rollL20": 1.15416,
  "up2": false,
  "dn2": false,
  "source": "twelvedata_repo"
}