{
  "datetime": "2026-05-11 00:05:00",
  "open": 1.17644,
  "high": 1.17657,
  "low": 1.17642,
  "close": 1.17656,
  "rollH20": 1.17705,
  "rollL20": 1.17502,
  "up2": false,
  "dn2": false,
  "source": "twelvedata_repo"
}