{
  "datetime": "2025-10-21 10:10:00",
  "open": 1.16173,
  "high": 1.16181,
  "low": 1.16171,
  "close": 1.16171,
  "rollH20": 1.16317,
  "rollL20": 1.16129,
  "up2": false,
  "dn2": false,
  "source": "twelvedata_repo"
}