{
  "datetime": "2025-09-03 06:55:00",
  "open": 1.16292,
  "high": 1.16311,
  "low": 1.16282,
  "close": 1.16304,
  "rollH20": 1.16356,
  "rollL20": 1.16258,
  "up2": false,
  "dn2": false,
  "source": "twelvedata_repo"
}