{
  "datetime": "2026-03-09 22:55:00",
  "open": 1.16288,
  "high": 1.16312,
  "low": 1.16285,
  "close": 1.16304,
  "rollH20": 1.16462,
  "rollL20": 1.16239,
  "up2": false,
  "dn2": false,
  "source": "twelvedata_repo"
}