{
  "datetime": "2026-06-09 23:55:00",
  "open": 1.15368,
  "high": 1.15374,
  "low": 1.15363,
  "close": 1.15372,
  "rollH20": 1.15453,
  "rollL20": 1.15358,
  "up2": false,
  "dn2": false,
  "source": "twelvedata_repo"
}