{
  "datetime": "2026-05-25 19:20:00",
  "open": 1.16439,
  "high": 1.1644,
  "low": 1.16431,
  "close": 1.16432,
  "rollH20": 1.16447,
  "rollL20": 1.16367,
  "up2": false,
  "dn2": false,
  "source": "twelvedata_repo"
}