{
  "datetime": "2026-06-18 23:50:00",
  "open": 1.14613,
  "high": 1.14618,
  "low": 1.14609,
  "close": 1.14618,
  "rollH20": 1.14638,
  "rollL20": 1.14571,
  "up2": false,
  "dn2": false,
  "source": "twelvedata_repo"
}