{
  "datetime": "2026-04-20 13:40:00",
  "open": 1.17624,
  "high": 1.17649,
  "low": 1.17624,
  "close": 1.17646,
  "rollH20": 1.17752,
  "rollL20": 1.17566,
  "up2": false,
  "dn2": false,
  "source": "twelvedata_repo"
}