{
  "datetime": "2026-02-23 09:50:00",
  "open": 1.18098,
  "high": 1.181,
  "low": 1.18018,
  "close": 1.18026,
  "rollH20": 1.18221,
  "rollL20": 1.1804,
  "up2": false,
  "dn2": false,
  "source": "twelvedata_repo"
}