{
  "datetime": "2025-09-17 22:20:00",
  "open": 1.1813,
  "high": 1.1813,
  "low": 1.1813,
  "close": 1.1813,
  "rollH20": 1.18396,
  "rollL20": 1.18078,
  "up2": false,
  "dn2": false,
  "source": "twelvedata_repo"
}