{
  "datetime": "2026-02-11 19:35:00",
  "open": 1.18855,
  "high": 1.18861,
  "low": 1.1885,
  "close": 1.18858,
  "rollH20": 1.18946,
  "rollL20": 1.18771,
  "up2": false,
  "dn2": false,
  "source": "twelvedata_repo"
}