{
  "datetime": "2025-09-29 23:25:00",
  "open": 1.17266,
  "high": 1.17266,
  "low": 1.17261,
  "close": 1.17262,
  "rollH20": 1.17278,
  "rollL20": 1.17241,
  "up2": false,
  "dn2": false,
  "source": "twelvedata_repo"
}