{
  "datetime": "2025-10-03 08:45:00",
  "open": 1.17306,
  "high": 1.17318,
  "low": 1.17291,
  "close": 1.17298,
  "rollH20": 1.17339,
  "rollL20": 1.17177,
  "up2": false,
  "dn2": false,
  "source": "twelvedata_repo"
}