{
  "datetime": "2026-03-08 03:55:00",
  "open": 1.16191,
  "high": 1.16196,
  "low": 1.1619,
  "close": 1.16194,
  "rollH20": 1.16199,
  "rollL20": 1.16172,
  "up2": false,
  "dn2": false,
  "source": "twelvedata_repo"
}