{
  "datetime": "2026-07-01 11:25:00",
  "open": 1.13929,
  "high": 1.13941,
  "low": 1.13917,
  "close": 1.13939,
  "rollH20": 1.14016,
  "rollL20": 1.13856,
  "up2": false,
  "dn2": false,
  "source": "twelvedata_repo"
}