{
  "datetime": "2025-11-27 23:30:00",
  "open": 1.1597,
  "high": 1.15972,
  "low": 1.15962,
  "close": 1.15963,
  "rollH20": 1.15986,
  "rollL20": 1.15951,
  "up2": false,
  "dn2": false,
  "source": "twelvedata_repo"
}