{
  "datetime": "2026-03-24 21:20:00",
  "open": 1.15866,
  "high": 1.16065,
  "low": 1.15861,
  "close": 1.1602,
  "rollH20": 1.15928,
  "rollL20": 1.15798,
  "up2": false,
  "dn2": false,
  "source": "twelvedata_repo"
}