{
  "datetime": "2026-03-13 05:55:00",
  "open": 1.15026,
  "high": 1.15028,
  "low": 1.15011,
  "close": 1.15013,
  "rollH20": 1.15074,
  "rollL20": 1.15003,
  "up2": false,
  "dn2": false,
  "source": "twelvedata_repo"
}