{
  "datetime": "2025-11-21 12:20:00",
  "open": 1.15162,
  "high": 1.15162,
  "low": 1.15149,
  "close": 1.15149,
  "rollH20": 1.15366,
  "rollL20": 1.15122,
  "up2": false,
  "dn2": false,
  "source": "twelvedata_repo"
}