{
  "datetime": "2025-11-19 08:40:00",
  "open": 1.15938,
  "high": 1.15943,
  "low": 1.15938,
  "close": 1.15943,
  "rollH20": 1.15942,
  "rollL20": 1.1583,
  "up2": false,
  "dn2": false,
  "source": "twelvedata_repo"
}