{
  "datetime": "2026-04-23 23:20:00",
  "open": 1.1686,
  "high": 1.16865,
  "low": 1.1686,
  "close": 1.16862,
  "rollH20": 1.16895,
  "rollL20": 1.16794,
  "up2": false,
  "dn2": false,
  "source": "twelvedata_repo"
}