{
  "datetime": "2025-08-29 10:30:00",
  "open": 1.1677,
  "high": 1.16775,
  "low": 1.16732,
  "close": 1.16737,
  "rollH20": 1.1691,
  "rollL20": 1.16661,
  "up2": false,
  "dn2": false,
  "source": "twelvedata_repo"
}