{
  "datetime": "2026-07-23 15:20:00",
  "open": 1.13691,
  "high": 1.13691,
  "low": 1.13645,
  "close": 1.13647,
  "rollH20": 1.13868,
  "rollL20": 1.13657,
  "up2": false,
  "dn2": false,
  "source": "twelvedata_repo"
}