{
  "datetime": "2026-04-11 21:10:00",
  "open": 1.17243,
  "high": 1.17247,
  "low": 1.17241,
  "close": 1.17243,
  "rollH20": 1.17251,
  "rollL20": 1.17205,
  "up2": false,
  "dn2": false,
  "source": "twelvedata_repo"
}