{
  "datetime": "2025-10-15 10:30:00",
  "open": 1.16325,
  "high": 1.1636,
  "low": 1.16325,
  "close": 1.16357,
  "rollH20": 1.16453,
  "rollL20": 1.16281,
  "up2": false,
  "dn2": false,
  "source": "twelvedata_repo"
}