{
  "datetime": "2026-06-20 13:55:00",
  "open": 1.14746,
  "high": 1.14786,
  "low": 1.14746,
  "close": 1.1475,
  "rollH20": 1.14804,
  "rollL20": 1.14739,
  "up2": false,
  "dn2": false,
  "source": "twelvedata_repo"
}