{
  "datetime": "2025-10-30 04:15:00",
  "open": 1.16186,
  "high": 1.16186,
  "low": 1.16151,
  "close": 1.16157,
  "rollH20": 1.16198,
  "rollL20": 1.16124,
  "up2": false,
  "dn2": false,
  "source": "twelvedata_repo"
}