{
  "datetime": "2026-04-12 03:35:00",
  "open": 1.17258,
  "high": 1.17263,
  "low": 1.17254,
  "close": 1.17256,
  "rollH20": 1.17266,
  "rollL20": 1.1725,
  "up2": false,
  "dn2": false,
  "source": "twelvedata_repo"
}