{
  "datetime": "2026-03-31 08:25:00",
  "open": 1.14661,
  "high": 1.14682,
  "low": 1.14659,
  "close": 1.14677,
  "rollH20": 1.14754,
  "rollL20": 1.14616,
  "up2": false,
  "dn2": false,
  "source": "twelvedata_repo"
}