{
  "datetime": "2026-04-16 12:35:00",
  "open": 1.17846,
  "high": 1.17852,
  "low": 1.17844,
  "close": 1.17852,
  "rollH20": 1.17887,
  "rollL20": 1.17725,
  "up2": false,
  "dn2": false,
  "source": "twelvedata_repo"
}