{
  "datetime": "2026-03-15 17:00:00",
  "open": 1.14061,
  "high": 1.14126,
  "low": 1.14052,
  "close": 1.14126,
  "rollH20": 1.14129,
  "rollL20": 1.13978,
  "up2": false,
  "dn2": false,
  "source": "twelvedata_repo"
}