{
  "datetime": "2025-10-27 12:40:00",
  "open": 1.16368,
  "high": 1.164,
  "low": 1.16366,
  "close": 1.16399,
  "rollH20": 1.16447,
  "rollL20": 1.16353,
  "up2": false,
  "dn2": false,
  "source": "twelvedata_repo"
}