{
  "datetime": "2025-11-04 12:05:00",
  "open": 1.15044,
  "high": 1.15048,
  "low": 1.15029,
  "close": 1.15029,
  "rollH20": 1.15132,
  "rollL20": 1.14996,
  "up2": false,
  "dn2": false,
  "source": "twelvedata_repo"
}