{
  "datetime": "2025-12-25 23:40:00",
  "open": 1.17838,
  "high": 1.17845,
  "low": 1.1783,
  "close": 1.17842,
  "rollH20": 1.1792,
  "rollL20": 1.17768,
  "up2": false,
  "dn2": false,
  "source": "twelvedata_repo"
}