{
  "datetime": "2026-04-30 23:25:00",
  "open": 1.17322,
  "high": 1.17326,
  "low": 1.17319,
  "close": 1.17326,
  "rollH20": 1.17357,
  "rollL20": 1.17298,
  "up2": false,
  "dn2": false,
  "source": "twelvedata_repo"
}