{
  "datetime": "2026-02-14 18:35:00",
  "open": 1.18567,
  "high": 1.18567,
  "low": 1.18498,
  "close": 1.18521,
  "rollH20": 1.18696,
  "rollL20": 1.18521,
  "up2": false,
  "dn2": false,
  "source": "twelvedata_repo"
}