{
  "datetime": "2026-02-22 23:10:00",
  "open": 1.17994,
  "high": 1.18,
  "low": 1.17994,
  "close": 1.17999,
  "rollH20": 1.1802,
  "rollL20": 1.17885,
  "up2": false,
  "dn2": false,
  "source": "twelvedata_repo"
}