{
  "datetime": "2026-01-12 23:25:00",
  "open": 1.16694,
  "high": 1.16701,
  "low": 1.16694,
  "close": 1.16701,
  "rollH20": 1.1671,
  "rollL20": 1.16635,
  "up2": false,
  "dn2": false,
  "source": "twelvedata_repo"
}