{
  "datetime": "2025-12-05 18:55:00",
  "open": 1.16429,
  "high": 1.16436,
  "low": 1.16419,
  "close": 1.16436,
  "rollH20": 1.16434,
  "rollL20": 1.16297,
  "up2": false,
  "dn2": false,
  "source": "twelvedata_repo"
}