{
  "datetime": "2026-07-07 02:25:00",
  "open": 1.14385,
  "high": 1.14395,
  "low": 1.14371,
  "close": 1.14379,
  "rollH20": 1.14451,
  "rollL20": 1.14375,
  "up2": false,
  "dn2": false,
  "source": "twelvedata_repo"
}