{
  "datetime": "2026-02-19 21:55:00",
  "open": 1.1777,
  "high": 1.17772,
  "low": 1.17718,
  "close": 1.1772,
  "rollH20": 1.17785,
  "rollL20": 1.17637,
  "up2": false,
  "dn2": false,
  "source": "twelvedata_repo"
}