{
  "datetime": "2026-03-17 11:25:00",
  "open": 1.15163,
  "high": 1.15196,
  "low": 1.15158,
  "close": 1.1518,
  "rollH20": 1.15164,
  "rollL20": 1.15057,
  "up2": false,
  "dn2": false,
  "source": "twelvedata_repo"
}