{
  "datetime": "2026-03-08 14:30:00",
  "open": 1.16179,
  "high": 1.16181,
  "low": 1.16179,
  "close": 1.1618,
  "rollH20": 1.16184,
  "rollL20": 1.16145,
  "up2": false,
  "dn2": false,
  "source": "twelvedata_repo"
}