{
  "datetime": "2026-05-29 14:45:00",
  "open": 1.16496,
  "high": 1.16512,
  "low": 1.16496,
  "close": 1.1651,
  "rollH20": 1.16533,
  "rollL20": 1.16435,
  "up2": false,
  "dn2": false,
  "source": "twelvedata_repo"
}