{
  "datetime": "2026-01-12 02:55:00",
  "open": 1.16569,
  "high": 1.16571,
  "low": 1.16562,
  "close": 1.16571,
  "rollH20": 1.1671,
  "rollL20": 1.16399,
  "up2": false,
  "dn2": false,
  "source": "twelvedata_repo"
}