{
  "datetime": "2025-10-20 11:50:00",
  "open": 1.16554,
  "high": 1.16554,
  "low": 1.16552,
  "close": 1.16552,
  "rollH20": 1.16676,
  "rollL20": 1.16513,
  "up2": false,
  "dn2": false,
  "source": "twelvedata_repo"
}