{
  "datetime": "2026-04-30 09:15:00",
  "open": 1.16915,
  "high": 1.16918,
  "low": 1.16889,
  "close": 1.16897,
  "rollH20": 1.16971,
  "rollL20": 1.16661,
  "up2": false,
  "dn2": false,
  "source": "twelvedata_repo"
}