{
  "datetime": "2026-05-16 12:10:00",
  "open": 1.16252,
  "high": 1.16257,
  "low": 1.1625,
  "close": 1.16252,
  "rollH20": 1.16257,
  "rollL20": 1.16225,
  "up2": false,
  "dn2": false,
  "source": "twelvedata_repo"
}