{
  "datetime": "2025-09-04 12:35:00",
  "open": 1.16431,
  "high": 1.16459,
  "low": 1.16422,
  "close": 1.16455,
  "rollH20": 1.16598,
  "rollL20": 1.16396,
  "up2": false,
  "dn2": false,
  "source": "twelvedata_repo"
}