{
  "datetime": "2025-11-20 20:40:00",
  "open": 1.15372,
  "high": 1.15376,
  "low": 1.15364,
  "close": 1.15366,
  "rollH20": 1.15404,
  "rollL20": 1.15271,
  "up2": false,
  "dn2": false,
  "source": "twelvedata_repo"
}