{
  "datetime": "2026-04-20 14:10:00",
  "open": 1.17668,
  "high": 1.17683,
  "low": 1.17657,
  "close": 1.17681,
  "rollH20": 1.17752,
  "rollL20": 1.17566,
  "up2": false,
  "dn2": false,
  "source": "twelvedata_repo"
}