{
  "datetime": "2026-02-09 05:45:00",
  "open": 1.18237,
  "high": 1.18255,
  "low": 1.18237,
  "close": 1.1825,
  "rollH20": 1.18254,
  "rollL20": 1.1819,
  "up2": false,
  "dn2": false,
  "source": "twelvedata_repo"
}