{
  "datetime": "2026-04-26 03:45:00",
  "open": 1.17208,
  "high": 1.17224,
  "low": 1.17206,
  "close": 1.17215,
  "rollH20": 1.17232,
  "rollL20": 1.17184,
  "up2": false,
  "dn2": false,
  "source": "twelvedata_repo"
}