{
  "datetime": "2026-01-22 02:50:00",
  "open": 1.1689,
  "high": 1.16895,
  "low": 1.16883,
  "close": 1.16883,
  "rollH20": 1.16898,
  "rollL20": 1.1677,
  "up2": false,
  "dn2": false,
  "source": "twelvedata_repo"
}