{
  "datetime": "2025-10-31 09:55:00",
  "open": 1.15692,
  "high": 1.15707,
  "low": 1.15691,
  "close": 1.15707,
  "rollH20": 1.15699,
  "rollL20": 1.15566,
  "up2": false,
  "dn2": false,
  "source": "twelvedata_repo"
}