{
  "datetime": "2025-10-01 06:45:00",
  "open": 1.17572,
  "high": 1.17573,
  "low": 1.17557,
  "close": 1.17558,
  "rollH20": 1.17668,
  "rollL20": 1.17389,
  "up2": false,
  "dn2": false,
  "source": "twelvedata_repo"
}