{
  "datetime": "2025-10-31 00:10:00",
  "open": 1.15694,
  "high": 1.15695,
  "low": 1.15689,
  "close": 1.15689,
  "rollH20": 1.15701,
  "rollL20": 1.15648,
  "up2": false,
  "dn2": false,
  "source": "twelvedata_repo"
}