{
  "datetime": "2026-03-21 15:15:00",
  "open": 1.15926,
  "high": 1.15928,
  "low": 1.15926,
  "close": 1.15928,
  "rollH20": 1.15931,
  "rollL20": 1.15918,
  "up2": false,
  "dn2": false,
  "source": "twelvedata_repo"
}