{
  "datetime": "2026-02-14 10:10:00",
  "open": 1.18624,
  "high": 1.1864,
  "low": 1.18622,
  "close": 1.1864,
  "rollH20": 1.18693,
  "rollL20": 1.18621,
  "up2": false,
  "dn2": false,
  "source": "twelvedata_repo"
}