{
  "datetime": "2026-01-29 00:05:00",
  "open": 1.19552,
  "high": 1.19561,
  "low": 1.1955,
  "close": 1.19554,
  "rollH20": 1.19578,
  "rollL20": 1.19431,
  "up2": false,
  "dn2": false,
  "source": "twelvedata_repo"
}