{
  "datetime": "2026-04-18 12:00:00",
  "open": 1.17638,
  "high": 1.17641,
  "low": 1.17635,
  "close": 1.17638,
  "rollH20": 1.17717,
  "rollL20": 1.1763,
  "up2": false,
  "dn2": false,
  "source": "twelvedata_repo"
}