{
  "datetime": "2025-09-19 15:55:00",
  "open": 1.17604,
  "high": 1.17604,
  "low": 1.17568,
  "close": 1.17586,
  "rollH20": 1.17677,
  "rollL20": 1.17458,
  "up2": false,
  "dn2": false,
  "source": "twelvedata_repo"
}