{
  "datetime": "2026-07-17 06:35:00",
  "open": 1.14391,
  "high": 1.14405,
  "low": 1.14391,
  "close": 1.14404,
  "rollH20": 1.144,
  "rollL20": 1.14348,
  "up2": false,
  "dn2": false,
  "source": "twelvedata_repo"
}