{
  "datetime": "2026-05-10 14:35:00",
  "open": 1.17909,
  "high": 1.17912,
  "low": 1.17909,
  "close": 1.17909,
  "rollH20": 1.17942,
  "rollL20": 1.17849,
  "up2": false,
  "dn2": false,
  "source": "twelvedata_repo"
}