{
  "datetime": "2026-04-01 11:50:00",
  "open": 1.1602,
  "high": 1.1603,
  "low": 1.16008,
  "close": 1.16008,
  "rollH20": 1.16027,
  "rollL20": 1.15821,
  "up2": false,
  "dn2": false,
  "source": "twelvedata_repo"
}