{
  "datetime": "2026-02-03 07:25:00",
  "open": 1.18138,
  "high": 1.18145,
  "low": 1.18138,
  "close": 1.18144,
  "rollH20": 1.18161,
  "rollL20": 1.18051,
  "up2": false,
  "dn2": false,
  "source": "twelvedata_repo"
}