{
  "datetime": "2025-11-07 11:55:00",
  "open": 1.15509,
  "high": 1.15515,
  "low": 1.15507,
  "close": 1.15507,
  "rollH20": 1.15519,
  "rollL20": 1.15349,
  "up2": false,
  "dn2": false,
  "source": "twelvedata_repo"
}