{
  "datetime": "2026-02-06 10:25:00",
  "open": 1.17933,
  "high": 1.17944,
  "low": 1.17933,
  "close": 1.17944,
  "rollH20": 1.17953,
  "rollL20": 1.17868,
  "up2": false,
  "dn2": false,
  "source": "twelvedata_repo"
}