{
  "datetime": "2026-01-05 09:00:00",
  "open": 1.16855,
  "high": 1.16865,
  "low": 1.16855,
  "close": 1.16857,
  "rollH20": 1.16926,
  "rollL20": 1.16851,
  "up2": false,
  "dn2": false,
  "source": "twelvedata_repo"
}