{
  "datetime": "2025-11-06 16:25:00",
  "open": 1.15329,
  "high": 1.15343,
  "low": 1.15302,
  "close": 1.15322,
  "rollH20": 1.1544,
  "rollL20": 1.15192,
  "up2": false,
  "dn2": false,
  "source": "twelvedata_repo"
}