{
  "datetime": "2026-05-25 09:05:00",
  "open": 1.16342,
  "high": 1.16359,
  "low": 1.16342,
  "close": 1.16357,
  "rollH20": 1.16448,
  "rollL20": 1.16306,
  "up2": false,
  "dn2": false,
  "source": "twelvedata_repo"
}