{
  "datetime": "2026-03-24 05:00:00",
  "open": 1.15828,
  "high": 1.15833,
  "low": 1.15828,
  "close": 1.15831,
  "rollH20": 1.15922,
  "rollL20": 1.15817,
  "up2": false,
  "dn2": false,
  "source": "twelvedata_repo"
}