{
  "datetime": "2025-09-05 04:55:00",
  "open": 1.16726,
  "high": 1.16731,
  "low": 1.1672,
  "close": 1.16726,
  "rollH20": 1.16744,
  "rollL20": 1.16656,
  "up2": false,
  "dn2": false,
  "source": "twelvedata_repo"
}