{
  "datetime": "2026-03-25 12:55:00",
  "open": 1.16013,
  "high": 1.16047,
  "low": 1.16013,
  "close": 1.16038,
  "rollH20": 1.16113,
  "rollL20": 1.15946,
  "up2": false,
  "dn2": false,
  "source": "twelvedata_repo"
}