{
  "datetime": "2025-11-07 12:55:00",
  "open": 1.1558,
  "high": 1.15587,
  "low": 1.15566,
  "close": 1.15566,
  "rollH20": 1.15609,
  "rollL20": 1.15423,
  "up2": false,
  "dn2": false,
  "source": "twelvedata_repo"
}