{
  "datetime": "2026-05-18 07:20:00",
  "open": 1.16284,
  "high": 1.16314,
  "low": 1.16284,
  "close": 1.16309,
  "rollH20": 1.16309,
  "rollL20": 1.16171,
  "up2": false,
  "dn2": false,
  "source": "twelvedata_repo"
}