{
  "datetime": "2026-03-22 13:35:00",
  "open": 1.15916,
  "high": 1.1592,
  "low": 1.15916,
  "close": 1.15916,
  "rollH20": 1.15951,
  "rollL20": 1.15846,
  "up2": false,
  "dn2": false,
  "source": "twelvedata_repo"
}