{
  "datetime": "2026-01-31 21:45:00",
  "open": 1.18544,
  "high": 1.18546,
  "low": 1.18544,
  "close": 1.18545,
  "rollH20": 1.18551,
  "rollL20": 1.18535,
  "up2": false,
  "dn2": false,
  "source": "twelvedata_repo"
}