{
  "datetime": "2025-11-17 18:40:00",
  "open": 1.15953,
  "high": 1.15962,
  "low": 1.15948,
  "close": 1.15962,
  "rollH20": 1.16017,
  "rollL20": 1.15938,
  "up2": false,
  "dn2": false,
  "source": "twelvedata_repo"
}