{
  "datetime": "2026-01-15 14:50:00",
  "open": 1.16063,
  "high": 1.16065,
  "low": 1.16034,
  "close": 1.16034,
  "rollH20": 1.16352,
  "rollL20": 1.16041,
  "up2": false,
  "dn2": false,
  "source": "twelvedata_repo"
}