{
  "datetime": "2025-09-11 21:45:00",
  "open": 1.17386,
  "high": 1.17395,
  "low": 1.17371,
  "close": 1.17371,
  "rollH20": 1.17393,
  "rollL20": 1.17338,
  "up2": false,
  "dn2": false,
  "source": "twelvedata_repo"
}