{
  "datetime": "2026-04-26 18:55:00",
  "open": 1.17173,
  "high": 1.17176,
  "low": 1.17163,
  "close": 1.17163,
  "rollH20": 1.17207,
  "rollL20": 1.17146,
  "up2": false,
  "dn2": false,
  "source": "twelvedata_repo"
}