{
  "datetime": "2026-04-23 02:40:00",
  "open": 1.17097,
  "high": 1.17121,
  "low": 1.17096,
  "close": 1.17121,
  "rollH20": 1.1713,
  "rollL20": 1.16935,
  "up2": false,
  "dn2": false,
  "source": "twelvedata_repo"
}