{
  "datetime": "2025-11-24 16:15:00",
  "open": 1.15216,
  "high": 1.1523,
  "low": 1.15206,
  "close": 1.15207,
  "rollH20": 1.1544,
  "rollL20": 1.15177,
  "up2": false,
  "dn2": false,
  "source": "twelvedata_repo"
}