{
  "datetime": "2026-03-06 00:25:00",
  "open": 1.16139,
  "high": 1.16145,
  "low": 1.16133,
  "close": 1.16145,
  "rollH20": 1.16143,
  "rollL20": 1.16049,
  "up2": false,
  "dn2": false,
  "source": "twelvedata_repo"
}