{
  "datetime": "2026-05-03 02:05:00",
  "open": 1.17214,
  "high": 1.17254,
  "low": 1.17213,
  "close": 1.17213,
  "rollH20": 1.17254,
  "rollL20": 1.17199,
  "up2": false,
  "dn2": false,
  "source": "twelvedata_repo"
}