{
  "datetime": "2026-02-28 07:35:00",
  "open": 1.18069,
  "high": 1.18071,
  "low": 1.18069,
  "close": 1.18071,
  "rollH20": 1.18126,
  "rollL20": 1.18052,
  "up2": false,
  "dn2": false,
  "source": "twelvedata_repo"
}