{
  "datetime": "2025-11-03 08:55:00",
  "open": 1.15373,
  "high": 1.15377,
  "low": 1.15358,
  "close": 1.15373,
  "rollH20": 1.15415,
  "rollL20": 1.15332,
  "up2": false,
  "dn2": false,
  "source": "twelvedata_repo"
}