{
  "datetime": "2026-01-02 16:10:00",
  "open": 1.17359,
  "high": 1.17365,
  "low": 1.17359,
  "close": 1.17363,
  "rollH20": 1.1738,
  "rollL20": 1.17164,
  "up2": false,
  "dn2": false,
  "source": "twelvedata_repo"
}