{
  "datetime": "2026-03-22 22:55:00",
  "open": 1.15383,
  "high": 1.15448,
  "low": 1.15381,
  "close": 1.15443,
  "rollH20": 1.15541,
  "rollL20": 1.1535,
  "up2": false,
  "dn2": false,
  "source": "twelvedata_repo"
}