{
  "datetime": "2025-09-19 15:45:00",
  "open": 1.17648,
  "high": 1.17648,
  "low": 1.17599,
  "close": 1.1762,
  "rollH20": 1.17677,
  "rollL20": 1.17437,
  "up2": false,
  "dn2": false,
  "source": "twelvedata_repo"
}