{
  "datetime": "2026-01-30 09:15:00",
  "open": 1.19385,
  "high": 1.19389,
  "low": 1.19372,
  "close": 1.19379,
  "rollH20": 1.1942,
  "rollL20": 1.19144,
  "up2": false,
  "dn2": false,
  "source": "twelvedata_repo"
}