{
  "datetime": "2025-12-23 10:45:00",
  "open": 1.17876,
  "high": 1.17882,
  "low": 1.1786,
  "close": 1.17865,
  "rollH20": 1.17905,
  "rollL20": 1.17779,
  "up2": false,
  "dn2": false,
  "source": "twelvedata_repo"
}