{
  "datetime": "2026-01-26 21:35:00",
  "open": 1.1882,
  "high": 1.18823,
  "low": 1.18793,
  "close": 1.1881,
  "rollH20": 1.1885,
  "rollL20": 1.18703,
  "up2": false,
  "dn2": false,
  "source": "twelvedata_repo"
}