{
  "datetime": "2026-01-18 11:30:00",
  "open": 1.16061,
  "high": 1.16066,
  "low": 1.1606,
  "close": 1.1606,
  "rollH20": 1.16066,
  "rollL20": 1.16057,
  "up2": false,
  "dn2": false,
  "source": "twelvedata_repo"
}