{
  "datetime": "2025-12-31 12:55:00",
  "open": 1.17437,
  "high": 1.17444,
  "low": 1.17437,
  "close": 1.17444,
  "rollH20": 1.17467,
  "rollL20": 1.17293,
  "up2": false,
  "dn2": false,
  "source": "twelvedata_repo"
}