{
  "datetime": "2026-02-22 19:40:00",
  "open": 1.17906,
  "high": 1.17908,
  "low": 1.17906,
  "close": 1.17908,
  "rollH20": 1.17954,
  "rollL20": 1.17752,
  "up2": false,
  "dn2": false,
  "source": "twelvedata_repo"
}