{
  "datetime": "2026-01-17 07:25:00",
  "open": 1.15946,
  "high": 1.15949,
  "low": 1.15945,
  "close": 1.15949,
  "rollH20": 1.16038,
  "rollL20": 1.15938,
  "up2": false,
  "dn2": false,
  "source": "twelvedata_repo"
}