{
  "datetime": "2025-10-01 19:15:00",
  "open": 1.17334,
  "high": 1.17361,
  "low": 1.1733,
  "close": 1.17357,
  "rollH20": 1.17337,
  "rollL20": 1.17155,
  "up2": false,
  "dn2": false,
  "source": "twelvedata_repo"
}