{
  "datetime": "2025-12-24 13:30:00",
  "open": 1.17903,
  "high": 1.1791,
  "low": 1.17898,
  "close": 1.1791,
  "rollH20": 1.17986,
  "rollL20": 1.17893,
  "up2": false,
  "dn2": false,
  "source": "twelvedata_repo"
}