{
  "datetime": "2025-11-11 20:45:00",
  "open": 1.15915,
  "high": 1.15915,
  "low": 1.15908,
  "close": 1.15908,
  "rollH20": 1.15958,
  "rollL20": 1.15891,
  "up2": false,
  "dn2": false,
  "source": "twelvedata_repo"
}