{
  "datetime": "2026-02-23 20:30:00",
  "open": 1.17936,
  "high": 1.1794,
  "low": 1.17923,
  "close": 1.17933,
  "rollH20": 1.18014,
  "rollL20": 1.17882,
  "up2": false,
  "dn2": false,
  "source": "twelvedata_repo"
}