{
  "datetime": "2026-04-20 19:00:00",
  "open": 1.17829,
  "high": 1.17842,
  "low": 1.17829,
  "close": 1.17842,
  "rollH20": 1.17887,
  "rollL20": 1.17818,
  "up2": false,
  "dn2": false,
  "source": "twelvedata_repo"
}