{
  "datetime": "2026-03-14 14:30:00",
  "open": 1.14449,
  "high": 1.14453,
  "low": 1.14449,
  "close": 1.1445,
  "rollH20": 1.14668,
  "rollL20": 1.14251,
  "up2": false,
  "dn2": false,
  "source": "twelvedata_repo"
}