{
  "datetime": "2026-06-21 22:50:00",
  "open": 1.14689,
  "high": 1.14721,
  "low": 1.1468,
  "close": 1.14713,
  "rollH20": 1.14809,
  "rollL20": 1.14523,
  "up2": false,
  "dn2": false,
  "source": "twelvedata_repo"
}