{
  "datetime": "2026-07-15 21:30:00",
  "open": 1.14631,
  "high": 1.14641,
  "low": 1.14631,
  "close": 1.14639,
  "rollH20": 1.14748,
  "rollL20": 1.14614,
  "up2": false,
  "dn2": false,
  "source": "twelvedata_repo"
}