{
  "datetime": "2026-04-08 08:50:00",
  "open": 1.16952,
  "high": 1.1697,
  "low": 1.16952,
  "close": 1.1697,
  "rollH20": 1.17074,
  "rollL20": 1.16813,
  "up2": false,
  "dn2": false,
  "source": "twelvedata_repo"
}