{
  "datetime": "2026-04-27 17:45:00",
  "open": 1.17298,
  "high": 1.17299,
  "low": 1.17298,
  "close": 1.17299,
  "rollH20": 1.17373,
  "rollL20": 1.17287,
  "up2": false,
  "dn2": false,
  "source": "twelvedata_repo"
}