{
  "datetime": "2026-02-20 17:25:00",
  "open": 1.17683,
  "high": 1.17684,
  "low": 1.17674,
  "close": 1.17674,
  "rollH20": 1.17972,
  "rollL20": 1.17675,
  "up2": false,
  "dn2": false,
  "source": "twelvedata_repo"
}