{
  "datetime": "2026-05-28 02:50:00",
  "open": 1.1614,
  "high": 1.16142,
  "low": 1.16125,
  "close": 1.16128,
  "rollH20": 1.16238,
  "rollL20": 1.16131,
  "up2": false,
  "dn2": false,
  "source": "twelvedata_repo"
}