{
  "datetime": "2025-11-17 05:00:00",
  "open": 1.15989,
  "high": 1.1599,
  "low": 1.15981,
  "close": 1.15986,
  "rollH20": 1.16046,
  "rollL20": 1.15965,
  "up2": false,
  "dn2": false,
  "source": "twelvedata_repo"
}