{
  "datetime": "2026-01-02 10:40:00",
  "open": 1.17283,
  "high": 1.17284,
  "low": 1.17255,
  "close": 1.17271,
  "rollH20": 1.17378,
  "rollL20": 1.17252,
  "up2": false,
  "dn2": false,
  "source": "twelvedata_repo"
}