{
  "datetime": "2026-02-13 13:20:00",
  "open": 1.18583,
  "high": 1.18597,
  "low": 1.18583,
  "close": 1.18597,
  "rollH20": 1.18625,
  "rollL20": 1.18537,
  "up2": false,
  "dn2": false,
  "source": "twelvedata_repo"
}