{
  "datetime": "2026-02-02 19:00:00",
  "open": 1.17993,
  "high": 1.18005,
  "low": 1.17931,
  "close": 1.17931,
  "rollH20": 1.18126,
  "rollL20": 1.1795,
  "up2": false,
  "dn2": false,
  "source": "twelvedata_repo"
}