{
  "datetime": "2025-12-23 10:30:00",
  "open": 1.17831,
  "high": 1.17859,
  "low": 1.17829,
  "close": 1.17859,
  "rollH20": 1.17905,
  "rollL20": 1.17767,
  "up2": false,
  "dn2": false,
  "source": "twelvedata_repo"
}