{
  "datetime": "2025-10-09 23:40:00",
  "open": 1.1566,
  "high": 1.1566,
  "low": 1.1566,
  "close": 1.1566,
  "rollH20": 1.15674,
  "rollL20": 1.15596,
  "up2": false,
  "dn2": false,
  "source": "twelvedata_repo"
}