{
  "datetime": "2026-01-08 03:05:00",
  "open": 1.16743,
  "high": 1.16751,
  "low": 1.16741,
  "close": 1.16751,
  "rollH20": 1.16785,
  "rollL20": 1.16725,
  "up2": false,
  "dn2": false,
  "source": "twelvedata_repo"
}