{
  "datetime": "2026-06-27 09:10:00",
  "open": 1.13865,
  "high": 1.13869,
  "low": 1.13861,
  "close": 1.13865,
  "rollH20": 1.13955,
  "rollL20": 1.13849,
  "up2": false,
  "dn2": false,
  "source": "twelvedata_repo"
}