{
  "datetime": "2025-11-07 04:45:00",
  "open": 1.15368,
  "high": 1.15373,
  "low": 1.15362,
  "close": 1.15362,
  "rollH20": 1.15432,
  "rollL20": 1.15349,
  "up2": false,
  "dn2": false,
  "source": "twelvedata_repo"
}