{
  "datetime": "2026-03-31 07:20:00",
  "open": 1.14649,
  "high": 1.14659,
  "low": 1.14638,
  "close": 1.1465,
  "rollH20": 1.14726,
  "rollL20": 1.14616,
  "up2": false,
  "dn2": false,
  "source": "twelvedata_repo"
}