{
  "datetime": "2026-04-11 22:30:00",
  "open": 1.17258,
  "high": 1.17263,
  "low": 1.17257,
  "close": 1.17261,
  "rollH20": 1.17263,
  "rollL20": 1.17238,
  "up2": false,
  "dn2": false,
  "source": "twelvedata_repo"
}