{
  "datetime": "2026-07-15 00:45:00",
  "open": 1.14241,
  "high": 1.14244,
  "low": 1.14237,
  "close": 1.14243,
  "rollH20": 1.14246,
  "rollL20": 1.14177,
  "up2": false,
  "dn2": false,
  "source": "twelvedata_repo"
}