{
  "datetime": "2026-04-14 16:45:00",
  "open": 1.17938,
  "high": 1.17942,
  "low": 1.1789,
  "close": 1.17891,
  "rollH20": 1.1811,
  "rollL20": 1.17937,
  "up2": false,
  "dn2": false,
  "source": "twelvedata_repo"
}