{
  "datetime": "2025-09-25 21:40:00",
  "open": 1.16673,
  "high": 1.16678,
  "low": 1.16673,
  "close": 1.16678,
  "rollH20": 1.16682,
  "rollL20": 1.16518,
  "up2": false,
  "dn2": false,
  "source": "twelvedata_repo"
}