{
  "datetime": "2026-04-23 12:45:00",
  "open": 1.16831,
  "high": 1.16873,
  "low": 1.16831,
  "close": 1.16873,
  "rollH20": 1.16944,
  "rollL20": 1.16795,
  "up2": false,
  "dn2": false,
  "source": "twelvedata_repo"
}