{
  "datetime": "2026-03-31 02:25:00",
  "open": 1.14851,
  "high": 1.14884,
  "low": 1.1485,
  "close": 1.14884,
  "rollH20": 1.14851,
  "rollL20": 1.14496,
  "up2": false,
  "dn2": false,
  "source": "twelvedata_repo"
}