{
  "datetime": "2025-12-09 14:40:00",
  "open": 1.16327,
  "high": 1.16375,
  "low": 1.16327,
  "close": 1.16367,
  "rollH20": 1.16446,
  "rollL20": 1.16301,
  "up2": false,
  "dn2": false,
  "source": "twelvedata_repo"
}