{
  "datetime": "2026-03-18 06:00:00",
  "open": 1.15454,
  "high": 1.15465,
  "low": 1.15454,
  "close": 1.15464,
  "rollH20": 1.15473,
  "rollL20": 1.15384,
  "up2": false,
  "dn2": false,
  "source": "twelvedata_repo"
}