{
  "datetime": "2025-11-17 08:15:00",
  "open": 1.16074,
  "high": 1.16078,
  "low": 1.16067,
  "close": 1.16067,
  "rollH20": 1.16098,
  "rollL20": 1.15954,
  "up2": false,
  "dn2": false,
  "source": "twelvedata_repo"
}