{
  "datetime": "2026-07-13 00:30:00",
  "open": 1.13979,
  "high": 1.13986,
  "low": 1.13979,
  "close": 1.13985,
  "rollH20": 1.14065,
  "rollL20": 1.13891,
  "up2": false,
  "dn2": false,
  "source": "twelvedata_repo"
}