{
  "datetime": "2026-01-14 10:20:00",
  "open": 1.16506,
  "high": 1.16506,
  "low": 1.16482,
  "close": 1.16485,
  "rollH20": 1.16515,
  "rollL20": 1.16417,
  "up2": false,
  "dn2": false,
  "source": "twelvedata_repo"
}