{
  "datetime": "2025-12-09 16:25:00",
  "open": 1.16314,
  "high": 1.16321,
  "low": 1.16312,
  "close": 1.16317,
  "rollH20": 1.16395,
  "rollL20": 1.16165,
  "up2": false,
  "dn2": false,
  "source": "twelvedata_repo"
}