{
  "datetime": "2026-01-07 23:25:00",
  "open": 1.16766,
  "high": 1.16789,
  "low": 1.16764,
  "close": 1.16778,
  "rollH20": 1.16821,
  "rollL20": 1.16722,
  "up2": false,
  "dn2": false,
  "source": "twelvedata_repo"
}