{
  "datetime": "2025-11-27 21:30:00",
  "open": 1.15952,
  "high": 1.15955,
  "low": 1.15948,
  "close": 1.15949,
  "rollH20": 1.15967,
  "rollL20": 1.15918,
  "up2": false,
  "dn2": false,
  "source": "twelvedata_repo"
}