{
  "datetime": "2026-04-09 11:10:00",
  "open": 1.16786,
  "high": 1.16789,
  "low": 1.16762,
  "close": 1.16768,
  "rollH20": 1.16793,
  "rollL20": 1.1663,
  "up2": false,
  "dn2": false,
  "source": "twelvedata_repo"
}