{
  "datetime": "2025-11-21 21:40:00",
  "open": 1.15122,
  "high": 1.15122,
  "low": 1.15101,
  "close": 1.15101,
  "rollH20": 1.15176,
  "rollL20": 1.15044,
  "up2": false,
  "dn2": false,
  "source": "twelvedata_repo"
}