{
  "datetime": "2025-09-16 15:55:00",
  "open": 1.18444,
  "high": 1.18531,
  "low": 1.18444,
  "close": 1.1852,
  "rollH20": 1.18485,
  "rollL20": 1.18075,
  "up2": false,
  "dn2": false,
  "source": "twelvedata_repo"
}