{
  "datetime": "2026-06-27 13:45:00",
  "open": 1.13871,
  "high": 1.13873,
  "low": 1.13867,
  "close": 1.13867,
  "rollH20": 1.13968,
  "rollL20": 1.13835,
  "up2": false,
  "dn2": false,
  "source": "twelvedata_repo"
}