{
  "datetime": "2026-04-15 19:00:00",
  "open": 1.17954,
  "high": 1.17959,
  "low": 1.17949,
  "close": 1.1795,
  "rollH20": 1.18025,
  "rollL20": 1.17933,
  "up2": false,
  "dn2": false,
  "source": "twelvedata_repo"
}