{
  "datetime": "2025-10-31 16:30:00",
  "open": 1.15294,
  "high": 1.15294,
  "low": 1.1528,
  "close": 1.15281,
  "rollH20": 1.15427,
  "rollL20": 1.15226,
  "up2": false,
  "dn2": false,
  "source": "twelvedata_repo"
}