{
  "datetime": "2026-06-27 05:35:00",
  "open": 1.13864,
  "high": 1.13943,
  "low": 1.13861,
  "close": 1.13864,
  "rollH20": 1.1396,
  "rollL20": 1.13847,
  "up2": false,
  "dn2": false,
  "source": "twelvedata_repo"
}