{
  "datetime": "2026-01-16 15:35:00",
  "open": 1.16149,
  "high": 1.16165,
  "low": 1.16148,
  "close": 1.16152,
  "rollH20": 1.16209,
  "rollL20": 1.16123,
  "up2": false,
  "dn2": false,
  "source": "twelvedata_repo"
}