{
  "datetime": "2026-02-20 20:45:00",
  "open": 1.17849,
  "high": 1.17873,
  "low": 1.17846,
  "close": 1.17863,
  "rollH20": 1.17882,
  "rollL20": 1.17784,
  "up2": false,
  "dn2": false,
  "source": "twelvedata_repo"
}