{
  "datetime": "2026-07-22 10:10:00",
  "open": 1.14121,
  "high": 1.14121,
  "low": 1.14102,
  "close": 1.14107,
  "rollH20": 1.14183,
  "rollL20": 1.14038,
  "up2": false,
  "dn2": false,
  "source": "twelvedata_repo"
}