{
  "datetime": "2026-01-07 14:30:00",
  "open": 1.16876,
  "high": 1.16881,
  "low": 1.16875,
  "close": 1.16875,
  "rollH20": 1.16909,
  "rollL20": 1.16816,
  "up2": false,
  "dn2": false,
  "source": "twelvedata_repo"
}