{
  "datetime": "2026-02-27 19:35:00",
  "open": 1.18217,
  "high": 1.18226,
  "low": 1.18216,
  "close": 1.1822,
  "rollH20": 1.18229,
  "rollL20": 1.18132,
  "up2": false,
  "dn2": false,
  "source": "twelvedata_repo"
}