{
  "datetime": "2026-02-04 16:05:00",
  "open": 1.18158,
  "high": 1.18162,
  "low": 1.18158,
  "close": 1.1816,
  "rollH20": 1.18249,
  "rollL20": 1.18058,
  "up2": false,
  "dn2": false,
  "source": "twelvedata_repo"
}