{
  "datetime": "2026-02-04 16:20:00",
  "open": 1.1817,
  "high": 1.18174,
  "low": 1.18128,
  "close": 1.18132,
  "rollH20": 1.18249,
  "rollL20": 1.18058,
  "up2": false,
  "dn2": false,
  "source": "twelvedata_repo"
}