{
  "datetime": "2025-10-09 12:45:00",
  "open": 1.16206,
  "high": 1.16216,
  "low": 1.16204,
  "close": 1.16212,
  "rollH20": 1.16272,
  "rollL20": 1.16094,
  "up2": false,
  "dn2": false,
  "source": "twelvedata_repo"
}