{
  "datetime": "2026-01-26 06:35:00",
  "open": 1.1866,
  "high": 1.18664,
  "low": 1.1866,
  "close": 1.1866,
  "rollH20": 1.18714,
  "rollL20": 1.18567,
  "up2": false,
  "dn2": false,
  "source": "twelvedata_repo"
}