{
  "datetime": "2025-11-05 16:20:00",
  "open": 1.14821,
  "high": 1.14827,
  "low": 1.14786,
  "close": 1.14827,
  "rollH20": 1.14925,
  "rollL20": 1.14689,
  "up2": false,
  "dn2": false,
  "source": "twelvedata_repo"
}