{
  "datetime": "2026-03-02 12:00:00",
  "open": 1.17338,
  "high": 1.1734,
  "low": 1.17313,
  "close": 1.17324,
  "rollH20": 1.17468,
  "rollL20": 1.17273,
  "up2": false,
  "dn2": false,
  "source": "twelvedata_repo"
}