{
  "datetime": "2026-04-01 00:00:00",
  "open": 1.15588,
  "high": 1.15593,
  "low": 1.15588,
  "close": 1.1559,
  "rollH20": 1.15601,
  "rollL20": 1.15525,
  "up2": false,
  "dn2": false,
  "source": "twelvedata_repo"
}