{
  "datetime": "2025-10-14 21:40:00",
  "open": 1.16014,
  "high": 1.16027,
  "low": 1.16014,
  "close": 1.16024,
  "rollH20": 1.16112,
  "rollL20": 1.15999,
  "up2": false,
  "dn2": false,
  "source": "twelvedata_repo"
}