{
  "datetime": "2026-02-01 18:55:00",
  "open": 1.18691,
  "high": 1.18702,
  "low": 1.18691,
  "close": 1.18702,
  "rollH20": 1.18692,
  "rollL20": 1.18498,
  "up2": false,
  "dn2": false,
  "source": "twelvedata_repo"
}