{
  "datetime": "2026-03-05 22:10:00",
  "open": 1.16077,
  "high": 1.16081,
  "low": 1.16068,
  "close": 1.16078,
  "rollH20": 1.16102,
  "rollL20": 1.16009,
  "up2": false,
  "dn2": false,
  "source": "twelvedata_repo"
}