{
  "datetime": "2025-11-14 21:45:00",
  "open": 1.1621,
  "high": 1.1621,
  "low": 1.16202,
  "close": 1.16202,
  "rollH20": 1.16216,
  "rollL20": 1.16162,
  "up2": false,
  "dn2": false,
  "source": "twelvedata_repo"
}