{
  "datetime": "2025-11-25 09:55:00",
  "open": 1.15296,
  "high": 1.15312,
  "low": 1.15284,
  "close": 1.15312,
  "rollH20": 1.15333,
  "rollL20": 1.15201,
  "up2": false,
  "dn2": false,
  "source": "twelvedata_repo"
}