{
  "datetime": "2026-04-22 23:40:00",
  "open": 1.17061,
  "high": 1.17064,
  "low": 1.1706,
  "close": 1.17064,
  "rollH20": 1.17094,
  "rollL20": 1.17046,
  "up2": false,
  "dn2": false,
  "source": "twelvedata_repo"
}