{
  "datetime": "2026-07-21 23:45:00",
  "open": 1.14005,
  "high": 1.14009,
  "low": 1.13993,
  "close": 1.14,
  "rollH20": 1.14039,
  "rollL20": 1.13984,
  "up2": false,
  "dn2": false,
  "source": "twelvedata_repo"
}