{
  "datetime": "2026-01-12 17:25:00",
  "open": 1.16777,
  "high": 1.16782,
  "low": 1.16772,
  "close": 1.16774,
  "rollH20": 1.16865,
  "rollL20": 1.16733,
  "up2": false,
  "dn2": false,
  "source": "twelvedata_repo"
}