{
  "datetime": "2025-09-05 15:40:00",
  "open": 1.17234,
  "high": 1.17305,
  "low": 1.17228,
  "close": 1.17301,
  "rollH20": 1.17594,
  "rollL20": 1.17139,
  "up2": false,
  "dn2": false,
  "source": "twelvedata_repo"
}