{
  "datetime": "2026-02-03 09:55:00",
  "open": 1.18188,
  "high": 1.18188,
  "low": 1.18179,
  "close": 1.1818,
  "rollH20": 1.18237,
  "rollL20": 1.18051,
  "up2": false,
  "dn2": false,
  "source": "twelvedata_repo"
}