{
  "datetime": "2026-01-06 13:15:00",
  "open": 1.1711,
  "high": 1.17116,
  "low": 1.1711,
  "close": 1.17116,
  "rollH20": 1.17168,
  "rollL20": 1.17056,
  "up2": false,
  "dn2": false,
  "source": "twelvedata_repo"
}