{
  "datetime": "2026-01-12 04:25:00",
  "open": 1.16583,
  "high": 1.16588,
  "low": 1.1658,
  "close": 1.16582,
  "rollH20": 1.16644,
  "rollL20": 1.16552,
  "up2": false,
  "dn2": false,
  "source": "twelvedata_repo"
}