{
  "datetime": "2026-02-10 12:10:00",
  "open": 1.19084,
  "high": 1.19085,
  "low": 1.19078,
  "close": 1.19083,
  "rollH20": 1.19203,
  "rollL20": 1.19083,
  "up2": false,
  "dn2": false,
  "source": "twelvedata_repo"
}