{
  "datetime": "2026-01-02 14:05:00",
  "open": 1.17257,
  "high": 1.17263,
  "low": 1.17241,
  "close": 1.17249,
  "rollH20": 1.17272,
  "rollL20": 1.17165,
  "up2": false,
  "dn2": false,
  "source": "twelvedata_repo"
}