{
  "datetime": "2025-11-07 10:30:00",
  "open": 1.15362,
  "high": 1.15366,
  "low": 1.15359,
  "close": 1.15366,
  "rollH20": 1.154,
  "rollL20": 1.15295,
  "up2": false,
  "dn2": false,
  "source": "twelvedata_repo"
}