{
  "datetime": "2026-07-22 07:25:00",
  "open": 1.14118,
  "high": 1.14118,
  "low": 1.14081,
  "close": 1.14086,
  "rollH20": 1.1414,
  "rollL20": 1.14056,
  "up2": false,
  "dn2": false,
  "source": "twelvedata_repo"
}