{
  "datetime": "2026-06-08 15:35:00",
  "open": 1.15385,
  "high": 1.15397,
  "low": 1.15384,
  "close": 1.15396,
  "rollH20": 1.15548,
  "rollL20": 1.15323,
  "up2": false,
  "dn2": false,
  "source": "twelvedata_repo"
}