{
  "datetime": "2025-12-05 14:55:00",
  "open": 1.16533,
  "high": 1.16536,
  "low": 1.16528,
  "close": 1.16528,
  "rollH20": 1.16535,
  "rollL20": 1.16431,
  "up2": false,
  "dn2": false,
  "source": "twelvedata_repo"
}