{
  "datetime": "2026-04-13 13:35:00",
  "open": 1.16885,
  "high": 1.16889,
  "low": 1.16878,
  "close": 1.1688,
  "rollH20": 1.16999,
  "rollL20": 1.16817,
  "up2": false,
  "dn2": false,
  "source": "twelvedata_repo"
}