{
  "datetime": "2026-04-19 09:25:00",
  "open": 1.17737,
  "high": 1.1774,
  "low": 1.17736,
  "close": 1.17739,
  "rollH20": 1.17744,
  "rollL20": 1.17716,
  "up2": false,
  "dn2": false,
  "source": "twelvedata_repo"
}