{
  "datetime": "2025-11-11 11:45:00",
  "open": 1.15735,
  "high": 1.15736,
  "low": 1.15726,
  "close": 1.15728,
  "rollH20": 1.15745,
  "rollL20": 1.15546,
  "up2": false,
  "dn2": false,
  "source": "twelvedata_repo"
}