{
  "datetime": "2025-11-25 00:40:00",
  "open": 1.15218,
  "high": 1.15219,
  "low": 1.15206,
  "close": 1.15207,
  "rollH20": 1.15263,
  "rollL20": 1.1521,
  "up2": false,
  "dn2": false,
  "source": "twelvedata_repo"
}