{
  "datetime": "2026-03-23 23:45:00",
  "open": 1.1612,
  "high": 1.1613,
  "low": 1.16112,
  "close": 1.1612,
  "rollH20": 1.16161,
  "rollL20": 1.16101,
  "up2": false,
  "dn2": false,
  "source": "twelvedata_repo"
}