{
  "datetime": "2026-05-01 16:50:00",
  "open": 1.17634,
  "high": 1.17724,
  "low": 1.1762,
  "close": 1.17675,
  "rollH20": 1.17844,
  "rollL20": 1.17622,
  "up2": false,
  "dn2": false,
  "source": "twelvedata_repo"
}