{
  "datetime": "2026-05-06 00:25:00",
  "open": 1.1724,
  "high": 1.1725,
  "low": 1.17203,
  "close": 1.1721,
  "rollH20": 1.17251,
  "rollL20": 1.1692,
  "up2": false,
  "dn2": false,
  "source": "twelvedata_repo"
}