{
  "datetime": "2026-07-02 21:40:00",
  "open": 1.14343,
  "high": 1.14343,
  "low": 1.14328,
  "close": 1.14334,
  "rollH20": 1.14364,
  "rollL20": 1.1426,
  "up2": false,
  "dn2": false,
  "source": "twelvedata_repo"
}