{
  "datetime": "2026-02-21 09:40:00",
  "open": 1.17842,
  "high": 1.17846,
  "low": 1.17837,
  "close": 1.17838,
  "rollH20": 1.17857,
  "rollL20": 1.17832,
  "up2": false,
  "dn2": false,
  "source": "twelvedata_repo"
}