{
  "datetime": "2026-01-20 08:15:00",
  "open": 1.16676,
  "high": 1.16699,
  "low": 1.16676,
  "close": 1.16693,
  "rollH20": 1.16694,
  "rollL20": 1.16628,
  "up2": false,
  "dn2": false,
  "source": "twelvedata_repo"
}