{
  "datetime": "2026-04-26 10:00:00",
  "open": 1.17226,
  "high": 1.17228,
  "low": 1.17226,
  "close": 1.17228,
  "rollH20": 1.17231,
  "rollL20": 1.17214,
  "up2": false,
  "dn2": false,
  "source": "twelvedata_repo"
}