{
  "datetime": "2026-05-15 14:10:00",
  "open": 1.16273,
  "high": 1.16278,
  "low": 1.1626,
  "close": 1.16261,
  "rollH20": 1.16412,
  "rollL20": 1.16196,
  "up2": false,
  "dn2": false,
  "source": "twelvedata_repo"
}