{
  "datetime": "2026-02-07 15:40:00",
  "open": 1.18169,
  "high": 1.18174,
  "low": 1.18169,
  "close": 1.18171,
  "rollH20": 1.18173,
  "rollL20": 1.18112,
  "up2": false,
  "dn2": false,
  "source": "twelvedata_repo"
}