{
  "datetime": "2026-01-24 14:05:00",
  "open": 1.18235,
  "high": 1.18239,
  "low": 1.18234,
  "close": 1.18236,
  "rollH20": 1.18243,
  "rollL20": 1.18217,
  "up2": false,
  "dn2": false,
  "source": "twelvedata_repo"
}