{
  "datetime": "2025-12-22 02:15:00",
  "open": 1.17168,
  "high": 1.17179,
  "low": 1.17158,
  "close": 1.17166,
  "rollH20": 1.17191,
  "rollL20": 1.17069,
  "up2": false,
  "dn2": false,
  "source": "twelvedata_repo"
}