{
  "datetime": "2026-05-11 01:40:00",
  "open": 1.17712,
  "high": 1.17719,
  "low": 1.177,
  "close": 1.17712,
  "rollH20": 1.17724,
  "rollL20": 1.1764,
  "up2": false,
  "dn2": false,
  "source": "twelvedata_repo"
}