{
  "datetime": "2026-02-14 17:55:00",
  "open": 1.18561,
  "high": 1.18565,
  "low": 1.18561,
  "close": 1.18562,
  "rollH20": 1.18713,
  "rollL20": 1.18461,
  "up2": false,
  "dn2": false,
  "source": "twelvedata_repo"
}