{
  "datetime": "2026-03-26 23:10:00",
  "open": 1.15363,
  "high": 1.15377,
  "low": 1.15362,
  "close": 1.15377,
  "rollH20": 1.15418,
  "rollL20": 1.15276,
  "up2": false,
  "dn2": false,
  "source": "twelvedata_repo"
}