{
  "datetime": "2026-03-08 05:30:00",
  "open": 1.16191,
  "high": 1.16193,
  "low": 1.1619,
  "close": 1.16193,
  "rollH20": 1.16199,
  "rollL20": 1.16182,
  "up2": false,
  "dn2": false,
  "source": "twelvedata_repo"
}