{
  "datetime": "2026-04-27 23:45:00",
  "open": 1.17226,
  "high": 1.17229,
  "low": 1.17225,
  "close": 1.17229,
  "rollH20": 1.17239,
  "rollL20": 1.17207,
  "up2": false,
  "dn2": false,
  "source": "twelvedata_repo"
}