{
  "datetime": "2025-10-24 11:35:00",
  "open": 1.16155,
  "high": 1.16155,
  "low": 1.16142,
  "close": 1.16143,
  "rollH20": 1.1616,
  "rollL20": 1.16054,
  "up2": false,
  "dn2": false,
  "source": "twelvedata_repo"
}