{
  "datetime": "2025-11-12 10:45:00",
  "open": 1.15735,
  "high": 1.15755,
  "low": 1.15735,
  "close": 1.15752,
  "rollH20": 1.15878,
  "rollL20": 1.15714,
  "up2": false,
  "dn2": false,
  "source": "twelvedata_repo"
}