{
  "datetime": "2025-10-01 12:45:00",
  "open": 1.17379,
  "high": 1.174,
  "low": 1.17379,
  "close": 1.17383,
  "rollH20": 1.17388,
  "rollL20": 1.17159,
  "up2": false,
  "dn2": false,
  "source": "twelvedata_repo"
}