{
  "datetime": "2026-05-27 03:10:00",
  "open": 1.16378,
  "high": 1.16378,
  "low": 1.16368,
  "close": 1.16371,
  "rollH20": 1.16409,
  "rollL20": 1.1633,
  "up2": false,
  "dn2": false,
  "source": "twelvedata_repo"
}