{
  "datetime": "2025-10-21 22:15:00",
  "open": 1.16006,
  "high": 1.16018,
  "low": 1.15998,
  "close": 1.16013,
  "rollH20": 1.16059,
  "rollL20": 1.1599,
  "up2": false,
  "dn2": false,
  "source": "twelvedata_repo"
}