{
  "datetime": "2026-04-25 22:15:00",
  "open": 1.17221,
  "high": 1.17226,
  "low": 1.1722,
  "close": 1.17223,
  "rollH20": 1.17226,
  "rollL20": 1.17188,
  "up2": false,
  "dn2": false,
  "source": "twelvedata_repo"
}