{
  "datetime": "2026-06-09 23:20:00",
  "open": 1.15392,
  "high": 1.15404,
  "low": 1.15389,
  "close": 1.15404,
  "rollH20": 1.15474,
  "rollL20": 1.15358,
  "up2": false,
  "dn2": false,
  "source": "twelvedata_repo"
}