{
  "datetime": "2026-03-01 23:50:00",
  "open": 1.17607,
  "high": 1.17617,
  "low": 1.17581,
  "close": 1.17601,
  "rollH20": 1.1789,
  "rollL20": 1.17573,
  "up2": false,
  "dn2": false,
  "source": "twelvedata_repo"
}