{
  "datetime": "2026-04-26 13:45:00",
  "open": 1.17183,
  "high": 1.17188,
  "low": 1.17181,
  "close": 1.17182,
  "rollH20": 1.172,
  "rollL20": 1.17178,
  "up2": false,
  "dn2": false,
  "source": "twelvedata_repo"
}