{
  "datetime": "2026-02-06 19:20:00",
  "open": 1.18221,
  "high": 1.18224,
  "low": 1.18199,
  "close": 1.18217,
  "rollH20": 1.18221,
  "rollL20": 1.18113,
  "up2": false,
  "dn2": false,
  "source": "twelvedata_repo"
}