{
  "datetime": "2025-12-02 01:50:00",
  "open": 1.16066,
  "high": 1.16072,
  "low": 1.16066,
  "close": 1.16067,
  "rollH20": 1.16108,
  "rollL20": 1.16052,
  "up2": false,
  "dn2": false,
  "source": "twelvedata_repo"
}