{
  "datetime": "2025-09-10 15:45:00",
  "open": 1.17255,
  "high": 1.17259,
  "low": 1.17255,
  "close": 1.17258,
  "rollH20": 1.17281,
  "rollL20": 1.16995,
  "up2": false,
  "dn2": false,
  "source": "twelvedata_repo"
}