{
  "datetime": "2026-03-12 21:15:00",
  "open": 1.15124,
  "high": 1.1513,
  "low": 1.15124,
  "close": 1.1513,
  "rollH20": 1.15188,
  "rollL20": 1.15101,
  "up2": false,
  "dn2": false,
  "source": "twelvedata_repo"
}