{
  "datetime": "2025-11-24 22:25:00",
  "open": 1.15215,
  "high": 1.15219,
  "low": 1.1521,
  "close": 1.15213,
  "rollH20": 1.15283,
  "rollL20": 1.15211,
  "up2": false,
  "dn2": false,
  "source": "twelvedata_repo"
}