{
  "datetime": "2025-12-04 20:35:00",
  "open": 1.16529,
  "high": 1.16555,
  "low": 1.16529,
  "close": 1.1654,
  "rollH20": 1.16604,
  "rollL20": 1.16509,
  "up2": false,
  "dn2": false,
  "source": "twelvedata_repo"
}