{
  "datetime": "2025-09-02 06:45:00",
  "open": 1.16943,
  "high": 1.16946,
  "low": 1.16923,
  "close": 1.16934,
  "rollH20": 1.16976,
  "rollL20": 1.16871,
  "up2": false,
  "dn2": false,
  "source": "twelvedata_repo"
}