{
  "datetime": "2026-02-22 19:00:00",
  "open": 1.17918,
  "high": 1.17919,
  "low": 1.17883,
  "close": 1.17883,
  "rollH20": 1.17954,
  "rollL20": 1.17752,
  "up2": false,
  "dn2": false,
  "source": "twelvedata_repo"
}