{
  "datetime": "2026-01-08 05:55:00",
  "open": 1.16794,
  "high": 1.16804,
  "low": 1.16794,
  "close": 1.16804,
  "rollH20": 1.16832,
  "rollL20": 1.16778,
  "up2": false,
  "dn2": false,
  "source": "twelvedata_repo"
}