{
  "datetime": "2025-10-28 22:25:00",
  "open": 1.16532,
  "high": 1.16534,
  "low": 1.16532,
  "close": 1.16534,
  "rollH20": 1.16612,
  "rollL20": 1.1651,
  "up2": false,
  "dn2": false,
  "source": "twelvedata_repo"
}