{
  "datetime": "2026-01-10 09:55:00",
  "open": 1.16404,
  "high": 1.16411,
  "low": 1.16404,
  "close": 1.16405,
  "rollH20": 1.16413,
  "rollL20": 1.16351,
  "up2": false,
  "dn2": false,
  "source": "twelvedata_repo"
}