{
  "datetime": "2026-01-16 12:25:00",
  "open": 1.16204,
  "high": 1.16208,
  "low": 1.16194,
  "close": 1.16208,
  "rollH20": 1.16214,
  "rollL20": 1.16084,
  "up2": false,
  "dn2": false,
  "source": "twelvedata_repo"
}