{
  "datetime": "2026-02-20 11:30:00",
  "open": 1.17648,
  "high": 1.17648,
  "low": 1.17603,
  "close": 1.17613,
  "rollH20": 1.17691,
  "rollL20": 1.17579,
  "up2": false,
  "dn2": false,
  "source": "twelvedata_repo"
}