{
  "datetime": "2026-05-10 12:45:00",
  "open": 1.17904,
  "high": 1.1791,
  "low": 1.17903,
  "close": 1.17904,
  "rollH20": 1.17927,
  "rollL20": 1.17813,
  "up2": false,
  "dn2": false,
  "source": "twelvedata_repo"
}