{
  "datetime": "2025-10-17 08:45:00",
  "open": 1.17051,
  "high": 1.17079,
  "low": 1.17014,
  "close": 1.17074,
  "rollH20": 1.17265,
  "rollL20": 1.16943,
  "up2": false,
  "dn2": false,
  "source": "twelvedata_repo"
}