{
  "datetime": "2025-11-28 06:55:00",
  "open": 1.1585,
  "high": 1.15877,
  "low": 1.15848,
  "close": 1.15869,
  "rollH20": 1.15919,
  "rollL20": 1.15839,
  "up2": false,
  "dn2": false,
  "source": "twelvedata_repo"
}