{
  "datetime": "2026-03-08 23:50:00",
  "open": 1.15268,
  "high": 1.1527,
  "low": 1.15237,
  "close": 1.15261,
  "rollH20": 1.15542,
  "rollL20": 1.15254,
  "up2": false,
  "dn2": false,
  "source": "twelvedata_repo"
}