{
  "datetime": "2026-02-27 21:50:00",
  "open": 1.18126,
  "high": 1.18134,
  "low": 1.18126,
  "close": 1.18134,
  "rollH20": 1.18262,
  "rollL20": 1.18115,
  "up2": false,
  "dn2": false,
  "source": "twelvedata_repo"
}