{
  "datetime": "2025-10-08 05:30:00",
  "open": 1.16196,
  "high": 1.16201,
  "low": 1.16194,
  "close": 1.16196,
  "rollH20": 1.16269,
  "rollL20": 1.16176,
  "up2": false,
  "dn2": false,
  "source": "twelvedata_repo"
}