{
  "datetime": "2026-04-18 21:05:00",
  "open": 1.17721,
  "high": 1.17724,
  "low": 1.17719,
  "close": 1.17723,
  "rollH20": 1.17723,
  "rollL20": 1.17664,
  "up2": false,
  "dn2": false,
  "source": "twelvedata_repo"
}