{
  "datetime": "2026-04-24 08:25:00",
  "open": 1.16814,
  "high": 1.16822,
  "low": 1.16809,
  "close": 1.16822,
  "rollH20": 1.16838,
  "rollL20": 1.1677,
  "up2": false,
  "dn2": false,
  "source": "twelvedata_repo"
}