{
  "datetime": "2026-06-19 17:35:00",
  "open": 1.14675,
  "high": 1.14675,
  "low": 1.14639,
  "close": 1.14658,
  "rollH20": 1.14759,
  "rollL20": 1.14615,
  "up2": false,
  "dn2": false,
  "source": "twelvedata_repo"
}