{
  "datetime": "2025-09-17 15:45:00",
  "open": 1.18505,
  "high": 1.18505,
  "low": 1.18476,
  "close": 1.18481,
  "rollH20": 1.1859,
  "rollL20": 1.18423,
  "up2": false,
  "dn2": false,
  "source": "twelvedata_repo"
}