{
  "datetime": "2026-02-27 10:15:00",
  "open": 1.17973,
  "high": 1.18001,
  "low": 1.17973,
  "close": 1.18001,
  "rollH20": 1.18143,
  "rollL20": 1.17922,
  "up2": false,
  "dn2": false,
  "source": "twelvedata_repo"
}