{
  "datetime": "2025-11-17 04:40:00",
  "open": 1.1598,
  "high": 1.1598,
  "low": 1.15972,
  "close": 1.15973,
  "rollH20": 1.16067,
  "rollL20": 1.15975,
  "up2": false,
  "dn2": false,
  "source": "twelvedata_repo"
}