{
  "datetime": "2026-01-14 23:55:00",
  "open": 1.16439,
  "high": 1.16439,
  "low": 1.16438,
  "close": 1.16439,
  "rollH20": 1.16472,
  "rollL20": 1.16425,
  "up2": false,
  "dn2": false,
  "source": "twelvedata_repo"
}