{
  "datetime": "2026-03-19 16:30:00",
  "open": 1.15239,
  "high": 1.15351,
  "low": 1.15239,
  "close": 1.15328,
  "rollH20": 1.15358,
  "rollL20": 1.15016,
  "up2": false,
  "dn2": false,
  "source": "twelvedata_repo"
}