{
  "datetime": "2025-12-01 17:15:00",
  "open": 1.16308,
  "high": 1.16309,
  "low": 1.16275,
  "close": 1.16279,
  "rollH20": 1.16405,
  "rollL20": 1.16232,
  "up2": false,
  "dn2": false,
  "source": "twelvedata_repo"
}