{
  "datetime": "2025-10-13 10:45:00",
  "open": 1.15924,
  "high": 1.15962,
  "low": 1.15924,
  "close": 1.15939,
  "rollH20": 1.16036,
  "rollL20": 1.15816,
  "up2": false,
  "dn2": false,
  "source": "twelvedata_repo"
}