{
  "datetime": "2025-10-29 10:30:00",
  "open": 1.16281,
  "high": 1.1629,
  "low": 1.16275,
  "close": 1.1629,
  "rollH20": 1.16355,
  "rollL20": 1.1619,
  "up2": false,
  "dn2": false,
  "source": "twelvedata_repo"
}