{
  "datetime": "2025-12-18 07:45:00",
  "open": 1.1745,
  "high": 1.17472,
  "low": 1.1745,
  "close": 1.17454,
  "rollH20": 1.17473,
  "rollL20": 1.17395,
  "up2": false,
  "dn2": false,
  "source": "twelvedata_repo"
}