{
  "datetime": "2025-09-25 16:45:00",
  "open": 1.16752,
  "high": 1.16752,
  "low": 1.16752,
  "close": 1.16752,
  "rollH20": 1.16945,
  "rollL20": 1.16668,
  "up2": false,
  "dn2": false,
  "source": "twelvedata_repo"
}