{
  "datetime": "2026-04-20 18:35:00",
  "open": 1.17826,
  "high": 1.17835,
  "low": 1.17824,
  "close": 1.17833,
  "rollH20": 1.17887,
  "rollL20": 1.17818,
  "up2": false,
  "dn2": false,
  "source": "twelvedata_repo"
}