{
  "datetime": "2025-12-11 09:35:00",
  "open": 1.17051,
  "high": 1.17059,
  "low": 1.1705,
  "close": 1.17057,
  "rollH20": 1.17051,
  "rollL20": 1.16869,
  "up2": false,
  "dn2": false,
  "source": "twelvedata_repo"
}