{
  "datetime": "2026-01-22 17:25:00",
  "open": 1.17496,
  "high": 1.17503,
  "low": 1.17447,
  "close": 1.17452,
  "rollH20": 1.175,
  "rollL20": 1.17194,
  "up2": false,
  "dn2": false,
  "source": "twelvedata_repo"
}