{
  "datetime": "2026-04-02 01:50:00",
  "open": 1.1595,
  "high": 1.1595,
  "low": 1.15949,
  "close": 1.15949,
  "rollH20": 1.15961,
  "rollL20": 1.15869,
  "up2": false,
  "dn2": false,
  "source": "twelvedata_repo"
}