{
  "datetime": "2025-09-05 10:40:00",
  "open": 1.16855,
  "high": 1.1686,
  "low": 1.16844,
  "close": 1.16849,
  "rollH20": 1.16928,
  "rollL20": 1.16746,
  "up2": false,
  "dn2": false,
  "source": "twelvedata_repo"
}