{
  "datetime": "2026-01-16 06:40:00",
  "open": 1.16109,
  "high": 1.16111,
  "low": 1.16107,
  "close": 1.16109,
  "rollH20": 1.16142,
  "rollL20": 1.16073,
  "up2": false,
  "dn2": false,
  "source": "twelvedata_repo"
}