{
  "datetime": "2026-05-27 22:55:00",
  "open": 1.16285,
  "high": 1.16287,
  "low": 1.16266,
  "close": 1.16282,
  "rollH20": 1.16316,
  "rollL20": 1.16241,
  "up2": false,
  "dn2": false,
  "source": "twelvedata_repo"
}