{
  "datetime": "2025-10-10 20:10:00",
  "open": 1.16083,
  "high": 1.16085,
  "low": 1.16067,
  "close": 1.16085,
  "rollH20": 1.16129,
  "rollL20": 1.15994,
  "up2": false,
  "dn2": false,
  "source": "twelvedata_repo"
}