{
  "datetime": "2026-01-13 13:30:00",
  "open": 1.16669,
  "high": 1.16674,
  "low": 1.16661,
  "close": 1.16661,
  "rollH20": 1.16703,
  "rollL20": 1.16644,
  "up2": false,
  "dn2": false,
  "source": "twelvedata_repo"
}