{
  "datetime": "2026-06-22 03:25:00",
  "open": 1.14627,
  "high": 1.14635,
  "low": 1.14618,
  "close": 1.1462,
  "rollH20": 1.14734,
  "rollL20": 1.14578,
  "up2": false,
  "dn2": false,
  "source": "twelvedata_repo"
}