{
  "datetime": "2025-12-17 14:45:00",
  "open": 1.17254,
  "high": 1.17262,
  "low": 1.17251,
  "close": 1.17262,
  "rollH20": 1.17336,
  "rollL20": 1.17121,
  "up2": false,
  "dn2": false,
  "source": "twelvedata_repo"
}