{
  "datetime": "2026-05-07 10:15:00",
  "open": 1.17674,
  "high": 1.17693,
  "low": 1.17669,
  "close": 1.17692,
  "rollH20": 1.17741,
  "rollL20": 1.17624,
  "up2": false,
  "dn2": false,
  "source": "twelvedata_repo"
}