{
  "datetime": "2026-04-10 16:10:00",
  "open": 1.17319,
  "high": 1.17327,
  "low": 1.17319,
  "close": 1.17326,
  "rollH20": 1.1738,
  "rollL20": 1.17231,
  "up2": false,
  "dn2": false,
  "source": "twelvedata_repo"
}