{
  "datetime": "2025-10-20 00:45:00",
  "open": 1.16632,
  "high": 1.16632,
  "low": 1.16632,
  "close": 1.16632,
  "rollH20": 1.16645,
  "rollL20": 1.16508,
  "up2": false,
  "dn2": false,
  "source": "twelvedata_repo"
}