{
  "datetime": "2026-04-26 17:20:00",
  "open": 1.1718,
  "high": 1.17185,
  "low": 1.17179,
  "close": 1.17182,
  "rollH20": 1.17296,
  "rollL20": 1.17179,
  "up2": false,
  "dn2": false,
  "source": "twelvedata_repo"
}