{
  "datetime": "2025-09-09 12:55:00",
  "open": 1.1745,
  "high": 1.17465,
  "low": 1.17421,
  "close": 1.17424,
  "rollH20": 1.17714,
  "rollL20": 1.17423,
  "up2": false,
  "dn2": false,
  "source": "twelvedata_repo"
}