{
  "datetime": "2026-05-29 01:10:00",
  "open": 1.16541,
  "high": 1.16541,
  "low": 1.16522,
  "close": 1.16538,
  "rollH20": 1.16547,
  "rollL20": 1.16493,
  "up2": false,
  "dn2": false,
  "source": "twelvedata_repo"
}