{
  "datetime": "2026-01-16 10:10:00",
  "open": 1.16122,
  "high": 1.16126,
  "low": 1.16111,
  "close": 1.16114,
  "rollH20": 1.16145,
  "rollL20": 1.16087,
  "up2": false,
  "dn2": false,
  "source": "twelvedata_repo"
}