{
  "datetime": "2025-12-22 20:25:00",
  "open": 1.17501,
  "high": 1.17534,
  "low": 1.17501,
  "close": 1.17523,
  "rollH20": 1.17634,
  "rollL20": 1.17486,
  "up2": false,
  "dn2": false,
  "source": "twelvedata_repo"
}