{
  "datetime": "2026-04-17 17:45:00",
  "open": 1.18009,
  "high": 1.18013,
  "low": 1.18005,
  "close": 1.18009,
  "rollH20": 1.18148,
  "rollL20": 1.17935,
  "up2": false,
  "dn2": false,
  "source": "twelvedata_repo"
}