{
  "datetime": "2026-01-11 02:10:00",
  "open": 1.1635,
  "high": 1.16355,
  "low": 1.16348,
  "close": 1.16351,
  "rollH20": 1.16363,
  "rollL20": 1.16343,
  "up2": false,
  "dn2": false,
  "source": "twelvedata_repo"
}