{
  "datetime": "2026-01-17 13:10:00",
  "open": 1.15963,
  "high": 1.15967,
  "low": 1.15946,
  "close": 1.15947,
  "rollH20": 1.16006,
  "rollL20": 1.15939,
  "up2": false,
  "dn2": false,
  "source": "twelvedata_repo"
}