{
  "datetime": "2025-09-09 09:55:00",
  "open": 1.17583,
  "high": 1.17602,
  "low": 1.17569,
  "close": 1.17592,
  "rollH20": 1.17684,
  "rollL20": 1.17436,
  "up2": false,
  "dn2": false,
  "source": "twelvedata_repo"
}