{
  "datetime": "2026-02-10 10:10:00",
  "open": 1.1914,
  "high": 1.19161,
  "low": 1.1914,
  "close": 1.19161,
  "rollH20": 1.19155,
  "rollL20": 1.1901,
  "up2": false,
  "dn2": false,
  "source": "twelvedata_repo"
}