{
  "datetime": "2025-09-05 18:55:00",
  "open": 1.1728,
  "high": 1.17284,
  "low": 1.17246,
  "close": 1.17255,
  "rollH20": 1.17582,
  "rollL20": 1.17258,
  "up2": false,
  "dn2": false,
  "source": "twelvedata_repo"
}