{
  "datetime": "2026-01-24 07:00:00",
  "open": 1.18232,
  "high": 1.18235,
  "low": 1.18232,
  "close": 1.18232,
  "rollH20": 1.18241,
  "rollL20": 1.18204,
  "up2": false,
  "dn2": false,
  "source": "twelvedata_repo"
}