{
  "datetime": "2026-03-26 06:10:00",
  "open": 1.15697,
  "high": 1.157,
  "low": 1.15685,
  "close": 1.15688,
  "rollH20": 1.15727,
  "rollL20": 1.15665,
  "up2": false,
  "dn2": false,
  "source": "twelvedata_repo"
}