{
  "datetime": "2026-03-20 05:10:00",
  "open": 1.15588,
  "high": 1.15593,
  "low": 1.1557,
  "close": 1.15582,
  "rollH20": 1.15606,
  "rollL20": 1.15556,
  "up2": false,
  "dn2": false,
  "source": "twelvedata_repo"
}