{
  "datetime": "2026-03-06 11:45:00",
  "open": 1.15663,
  "high": 1.15675,
  "low": 1.15661,
  "close": 1.15675,
  "rollH20": 1.15836,
  "rollL20": 1.15646,
  "up2": false,
  "dn2": false,
  "source": "twelvedata_repo"
}