{
  "datetime": "2026-02-28 15:00:00",
  "open": 1.18115,
  "high": 1.18119,
  "low": 1.18114,
  "close": 1.18114,
  "rollH20": 1.18152,
  "rollL20": 1.18106,
  "up2": false,
  "dn2": false,
  "source": "twelvedata_repo"
}