{
  "datetime": "2025-10-20 15:55:00",
  "open": 1.16559,
  "high": 1.16562,
  "low": 1.16535,
  "close": 1.16548,
  "rollH20": 1.16643,
  "rollL20": 1.16463,
  "up2": false,
  "dn2": false,
  "source": "twelvedata_repo"
}