{
  "datetime": "2026-04-07 06:55:00",
  "open": 1.15327,
  "high": 1.15355,
  "low": 1.15327,
  "close": 1.15347,
  "rollH20": 1.15395,
  "rollL20": 1.15307,
  "up2": false,
  "dn2": false,
  "source": "twelvedata_repo"
}