{
  "datetime": "2025-12-15 03:20:00",
  "open": 1.1739,
  "high": 1.17391,
  "low": 1.17379,
  "close": 1.17382,
  "rollH20": 1.17431,
  "rollL20": 1.17301,
  "up2": false,
  "dn2": false,
  "source": "twelvedata_repo"
}