{
  "datetime": "2026-02-06 09:25:00",
  "open": 1.17887,
  "high": 1.17894,
  "low": 1.17887,
  "close": 1.17894,
  "rollH20": 1.18009,
  "rollL20": 1.17868,
  "up2": false,
  "dn2": false,
  "source": "twelvedata_repo"
}