{
  "datetime": "2026-01-23 14:30:00",
  "open": 1.17441,
  "high": 1.17444,
  "low": 1.17429,
  "close": 1.17429,
  "rollH20": 1.17475,
  "rollL20": 1.17362,
  "up2": false,
  "dn2": false,
  "source": "twelvedata_repo"
}