{
  "datetime": "2026-06-04 18:35:00",
  "open": 1.16214,
  "high": 1.16223,
  "low": 1.16207,
  "close": 1.16208,
  "rollH20": 1.16301,
  "rollL20": 1.16201,
  "up2": false,
  "dn2": false,
  "source": "twelvedata_repo"
}