{
  "datetime": "2026-03-22 21:05:00",
  "open": 1.15527,
  "high": 1.15543,
  "low": 1.15428,
  "close": 1.15534,
  "rollH20": 1.15581,
  "rollL20": 1.15237,
  "up2": false,
  "dn2": false,
  "source": "twelvedata_repo"
}