{
  "datetime": "2025-10-16 06:50:00",
  "open": 1.16593,
  "high": 1.1661,
  "low": 1.16591,
  "close": 1.16605,
  "rollH20": 1.16611,
  "rollL20": 1.16539,
  "up2": false,
  "dn2": false,
  "source": "twelvedata_repo"
}