{
  "datetime": "2026-06-04 13:15:00",
  "open": 1.16388,
  "high": 1.16394,
  "low": 1.16372,
  "close": 1.16375,
  "rollH20": 1.16451,
  "rollL20": 1.1628,
  "up2": false,
  "dn2": false,
  "source": "twelvedata_repo"
}