{
  "datetime": "2026-05-01 05:05:00",
  "open": 1.17305,
  "high": 1.17328,
  "low": 1.17291,
  "close": 1.17301,
  "rollH20": 1.17365,
  "rollL20": 1.17297,
  "up2": false,
  "dn2": false,
  "source": "twelvedata_repo"
}