{
  "datetime": "2026-01-09 16:55:00",
  "open": 1.16379,
  "high": 1.16386,
  "low": 1.16378,
  "close": 1.16386,
  "rollH20": 1.16461,
  "rollL20": 1.16191,
  "up2": false,
  "dn2": false,
  "source": "twelvedata_repo"
}