{
  "datetime": "2025-12-12 12:40:00",
  "open": 1.17246,
  "high": 1.1725,
  "low": 1.17241,
  "close": 1.17244,
  "rollH20": 1.17334,
  "rollL20": 1.1723,
  "up2": false,
  "dn2": false,
  "source": "twelvedata_repo"
}