{
  "datetime": "2026-07-07 00:50:00",
  "open": 1.14444,
  "high": 1.14445,
  "low": 1.1444,
  "close": 1.14445,
  "rollH20": 1.1448,
  "rollL20": 1.14427,
  "up2": false,
  "dn2": false,
  "source": "twelvedata_repo"
}