{
  "datetime": "2026-04-22 17:50:00",
  "open": 1.17145,
  "high": 1.17146,
  "low": 1.1714,
  "close": 1.17141,
  "rollH20": 1.17237,
  "rollL20": 1.17106,
  "up2": false,
  "dn2": false,
  "source": "twelvedata_repo"
}