{
  "datetime": "2026-04-20 02:40:00",
  "open": 1.17586,
  "high": 1.1759,
  "low": 1.1758,
  "close": 1.1759,
  "rollH20": 1.17586,
  "rollL20": 1.17389,
  "up2": false,
  "dn2": false,
  "source": "twelvedata_repo"
}