{
  "datetime": "2026-02-16 04:10:00",
  "open": 1.18671,
  "high": 1.18677,
  "low": 1.18671,
  "close": 1.18677,
  "rollH20": 1.18692,
  "rollL20": 1.18638,
  "up2": false,
  "dn2": false,
  "source": "twelvedata_repo"
}