{
  "datetime": "2025-12-26 06:30:00",
  "open": 1.1782,
  "high": 1.17823,
  "low": 1.17819,
  "close": 1.17823,
  "rollH20": 1.17882,
  "rollL20": 1.17806,
  "up2": false,
  "dn2": false,
  "source": "twelvedata_repo"
}