{
  "datetime": "2026-05-08 21:10:00",
  "open": 1.17817,
  "high": 1.17836,
  "low": 1.17813,
  "close": 1.17835,
  "rollH20": 1.17835,
  "rollL20": 1.17759,
  "up2": false,
  "dn2": false,
  "source": "twelvedata_repo"
}