{
  "datetime": "2026-03-19 13:15:00",
  "open": 1.14886,
  "high": 1.14887,
  "low": 1.14844,
  "close": 1.14863,
  "rollH20": 1.14972,
  "rollL20": 1.1465,
  "up2": false,
  "dn2": false,
  "source": "twelvedata_repo"
}