{
  "datetime": "2026-02-18 14:10:00",
  "open": 1.1824,
  "high": 1.18241,
  "low": 1.18235,
  "close": 1.18235,
  "rollH20": 1.1849,
  "rollL20": 1.18235,
  "up2": false,
  "dn2": false,
  "source": "twelvedata_repo"
}