{
  "datetime": "2026-01-26 15:15:00",
  "open": 1.18573,
  "high": 1.18576,
  "low": 1.18572,
  "close": 1.18576,
  "rollH20": 1.18582,
  "rollL20": 1.18356,
  "up2": false,
  "dn2": false,
  "source": "twelvedata_repo"
}