{
  "datetime": "2026-03-19 23:40:00",
  "open": 1.15761,
  "high": 1.15764,
  "low": 1.15761,
  "close": 1.15763,
  "rollH20": 1.15975,
  "rollL20": 1.15754,
  "up2": false,
  "dn2": false,
  "source": "twelvedata_repo"
}