{
  "datetime": "2026-04-29 21:30:00",
  "open": 1.16746,
  "high": 1.16751,
  "low": 1.16735,
  "close": 1.16739,
  "rollH20": 1.16795,
  "rollL20": 1.16651,
  "up2": false,
  "dn2": false,
  "source": "twelvedata_repo"
}