{
  "datetime": "2025-12-23 17:55:00",
  "open": 1.17797,
  "high": 1.178,
  "low": 1.17771,
  "close": 1.17778,
  "rollH20": 1.17807,
  "rollL20": 1.17655,
  "up2": false,
  "dn2": false,
  "source": "twelvedata_repo"
}