{
  "datetime": "2025-10-02 13:55:00",
  "open": 1.1738,
  "high": 1.17382,
  "low": 1.17379,
  "close": 1.1738,
  "rollH20": 1.17582,
  "rollL20": 1.17381,
  "up2": false,
  "dn2": false,
  "source": "twelvedata_repo"
}