{
  "datetime": "2026-06-24 21:40:00",
  "open": 1.13583,
  "high": 1.13594,
  "low": 1.13581,
  "close": 1.13593,
  "rollH20": 1.13598,
  "rollL20": 1.1351,
  "up2": false,
  "dn2": false,
  "source": "twelvedata_repo"
}