{
  "datetime": "2025-11-20 00:35:00",
  "open": 1.15402,
  "high": 1.15402,
  "low": 1.15383,
  "close": 1.15386,
  "rollH20": 1.15422,
  "rollL20": 1.15356,
  "up2": false,
  "dn2": false,
  "source": "twelvedata_repo"
}