{
  "datetime": "2025-12-22 10:20:00",
  "open": 1.17291,
  "high": 1.17302,
  "low": 1.17284,
  "close": 1.17298,
  "rollH20": 1.17381,
  "rollL20": 1.17235,
  "up2": false,
  "dn2": false,
  "source": "twelvedata_repo"
}