{
  "datetime": "2026-03-02 22:00:00",
  "open": 1.16897,
  "high": 1.16899,
  "low": 1.16889,
  "close": 1.16889,
  "rollH20": 1.16958,
  "rollL20": 1.16788,
  "up2": false,
  "dn2": false,
  "source": "twelvedata_repo"
}