{
  "datetime": "2026-03-04 19:55:00",
  "open": 1.16332,
  "high": 1.16412,
  "low": 1.16332,
  "close": 1.16394,
  "rollH20": 1.16349,
  "rollL20": 1.1624,
  "up2": false,
  "dn2": false,
  "source": "twelvedata_repo"
}