{
  "datetime": "2025-11-11 08:25:00",
  "open": 1.15563,
  "high": 1.15563,
  "low": 1.15548,
  "close": 1.15548,
  "rollH20": 1.15637,
  "rollL20": 1.15501,
  "up2": false,
  "dn2": false,
  "source": "twelvedata_repo"
}