{
  "datetime": "2026-04-05 15:15:00",
  "open": 1.15277,
  "high": 1.1528,
  "low": 1.15276,
  "close": 1.15276,
  "rollH20": 1.15306,
  "rollL20": 1.15151,
  "up2": false,
  "dn2": false,
  "source": "twelvedata_repo"
}