{
  "datetime": "2026-02-20 10:55:00",
  "open": 1.17655,
  "high": 1.17673,
  "low": 1.17612,
  "close": 1.1763,
  "rollH20": 1.17691,
  "rollL20": 1.17579,
  "up2": false,
  "dn2": false,
  "source": "twelvedata_repo"
}