{
  "datetime": "2026-02-19 17:55:00",
  "open": 1.17652,
  "high": 1.17682,
  "low": 1.17652,
  "close": 1.17663,
  "rollH20": 1.17701,
  "rollL20": 1.17564,
  "up2": false,
  "dn2": false,
  "source": "twelvedata_repo"
}