{
  "datetime": "2026-06-11 21:00:00",
  "open": 1.15798,
  "high": 1.15798,
  "low": 1.15785,
  "close": 1.15789,
  "rollH20": 1.1588,
  "rollL20": 1.155,
  "up2": false,
  "dn2": false,
  "source": "twelvedata_repo"
}