{
  "datetime": "2025-09-26 07:45:00",
  "open": 1.1675,
  "high": 1.1675,
  "low": 1.16732,
  "close": 1.16732,
  "rollH20": 1.1685,
  "rollL20": 1.1675,
  "up2": false,
  "dn2": false,
  "source": "twelvedata_repo"
}