{
  "datetime": "2025-12-10 20:45:00",
  "open": 1.16517,
  "high": 1.16573,
  "low": 1.16511,
  "close": 1.16544,
  "rollH20": 1.16774,
  "rollL20": 1.16487,
  "up2": false,
  "dn2": false,
  "source": "twelvedata_repo"
}