{
  "datetime": "2026-01-28 09:25:00",
  "open": 1.2,
  "high": 1.20002,
  "low": 1.19982,
  "close": 1.19985,
  "rollH20": 1.20233,
  "rollL20": 1.19855,
  "up2": false,
  "dn2": false,
  "source": "twelvedata_repo"
}