{
  "datetime": "2026-07-15 05:15:00",
  "open": 1.14376,
  "high": 1.14392,
  "low": 1.14371,
  "close": 1.14389,
  "rollH20": 1.14425,
  "rollL20": 1.14337,
  "up2": false,
  "dn2": false,
  "source": "twelvedata_repo"
}