{
  "datetime": "2025-12-01 11:25:00",
  "open": 1.16231,
  "high": 1.16242,
  "low": 1.16231,
  "close": 1.16234,
  "rollH20": 1.16273,
  "rollL20": 1.16071,
  "up2": false,
  "dn2": false,
  "source": "twelvedata_repo"
}