{
  "datetime": "2026-04-02 03:15:00",
  "open": 1.15551,
  "high": 1.15583,
  "low": 1.15551,
  "close": 1.15579,
  "rollH20": 1.15995,
  "rollL20": 1.15474,
  "up2": false,
  "dn2": false,
  "source": "twelvedata_repo"
}