{
  "datetime": "2026-06-30 16:40:00",
  "open": 1.14213,
  "high": 1.14213,
  "low": 1.14192,
  "close": 1.14195,
  "rollH20": 1.14347,
  "rollL20": 1.13928,
  "up2": false,
  "dn2": false,
  "source": "twelvedata_repo"
}