{
  "datetime": "2025-11-12 10:25:00",
  "open": 1.15748,
  "high": 1.15749,
  "low": 1.15735,
  "close": 1.15735,
  "rollH20": 1.15878,
  "rollL20": 1.15726,
  "up2": false,
  "dn2": false,
  "source": "twelvedata_repo"
}