{
  "datetime": "2026-05-20 01:10:00",
  "open": 1.16039,
  "high": 1.16051,
  "low": 1.16039,
  "close": 1.16048,
  "rollH20": 1.16135,
  "rollL20": 1.16038,
  "up2": false,
  "dn2": false,
  "source": "twelvedata_repo"
}