{
  "datetime": "2025-12-02 00:30:00",
  "open": 1.16085,
  "high": 1.16091,
  "low": 1.16085,
  "close": 1.16089,
  "rollH20": 1.16134,
  "rollL20": 1.16072,
  "up2": false,
  "dn2": false,
  "source": "twelvedata_repo"
}