{
  "datetime": "2026-02-25 13:05:00",
  "open": 1.17861,
  "high": 1.17864,
  "low": 1.17861,
  "close": 1.17864,
  "rollH20": 1.17866,
  "rollL20": 1.17712,
  "up2": false,
  "dn2": false,
  "source": "twelvedata_repo"
}