{
  "datetime": "2026-03-11 23:25:00",
  "open": 1.15469,
  "high": 1.15474,
  "low": 1.15464,
  "close": 1.15466,
  "rollH20": 1.15754,
  "rollL20": 1.15463,
  "up2": false,
  "dn2": false,
  "source": "twelvedata_repo"
}