{
  "datetime": "2026-07-20 23:10:00",
  "open": 1.14119,
  "high": 1.14128,
  "low": 1.14119,
  "close": 1.14126,
  "rollH20": 1.14173,
  "rollL20": 1.14097,
  "up2": false,
  "dn2": false,
  "source": "twelvedata_repo"
}