{
  "datetime": "2026-05-08 12:55:00",
  "open": 1.17666,
  "high": 1.17674,
  "low": 1.17658,
  "close": 1.17672,
  "rollH20": 1.17724,
  "rollL20": 1.17625,
  "up2": false,
  "dn2": false,
  "source": "twelvedata_repo"
}