{
  "datetime": "2025-09-17 20:25:00",
  "open": 1.18488,
  "high": 1.18519,
  "low": 1.18429,
  "close": 1.18435,
  "rollH20": 1.19183,
  "rollL20": 1.1819,
  "up2": false,
  "dn2": false,
  "source": "twelvedata_repo"
}