{
  "datetime": "2026-04-10 09:45:00",
  "open": 1.16888,
  "high": 1.1689,
  "low": 1.1687,
  "close": 1.16874,
  "rollH20": 1.16897,
  "rollL20": 1.1678,
  "up2": false,
  "dn2": false,
  "source": "twelvedata_repo"
}