{
  "datetime": "2026-07-18 05:15:00",
  "open": 1.1438,
  "high": 1.14386,
  "low": 1.14377,
  "close": 1.14384,
  "rollH20": 1.14415,
  "rollL20": 1.14368,
  "up2": false,
  "dn2": false,
  "source": "twelvedata_repo"
}