{
  "datetime": "2026-06-12 15:45:00",
  "open": 1.15727,
  "high": 1.1573,
  "low": 1.15714,
  "close": 1.15719,
  "rollH20": 1.15786,
  "rollL20": 1.15644,
  "up2": false,
  "dn2": false,
  "source": "twelvedata_repo"
}