{
  "datetime": "2025-11-21 16:40:00",
  "open": 1.15068,
  "high": 1.15078,
  "low": 1.15058,
  "close": 1.15071,
  "rollH20": 1.15229,
  "rollL20": 1.15058,
  "up2": false,
  "dn2": false,
  "source": "twelvedata_repo"
}