{
  "datetime": "2025-11-26 10:50:00",
  "open": 1.15777,
  "high": 1.15779,
  "low": 1.15776,
  "close": 1.15776,
  "rollH20": 1.15801,
  "rollL20": 1.15669,
  "up2": false,
  "dn2": false,
  "source": "twelvedata_repo"
}