{
  "datetime": "2026-04-10 12:20:00",
  "open": 1.17174,
  "high": 1.17176,
  "low": 1.17146,
  "close": 1.17153,
  "rollH20": 1.17187,
  "rollL20": 1.17,
  "up2": false,
  "dn2": false,
  "source": "twelvedata_repo"
}