{
  "datetime": "2026-06-25 00:40:00",
  "open": 1.13554,
  "high": 1.13567,
  "low": 1.13547,
  "close": 1.13549,
  "rollH20": 1.13596,
  "rollL20": 1.13538,
  "up2": false,
  "dn2": false,
  "source": "twelvedata_repo"
}