{
  "datetime": "2026-01-27 18:40:00",
  "open": 1.19634,
  "high": 1.19717,
  "low": 1.19634,
  "close": 1.19715,
  "rollH20": 1.19908,
  "rollL20": 1.19514,
  "up2": false,
  "dn2": false,
  "source": "twelvedata_repo"
}