{
  "datetime": "2026-04-27 15:50:00",
  "open": 1.17471,
  "high": 1.17472,
  "low": 1.17441,
  "close": 1.17441,
  "rollH20": 1.17547,
  "rollL20": 1.17365,
  "up2": false,
  "dn2": false,
  "source": "twelvedata_repo"
}