{
  "datetime": "2025-10-28 00:35:00",
  "open": 1.16522,
  "high": 1.16526,
  "low": 1.16522,
  "close": 1.16526,
  "rollH20": 1.1653,
  "rollL20": 1.16453,
  "up2": false,
  "dn2": false,
  "source": "twelvedata_repo"
}