{
  "datetime": "2026-04-23 23:40:00",
  "open": 1.16863,
  "high": 1.16865,
  "low": 1.16857,
  "close": 1.16862,
  "rollH20": 1.16895,
  "rollL20": 1.16794,
  "up2": false,
  "dn2": false,
  "source": "twelvedata_repo"
}