{
  "datetime": "2025-11-05 21:45:00",
  "open": 1.14895,
  "high": 1.14895,
  "low": 1.14895,
  "close": 1.14895,
  "rollH20": 1.14919,
  "rollL20": 1.14804,
  "up2": false,
  "dn2": false,
  "source": "twelvedata_repo"
}