{
  "datetime": "2025-12-02 04:35:00",
  "open": 1.16104,
  "high": 1.16114,
  "low": 1.16104,
  "close": 1.16111,
  "rollH20": 1.16127,
  "rollL20": 1.1609,
  "up2": false,
  "dn2": false,
  "source": "twelvedata_repo"
}