{
  "datetime": "2026-02-11 10:00:00",
  "open": 1.19174,
  "high": 1.19193,
  "low": 1.19174,
  "close": 1.19191,
  "rollH20": 1.192,
  "rollL20": 1.19122,
  "up2": false,
  "dn2": false,
  "source": "twelvedata_repo"
}