{
  "datetime": "2026-02-25 08:40:00",
  "open": 1.17941,
  "high": 1.17948,
  "low": 1.17939,
  "close": 1.17939,
  "rollH20": 1.18076,
  "rollL20": 1.17911,
  "up2": false,
  "dn2": false,
  "source": "twelvedata_repo"
}