{
  "datetime": "2025-09-16 06:55:00",
  "open": 1.17774,
  "high": 1.17797,
  "low": 1.17774,
  "close": 1.17792,
  "rollH20": 1.17802,
  "rollL20": 1.17736,
  "up2": false,
  "dn2": false,
  "source": "twelvedata_repo"
}