{
  "datetime": "2025-10-07 11:40:00",
  "open": 1.1674,
  "high": 1.16758,
  "low": 1.16739,
  "close": 1.16751,
  "rollH20": 1.16742,
  "rollL20": 1.16605,
  "up2": false,
  "dn2": false,
  "source": "twelvedata_repo"
}