{
  "datetime": "2026-01-25 20:40:00",
  "open": 1.18505,
  "high": 1.18519,
  "low": 1.18505,
  "close": 1.18519,
  "rollH20": 1.18548,
  "rollL20": 1.18197,
  "up2": false,
  "dn2": false,
  "source": "twelvedata_repo"
}