{
  "datetime": "2026-02-28 13:50:00",
  "open": 1.18132,
  "high": 1.18133,
  "low": 1.18131,
  "close": 1.18133,
  "rollH20": 1.18136,
  "rollL20": 1.18053,
  "up2": false,
  "dn2": false,
  "source": "twelvedata_repo"
}