{
  "datetime": "2026-02-27 00:45:00",
  "open": 1.17997,
  "high": 1.18,
  "low": 1.17979,
  "close": 1.17982,
  "rollH20": 1.18057,
  "rollL20": 1.17976,
  "up2": false,
  "dn2": false,
  "source": "twelvedata_repo"
}