{
  "datetime": "2025-12-01 23:45:00",
  "open": 1.16095,
  "high": 1.16103,
  "low": 1.16089,
  "close": 1.16098,
  "rollH20": 1.16134,
  "rollL20": 1.16072,
  "up2": false,
  "dn2": false,
  "source": "twelvedata_repo"
}