{
  "datetime": "2026-01-05 07:55:00",
  "open": 1.16909,
  "high": 1.16917,
  "low": 1.16909,
  "close": 1.16911,
  "rollH20": 1.16926,
  "rollL20": 1.16786,
  "up2": false,
  "dn2": false,
  "source": "twelvedata_repo"
}