{
  "datetime": "2026-04-13 00:50:00",
  "open": 1.16733,
  "high": 1.16764,
  "low": 1.16732,
  "close": 1.1675,
  "rollH20": 1.16813,
  "rollL20": 1.16652,
  "up2": false,
  "dn2": false,
  "source": "twelvedata_repo"
}