{
  "datetime": "2025-09-12 05:40:00",
  "open": 1.17239,
  "high": 1.17257,
  "low": 1.17237,
  "close": 1.17252,
  "rollH20": 1.1727,
  "rollL20": 1.17209,
  "up2": false,
  "dn2": false,
  "source": "twelvedata_repo"
}