{
  "datetime": "2025-11-12 23:40:00",
  "open": 1.15912,
  "high": 1.15913,
  "low": 1.15901,
  "close": 1.15907,
  "rollH20": 1.15936,
  "rollL20": 1.1585,
  "up2": false,
  "dn2": false,
  "source": "twelvedata_repo"
}