{
  "datetime": "2025-12-17 06:55:00",
  "open": 1.17278,
  "high": 1.17282,
  "low": 1.17258,
  "close": 1.17278,
  "rollH20": 1.17354,
  "rollL20": 1.17255,
  "up2": false,
  "dn2": false,
  "source": "twelvedata_repo"
}