{
  "datetime": "2026-03-03 13:10:00",
  "open": 1.1608,
  "high": 1.16084,
  "low": 1.16073,
  "close": 1.16073,
  "rollH20": 1.16149,
  "rollL20": 1.15838,
  "up2": false,
  "dn2": false,
  "source": "twelvedata_repo"
}