{
  "datetime": "2026-01-25 20:50:00",
  "open": 1.18488,
  "high": 1.18581,
  "low": 1.1848,
  "close": 1.18551,
  "rollH20": 1.18572,
  "rollL20": 1.18225,
  "up2": false,
  "dn2": false,
  "source": "twelvedata_repo"
}