{
  "datetime": "2026-02-21 01:00:00",
  "open": 1.17836,
  "high": 1.1784,
  "low": 1.17834,
  "close": 1.17834,
  "rollH20": 1.17888,
  "rollL20": 1.17833,
  "up2": false,
  "dn2": false,
  "source": "twelvedata_repo"
}