{
  "datetime": "2026-05-29 11:25:00",
  "open": 1.16428,
  "high": 1.1643,
  "low": 1.16411,
  "close": 1.16416,
  "rollH20": 1.16459,
  "rollL20": 1.16256,
  "up2": false,
  "dn2": false,
  "source": "twelvedata_repo"
}