{
  "datetime": "2025-10-03 09:50:00",
  "open": 1.17358,
  "high": 1.1738,
  "low": 1.17358,
  "close": 1.17379,
  "rollH20": 1.17398,
  "rollL20": 1.17213,
  "up2": false,
  "dn2": false,
  "source": "twelvedata_repo"
}