{
  "datetime": "2026-01-09 21:35:00",
  "open": 1.16371,
  "high": 1.16372,
  "low": 1.16366,
  "close": 1.16366,
  "rollH20": 1.16391,
  "rollL20": 1.16335,
  "up2": false,
  "dn2": false,
  "source": "twelvedata_repo"
}