{
  "datetime": "2025-11-13 20:05:00",
  "open": 1.16373,
  "high": 1.16386,
  "low": 1.16372,
  "close": 1.16385,
  "rollH20": 1.16553,
  "rollL20": 1.16369,
  "up2": false,
  "dn2": false,
  "source": "twelvedata_repo"
}