{
  "datetime": "2025-12-16 12:55:00",
  "open": 1.17613,
  "high": 1.17617,
  "low": 1.17608,
  "close": 1.17609,
  "rollH20": 1.17615,
  "rollL20": 1.17528,
  "up2": false,
  "dn2": false,
  "source": "twelvedata_repo"
}