{
  "datetime": "2026-03-25 10:30:00",
  "open": 1.15973,
  "high": 1.15976,
  "low": 1.15969,
  "close": 1.1597,
  "rollH20": 1.16169,
  "rollL20": 1.15927,
  "up2": false,
  "dn2": false,
  "source": "twelvedata_repo"
}