{
  "datetime": "2025-10-27 17:10:00",
  "open": 1.16332,
  "high": 1.16342,
  "low": 1.16332,
  "close": 1.16342,
  "rollH20": 1.1642,
  "rollL20": 1.16332,
  "up2": false,
  "dn2": false,
  "source": "twelvedata_repo"
}