{
  "datetime": "2026-04-04 19:35:00",
  "open": 1.1519,
  "high": 1.15193,
  "low": 1.15189,
  "close": 1.15193,
  "rollH20": 1.15198,
  "rollL20": 1.15151,
  "up2": false,
  "dn2": false,
  "source": "twelvedata_repo"
}