{
  "datetime": "2025-09-04 20:45:00",
  "open": 1.16501,
  "high": 1.16509,
  "low": 1.16495,
  "close": 1.16506,
  "rollH20": 1.16521,
  "rollL20": 1.16393,
  "up2": false,
  "dn2": false,
  "source": "twelvedata_repo"
}