{
  "datetime": "2026-06-10 23:25:00",
  "open": 1.15298,
  "high": 1.1532,
  "low": 1.15295,
  "close": 1.15316,
  "rollH20": 1.15402,
  "rollL20": 1.15284,
  "up2": false,
  "dn2": false,
  "source": "twelvedata_repo"
}