{
  "datetime": "2026-03-29 00:55:00",
  "open": 1.15381,
  "high": 1.15385,
  "low": 1.15381,
  "close": 1.15381,
  "rollH20": 1.15409,
  "rollL20": 1.15327,
  "up2": false,
  "dn2": false,
  "source": "twelvedata_repo"
}