{
  "datetime": "2025-11-07 22:25:00",
  "open": 1.15655,
  "high": 1.15662,
  "low": 1.15649,
  "close": 1.15653,
  "rollH20": 1.15672,
  "rollL20": 1.1556,
  "up2": false,
  "dn2": false,
  "source": "twelvedata_repo"
}