{
  "datetime": "2026-01-19 17:40:00",
  "open": 1.1643,
  "high": 1.16434,
  "low": 1.16421,
  "close": 1.16431,
  "rollH20": 1.16478,
  "rollL20": 1.16328,
  "up2": false,
  "dn2": false,
  "source": "twelvedata_repo"
}