{
  "datetime": "2026-04-02 15:35:00",
  "open": 1.15305,
  "high": 1.15533,
  "low": 1.15304,
  "close": 1.15533,
  "rollH20": 1.15359,
  "rollL20": 1.15214,
  "up2": false,
  "dn2": false,
  "source": "twelvedata_repo"
}