{
  "datetime": "2026-02-12 18:50:00",
  "open": 1.18656,
  "high": 1.18664,
  "low": 1.18642,
  "close": 1.18656,
  "rollH20": 1.18885,
  "rollL20": 1.18634,
  "up2": false,
  "dn2": false,
  "source": "twelvedata_repo"
}