{
  "datetime": "2025-12-29 23:35:00",
  "open": 1.17725,
  "high": 1.17729,
  "low": 1.17715,
  "close": 1.17718,
  "rollH20": 1.17752,
  "rollL20": 1.1766,
  "up2": false,
  "dn2": false,
  "source": "twelvedata_repo"
}