{
  "datetime": "2026-01-12 19:15:00",
  "open": 1.16676,
  "high": 1.16694,
  "low": 1.16673,
  "close": 1.16689,
  "rollH20": 1.168,
  "rollL20": 1.16657,
  "up2": false,
  "dn2": false,
  "source": "twelvedata_repo"
}