{
  "datetime": "2026-03-08 19:10:00",
  "open": 1.15842,
  "high": 1.15883,
  "low": 1.15612,
  "close": 1.15812,
  "rollH20": 1.16208,
  "rollL20": 1.15587,
  "up2": false,
  "dn2": false,
  "source": "twelvedata_repo"
}