{
  "datetime": "2026-04-05 23:55:00",
  "open": 1.15141,
  "high": 1.15162,
  "low": 1.15139,
  "close": 1.15159,
  "rollH20": 1.15251,
  "rollL20": 1.15066,
  "up2": false,
  "dn2": false,
  "source": "twelvedata_repo"
}