{
  "datetime": "2026-03-04 16:35:00",
  "open": 1.16337,
  "high": 1.16384,
  "low": 1.16337,
  "close": 1.16384,
  "rollH20": 1.16458,
  "rollL20": 1.16183,
  "up2": false,
  "dn2": false,
  "source": "twelvedata_repo"
}