{
  "datetime": "2025-09-02 21:45:00",
  "open": 1.16416,
  "high": 1.16433,
  "low": 1.16409,
  "close": 1.16424,
  "rollH20": 1.16439,
  "rollL20": 1.16318,
  "up2": false,
  "dn2": false,
  "source": "twelvedata_repo"
}