{
  "datetime": "2026-04-20 16:45:00",
  "open": 1.17881,
  "high": 1.17881,
  "low": 1.17833,
  "close": 1.17854,
  "rollH20": 1.17895,
  "rollL20": 1.17677,
  "up2": false,
  "dn2": false,
  "source": "twelvedata_repo"
}