{
  "datetime": "2026-03-21 21:45:00",
  "open": 1.15892,
  "high": 1.15897,
  "low": 1.1589,
  "close": 1.15894,
  "rollH20": 1.15935,
  "rollL20": 1.15836,
  "up2": false,
  "dn2": false,
  "source": "twelvedata_repo"
}