{
  "datetime": "2025-11-07 09:10:00",
  "open": 1.15386,
  "high": 1.15399,
  "low": 1.15378,
  "close": 1.15378,
  "rollH20": 1.15385,
  "rollL20": 1.15295,
  "up2": false,
  "dn2": false,
  "source": "twelvedata_repo"
}