{
  "datetime": "2026-04-29 00:20:00",
  "open": 1.17167,
  "high": 1.17168,
  "low": 1.17163,
  "close": 1.17164,
  "rollH20": 1.17186,
  "rollL20": 1.17131,
  "up2": false,
  "dn2": false,
  "source": "twelvedata_repo"
}