{
  "datetime": "2026-03-08 13:40:00",
  "open": 1.16147,
  "high": 1.16148,
  "low": 1.16147,
  "close": 1.16147,
  "rollH20": 1.16179,
  "rollL20": 1.16145,
  "up2": false,
  "dn2": false,
  "source": "twelvedata_repo"
}