{
  "datetime": "2026-05-23 19:10:00",
  "open": 1.16034,
  "high": 1.16038,
  "low": 1.16034,
  "close": 1.16036,
  "rollH20": 1.16079,
  "rollL20": 1.16016,
  "up2": false,
  "dn2": false,
  "source": "twelvedata_repo"
}