{
  "datetime": "2025-10-15 22:05:00",
  "open": 1.1647,
  "high": 1.1647,
  "low": 1.1647,
  "close": 1.1647,
  "rollH20": 1.16476,
  "rollL20": 1.16362,
  "up2": false,
  "dn2": false,
  "source": "twelvedata_repo"
}