{
  "datetime": "2026-06-27 21:05:00",
  "open": 1.1388,
  "high": 1.13908,
  "low": 1.1388,
  "close": 1.13902,
  "rollH20": 1.13959,
  "rollL20": 1.13876,
  "up2": false,
  "dn2": false,
  "source": "twelvedata_repo"
}