{
  "datetime": "2026-04-25 14:15:00",
  "open": 1.17209,
  "high": 1.17217,
  "low": 1.17208,
  "close": 1.17215,
  "rollH20": 1.17214,
  "rollL20": 1.1717,
  "up2": false,
  "dn2": false,
  "source": "twelvedata_repo"
}