{
  "datetime": "2026-04-11 06:30:00",
  "open": 1.17183,
  "high": 1.17186,
  "low": 1.17181,
  "close": 1.17183,
  "rollH20": 1.17255,
  "rollL20": 1.17176,
  "up2": false,
  "dn2": false,
  "source": "twelvedata_repo"
}