{
  "datetime": "2026-03-16 20:55:00",
  "open": 1.15068,
  "high": 1.15071,
  "low": 1.15057,
  "close": 1.15059,
  "rollH20": 1.15229,
  "rollL20": 1.15036,
  "up2": false,
  "dn2": false,
  "source": "twelvedata_repo"
}