{
  "datetime": "2025-12-01 18:25:00",
  "open": 1.16237,
  "high": 1.16238,
  "low": 1.16228,
  "close": 1.16234,
  "rollH20": 1.1634,
  "rollL20": 1.1621,
  "up2": false,
  "dn2": false,
  "source": "twelvedata_repo"
}