{
  "datetime": "2026-06-07 07:40:00",
  "open": 1.15235,
  "high": 1.1524,
  "low": 1.15233,
  "close": 1.15235,
  "rollH20": 1.15243,
  "rollL20": 1.15205,
  "up2": false,
  "dn2": false,
  "source": "twelvedata_repo"
}