{
  "datetime": "2026-03-30 22:00:00",
  "open": 1.1462,
  "high": 1.14673,
  "low": 1.1462,
  "close": 1.14648,
  "rollH20": 1.14629,
  "rollL20": 1.14558,
  "up2": false,
  "dn2": false,
  "source": "twelvedata_repo"
}