{
  "datetime": "2026-01-06 18:10:00",
  "open": 1.16919,
  "high": 1.16923,
  "low": 1.16915,
  "close": 1.16919,
  "rollH20": 1.17001,
  "rollL20": 1.16855,
  "up2": false,
  "dn2": false,
  "source": "twelvedata_repo"
}