{
  "datetime": "2026-03-18 20:55:00",
  "open": 1.14515,
  "high": 1.1452,
  "low": 1.1451,
  "close": 1.1451,
  "rollH20": 1.1481,
  "rollL20": 1.14499,
  "up2": false,
  "dn2": false,
  "source": "twelvedata_repo"
}