{
  "datetime": "2026-03-14 10:25:00",
  "open": 1.14165,
  "high": 1.14169,
  "low": 1.14163,
  "close": 1.14163,
  "rollH20": 1.14377,
  "rollL20": 1.14121,
  "up2": false,
  "dn2": false,
  "source": "twelvedata_repo"
}