{
  "datetime": "2026-05-20 07:15:00",
  "open": 1.15986,
  "high": 1.16024,
  "low": 1.1598,
  "close": 1.16015,
  "rollH20": 1.16016,
  "rollL20": 1.15918,
  "up2": false,
  "dn2": false,
  "source": "twelvedata_repo"
}