{
  "datetime": "2026-02-23 19:30:00",
  "open": 1.1795,
  "high": 1.17953,
  "low": 1.1795,
  "close": 1.17952,
  "rollH20": 1.18014,
  "rollL20": 1.17944,
  "up2": false,
  "dn2": false,
  "source": "twelvedata_repo"
}