{
  "datetime": "2025-12-02 12:40:00",
  "open": 1.1608,
  "high": 1.16084,
  "low": 1.16078,
  "close": 1.16082,
  "rollH20": 1.16118,
  "rollL20": 1.15996,
  "up2": false,
  "dn2": false,
  "source": "twelvedata_repo"
}