{
  "datetime": "2026-03-20 07:10:00",
  "open": 1.15704,
  "high": 1.15729,
  "low": 1.15701,
  "close": 1.15719,
  "rollH20": 1.15708,
  "rollL20": 1.15531,
  "up2": false,
  "dn2": false,
  "source": "twelvedata_repo"
}