{
  "datetime": "2025-09-05 17:55:00",
  "open": 1.1739,
  "high": 1.17398,
  "low": 1.17365,
  "close": 1.17384,
  "rollH20": 1.17596,
  "rollL20": 1.17383,
  "up2": false,
  "dn2": false,
  "source": "twelvedata_repo"
}