{
  "datetime": "2026-02-19 11:05:00",
  "open": 1.179,
  "high": 1.17902,
  "low": 1.17881,
  "close": 1.17888,
  "rollH20": 1.18039,
  "rollL20": 1.1788,
  "up2": false,
  "dn2": false,
  "source": "twelvedata_repo"
}