{
  "datetime": "2025-12-18 12:40:00",
  "open": 1.17233,
  "high": 1.17244,
  "low": 1.17231,
  "close": 1.17232,
  "rollH20": 1.17275,
  "rollL20": 1.17185,
  "up2": false,
  "dn2": false,
  "source": "twelvedata_repo"
}