{
  "datetime": "2026-01-21 22:30:00",
  "open": 1.1685,
  "high": 1.16892,
  "low": 1.16848,
  "close": 1.16892,
  "rollH20": 1.16917,
  "rollL20": 1.16772,
  "up2": false,
  "dn2": false,
  "source": "twelvedata_repo"
}