{
  "datetime": "2025-11-25 18:30:00",
  "open": 1.15746,
  "high": 1.1577,
  "low": 1.15741,
  "close": 1.15758,
  "rollH20": 1.15788,
  "rollL20": 1.15512,
  "up2": false,
  "dn2": false,
  "source": "twelvedata_repo"
}