{
  "datetime": "2026-04-07 13:05:00",
  "open": 1.15607,
  "high": 1.15611,
  "low": 1.15607,
  "close": 1.15611,
  "rollH20": 1.1562,
  "rollL20": 1.15476,
  "up2": false,
  "dn2": false,
  "source": "twelvedata_repo"
}