{
  "datetime": "2026-01-18 00:25:00",
  "open": 1.16038,
  "high": 1.16049,
  "low": 1.16038,
  "close": 1.16048,
  "rollH20": 1.1606,
  "rollL20": 1.16016,
  "up2": false,
  "dn2": false,
  "source": "twelvedata_repo"
}