{
  "datetime": "2026-03-09 21:55:00",
  "open": 1.16352,
  "high": 1.16375,
  "low": 1.16351,
  "close": 1.16375,
  "rollH20": 1.16376,
  "rollL20": 1.16121,
  "up2": false,
  "dn2": false,
  "source": "twelvedata_repo"
}