{
  "datetime": "2026-04-22 16:25:00",
  "open": 1.1719,
  "high": 1.17205,
  "low": 1.1719,
  "close": 1.17204,
  "rollH20": 1.17438,
  "rollL20": 1.17161,
  "up2": false,
  "dn2": false,
  "source": "twelvedata_repo"
}