{
  "datetime": "2025-09-16 11:55:00",
  "open": 1.1806,
  "high": 1.18095,
  "low": 1.18059,
  "close": 1.1809,
  "rollH20": 1.18179,
  "rollL20": 1.18043,
  "up2": false,
  "dn2": false,
  "source": "twelvedata_repo"
}