{
  "datetime": "2026-04-05 13:40:00",
  "open": 1.15196,
  "high": 1.15198,
  "low": 1.15194,
  "close": 1.15198,
  "rollH20": 1.15209,
  "rollL20": 1.15187,
  "up2": false,
  "dn2": false,
  "source": "twelvedata_repo"
}