{
  "datetime": "2025-10-28 03:15:00",
  "open": 1.16614,
  "high": 1.16616,
  "low": 1.16597,
  "close": 1.16599,
  "rollH20": 1.16637,
  "rollL20": 1.16551,
  "up2": false,
  "dn2": false,
  "source": "twelvedata_repo"
}