{
  "datetime": "2026-06-04 01:15:00",
  "open": 1.16081,
  "high": 1.16085,
  "low": 1.16081,
  "close": 1.16085,
  "rollH20": 1.16114,
  "rollL20": 1.15957,
  "up2": false,
  "dn2": false,
  "source": "twelvedata_repo"
}