{
  "datetime": "2026-06-18 21:25:00",
  "open": 1.14618,
  "high": 1.14618,
  "low": 1.14609,
  "close": 1.14611,
  "rollH20": 1.14651,
  "rollL20": 1.14513,
  "up2": false,
  "dn2": false,
  "source": "twelvedata_repo"
}