{
  "datetime": "2026-01-29 13:15:00",
  "open": 1.1949,
  "high": 1.1949,
  "low": 1.19489,
  "close": 1.19489,
  "rollH20": 1.19539,
  "rollL20": 1.19384,
  "up2": false,
  "dn2": false,
  "source": "twelvedata_repo"
}