{
  "datetime": "2025-10-30 21:45:00",
  "open": 1.15692,
  "high": 1.15705,
  "low": 1.15692,
  "close": 1.15703,
  "rollH20": 1.15707,
  "rollL20": 1.15622,
  "up2": false,
  "dn2": false,
  "source": "twelvedata_repo"
}