{
  "datetime": "2026-01-20 21:50:00",
  "open": 1.17198,
  "high": 1.17198,
  "low": 1.17195,
  "close": 1.17195,
  "rollH20": 1.17251,
  "rollL20": 1.17109,
  "up2": false,
  "dn2": false,
  "source": "twelvedata_repo"
}