{
  "datetime": "2026-05-09 12:10:00",
  "open": 1.17848,
  "high": 1.17858,
  "low": 1.17847,
  "close": 1.17855,
  "rollH20": 1.17922,
  "rollL20": 1.17834,
  "up2": false,
  "dn2": false,
  "source": "twelvedata_repo"
}