{
  "datetime": "2026-06-28 20:35:00",
  "open": 1.13876,
  "high": 1.13884,
  "low": 1.13874,
  "close": 1.13883,
  "rollH20": 1.13916,
  "rollL20": 1.13833,
  "up2": false,
  "dn2": false,
  "source": "twelvedata_repo"
}