{
  "datetime": "2025-10-17 06:30:00",
  "open": 1.1716,
  "high": 1.17172,
  "low": 1.17155,
  "close": 1.17156,
  "rollH20": 1.17165,
  "rollL20": 1.17063,
  "up2": false,
  "dn2": false,
  "source": "twelvedata_repo"
}