{
  "datetime": "2026-07-14 08:30:00",
  "open": 1.13932,
  "high": 1.13948,
  "low": 1.13912,
  "close": 1.13914,
  "rollH20": 1.13943,
  "rollL20": 1.13844,
  "up2": false,
  "dn2": false,
  "source": "twelvedata_repo"
}