{
  "datetime": "2026-02-26 07:25:00",
  "open": 1.18146,
  "high": 1.18149,
  "low": 1.18126,
  "close": 1.18129,
  "rollH20": 1.18221,
  "rollL20": 1.18093,
  "up2": false,
  "dn2": false,
  "source": "twelvedata_repo"
}