{
  "datetime": "2025-09-09 05:55:00",
  "open": 1.17752,
  "high": 1.17756,
  "low": 1.17732,
  "close": 1.17738,
  "rollH20": 1.17756,
  "rollL20": 1.1763,
  "up2": false,
  "dn2": false,
  "source": "twelvedata_repo"
}