{
  "datetime": "2026-06-06 21:35:00",
  "open": 1.15217,
  "high": 1.15223,
  "low": 1.15211,
  "close": 1.15214,
  "rollH20": 1.15245,
  "rollL20": 1.15203,
  "up2": false,
  "dn2": false,
  "source": "twelvedata_repo"
}