{
  "datetime": "2026-04-26 14:50:00",
  "open": 1.17167,
  "high": 1.17169,
  "low": 1.17166,
  "close": 1.17169,
  "rollH20": 1.17188,
  "rollL20": 1.17166,
  "up2": false,
  "dn2": false,
  "source": "twelvedata_repo"
}