{
  "datetime": "2025-10-23 21:55:00",
  "open": 1.16183,
  "high": 1.16195,
  "low": 1.16183,
  "close": 1.16187,
  "rollH20": 1.16193,
  "rollL20": 1.16138,
  "up2": false,
  "dn2": false,
  "source": "twelvedata_repo"
}