{
  "datetime": "2026-03-19 15:20:00",
  "open": 1.15189,
  "high": 1.15358,
  "low": 1.15185,
  "close": 1.15331,
  "rollH20": 1.15266,
  "rollL20": 1.14749,
  "up2": false,
  "dn2": false,
  "source": "twelvedata_repo"
}