{
  "datetime": "2026-02-02 03:05:00",
  "open": 1.18701,
  "high": 1.1872,
  "low": 1.18683,
  "close": 1.1872,
  "rollH20": 1.18735,
  "rollL20": 1.18543,
  "up2": false,
  "dn2": false,
  "source": "twelvedata_repo"
}