{
  "datetime": "2026-06-24 22:10:00",
  "open": 1.13602,
  "high": 1.13602,
  "low": 1.13573,
  "close": 1.13584,
  "rollH20": 1.13628,
  "rollL20": 1.13528,
  "up2": false,
  "dn2": false,
  "source": "twelvedata_repo"
}