{
  "datetime": "2026-03-13 18:55:00",
  "open": 1.14379,
  "high": 1.1438,
  "low": 1.14358,
  "close": 1.1436,
  "rollH20": 1.14458,
  "rollL20": 1.14323,
  "up2": false,
  "dn2": false,
  "source": "twelvedata_repo"
}