{
  "datetime": "2025-10-29 13:55:00",
  "open": 1.16304,
  "high": 1.1631,
  "low": 1.16304,
  "close": 1.16308,
  "rollH20": 1.16441,
  "rollL20": 1.16277,
  "up2": false,
  "dn2": false,
  "source": "twelvedata_repo"
}