{
  "datetime": "2025-12-09 06:30:00",
  "open": 1.16492,
  "high": 1.16504,
  "low": 1.16492,
  "close": 1.16501,
  "rollH20": 1.16494,
  "rollL20": 1.16442,
  "up2": false,
  "dn2": false,
  "source": "twelvedata_repo"
}