{
  "datetime": "2026-04-12 11:40:00",
  "open": 1.17259,
  "high": 1.17264,
  "low": 1.17257,
  "close": 1.17258,
  "rollH20": 1.17269,
  "rollL20": 1.1725,
  "up2": false,
  "dn2": false,
  "source": "twelvedata_repo"
}