{
  "datetime": "2025-12-16 08:50:00",
  "open": 1.17509,
  "high": 1.17518,
  "low": 1.17506,
  "close": 1.17518,
  "rollH20": 1.17539,
  "rollL20": 1.17456,
  "up2": false,
  "dn2": false,
  "source": "twelvedata_repo"
}