{
  "datetime": "2026-01-28 10:45:00",
  "open": 1.19833,
  "high": 1.1987,
  "low": 1.19833,
  "close": 1.1987,
  "rollH20": 1.20034,
  "rollL20": 1.19716,
  "up2": false,
  "dn2": false,
  "source": "twelvedata_repo"
}