{
  "datetime": "2026-04-10 20:55:00",
  "open": 1.17286,
  "high": 1.17292,
  "low": 1.17277,
  "close": 1.17281,
  "rollH20": 1.17359,
  "rollL20": 1.17233,
  "up2": false,
  "dn2": false,
  "source": "twelvedata_repo"
}