{
  "datetime": "2026-01-02 15:20:00",
  "open": 1.17172,
  "high": 1.17189,
  "low": 1.17169,
  "close": 1.17183,
  "rollH20": 1.17291,
  "rollL20": 1.17164,
  "up2": false,
  "dn2": false,
  "source": "twelvedata_repo"
}