{
  "datetime": "2026-04-04 13:25:00",
  "open": 1.15187,
  "high": 1.1519,
  "low": 1.15187,
  "close": 1.15188,
  "rollH20": 1.15215,
  "rollL20": 1.15139,
  "up2": false,
  "dn2": false,
  "source": "twelvedata_repo"
}