{
  "datetime": "2026-03-07 17:25:00",
  "open": 1.16187,
  "high": 1.16192,
  "low": 1.16186,
  "close": 1.1619,
  "rollH20": 1.16198,
  "rollL20": 1.16181,
  "up2": false,
  "dn2": false,
  "source": "twelvedata_repo"
}