{
  "datetime": "2026-04-14 13:45:00",
  "open": 1.17966,
  "high": 1.17976,
  "low": 1.17966,
  "close": 1.17976,
  "rollH20": 1.18045,
  "rollL20": 1.17936,
  "up2": false,
  "dn2": false,
  "source": "twelvedata_repo"
}