{
  "datetime": "2025-12-25 21:25:00",
  "open": 1.17846,
  "high": 1.17879,
  "low": 1.17818,
  "close": 1.17863,
  "rollH20": 1.17906,
  "rollL20": 1.17794,
  "up2": false,
  "dn2": false,
  "source": "twelvedata_repo"
}