{
  "datetime": "2026-07-22 14:15:00",
  "open": 1.14105,
  "high": 1.14105,
  "low": 1.14093,
  "close": 1.14102,
  "rollH20": 1.1414,
  "rollL20": 1.14039,
  "up2": false,
  "dn2": false,
  "source": "twelvedata_repo"
}