{
  "datetime": "2026-02-18 10:05:00",
  "open": 1.1837,
  "high": 1.18406,
  "low": 1.1837,
  "close": 1.18393,
  "rollH20": 1.18383,
  "rollL20": 1.18293,
  "up2": false,
  "dn2": false,
  "source": "twelvedata_repo"
}