{
  "datetime": "2026-03-02 04:10:00",
  "open": 1.17877,
  "high": 1.17882,
  "low": 1.17877,
  "close": 1.17878,
  "rollH20": 1.17959,
  "rollL20": 1.17828,
  "up2": false,
  "dn2": false,
  "source": "twelvedata_repo"
}