{
  "datetime": "2026-01-02 20:40:00",
  "open": 1.1716,
  "high": 1.17173,
  "low": 1.17159,
  "close": 1.17167,
  "rollH20": 1.17315,
  "rollL20": 1.17141,
  "up2": false,
  "dn2": false,
  "source": "twelvedata_repo"
}