{
  "datetime": "2026-04-13 23:55:00",
  "open": 1.17612,
  "high": 1.17616,
  "low": 1.17608,
  "close": 1.17612,
  "rollH20": 1.17643,
  "rollL20": 1.17558,
  "up2": false,
  "dn2": false,
  "source": "twelvedata_repo"
}