{
  "datetime": "2026-01-25 00:25:00",
  "open": 1.18244,
  "high": 1.18245,
  "low": 1.1823,
  "close": 1.1823,
  "rollH20": 1.1825,
  "rollL20": 1.1823,
  "up2": false,
  "dn2": false,
  "source": "twelvedata_repo"
}