{
  "datetime": "2026-05-23 15:20:00",
  "open": 1.16043,
  "high": 1.16046,
  "low": 1.16043,
  "close": 1.16046,
  "rollH20": 1.16074,
  "rollL20": 1.16007,
  "up2": false,
  "dn2": false,
  "source": "twelvedata_repo"
}