{
  "datetime": "2025-12-04 23:05:00",
  "open": 1.16459,
  "high": 1.16462,
  "low": 1.16442,
  "close": 1.16447,
  "rollH20": 1.16495,
  "rollL20": 1.16414,
  "up2": false,
  "dn2": false,
  "source": "twelvedata_repo"
}