{
  "datetime": "2026-06-08 17:00:00",
  "open": 1.15458,
  "high": 1.15463,
  "low": 1.15433,
  "close": 1.15444,
  "rollH20": 1.15473,
  "rollL20": 1.15323,
  "up2": false,
  "dn2": false,
  "source": "twelvedata_repo"
}