{
  "datetime": "2026-05-13 18:45:00",
  "open": 1.17076,
  "high": 1.17079,
  "low": 1.1707,
  "close": 1.17072,
  "rollH20": 1.17185,
  "rollL20": 1.17069,
  "up2": false,
  "dn2": false,
  "source": "twelvedata_repo"
}