{
  "datetime": "2025-11-18 22:45:00",
  "open": 1.15796,
  "high": 1.15803,
  "low": 1.15793,
  "close": 1.15798,
  "rollH20": 1.1587,
  "rollL20": 1.15786,
  "up2": false,
  "dn2": false,
  "source": "twelvedata_repo"
}