{
  "datetime": "2026-04-07 14:00:00",
  "open": 1.1561,
  "high": 1.15611,
  "low": 1.15609,
  "close": 1.15609,
  "rollH20": 1.15677,
  "rollL20": 1.15517,
  "up2": false,
  "dn2": false,
  "source": "twelvedata_repo"
}