{
  "datetime": "2026-05-21 15:40:00",
  "open": 1.15904,
  "high": 1.15921,
  "low": 1.15859,
  "close": 1.15883,
  "rollH20": 1.16005,
  "rollL20": 1.15774,
  "up2": false,
  "dn2": false,
  "source": "twelvedata_repo"
}