{
  "datetime": "2026-02-06 07:00:00",
  "open": 1.17983,
  "high": 1.17986,
  "low": 1.17981,
  "close": 1.17986,
  "rollH20": 1.18009,
  "rollL20": 1.17878,
  "up2": false,
  "dn2": false,
  "source": "twelvedata_repo"
}