{
  "datetime": "2025-11-06 23:35:00",
  "open": 1.15454,
  "high": 1.15457,
  "low": 1.15454,
  "close": 1.15457,
  "rollH20": 1.1549,
  "rollL20": 1.15434,
  "up2": false,
  "dn2": false,
  "source": "twelvedata_repo"
}