{
  "datetime": "2025-12-15 16:40:00",
  "open": 1.176,
  "high": 1.17601,
  "low": 1.17568,
  "close": 1.17577,
  "rollH20": 1.17691,
  "rollL20": 1.17437,
  "up2": false,
  "dn2": false,
  "source": "twelvedata_repo"
}