{
  "datetime": "2026-03-25 21:05:00",
  "open": 1.15611,
  "high": 1.15615,
  "low": 1.15601,
  "close": 1.15605,
  "rollH20": 1.15808,
  "rollL20": 1.15587,
  "up2": false,
  "dn2": false,
  "source": "twelvedata_repo"
}