{
  "datetime": "2026-07-22 23:40:00",
  "open": 1.14074,
  "high": 1.14077,
  "low": 1.14062,
  "close": 1.14064,
  "rollH20": 1.14143,
  "rollL20": 1.1407,
  "up2": false,
  "dn2": false,
  "source": "twelvedata_repo"
}