{
  "datetime": "2025-11-10 17:40:00",
  "open": 1.15491,
  "high": 1.15491,
  "low": 1.15471,
  "close": 1.1548,
  "rollH20": 1.15671,
  "rollL20": 1.1545,
  "up2": false,
  "dn2": false,
  "source": "twelvedata_repo"
}