{
  "datetime": "2025-12-05 06:30:00",
  "open": 1.16559,
  "high": 1.16566,
  "low": 1.16556,
  "close": 1.16562,
  "rollH20": 1.16563,
  "rollL20": 1.16484,
  "up2": false,
  "dn2": false,
  "source": "twelvedata_repo"
}