{
  "datetime": "2026-07-14 10:50:00",
  "open": 1.13985,
  "high": 1.14025,
  "low": 1.13985,
  "close": 1.14017,
  "rollH20": 1.14063,
  "rollL20": 1.13954,
  "up2": false,
  "dn2": false,
  "source": "twelvedata_repo"
}