{
  "datetime": "2025-09-11 05:55:00",
  "open": 1.16967,
  "high": 1.16992,
  "low": 1.16966,
  "close": 1.16989,
  "rollH20": 1.16998,
  "rollL20": 1.1694,
  "up2": false,
  "dn2": false,
  "source": "twelvedata_repo"
}