{
  "datetime": "2025-11-25 03:20:00",
  "open": 1.15277,
  "high": 1.15281,
  "low": 1.1527,
  "close": 1.15276,
  "rollH20": 1.15301,
  "rollL20": 1.15207,
  "up2": false,
  "dn2": false,
  "source": "twelvedata_repo"
}