{
  "datetime": "2026-01-18 04:55:00",
  "open": 1.16058,
  "high": 1.16063,
  "low": 1.16057,
  "close": 1.1606,
  "rollH20": 1.16063,
  "rollL20": 1.16054,
  "up2": false,
  "dn2": false,
  "source": "twelvedata_repo"
}