{
  "datetime": "2026-03-22 09:30:00",
  "open": 1.15925,
  "high": 1.15927,
  "low": 1.15925,
  "close": 1.15927,
  "rollH20": 1.15933,
  "rollL20": 1.15919,
  "up2": false,
  "dn2": false,
  "source": "twelvedata_repo"
}