{
  "datetime": "2026-01-16 21:55:00",
  "open": 1.16022,
  "high": 1.16027,
  "low": 1.16015,
  "close": 1.16015,
  "rollH20": 1.16022,
  "rollL20": 1.15923,
  "up2": false,
  "dn2": false,
  "source": "twelvedata_repo"
}