{
  "datetime": "2026-03-29 15:10:00",
  "open": 1.14885,
  "high": 1.1489,
  "low": 1.14883,
  "close": 1.14887,
  "rollH20": 1.15321,
  "rollL20": 1.14884,
  "up2": false,
  "dn2": false,
  "source": "twelvedata_repo"
}