{
  "datetime": "2026-02-13 17:00:00",
  "open": 1.18501,
  "high": 1.18512,
  "low": 1.18497,
  "close": 1.18508,
  "rollH20": 1.18711,
  "rollL20": 1.18503,
  "up2": false,
  "dn2": false,
  "source": "twelvedata_repo"
}