{
  "datetime": "2025-12-26 05:15:00",
  "open": 1.17826,
  "high": 1.17829,
  "low": 1.17808,
  "close": 1.17811,
  "rollH20": 1.17945,
  "rollL20": 1.1782,
  "up2": false,
  "dn2": false,
  "source": "twelvedata_repo"
}