{
  "datetime": "2026-05-06 20:50:00",
  "open": 1.17495,
  "high": 1.17516,
  "low": 1.17495,
  "close": 1.1751,
  "rollH20": 1.17555,
  "rollL20": 1.17454,
  "up2": false,
  "dn2": false,
  "source": "twelvedata_repo"
}