{
  "datetime": "2025-11-13 18:25:00",
  "open": 1.16526,
  "high": 1.16542,
  "low": 1.16524,
  "close": 1.1654,
  "rollH20": 1.16526,
  "rollL20": 1.16365,
  "up2": false,
  "dn2": false,
  "source": "twelvedata_repo"
}