{
  "datetime": "2026-05-15 23:55:00",
  "open": 1.16245,
  "high": 1.16253,
  "low": 1.16225,
  "close": 1.16245,
  "rollH20": 1.16256,
  "rollL20": 1.16225,
  "up2": false,
  "dn2": false,
  "source": "twelvedata_repo"
}