{
  "datetime": "2026-05-06 14:30:00",
  "open": 1.17512,
  "high": 1.17515,
  "low": 1.17484,
  "close": 1.17484,
  "rollH20": 1.17761,
  "rollL20": 1.17481,
  "up2": false,
  "dn2": false,
  "source": "twelvedata_repo"
}