{
  "datetime": "2026-03-14 16:25:00",
  "open": 1.1463,
  "high": 1.14635,
  "low": 1.14629,
  "close": 1.14629,
  "rollH20": 1.14643,
  "rollL20": 1.14463,
  "up2": false,
  "dn2": false,
  "source": "twelvedata_repo"
}