{
  "datetime": "2026-02-25 13:40:00",
  "open": 1.1785,
  "high": 1.17866,
  "low": 1.1785,
  "close": 1.17861,
  "rollH20": 1.179,
  "rollL20": 1.17744,
  "up2": false,
  "dn2": false,
  "source": "twelvedata_repo"
}