{
  "datetime": "2026-05-25 16:30:00",
  "open": 1.16466,
  "high": 1.16466,
  "low": 1.1645,
  "close": 1.16461,
  "rollH20": 1.16484,
  "rollL20": 1.16387,
  "up2": false,
  "dn2": false,
  "source": "twelvedata_repo"
}