{
  "datetime": "2026-05-06 03:40:00",
  "open": 1.17192,
  "high": 1.17202,
  "low": 1.1717,
  "close": 1.17171,
  "rollH20": 1.17261,
  "rollL20": 1.17181,
  "up2": false,
  "dn2": false,
  "source": "twelvedata_repo"
}