{
  "datetime": "2026-03-26 07:45:00",
  "open": 1.15554,
  "high": 1.15558,
  "low": 1.15552,
  "close": 1.15558,
  "rollH20": 1.157,
  "rollL20": 1.15509,
  "up2": false,
  "dn2": false,
  "source": "twelvedata_repo"
}