{
  "datetime": "2025-10-13 11:55:00",
  "open": 1.15848,
  "high": 1.15851,
  "low": 1.15815,
  "close": 1.15829,
  "rollH20": 1.1598,
  "rollL20": 1.15816,
  "up2": false,
  "dn2": false,
  "source": "twelvedata_repo"
}