{
  "datetime": "2026-04-22 00:00:00",
  "open": 1.17391,
  "high": 1.17398,
  "low": 1.17391,
  "close": 1.17392,
  "rollH20": 1.1745,
  "rollL20": 1.17339,
  "up2": false,
  "dn2": false,
  "source": "twelvedata_repo"
}