{
  "datetime": "2025-12-29 20:10:00",
  "open": 1.17585,
  "high": 1.17591,
  "low": 1.17585,
  "close": 1.17591,
  "rollH20": 1.17591,
  "rollL20": 1.17508,
  "up2": false,
  "dn2": false,
  "source": "twelvedata_repo"
}