{
  "datetime": "2025-12-12 00:35:00",
  "open": 1.17389,
  "high": 1.1739,
  "low": 1.17379,
  "close": 1.1738,
  "rollH20": 1.17424,
  "rollL20": 1.17363,
  "up2": false,
  "dn2": false,
  "source": "twelvedata_repo"
}