{
  "datetime": "2025-11-20 10:55:00",
  "open": 1.15267,
  "high": 1.15267,
  "low": 1.15267,
  "close": 1.15267,
  "rollH20": 1.15271,
  "rollL20": 1.15125,
  "up2": false,
  "dn2": false,
  "source": "twelvedata_repo"
}