{
  "datetime": "2026-05-22 00:15:00",
  "open": 1.16174,
  "high": 1.16187,
  "low": 1.16174,
  "close": 1.16185,
  "rollH20": 1.16222,
  "rollL20": 1.16152,
  "up2": false,
  "dn2": false,
  "source": "twelvedata_repo"
}