{
  "datetime": "2026-01-10 13:25:00",
  "open": 1.16367,
  "high": 1.1637,
  "low": 1.16366,
  "close": 1.16369,
  "rollH20": 1.16415,
  "rollL20": 1.1636,
  "up2": false,
  "dn2": false,
  "source": "twelvedata_repo"
}