{
  "datetime": "2026-03-31 21:05:00",
  "open": 1.15615,
  "high": 1.15625,
  "low": 1.15615,
  "close": 1.15625,
  "rollH20": 1.1562,
  "rollL20": 1.15398,
  "up2": false,
  "dn2": false,
  "source": "twelvedata_repo"
}