{
  "datetime": "2025-12-01 06:40:00",
  "open": 1.15983,
  "high": 1.15986,
  "low": 1.15953,
  "close": 1.15962,
  "rollH20": 1.16031,
  "rollL20": 1.15949,
  "up2": false,
  "dn2": false,
  "source": "twelvedata_repo"
}