{
  "datetime": "2025-12-12 09:50:00",
  "open": 1.17347,
  "high": 1.17347,
  "low": 1.17346,
  "close": 1.17346,
  "rollH20": 1.17432,
  "rollL20": 1.17339,
  "up2": false,
  "dn2": false,
  "source": "twelvedata_repo"
}