{
  "datetime": "2026-06-21 14:30:00",
  "open": 1.14726,
  "high": 1.14731,
  "low": 1.14724,
  "close": 1.14727,
  "rollH20": 1.14749,
  "rollL20": 1.14717,
  "up2": false,
  "dn2": false,
  "source": "twelvedata_repo"
}