{
  "datetime": "2026-03-17 14:00:00",
  "open": 1.15314,
  "high": 1.15314,
  "low": 1.15303,
  "close": 1.15303,
  "rollH20": 1.15421,
  "rollL20": 1.15123,
  "up2": false,
  "dn2": false,
  "source": "twelvedata_repo"
}