{
  "datetime": "2025-09-19 00:45:00",
  "open": 1.17891,
  "high": 1.17899,
  "low": 1.17889,
  "close": 1.17893,
  "rollH20": 1.17895,
  "rollL20": 1.17841,
  "up2": false,
  "dn2": false,
  "source": "twelvedata_repo"
}