{
  "datetime": "2025-11-26 20:55:00",
  "open": 1.15941,
  "high": 1.15945,
  "low": 1.1593,
  "close": 1.15931,
  "rollH20": 1.15963,
  "rollL20": 1.15898,
  "up2": false,
  "dn2": false,
  "source": "twelvedata_repo"
}