{
  "datetime": "2025-12-30 13:55:00",
  "open": 1.17629,
  "high": 1.17631,
  "low": 1.17606,
  "close": 1.17617,
  "rollH20": 1.17762,
  "rollL20": 1.17612,
  "up2": false,
  "dn2": false,
  "source": "twelvedata_repo"
}