{
  "datetime": "2025-11-27 15:15:00",
  "open": 1.15941,
  "high": 1.15946,
  "low": 1.15937,
  "close": 1.15944,
  "rollH20": 1.15963,
  "rollL20": 1.15818,
  "up2": false,
  "dn2": false,
  "source": "twelvedata_repo"
}