{
  "datetime": "2025-10-14 06:10:00",
  "open": 1.15856,
  "high": 1.15863,
  "low": 1.15845,
  "close": 1.15852,
  "rollH20": 1.15924,
  "rollL20": 1.15749,
  "up2": false,
  "dn2": false,
  "source": "twelvedata_repo"
}