{
  "datetime": "2026-03-04 21:55:00",
  "open": 1.16369,
  "high": 1.16372,
  "low": 1.16357,
  "close": 1.16358,
  "rollH20": 1.16444,
  "rollL20": 1.16355,
  "up2": false,
  "dn2": false,
  "source": "twelvedata_repo"
}