{
  "datetime": "2026-03-21 09:10:00",
  "open": 1.15896,
  "high": 1.15915,
  "low": 1.15895,
  "close": 1.15913,
  "rollH20": 1.1592,
  "rollL20": 1.15842,
  "up2": false,
  "dn2": false,
  "source": "twelvedata_repo"
}