{
  "datetime": "2025-10-30 08:40:00",
  "open": 1.16197,
  "high": 1.16203,
  "low": 1.16192,
  "close": 1.16197,
  "rollH20": 1.16294,
  "rollL20": 1.16138,
  "up2": false,
  "dn2": false,
  "source": "twelvedata_repo"
}