{
  "datetime": "2026-05-06 10:55:00",
  "open": 1.17767,
  "high": 1.17772,
  "low": 1.17758,
  "close": 1.17772,
  "rollH20": 1.17774,
  "rollL20": 1.17328,
  "up2": false,
  "dn2": false,
  "source": "twelvedata_repo"
}