{
  "datetime": "2025-10-06 18:55:00",
  "open": 1.17097,
  "high": 1.17112,
  "low": 1.17097,
  "close": 1.17109,
  "rollH20": 1.17158,
  "rollL20": 1.17031,
  "up2": false,
  "dn2": false,
  "source": "twelvedata_repo"
}