{
  "datetime": "2025-10-15 16:25:00",
  "open": 1.16338,
  "high": 1.16361,
  "low": 1.16335,
  "close": 1.16347,
  "rollH20": 1.16343,
  "rollL20": 1.16185,
  "up2": false,
  "dn2": false,
  "source": "twelvedata_repo"
}