{
  "datetime": "2026-04-30 19:40:00",
  "open": 1.17352,
  "high": 1.17358,
  "low": 1.17341,
  "close": 1.17355,
  "rollH20": 1.17351,
  "rollL20": 1.17235,
  "up2": false,
  "dn2": false,
  "source": "twelvedata_repo"
}