{
  "datetime": "2026-01-13 19:55:00",
  "open": 1.16541,
  "high": 1.16547,
  "low": 1.16537,
  "close": 1.16541,
  "rollH20": 1.16544,
  "rollL20": 1.1642,
  "up2": false,
  "dn2": false,
  "source": "twelvedata_repo"
}