{
  "datetime": "2026-03-13 10:15:00",
  "open": 1.14629,
  "high": 1.14633,
  "low": 1.14625,
  "close": 1.14626,
  "rollH20": 1.14645,
  "rollL20": 1.14409,
  "up2": false,
  "dn2": false,
  "source": "twelvedata_repo"
}