{
  "datetime": "2026-01-13 10:00:00",
  "open": 1.16682,
  "high": 1.16686,
  "low": 1.16682,
  "close": 1.16686,
  "rollH20": 1.16686,
  "rollL20": 1.16561,
  "up2": false,
  "dn2": false,
  "source": "twelvedata_repo"
}