{
  "datetime": "2026-05-19 07:55:00",
  "open": 1.16386,
  "high": 1.16391,
  "low": 1.16367,
  "close": 1.16378,
  "rollH20": 1.16461,
  "rollL20": 1.1634,
  "up2": false,
  "dn2": false,
  "source": "twelvedata_repo"
}