{
  "datetime": "2025-10-10 11:40:00",
  "open": 1.15762,
  "high": 1.15769,
  "low": 1.15743,
  "close": 1.15749,
  "rollH20": 1.15834,
  "rollL20": 1.15687,
  "up2": false,
  "dn2": false,
  "source": "twelvedata_repo"
}