{
  "datetime": "2026-03-24 13:25:00",
  "open": 1.15881,
  "high": 1.15944,
  "low": 1.15879,
  "close": 1.15939,
  "rollH20": 1.15993,
  "rollL20": 1.15828,
  "up2": false,
  "dn2": false,
  "source": "twelvedata_repo"
}