{
  "datetime": "2026-04-19 23:35:00",
  "open": 1.1736,
  "high": 1.17367,
  "low": 1.1736,
  "close": 1.17367,
  "rollH20": 1.17493,
  "rollL20": 1.17299,
  "up2": false,
  "dn2": false,
  "source": "twelvedata_repo"
}