{
  "datetime": "2026-02-18 12:40:00",
  "open": 1.18459,
  "high": 1.18464,
  "low": 1.18449,
  "close": 1.18455,
  "rollH20": 1.18468,
  "rollL20": 1.18309,
  "up2": false,
  "dn2": false,
  "source": "twelvedata_repo"
}