{
  "datetime": "2025-12-01 09:55:00",
  "open": 1.16149,
  "high": 1.16149,
  "low": 1.16121,
  "close": 1.16131,
  "rollH20": 1.16216,
  "rollL20": 1.15984,
  "up2": false,
  "dn2": false,
  "source": "twelvedata_repo"
}