{
  "datetime": "2026-01-06 14:35:00",
  "open": 1.1708,
  "high": 1.17103,
  "low": 1.1708,
  "close": 1.17096,
  "rollH20": 1.17125,
  "rollL20": 1.1698,
  "up2": false,
  "dn2": false,
  "source": "twelvedata_repo"
}