{
  "datetime": "2025-12-17 00:45:00",
  "open": 1.17507,
  "high": 1.17511,
  "low": 1.17498,
  "close": 1.17499,
  "rollH20": 1.17511,
  "rollL20": 1.17469,
  "up2": false,
  "dn2": false,
  "source": "twelvedata_repo"
}