{
  "datetime": "2025-10-13 22:25:00",
  "open": 1.15704,
  "high": 1.15706,
  "low": 1.15704,
  "close": 1.15705,
  "rollH20": 1.15708,
  "rollL20": 1.1565,
  "up2": false,
  "dn2": false,
  "source": "twelvedata_repo"
}