{
  "datetime": "2025-10-27 00:40:00",
  "open": 1.16314,
  "high": 1.16314,
  "low": 1.1631,
  "close": 1.1631,
  "rollH20": 1.16356,
  "rollL20": 1.16261,
  "up2": false,
  "dn2": false,
  "source": "twelvedata_repo"
}