{
  "datetime": "2026-01-02 07:55:00",
  "open": 1.17451,
  "high": 1.17454,
  "low": 1.17428,
  "close": 1.17434,
  "rollH20": 1.17578,
  "rollL20": 1.1741,
  "up2": false,
  "dn2": false,
  "source": "twelvedata_repo"
}