{
  "datetime": "2026-03-17 19:25:00",
  "open": 1.154,
  "high": 1.15404,
  "low": 1.15398,
  "close": 1.154,
  "rollH20": 1.15475,
  "rollL20": 1.15357,
  "up2": false,
  "dn2": false,
  "source": "twelvedata_repo"
}