{
  "datetime": "2025-10-03 04:35:00",
  "open": 1.17209,
  "high": 1.17235,
  "low": 1.17206,
  "close": 1.17232,
  "rollH20": 1.17283,
  "rollL20": 1.17198,
  "up2": false,
  "dn2": false,
  "source": "twelvedata_repo"
}