{
  "datetime": "2025-10-30 19:55:00",
  "open": 1.15684,
  "high": 1.15687,
  "low": 1.15675,
  "close": 1.15681,
  "rollH20": 1.15707,
  "rollL20": 1.15608,
  "up2": false,
  "dn2": false,
  "source": "twelvedata_repo"
}