{
  "datetime": "2025-09-01 00:55:00",
  "open": 1.16898,
  "high": 1.16906,
  "low": 1.16892,
  "close": 1.16901,
  "rollH20": 1.1691,
  "rollL20": 1.1683,
  "up2": false,
  "dn2": false,
  "source": "twelvedata_repo"
}