{
  "datetime": "2025-12-21 23:55:00",
  "open": 1.17139,
  "high": 1.17158,
  "low": 1.17137,
  "close": 1.17142,
  "rollH20": 1.17219,
  "rollL20": 1.17072,
  "up2": false,
  "dn2": false,
  "source": "twelvedata_repo"
}