{
  "datetime": "2026-01-15 09:50:00",
  "open": 1.16336,
  "high": 1.1634,
  "low": 1.16325,
  "close": 1.16325,
  "rollH20": 1.16355,
  "rollL20": 1.16266,
  "up2": false,
  "dn2": false,
  "source": "twelvedata_repo"
}