{
  "datetime": "2025-12-04 19:15:00",
  "open": 1.16569,
  "high": 1.16574,
  "low": 1.16569,
  "close": 1.1657,
  "rollH20": 1.16599,
  "rollL20": 1.16534,
  "up2": false,
  "dn2": false,
  "source": "twelvedata_repo"
}