{
  "datetime": "2026-04-13 12:35:00",
  "open": 1.1698,
  "high": 1.1698,
  "low": 1.16935,
  "close": 1.1694,
  "rollH20": 1.16999,
  "rollL20": 1.16829,
  "up2": false,
  "dn2": false,
  "source": "twelvedata_repo"
}