{
  "datetime": "2026-04-09 19:55:00",
  "open": 1.17016,
  "high": 1.17024,
  "low": 1.17015,
  "close": 1.17022,
  "rollH20": 1.17231,
  "rollL20": 1.16988,
  "up2": false,
  "dn2": false,
  "source": "twelvedata_repo"
}