{
  "datetime": "2026-04-17 11:30:00",
  "open": 1.17946,
  "high": 1.17949,
  "low": 1.17926,
  "close": 1.17932,
  "rollH20": 1.17994,
  "rollL20": 1.17914,
  "up2": false,
  "dn2": false,
  "source": "twelvedata_repo"
}