{
  "datetime": "2026-03-12 15:10:00",
  "open": 1.15161,
  "high": 1.15171,
  "low": 1.15158,
  "close": 1.15158,
  "rollH20": 1.15384,
  "rollL20": 1.1514,
  "up2": false,
  "dn2": false,
  "source": "twelvedata_repo"
}