{
  "datetime": "2026-01-09 13:30:00",
  "open": 1.16428,
  "high": 1.16434,
  "low": 1.16418,
  "close": 1.16429,
  "rollH20": 1.16473,
  "rollL20": 1.16419,
  "up2": false,
  "dn2": false,
  "source": "twelvedata_repo"
}