{
  "datetime": "2026-04-21 15:20:00",
  "open": 1.17691,
  "high": 1.17694,
  "low": 1.17674,
  "close": 1.17676,
  "rollH20": 1.17703,
  "rollL20": 1.17573,
  "up2": false,
  "dn2": false,
  "source": "twelvedata_repo"
}