{
  "datetime": "2025-12-05 20:05:00",
  "open": 1.16437,
  "high": 1.16437,
  "low": 1.16426,
  "close": 1.16428,
  "rollH20": 1.16491,
  "rollL20": 1.16363,
  "up2": false,
  "dn2": false,
  "source": "twelvedata_repo"
}