{
  "datetime": "2026-03-07 16:25:00",
  "open": 1.16193,
  "high": 1.16198,
  "low": 1.16191,
  "close": 1.16192,
  "rollH20": 1.16197,
  "rollL20": 1.1618,
  "up2": false,
  "dn2": false,
  "source": "twelvedata_repo"
}