{
  "datetime": "2026-01-12 14:55:00",
  "open": 1.16933,
  "high": 1.16934,
  "low": 1.16926,
  "close": 1.16927,
  "rollH20": 1.16984,
  "rollL20": 1.16787,
  "up2": false,
  "dn2": false,
  "source": "twelvedata_repo"
}