{
  "datetime": "2025-10-07 05:40:00",
  "open": 1.17025,
  "high": 1.17025,
  "low": 1.17007,
  "close": 1.17007,
  "rollH20": 1.17096,
  "rollL20": 1.16997,
  "up2": false,
  "dn2": false,
  "source": "twelvedata_repo"
}