{
  "datetime": "2025-09-22 20:45:00",
  "open": 1.17985,
  "high": 1.17986,
  "low": 1.17983,
  "close": 1.17985,
  "rollH20": 1.17997,
  "rollL20": 1.17923,
  "up2": false,
  "dn2": false,
  "source": "twelvedata_repo"
}