{
  "datetime": "2025-09-26 11:35:00",
  "open": 1.16715,
  "high": 1.16716,
  "low": 1.16696,
  "close": 1.16699,
  "rollH20": 1.16843,
  "rollL20": 1.1671,
  "up2": false,
  "dn2": false,
  "source": "twelvedata_repo"
}