{
  "datetime": "2026-03-13 14:00:00",
  "open": 1.14801,
  "high": 1.14802,
  "low": 1.1476,
  "close": 1.14761,
  "rollH20": 1.149,
  "rollL20": 1.1463,
  "up2": false,
  "dn2": false,
  "source": "twelvedata_repo"
}