{
  "datetime": "2025-10-09 17:30:00",
  "open": 1.15587,
  "high": 1.15596,
  "low": 1.15567,
  "close": 1.15569,
  "rollH20": 1.15883,
  "rollL20": 1.15471,
  "up2": false,
  "dn2": false,
  "source": "twelvedata_repo"
}