{
  "datetime": "2026-01-25 08:40:00",
  "open": 1.18244,
  "high": 1.18249,
  "low": 1.18243,
  "close": 1.18244,
  "rollH20": 1.1825,
  "rollL20": 1.18215,
  "up2": false,
  "dn2": false,
  "source": "twelvedata_repo"
}