{
  "datetime": "2025-11-20 22:05:00",
  "open": 1.15261,
  "high": 1.15263,
  "low": 1.1525,
  "close": 1.15257,
  "rollH20": 1.15399,
  "rollL20": 1.15251,
  "up2": false,
  "dn2": false,
  "source": "twelvedata_repo"
}