{
  "datetime": "2026-01-31 07:35:00",
  "open": 1.18609,
  "high": 1.18612,
  "low": 1.18609,
  "close": 1.1861,
  "rollH20": 1.18614,
  "rollL20": 1.18577,
  "up2": false,
  "dn2": false,
  "source": "twelvedata_repo"
}