{
  "datetime": "2025-09-02 12:55:00",
  "open": 1.1645,
  "high": 1.16476,
  "low": 1.16441,
  "close": 1.16467,
  "rollH20": 1.16453,
  "rollL20": 1.16268,
  "up2": false,
  "dn2": false,
  "source": "twelvedata_repo"
}