{
  "datetime": "2026-04-29 17:00:00",
  "open": 1.16946,
  "high": 1.16974,
  "low": 1.16946,
  "close": 1.16972,
  "rollH20": 1.1704,
  "rollL20": 1.16868,
  "up2": false,
  "dn2": false,
  "source": "twelvedata_repo"
}