{
  "datetime": "2026-01-14 14:35:00",
  "open": 1.1647,
  "high": 1.16493,
  "low": 1.1647,
  "close": 1.16489,
  "rollH20": 1.16614,
  "rollL20": 1.16439,
  "up2": false,
  "dn2": false,
  "source": "twelvedata_repo"
}