{
  "datetime": "2026-05-11 05:50:00",
  "open": 1.1753,
  "high": 1.1754,
  "low": 1.17523,
  "close": 1.17524,
  "rollH20": 1.17596,
  "rollL20": 1.17521,
  "up2": false,
  "dn2": false,
  "source": "twelvedata_repo"
}