{
  "datetime": "2025-10-03 04:45:00",
  "open": 1.17234,
  "high": 1.17249,
  "low": 1.17231,
  "close": 1.1724,
  "rollH20": 1.17266,
  "rollL20": 1.17198,
  "up2": false,
  "dn2": false,
  "source": "twelvedata_repo"
}