{
  "datetime": "2025-12-10 00:30:00",
  "open": 1.16265,
  "high": 1.16272,
  "low": 1.16265,
  "close": 1.16266,
  "rollH20": 1.16295,
  "rollL20": 1.16249,
  "up2": false,
  "dn2": false,
  "source": "twelvedata_repo"
}