{
  "datetime": "2025-11-03 14:35:00",
  "open": 1.15107,
  "high": 1.15143,
  "low": 1.15107,
  "close": 1.15129,
  "rollH20": 1.15219,
  "rollL20": 1.15061,
  "up2": false,
  "dn2": false,
  "source": "twelvedata_repo"
}