{
  "datetime": "2025-11-18 05:55:00",
  "open": 1.15966,
  "high": 1.15966,
  "low": 1.15958,
  "close": 1.15958,
  "rollH20": 1.16034,
  "rollL20": 1.15888,
  "up2": false,
  "dn2": false,
  "source": "twelvedata_repo"
}