{
  "datetime": "2025-09-01 06:45:00",
  "open": 1.17124,
  "high": 1.17136,
  "low": 1.17111,
  "close": 1.17128,
  "rollH20": 1.17161,
  "rollL20": 1.1704,
  "up2": false,
  "dn2": false,
  "source": "twelvedata_repo"
}