{
  "datetime": "2025-11-28 19:55:00",
  "open": 1.16004,
  "high": 1.16011,
  "low": 1.16004,
  "close": 1.16011,
  "rollH20": 1.16046,
  "rollL20": 1.15945,
  "up2": false,
  "dn2": false,
  "source": "twelvedata_repo"
}