{
  "datetime": "2026-02-17 05:00:00",
  "open": 1.18416,
  "high": 1.18423,
  "low": 1.18406,
  "close": 1.18406,
  "rollH20": 1.18431,
  "rollL20": 1.1839,
  "up2": false,
  "dn2": false,
  "source": "twelvedata_repo"
}