{
  "datetime": "2026-05-16 08:05:00",
  "open": 1.16248,
  "high": 1.16254,
  "low": 1.16241,
  "close": 1.16243,
  "rollH20": 1.16254,
  "rollL20": 1.16244,
  "up2": false,
  "dn2": false,
  "source": "twelvedata_repo"
}