{
  "datetime": "2025-10-30 23:40:00",
  "open": 1.15687,
  "high": 1.15687,
  "low": 1.15661,
  "close": 1.15667,
  "rollH20": 1.15701,
  "rollL20": 1.15648,
  "up2": false,
  "dn2": false,
  "source": "twelvedata_repo"
}