{
  "datetime": "2026-04-17 11:55:00",
  "open": 1.17956,
  "high": 1.17956,
  "low": 1.17944,
  "close": 1.17945,
  "rollH20": 1.17994,
  "rollL20": 1.17915,
  "up2": false,
  "dn2": false,
  "source": "twelvedata_repo"
}