{
  "datetime": "2025-10-30 23:35:00",
  "open": 1.15699,
  "high": 1.15701,
  "low": 1.15699,
  "close": 1.15699,
  "rollH20": 1.15701,
  "rollL20": 1.15646,
  "up2": false,
  "dn2": false,
  "source": "twelvedata_repo"
}