{
  "datetime": "2026-04-03 19:00:00",
  "open": 1.15201,
  "high": 1.15209,
  "low": 1.15201,
  "close": 1.15209,
  "rollH20": 1.15222,
  "rollL20": 1.15183,
  "up2": false,
  "dn2": false,
  "source": "twelvedata_repo"
}