{
  "datetime": "2026-02-03 00:00:00",
  "open": 1.17909,
  "high": 1.17924,
  "low": 1.1788,
  "close": 1.1792,
  "rollH20": 1.17943,
  "rollL20": 1.17874,
  "up2": false,
  "dn2": false,
  "source": "twelvedata_repo"
}