{
  "datetime": "2025-11-19 15:30:00",
  "open": 1.15597,
  "high": 1.15647,
  "low": 1.15595,
  "close": 1.15636,
  "rollH20": 1.15905,
  "rollL20": 1.15573,
  "up2": false,
  "dn2": false,
  "source": "twelvedata_repo"
}