{
  "datetime": "2026-02-11 13:00:00",
  "open": 1.19097,
  "high": 1.19101,
  "low": 1.19085,
  "close": 1.19088,
  "rollH20": 1.19268,
  "rollL20": 1.19074,
  "up2": false,
  "dn2": false,
  "source": "twelvedata_repo"
}