{
  "datetime": "2026-03-12 16:00:00",
  "open": 1.1521,
  "high": 1.15231,
  "low": 1.15207,
  "close": 1.15229,
  "rollH20": 1.15306,
  "rollL20": 1.15115,
  "up2": false,
  "dn2": false,
  "source": "twelvedata_repo"
}