{
  "datetime": "2026-05-19 23:25:00",
  "open": 1.1608,
  "high": 1.16084,
  "low": 1.16077,
  "close": 1.16083,
  "rollH20": 1.16093,
  "rollL20": 1.16021,
  "up2": false,
  "dn2": false,
  "source": "twelvedata_repo"
}