{
  "datetime": "2025-11-03 02:35:00",
  "open": 1.15288,
  "high": 1.15288,
  "low": 1.1528,
  "close": 1.15286,
  "rollH20": 1.1531,
  "rollL20": 1.15223,
  "up2": false,
  "dn2": false,
  "source": "twelvedata_repo"
}