{
  "datetime": "2026-04-18 18:00:00",
  "open": 1.17651,
  "high": 1.17655,
  "low": 1.17645,
  "close": 1.17648,
  "rollH20": 1.17739,
  "rollL20": 1.1762,
  "up2": false,
  "dn2": false,
  "source": "twelvedata_repo"
}