{
  "datetime": "2026-04-02 18:10:00",
  "open": 1.15424,
  "high": 1.15427,
  "low": 1.15423,
  "close": 1.15424,
  "rollH20": 1.15518,
  "rollL20": 1.15374,
  "up2": false,
  "dn2": false,
  "source": "twelvedata_repo"
}