{
  "datetime": "2025-10-29 21:55:00",
  "open": 1.15999,
  "high": 1.16023,
  "low": 1.15999,
  "close": 1.16017,
  "rollH20": 1.16067,
  "rollL20": 1.15782,
  "up2": false,
  "dn2": false,
  "source": "twelvedata_repo"
}