{
  "datetime": "2026-05-15 20:20:00",
  "open": 1.16203,
  "high": 1.16219,
  "low": 1.16202,
  "close": 1.16218,
  "rollH20": 1.1631,
  "rollL20": 1.16174,
  "up2": false,
  "dn2": false,
  "source": "twelvedata_repo"
}