{
  "datetime": "2026-03-01 22:45:00",
  "open": 1.17726,
  "high": 1.1774,
  "low": 1.17726,
  "close": 1.17739,
  "rollH20": 1.17932,
  "rollL20": 1.17577,
  "up2": false,
  "dn2": false,
  "source": "twelvedata_repo"
}