{
  "datetime": "2026-02-16 09:55:00",
  "open": 1.18645,
  "high": 1.18656,
  "low": 1.18643,
  "close": 1.1865,
  "rollH20": 1.18692,
  "rollL20": 1.18583,
  "up2": false,
  "dn2": false,
  "source": "twelvedata_repo"
}