{
  "datetime": "2026-03-14 04:30:00",
  "open": 1.14685,
  "high": 1.1469,
  "low": 1.14684,
  "close": 1.14686,
  "rollH20": 1.14692,
  "rollL20": 1.14482,
  "up2": false,
  "dn2": false,
  "source": "twelvedata_repo"
}