{
  "datetime": "2026-03-09 06:55:00",
  "open": 1.15477,
  "high": 1.15499,
  "low": 1.15477,
  "close": 1.15499,
  "rollH20": 1.15705,
  "rollL20": 1.15309,
  "up2": false,
  "dn2": false,
  "source": "twelvedata_repo"
}