{
  "datetime": "2025-12-01 08:55:00",
  "open": 1.1608,
  "high": 1.16107,
  "low": 1.16078,
  "close": 1.16107,
  "rollH20": 1.1613,
  "rollL20": 1.15914,
  "up2": false,
  "dn2": false,
  "source": "twelvedata_repo"
}