{
  "datetime": "2026-05-15 04:20:00",
  "open": 1.16514,
  "high": 1.16517,
  "low": 1.16512,
  "close": 1.16517,
  "rollH20": 1.16573,
  "rollL20": 1.16461,
  "up2": false,
  "dn2": false,
  "source": "twelvedata_repo"
}