{
  "datetime": "2026-06-20 20:10:00",
  "open": 1.14739,
  "high": 1.14742,
  "low": 1.14739,
  "close": 1.14739,
  "rollH20": 1.14813,
  "rollL20": 1.14708,
  "up2": false,
  "dn2": false,
  "source": "twelvedata_repo"
}