{
  "datetime": "2025-10-08 11:05:00",
  "open": 1.16138,
  "high": 1.1615,
  "low": 1.16122,
  "close": 1.16131,
  "rollH20": 1.16278,
  "rollL20": 1.16059,
  "up2": false,
  "dn2": false,
  "source": "twelvedata_repo"
}