{
  "datetime": "2026-03-23 02:40:00",
  "open": 1.15595,
  "high": 1.15599,
  "low": 1.15575,
  "close": 1.15585,
  "rollH20": 1.1564,
  "rollL20": 1.15404,
  "up2": false,
  "dn2": false,
  "source": "twelvedata_repo"
}