{
  "datetime": "2026-03-26 10:40:00",
  "open": 1.15559,
  "high": 1.15563,
  "low": 1.15559,
  "close": 1.15563,
  "rollH20": 1.15656,
  "rollL20": 1.15483,
  "up2": false,
  "dn2": false,
  "source": "twelvedata_repo"
}