{
  "datetime": "2026-06-20 21:20:00",
  "open": 1.14755,
  "high": 1.14755,
  "low": 1.1475,
  "close": 1.14753,
  "rollH20": 1.14813,
  "rollL20": 1.14708,
  "up2": false,
  "dn2": false,
  "source": "twelvedata_repo"
}