{
  "datetime": "2025-11-04 09:55:00",
  "open": 1.15159,
  "high": 1.15162,
  "low": 1.15138,
  "close": 1.15152,
  "rollH20": 1.15333,
  "rollL20": 1.15145,
  "up2": false,
  "dn2": false,
  "source": "twelvedata_repo"
}