{
  "datetime": "2025-10-08 12:40:00",
  "open": 1.16304,
  "high": 1.16312,
  "low": 1.16277,
  "close": 1.16278,
  "rollH20": 1.16361,
  "rollL20": 1.16092,
  "up2": false,
  "dn2": false,
  "source": "twelvedata_repo"
}