{
  "datetime": "2025-12-08 19:30:00",
  "open": 1.16366,
  "high": 1.16369,
  "low": 1.16352,
  "close": 1.16359,
  "rollH20": 1.16401,
  "rollL20": 1.16209,
  "up2": false,
  "dn2": false,
  "source": "twelvedata_repo"
}