{
  "datetime": "2025-11-21 07:55:00",
  "open": 1.15407,
  "high": 1.15412,
  "low": 1.15407,
  "close": 1.15408,
  "rollH20": 1.15465,
  "rollL20": 1.15346,
  "up2": false,
  "dn2": false,
  "source": "twelvedata_repo"
}