{
  "datetime": "2026-05-25 18:10:00",
  "open": 1.1641,
  "high": 1.16414,
  "low": 1.16408,
  "close": 1.16413,
  "rollH20": 1.16466,
  "rollL20": 1.16367,
  "up2": false,
  "dn2": false,
  "source": "twelvedata_repo"
}