{
  "datetime": "2025-10-16 16:20:00",
  "open": 1.16706,
  "high": 1.16721,
  "low": 1.16704,
  "close": 1.16704,
  "rollH20": 1.16779,
  "rollL20": 1.16536,
  "up2": false,
  "dn2": false,
  "source": "twelvedata_repo"
}