{
  "datetime": "2025-10-30 22:40:00",
  "open": 1.15685,
  "high": 1.15685,
  "low": 1.1568,
  "close": 1.15681,
  "rollH20": 1.15719,
  "rollL20": 1.15642,
  "up2": false,
  "dn2": false,
  "source": "twelvedata_repo"
}