{
  "datetime": "2026-01-25 11:20:00",
  "open": 1.18254,
  "high": 1.18257,
  "low": 1.18253,
  "close": 1.18257,
  "rollH20": 1.18259,
  "rollL20": 1.18247,
  "up2": false,
  "dn2": false,
  "source": "twelvedata_repo"
}