{
  "datetime": "2026-05-13 23:10:00",
  "open": 1.1717,
  "high": 1.17176,
  "low": 1.1717,
  "close": 1.17175,
  "rollH20": 1.17177,
  "rollL20": 1.17103,
  "up2": false,
  "dn2": false,
  "source": "twelvedata_repo"
}