{
  "datetime": "2026-07-09 22:40:00",
  "open": 1.14305,
  "high": 1.14322,
  "low": 1.14305,
  "close": 1.14316,
  "rollH20": 1.14342,
  "rollL20": 1.14268,
  "up2": false,
  "dn2": false,
  "source": "twelvedata_repo"
}