{
  "datetime": "2026-01-17 12:10:00",
  "open": 1.15946,
  "high": 1.1595,
  "low": 1.15943,
  "close": 1.15947,
  "rollH20": 1.16001,
  "rollL20": 1.15937,
  "up2": false,
  "dn2": false,
  "source": "twelvedata_repo"
}