{
  "datetime": "2026-05-13 02:50:00",
  "open": 1.17392,
  "high": 1.17422,
  "low": 1.17385,
  "close": 1.17408,
  "rollH20": 1.17412,
  "rollL20": 1.17324,
  "up2": false,
  "dn2": false,
  "source": "twelvedata_repo"
}