{
  "datetime": "2025-10-03 20:25:00",
  "open": 1.17402,
  "high": 1.17402,
  "low": 1.174,
  "close": 1.174,
  "rollH20": 1.1742,
  "rollL20": 1.17267,
  "up2": false,
  "dn2": false,
  "source": "twelvedata_repo"
}