{
  "datetime": "2026-03-07 18:25:00",
  "open": 1.16183,
  "high": 1.16187,
  "low": 1.16182,
  "close": 1.16186,
  "rollH20": 1.16199,
  "rollL20": 1.16179,
  "up2": false,
  "dn2": false,
  "source": "twelvedata_repo"
}