{
  "datetime": "2026-03-05 13:40:00",
  "open": 1.16069,
  "high": 1.16069,
  "low": 1.15999,
  "close": 1.16025,
  "rollH20": 1.16273,
  "rollL20": 1.16063,
  "up2": false,
  "dn2": false,
  "source": "twelvedata_repo"
}