{
  "datetime": "2026-03-26 13:55:00",
  "open": 1.15306,
  "high": 1.15313,
  "low": 1.15306,
  "close": 1.15313,
  "rollH20": 1.15536,
  "rollL20": 1.15235,
  "up2": false,
  "dn2": false,
  "source": "twelvedata_repo"
}