{
  "datetime": "2026-07-05 14:25:00",
  "open": 1.14389,
  "high": 1.14395,
  "low": 1.14389,
  "close": 1.14389,
  "rollH20": 1.14423,
  "rollL20": 1.14354,
  "up2": false,
  "dn2": false,
  "source": "twelvedata_repo"
}