{
  "datetime": "2025-12-18 21:45:00",
  "open": 1.17267,
  "high": 1.17269,
  "low": 1.17239,
  "close": 1.17248,
  "rollH20": 1.17281,
  "rollL20": 1.17214,
  "up2": false,
  "dn2": false,
  "source": "twelvedata_repo"
}