{
  "datetime": "2026-03-18 10:45:00",
  "open": 1.15394,
  "high": 1.1541,
  "low": 1.1539,
  "close": 1.15403,
  "rollH20": 1.1544,
  "rollL20": 1.15273,
  "up2": false,
  "dn2": false,
  "source": "twelvedata_repo"
}