{
  "datetime": "2026-03-16 09:00:00",
  "open": 1.14438,
  "high": 1.1446,
  "low": 1.14438,
  "close": 1.1446,
  "rollH20": 1.14448,
  "rollL20": 1.14146,
  "up2": false,
  "dn2": false,
  "source": "twelvedata_repo"
}