{
  "datetime": "2025-09-09 10:45:00",
  "open": 1.17675,
  "high": 1.17686,
  "low": 1.17666,
  "close": 1.17673,
  "rollH20": 1.17731,
  "rollL20": 1.17436,
  "up2": false,
  "dn2": false,
  "source": "twelvedata_repo"
}