{
  "datetime": "2026-02-07 08:55:00",
  "open": 1.18085,
  "high": 1.18104,
  "low": 1.18084,
  "close": 1.18104,
  "rollH20": 1.18186,
  "rollL20": 1.18082,
  "up2": false,
  "dn2": false,
  "source": "twelvedata_repo"
}