{
  "datetime": "2026-05-29 05:55:00",
  "open": 1.1638,
  "high": 1.16391,
  "low": 1.16378,
  "close": 1.1638,
  "rollH20": 1.16417,
  "rollL20": 1.16341,
  "up2": false,
  "dn2": false,
  "source": "twelvedata_repo"
}