{
  "datetime": "2026-02-16 19:15:00",
  "open": 1.18522,
  "high": 1.18527,
  "low": 1.18521,
  "close": 1.18525,
  "rollH20": 1.18527,
  "rollL20": 1.18465,
  "up2": false,
  "dn2": false,
  "source": "twelvedata_repo"
}