{
  "datetime": "2026-01-25 10:20:00",
  "open": 1.18251,
  "high": 1.18254,
  "low": 1.1825,
  "close": 1.18254,
  "rollH20": 1.18256,
  "rollL20": 1.18242,
  "up2": false,
  "dn2": false,
  "source": "twelvedata_repo"
}