{
  "datetime": "2026-01-17 00:55:00",
  "open": 1.16029,
  "high": 1.16051,
  "low": 1.16029,
  "close": 1.16048,
  "rollH20": 1.16068,
  "rollL20": 1.15986,
  "up2": false,
  "dn2": false,
  "source": "twelvedata_repo"
}