{
  "datetime": "2026-02-03 23:00:00",
  "open": 1.18187,
  "high": 1.18194,
  "low": 1.18187,
  "close": 1.18193,
  "rollH20": 1.18255,
  "rollL20": 1.18119,
  "up2": false,
  "dn2": false,
  "source": "twelvedata_repo"
}