{
  "datetime": "2026-01-13 17:55:00",
  "open": 1.16481,
  "high": 1.16481,
  "low": 1.1646,
  "close": 1.1646,
  "rollH20": 1.16558,
  "rollL20": 1.16357,
  "up2": false,
  "dn2": false,
  "source": "twelvedata_repo"
}