{
  "datetime": "2026-03-23 19:20:00",
  "open": 1.16047,
  "high": 1.1608,
  "low": 1.16041,
  "close": 1.1608,
  "rollH20": 1.16085,
  "rollL20": 1.15867,
  "up2": false,
  "dn2": false,
  "source": "twelvedata_repo"
}