{
  "datetime": "2025-10-28 16:55:00",
  "open": 1.16583,
  "high": 1.16595,
  "low": 1.16583,
  "close": 1.16595,
  "rollH20": 1.16667,
  "rollL20": 1.16477,
  "up2": false,
  "dn2": false,
  "source": "twelvedata_repo"
}