{
  "datetime": "2025-11-21 14:45:00",
  "open": 1.15195,
  "high": 1.15233,
  "low": 1.15195,
  "close": 1.15218,
  "rollH20": 1.15255,
  "rollL20": 1.14977,
  "up2": false,
  "dn2": false,
  "source": "twelvedata_repo"
}