{
  "datetime": "2026-07-14 14:55:00",
  "open": 1.14503,
  "high": 1.14541,
  "low": 1.14503,
  "close": 1.14524,
  "rollH20": 1.1462,
  "rollL20": 1.14045,
  "up2": false,
  "dn2": false,
  "source": "twelvedata_repo"
}