{
  "datetime": "2026-01-28 17:00:00",
  "open": 1.19439,
  "high": 1.19473,
  "low": 1.19439,
  "close": 1.19473,
  "rollH20": 1.19779,
  "rollL20": 1.1932,
  "up2": false,
  "dn2": false,
  "source": "twelvedata_repo"
}