{
  "datetime": "2026-03-06 00:55:00",
  "open": 1.16119,
  "high": 1.16125,
  "low": 1.16106,
  "close": 1.16106,
  "rollH20": 1.16147,
  "rollL20": 1.1606,
  "up2": false,
  "dn2": false,
  "source": "twelvedata_repo"
}