{
  "datetime": "2026-06-19 06:40:00",
  "open": 1.14216,
  "high": 1.14216,
  "low": 1.1419,
  "close": 1.14214,
  "rollH20": 1.14438,
  "rollL20": 1.1418,
  "up2": false,
  "dn2": false,
  "source": "twelvedata_repo"
}