{
  "datetime": "2026-03-17 17:45:00",
  "open": 1.15357,
  "high": 1.15365,
  "low": 1.15357,
  "close": 1.15365,
  "rollH20": 1.15396,
  "rollL20": 1.15205,
  "up2": false,
  "dn2": false,
  "source": "twelvedata_repo"
}