{
  "datetime": "2025-10-31 07:55:00",
  "open": 1.1564,
  "high": 1.1564,
  "low": 1.15625,
  "close": 1.15631,
  "rollH20": 1.15735,
  "rollL20": 1.15638,
  "up2": false,
  "dn2": false,
  "source": "twelvedata_repo"
}