{
  "datetime": "2025-11-10 11:25:00",
  "open": 1.15681,
  "high": 1.15688,
  "low": 1.1567,
  "close": 1.1567,
  "rollH20": 1.15803,
  "rollL20": 1.15641,
  "up2": false,
  "dn2": false,
  "source": "twelvedata_repo"
}