{
  "datetime": "2026-03-05 07:05:00",
  "open": 1.16083,
  "high": 1.16084,
  "low": 1.16049,
  "close": 1.16059,
  "rollH20": 1.16184,
  "rollL20": 1.1588,
  "up2": false,
  "dn2": false,
  "source": "twelvedata_repo"
}