{
  "datetime": "2026-02-14 22:35:00",
  "open": 1.18426,
  "high": 1.18431,
  "low": 1.18425,
  "close": 1.18429,
  "rollH20": 1.186,
  "rollL20": 1.18425,
  "up2": false,
  "dn2": false,
  "source": "twelvedata_repo"
}