{
  "datetime": "2026-03-16 22:05:00",
  "open": 1.15036,
  "high": 1.15046,
  "low": 1.15036,
  "close": 1.15046,
  "rollH20": 1.15092,
  "rollL20": 1.15036,
  "up2": false,
  "dn2": false,
  "source": "twelvedata_repo"
}