{
  "datetime": "2025-10-29 12:40:00",
  "open": 1.16369,
  "high": 1.16404,
  "low": 1.16369,
  "close": 1.16389,
  "rollH20": 1.1649,
  "rollL20": 1.16332,
  "up2": false,
  "dn2": false,
  "source": "twelvedata_repo"
}