{
  "datetime": "2026-01-29 20:35:00",
  "open": 1.19535,
  "high": 1.19538,
  "low": 1.19517,
  "close": 1.19534,
  "rollH20": 1.19634,
  "rollL20": 1.19484,
  "up2": false,
  "dn2": false,
  "source": "twelvedata_repo"
}