{
  "datetime": "2026-04-11 00:10:00",
  "open": 1.17265,
  "high": 1.17266,
  "low": 1.17257,
  "close": 1.17257,
  "rollH20": 1.17287,
  "rollL20": 1.17222,
  "up2": false,
  "dn2": false,
  "source": "twelvedata_repo"
}