{
  "datetime": "2025-09-18 22:35:00",
  "open": 1.17867,
  "high": 1.17874,
  "low": 1.17859,
  "close": 1.17859,
  "rollH20": 1.17872,
  "rollL20": 1.17812,
  "up2": false,
  "dn2": false,
  "source": "twelvedata_repo"
}