{
  "datetime": "2026-02-15 21:00:00",
  "open": 1.18715,
  "high": 1.18716,
  "low": 1.18715,
  "close": 1.18716,
  "rollH20": 1.18794,
  "rollL20": 1.18641,
  "up2": false,
  "dn2": false,
  "source": "twelvedata_repo"
}