{
  "datetime": "2026-02-16 09:30:00",
  "open": 1.18666,
  "high": 1.18666,
  "low": 1.18642,
  "close": 1.18645,
  "rollH20": 1.1871,
  "rollL20": 1.18583,
  "up2": false,
  "dn2": false,
  "source": "twelvedata_repo"
}