{
  "datetime": "2026-06-05 13:45:00",
  "open": 1.16107,
  "high": 1.1613,
  "low": 1.16059,
  "close": 1.16065,
  "rollH20": 1.16427,
  "rollL20": 1.16049,
  "up2": false,
  "dn2": false,
  "source": "twelvedata_repo"
}