{
  "datetime": "2026-04-21 22:10:00",
  "open": 1.17457,
  "high": 1.17459,
  "low": 1.1745,
  "close": 1.1745,
  "rollH20": 1.17636,
  "rollL20": 1.17161,
  "up2": false,
  "dn2": false,
  "source": "twelvedata_repo"
}