{
  "datetime": "2025-12-16 06:30:00",
  "open": 1.17524,
  "high": 1.17532,
  "low": 1.17524,
  "close": 1.17528,
  "rollH20": 1.17542,
  "rollL20": 1.17497,
  "up2": false,
  "dn2": false,
  "source": "twelvedata_repo"
}