{
  "datetime": "2026-04-06 09:45:00",
  "open": 1.15581,
  "high": 1.15582,
  "low": 1.15561,
  "close": 1.15568,
  "rollH20": 1.15696,
  "rollL20": 1.15262,
  "up2": false,
  "dn2": false,
  "source": "twelvedata_repo"
}