{
  "datetime": "2026-04-22 18:15:00",
  "open": 1.1714,
  "high": 1.1716,
  "low": 1.17137,
  "close": 1.1715,
  "rollH20": 1.17237,
  "rollL20": 1.17106,
  "up2": false,
  "dn2": false,
  "source": "twelvedata_repo"
}