{
  "datetime": "2026-01-21 06:50:00",
  "open": 1.17164,
  "high": 1.17171,
  "low": 1.17161,
  "close": 1.17166,
  "rollH20": 1.17221,
  "rollL20": 1.17145,
  "up2": false,
  "dn2": false,
  "source": "twelvedata_repo"
}