{
  "datetime": "2026-06-07 18:05:00",
  "open": 1.15219,
  "high": 1.1522,
  "low": 1.15211,
  "close": 1.1522,
  "rollH20": 1.15241,
  "rollL20": 1.15167,
  "up2": false,
  "dn2": false,
  "source": "twelvedata_repo"
}