{
  "datetime": "2026-02-28 11:15:00",
  "open": 1.18057,
  "high": 1.1806,
  "low": 1.18057,
  "close": 1.18058,
  "rollH20": 1.18107,
  "rollL20": 1.18053,
  "up2": false,
  "dn2": false,
  "source": "twelvedata_repo"
}