{
  "datetime": "2026-06-18 22:15:00",
  "open": 1.14601,
  "high": 1.14612,
  "low": 1.14574,
  "close": 1.14589,
  "rollH20": 1.1465,
  "rollL20": 1.14537,
  "up2": false,
  "dn2": false,
  "source": "twelvedata_repo"
}