{
  "datetime": "2025-10-31 07:15:00",
  "open": 1.15721,
  "high": 1.15729,
  "low": 1.15711,
  "close": 1.15725,
  "rollH20": 1.15735,
  "rollL20": 1.15664,
  "up2": false,
  "dn2": false,
  "source": "twelvedata_repo"
}