{
  "datetime": "2026-04-24 02:00:00",
  "open": 1.16854,
  "high": 1.1686,
  "low": 1.16846,
  "close": 1.16849,
  "rollH20": 1.16887,
  "rollL20": 1.16821,
  "up2": false,
  "dn2": false,
  "source": "twelvedata_repo"
}