{
  "datetime": "2026-01-28 05:35:00",
  "open": 1.19943,
  "high": 1.19946,
  "low": 1.19934,
  "close": 1.19938,
  "rollH20": 1.2005,
  "rollL20": 1.19922,
  "up2": false,
  "dn2": false,
  "source": "twelvedata_repo"
}