{
  "datetime": "2025-10-08 06:30:00",
  "open": 1.16155,
  "high": 1.16156,
  "low": 1.16154,
  "close": 1.16155,
  "rollH20": 1.1625,
  "rollL20": 1.1612,
  "up2": false,
  "dn2": false,
  "source": "twelvedata_repo"
}