{
  "datetime": "2025-11-18 00:55:00",
  "open": 1.15896,
  "high": 1.15902,
  "low": 1.15895,
  "close": 1.15899,
  "rollH20": 1.15939,
  "rollL20": 1.15886,
  "up2": false,
  "dn2": false,
  "source": "twelvedata_repo"
}