{
  "datetime": "2026-05-18 00:20:00",
  "open": 1.16216,
  "high": 1.16223,
  "low": 1.1621,
  "close": 1.16212,
  "rollH20": 1.16245,
  "rollL20": 1.16193,
  "up2": false,
  "dn2": false,
  "source": "twelvedata_repo"
}