{
  "datetime": "2026-01-09 03:30:00",
  "open": 1.16496,
  "high": 1.16517,
  "low": 1.16492,
  "close": 1.16511,
  "rollH20": 1.16574,
  "rollL20": 1.16463,
  "up2": false,
  "dn2": false,
  "source": "twelvedata_repo"
}