{
  "datetime": "2026-01-17 08:55:00",
  "open": 1.15942,
  "high": 1.15946,
  "low": 1.15941,
  "close": 1.15945,
  "rollH20": 1.15991,
  "rollL20": 1.15937,
  "up2": false,
  "dn2": false,
  "source": "twelvedata_repo"
}