{
  "datetime": "2025-10-17 15:30:00",
  "open": 1.16665,
  "high": 1.1668,
  "low": 1.16646,
  "close": 1.16653,
  "rollH20": 1.16822,
  "rollL20": 1.16568,
  "up2": false,
  "dn2": false,
  "source": "twelvedata_repo"
}