{
  "datetime": "2026-04-04 18:55:00",
  "open": 1.15178,
  "high": 1.15185,
  "low": 1.15176,
  "close": 1.15185,
  "rollH20": 1.15192,
  "rollL20": 1.15151,
  "up2": false,
  "dn2": false,
  "source": "twelvedata_repo"
}