{
  "datetime": "2026-03-23 15:45:00",
  "open": 1.1625,
  "high": 1.16283,
  "low": 1.16215,
  "close": 1.16256,
  "rollH20": 1.16393,
  "rollL20": 1.15811,
  "up2": false,
  "dn2": false,
  "source": "twelvedata_repo"
}