{
  "datetime": "2026-01-28 20:50:00",
  "open": 1.19297,
  "high": 1.19315,
  "low": 1.19284,
  "close": 1.19296,
  "rollH20": 1.19378,
  "rollL20": 1.18966,
  "up2": false,
  "dn2": false,
  "source": "twelvedata_repo"
}