{
  "datetime": "2025-10-24 21:55:00",
  "open": 1.16269,
  "high": 1.16283,
  "low": 1.16246,
  "close": 1.16274,
  "rollH20": 1.16355,
  "rollL20": 1.16215,
  "up2": false,
  "dn2": false,
  "source": "twelvedata_repo"
}