{
  "datetime": "2026-01-20 13:35:00",
  "open": 1.17384,
  "high": 1.1739,
  "low": 1.17383,
  "close": 1.17384,
  "rollH20": 1.17434,
  "rollL20": 1.17231,
  "up2": false,
  "dn2": false,
  "source": "twelvedata_repo"
}