{
  "datetime": "2026-05-16 22:45:00",
  "open": 1.16247,
  "high": 1.16249,
  "low": 1.16225,
  "close": 1.16247,
  "rollH20": 1.16255,
  "rollL20": 1.16225,
  "up2": false,
  "dn2": false,
  "source": "twelvedata_repo"
}