{
  "datetime": "2026-01-14 08:35:00",
  "open": 1.16483,
  "high": 1.16488,
  "low": 1.16478,
  "close": 1.16483,
  "rollH20": 1.16516,
  "rollL20": 1.16418,
  "up2": false,
  "dn2": false,
  "source": "twelvedata_repo"
}