{
  "datetime": "2026-07-03 20:40:00",
  "open": 1.1438,
  "high": 1.14387,
  "low": 1.14373,
  "close": 1.14376,
  "rollH20": 1.14418,
  "rollL20": 1.14373,
  "up2": false,
  "dn2": false,
  "source": "twelvedata_repo"
}