{
  "datetime": "2026-03-05 20:20:00",
  "open": 1.15996,
  "high": 1.16,
  "low": 1.15971,
  "close": 1.15975,
  "rollH20": 1.16036,
  "rollL20": 1.15708,
  "up2": false,
  "dn2": false,
  "source": "twelvedata_repo"
}