{
  "datetime": "2026-03-10 23:25:00",
  "open": 1.16108,
  "high": 1.16113,
  "low": 1.16108,
  "close": 1.16108,
  "rollH20": 1.16143,
  "rollL20": 1.16034,
  "up2": false,
  "dn2": false,
  "source": "twelvedata_repo"
}