{
  "datetime": "2026-01-20 22:40:00",
  "open": 1.17228,
  "high": 1.17233,
  "low": 1.17227,
  "close": 1.17229,
  "rollH20": 1.17257,
  "rollL20": 1.17109,
  "up2": false,
  "dn2": false,
  "source": "twelvedata_repo"
}