{
  "datetime": "2026-04-12 00:15:00",
  "open": 1.17211,
  "high": 1.17215,
  "low": 1.17211,
  "close": 1.17213,
  "rollH20": 1.17263,
  "rollL20": 1.1717,
  "up2": false,
  "dn2": false,
  "source": "twelvedata_repo"
}