{
  "datetime": "2026-02-04 20:55:00",
  "open": 1.18063,
  "high": 1.18097,
  "low": 1.18056,
  "close": 1.18095,
  "rollH20": 1.18076,
  "rollL20": 1.17961,
  "up2": false,
  "dn2": false,
  "source": "twelvedata_repo"
}