{
  "datetime": "2025-12-10 08:55:00",
  "open": 1.16421,
  "high": 1.16501,
  "low": 1.16412,
  "close": 1.16486,
  "rollH20": 1.16413,
  "rollL20": 1.16309,
  "up2": false,
  "dn2": false,
  "source": "twelvedata_repo"
}