{
  "datetime": "2026-06-21 09:40:00",
  "open": 1.14769,
  "high": 1.14773,
  "low": 1.14768,
  "close": 1.14768,
  "rollH20": 1.14795,
  "rollL20": 1.14758,
  "up2": false,
  "dn2": false,
  "source": "twelvedata_repo"
}