{
  "datetime": "2026-04-26 21:40:00",
  "open": 1.16989,
  "high": 1.16992,
  "low": 1.16986,
  "close": 1.16987,
  "rollH20": 1.17196,
  "rollL20": 1.16896,
  "up2": false,
  "dn2": false,
  "source": "twelvedata_repo"
}