{
  "datetime": "2026-01-31 08:40:00",
  "open": 1.18607,
  "high": 1.18613,
  "low": 1.18605,
  "close": 1.18607,
  "rollH20": 1.18614,
  "rollL20": 1.18558,
  "up2": false,
  "dn2": false,
  "source": "twelvedata_repo"
}