{
  "datetime": "2025-11-10 05:25:00",
  "open": 1.15577,
  "high": 1.15583,
  "low": 1.15572,
  "close": 1.15583,
  "rollH20": 1.15593,
  "rollL20": 1.15513,
  "up2": false,
  "dn2": false,
  "source": "twelvedata_repo"
}