{
  "datetime": "2026-04-20 12:10:00",
  "open": 1.17719,
  "high": 1.17725,
  "low": 1.17716,
  "close": 1.17724,
  "rollH20": 1.17723,
  "rollL20": 1.17561,
  "up2": false,
  "dn2": false,
  "source": "twelvedata_repo"
}