{
  "datetime": "2025-11-26 20:40:00",
  "open": 1.15946,
  "high": 1.15952,
  "low": 1.15946,
  "close": 1.15952,
  "rollH20": 1.1597,
  "rollL20": 1.15898,
  "up2": false,
  "dn2": false,
  "source": "twelvedata_repo"
}