{
  "datetime": "2026-02-20 17:05:00",
  "open": 1.17825,
  "high": 1.17842,
  "low": 1.17818,
  "close": 1.17821,
  "rollH20": 1.18012,
  "rollL20": 1.17747,
  "up2": false,
  "dn2": false,
  "source": "twelvedata_repo"
}