{
  "datetime": "2026-02-01 00:30:00",
  "open": 1.18545,
  "high": 1.18548,
  "low": 1.18544,
  "close": 1.18547,
  "rollH20": 1.18551,
  "rollL20": 1.18527,
  "up2": false,
  "dn2": false,
  "source": "twelvedata_repo"
}