{
  "datetime": "2025-12-31 13:55:00",
  "open": 1.17555,
  "high": 1.17583,
  "low": 1.17555,
  "close": 1.17566,
  "rollH20": 1.17569,
  "rollL20": 1.17392,
  "up2": false,
  "dn2": false,
  "source": "twelvedata_repo"
}