{
  "datetime": "2026-05-20 08:30:00",
  "open": 1.1598,
  "high": 1.15984,
  "low": 1.15953,
  "close": 1.15956,
  "rollH20": 1.16059,
  "rollL20": 1.15918,
  "up2": false,
  "dn2": false,
  "source": "twelvedata_repo"
}