{
  "datetime": "2026-05-01 17:10:00",
  "open": 1.17535,
  "high": 1.17581,
  "low": 1.1752,
  "close": 1.17535,
  "rollH20": 1.17833,
  "rollL20": 1.17538,
  "up2": false,
  "dn2": false,
  "source": "twelvedata_repo"
}