{
  "datetime": "2025-10-09 09:25:00",
  "open": 1.16108,
  "high": 1.16116,
  "low": 1.16103,
  "close": 1.16109,
  "rollH20": 1.16232,
  "rollL20": 1.16065,
  "up2": false,
  "dn2": false,
  "source": "twelvedata_repo"
}