{
  "datetime": "2025-10-23 23:05:00",
  "open": 1.16202,
  "high": 1.16205,
  "low": 1.16201,
  "close": 1.16205,
  "rollH20": 1.16209,
  "rollL20": 1.16143,
  "up2": false,
  "dn2": false,
  "source": "twelvedata_repo"
}