{
  "datetime": "2025-09-10 00:55:00",
  "open": 11.70035,
  "high": 11.7027,
  "low": 11.7,
  "close": 11.70215,
  "rollH20": 11.7016,
  "rollL20": 1.1698,
  "up2": false,
  "dn2": false,
  "source": "twelvedata_repo"
}