{
  "datetime": "2026-06-20 02:30:00",
  "open": 1.14745,
  "high": 1.1475,
  "low": 1.14744,
  "close": 1.14747,
  "rollH20": 1.14799,
  "rollL20": 1.14728,
  "up2": false,
  "dn2": false,
  "source": "twelvedata_repo"
}