{
  "datetime": "2026-04-10 14:25:00",
  "open": 1.17288,
  "high": 1.17302,
  "low": 1.17287,
  "close": 1.17302,
  "rollH20": 1.17297,
  "rollL20": 1.17107,
  "up2": false,
  "dn2": false,
  "source": "twelvedata_repo"
}