{
  "datetime": "2026-06-16 17:15:00",
  "open": 1.16167,
  "high": 1.16188,
  "low": 1.16167,
  "close": 1.16178,
  "rollH20": 1.16183,
  "rollL20": 1.15891,
  "up2": false,
  "dn2": false,
  "source": "twelvedata_repo"
}