{
  "datetime": "2026-03-11 18:05:00",
  "open": 1.15708,
  "high": 1.15709,
  "low": 1.15679,
  "close": 1.15679,
  "rollH20": 1.15764,
  "rollL20": 1.15637,
  "up2": false,
  "dn2": false,
  "source": "twelvedata_repo"
}