{
  "datetime": "2026-03-09 10:25:00",
  "open": 1.15493,
  "high": 1.15596,
  "low": 1.15491,
  "close": 1.15579,
  "rollH20": 1.15702,
  "rollL20": 1.15206,
  "up2": false,
  "dn2": false,
  "source": "twelvedata_repo"
}