{
  "datetime": "2026-01-27 23:40:00",
  "open": 1.20417,
  "high": 1.2042,
  "low": 1.20399,
  "close": 1.20407,
  "rollH20": 1.20494,
  "rollL20": 1.20252,
  "up2": false,
  "dn2": false,
  "source": "twelvedata_repo"
}