{
  "datetime": "2025-12-31 13:10:00",
  "open": 1.17497,
  "high": 1.175,
  "low": 1.17493,
  "close": 1.17494,
  "rollH20": 1.17512,
  "rollL20": 1.17355,
  "up2": false,
  "dn2": false,
  "source": "twelvedata_repo"
}