{
  "datetime": "2026-03-18 14:40:00",
  "open": 1.15097,
  "high": 1.15109,
  "low": 1.15096,
  "close": 1.15109,
  "rollH20": 1.15247,
  "rollL20": 1.14925,
  "up2": false,
  "dn2": false,
  "source": "twelvedata_repo"
}