{
  "datetime": "2026-02-07 01:40:00",
  "open": 1.18085,
  "high": 1.18089,
  "low": 1.18084,
  "close": 1.18084,
  "rollH20": 1.18233,
  "rollL20": 1.18081,
  "up2": false,
  "dn2": false,
  "source": "twelvedata_repo"
}