{
  "datetime": "2026-02-01 22:10:00",
  "open": 1.18492,
  "high": 1.185,
  "low": 1.18452,
  "close": 1.18452,
  "rollH20": 1.18664,
  "rollL20": 1.18364,
  "up2": false,
  "dn2": false,
  "source": "twelvedata_repo"
}