{
  "datetime": "2025-11-21 06:55:00",
  "open": 1.15355,
  "high": 1.15365,
  "low": 1.15349,
  "close": 1.15352,
  "rollH20": 1.15417,
  "rollL20": 1.15351,
  "up2": false,
  "dn2": false,
  "source": "twelvedata_repo"
}