{
  "datetime": "2026-02-07 20:30:00",
  "open": 1.18189,
  "high": 1.18194,
  "low": 1.18188,
  "close": 1.18188,
  "rollH20": 1.18202,
  "rollL20": 1.1818,
  "up2": false,
  "dn2": false,
  "source": "twelvedata_repo"
}