{
  "datetime": "2026-04-03 00:00:00",
  "open": 1.15401,
  "high": 1.15409,
  "low": 1.15401,
  "close": 1.15409,
  "rollH20": 1.15426,
  "rollL20": 1.15383,
  "up2": false,
  "dn2": false,
  "source": "twelvedata_repo"
}