{
  "datetime": "2025-10-23 21:25:00",
  "open": 1.16151,
  "high": 1.16155,
  "low": 1.16151,
  "close": 1.16155,
  "rollH20": 1.16195,
  "rollL20": 1.16138,
  "up2": false,
  "dn2": false,
  "source": "twelvedata_repo"
}