{
  "datetime": "2025-09-01 18:35:00",
  "open": 1.17034,
  "high": 1.1704,
  "low": 1.17017,
  "close": 1.17031,
  "rollH20": 1.17059,
  "rollL20": 1.16963,
  "up2": false,
  "dn2": false,
  "source": "twelvedata_repo"
}