{
  "datetime": "2026-06-08 21:35:00",
  "open": 1.15324,
  "high": 1.15328,
  "low": 1.1531,
  "close": 1.15313,
  "rollH20": 1.15346,
  "rollL20": 1.1528,
  "up2": false,
  "dn2": false,
  "source": "twelvedata_repo"
}