{
  "datetime": "2026-02-20 07:15:00",
  "open": 1.17614,
  "high": 1.17622,
  "low": 1.17611,
  "close": 1.17612,
  "rollH20": 1.17616,
  "rollL20": 1.17508,
  "up2": false,
  "dn2": false,
  "source": "twelvedata_repo"
}