{
  "datetime": "2025-10-02 16:40:00",
  "open": 1.16895,
  "high": 1.16961,
  "low": 1.16883,
  "close": 1.16945,
  "rollH20": 1.17213,
  "rollL20": 1.16887,
  "up2": false,
  "dn2": false,
  "source": "twelvedata_repo"
}