{
  "datetime": "2026-06-21 16:10:00",
  "open": 1.1471,
  "high": 1.14715,
  "low": 1.14708,
  "close": 1.14712,
  "rollH20": 1.14736,
  "rollL20": 1.14704,
  "up2": false,
  "dn2": false,
  "source": "twelvedata_repo"
}