{
  "datetime": "2026-07-07 21:15:00",
  "open": 1.1415,
  "high": 1.1415,
  "low": 1.14136,
  "close": 1.14139,
  "rollH20": 1.14275,
  "rollL20": 1.14125,
  "up2": false,
  "dn2": false,
  "source": "twelvedata_repo"
}