{
  "datetime": "2025-12-08 05:55:00",
  "open": 1.16551,
  "high": 1.16554,
  "low": 1.16535,
  "close": 1.16545,
  "rollH20": 1.16559,
  "rollL20": 1.16502,
  "up2": false,
  "dn2": false,
  "source": "twelvedata_repo"
}