{
  "datetime": "2026-02-11 23:20:00",
  "open": 1.18734,
  "high": 1.18735,
  "low": 1.18725,
  "close": 1.1873,
  "rollH20": 1.18767,
  "rollL20": 1.18691,
  "up2": false,
  "dn2": false,
  "source": "twelvedata_repo"
}