{
  "datetime": "2026-02-27 09:40:00",
  "open": 1.18054,
  "high": 1.18059,
  "low": 1.18046,
  "close": 1.18049,
  "rollH20": 1.18221,
  "rollL20": 1.18044,
  "up2": false,
  "dn2": false,
  "source": "twelvedata_repo"
}