{
  "datetime": "2026-05-27 11:40:00",
  "open": 1.16405,
  "high": 1.16405,
  "low": 1.16366,
  "close": 1.16389,
  "rollH20": 1.16488,
  "rollL20": 1.16368,
  "up2": false,
  "dn2": false,
  "source": "twelvedata_repo"
}