{
  "datetime": "2026-05-04 19:55:00",
  "open": 1.169,
  "high": 1.16928,
  "low": 1.16899,
  "close": 1.16911,
  "rollH20": 1.1697,
  "rollL20": 1.16888,
  "up2": false,
  "dn2": false,
  "source": "twelvedata_repo"
}