{
  "datetime": "2026-03-13 04:35:00",
  "open": 1.15029,
  "high": 1.15031,
  "low": 1.15003,
  "close": 1.15008,
  "rollH20": 1.15164,
  "rollL20": 1.15029,
  "up2": false,
  "dn2": false,
  "source": "twelvedata_repo"
}