{
  "datetime": "2026-07-16 21:00:00",
  "open": 1.14409,
  "high": 1.14419,
  "low": 1.144,
  "close": 1.14414,
  "rollH20": 1.14418,
  "rollL20": 1.14347,
  "up2": false,
  "dn2": false,
  "source": "twelvedata_repo"
}