{
  "datetime": "2025-09-09 16:55:00",
  "open": 1.17237,
  "high": 1.1724,
  "low": 1.17206,
  "close": 1.1722,
  "rollH20": 1.17422,
  "rollL20": 1.17147,
  "up2": false,
  "dn2": false,
  "source": "twelvedata_repo"
}