{
  "datetime": "2026-03-10 22:10:00",
  "open": 1.16097,
  "high": 1.16101,
  "low": 1.16087,
  "close": 1.16096,
  "rollH20": 1.16157,
  "rollL20": 1.16069,
  "up2": false,
  "dn2": false,
  "source": "twelvedata_repo"
}