{
  "datetime": "2025-11-06 22:25:00",
  "open": 1.15478,
  "high": 1.1548,
  "low": 1.15478,
  "close": 1.15478,
  "rollH20": 1.1549,
  "rollL20": 1.15425,
  "up2": false,
  "dn2": false,
  "source": "twelvedata_repo"
}