{
  "datetime": "2026-03-03 11:45:00",
  "open": 1.15946,
  "high": 1.15987,
  "low": 1.15946,
  "close": 1.15987,
  "rollH20": 1.1612,
  "rollL20": 1.15822,
  "up2": false,
  "dn2": false,
  "source": "twelvedata_repo"
}