{
  "datetime": "2025-11-06 18:55:00",
  "open": 1.15394,
  "high": 1.15402,
  "low": 1.15386,
  "close": 1.15399,
  "rollH20": 1.15431,
  "rollL20": 1.15314,
  "up2": false,
  "dn2": false,
  "source": "twelvedata_repo"
}