{
  "datetime": "2026-01-08 17:25:00",
  "open": 1.16562,
  "high": 1.16565,
  "low": 1.16549,
  "close": 1.16552,
  "rollH20": 1.16731,
  "rollL20": 1.16563,
  "up2": false,
  "dn2": false,
  "source": "twelvedata_repo"
}