{
  "datetime": "2026-03-02 23:55:00",
  "open": 1.16973,
  "high": 1.16973,
  "low": 1.16956,
  "close": 1.16959,
  "rollH20": 1.16989,
  "rollL20": 1.16868,
  "up2": false,
  "dn2": false,
  "source": "twelvedata_repo"
}