{
  "datetime": "2025-11-06 07:20:00",
  "open": 1.15098,
  "high": 1.15098,
  "low": 1.15087,
  "close": 1.15098,
  "rollH20": 1.15138,
  "rollL20": 1.15036,
  "up2": false,
  "dn2": false,
  "source": "twelvedata_repo"
}