{
  "datetime": "2026-02-12 00:10:00",
  "open": 1.18714,
  "high": 1.18717,
  "low": 1.18707,
  "close": 1.18709,
  "rollH20": 1.18767,
  "rollL20": 1.18691,
  "up2": false,
  "dn2": false,
  "source": "twelvedata_repo"
}