{
  "datetime": "2026-02-16 06:30:00",
  "open": 1.18669,
  "high": 1.18686,
  "low": 1.18666,
  "close": 1.18683,
  "rollH20": 1.18677,
  "rollL20": 1.18608,
  "up2": false,
  "dn2": false,
  "source": "twelvedata_repo"
}