{
  "datetime": "2025-09-29 19:55:00",
  "open": 1.17319,
  "high": 1.17321,
  "low": 1.17308,
  "close": 1.1732,
  "rollH20": 1.17325,
  "rollL20": 1.17202,
  "up2": false,
  "dn2": false,
  "source": "twelvedata_repo"
}