{
  "datetime": "2026-05-17 06:30:00",
  "open": 1.1624,
  "high": 1.16242,
  "low": 1.1624,
  "close": 1.16242,
  "rollH20": 1.16254,
  "rollL20": 1.16225,
  "up2": false,
  "dn2": false,
  "source": "twelvedata_repo"
}