{
  "datetime": "2026-06-30 23:35:00",
  "open": 1.14213,
  "high": 1.14214,
  "low": 1.14213,
  "close": 1.14214,
  "rollH20": 1.14259,
  "rollL20": 1.14194,
  "up2": false,
  "dn2": false,
  "source": "twelvedata_repo"
}