{
  "datetime": "2025-09-02 23:40:00",
  "open": 1.16412,
  "high": 1.16418,
  "low": 1.16403,
  "close": 1.1641,
  "rollH20": 1.16493,
  "rollL20": 1.16344,
  "up2": false,
  "dn2": false,
  "source": "twelvedata_repo"
}