{
  "datetime": "2026-04-07 09:15:00",
  "open": 1.15645,
  "high": 1.15648,
  "low": 1.15641,
  "close": 1.15644,
  "rollH20": 1.15666,
  "rollL20": 1.15357,
  "up2": false,
  "dn2": false,
  "source": "twelvedata_repo"
}