{
  "datetime": "2026-03-06 20:25:00",
  "open": 1.1601,
  "high": 1.16012,
  "low": 1.15984,
  "close": 1.15988,
  "rollH20": 1.16091,
  "rollL20": 1.15951,
  "up2": false,
  "dn2": false,
  "source": "twelvedata_repo"
}