{
  "datetime": "2026-06-22 14:30:00",
  "open": 1.1436,
  "high": 1.14384,
  "low": 1.14352,
  "close": 1.14379,
  "rollH20": 1.14621,
  "rollL20": 1.14352,
  "up2": false,
  "dn2": false,
  "source": "twelvedata_repo"
}