{
  "datetime": "2026-03-10 19:40:00",
  "open": 1.16135,
  "high": 1.16161,
  "low": 1.16131,
  "close": 1.16161,
  "rollH20": 1.16457,
  "rollL20": 1.1612,
  "up2": false,
  "dn2": false,
  "source": "twelvedata_repo"
}