{
  "datetime": "2026-03-28 00:00:00",
  "open": 1.1542,
  "high": 1.15424,
  "low": 1.15419,
  "close": 1.15422,
  "rollH20": 1.15542,
  "rollL20": 1.15367,
  "up2": false,
  "dn2": false,
  "source": "twelvedata_repo"
}