{
  "datetime": "2026-03-15 23:40:00",
  "open": 1.14309,
  "high": 1.14319,
  "low": 1.14307,
  "close": 1.14319,
  "rollH20": 1.14348,
  "rollL20": 1.14202,
  "up2": false,
  "dn2": false,
  "source": "twelvedata_repo"
}