{
  "datetime": "2026-03-02 06:30:00",
  "open": 1.17392,
  "high": 1.17421,
  "low": 1.1739,
  "close": 1.17421,
  "rollH20": 1.17862,
  "rollL20": 1.17383,
  "up2": false,
  "dn2": false,
  "source": "twelvedata_repo"
}