{
  "datetime": "2025-11-07 11:10:00",
  "open": 1.1544,
  "high": 1.15452,
  "low": 1.15439,
  "close": 1.15439,
  "rollH20": 1.15437,
  "rollL20": 1.15314,
  "up2": false,
  "dn2": false,
  "source": "twelvedata_repo"
}