{
  "datetime": "2026-03-18 15:05:00",
  "open": 1.15133,
  "high": 1.15253,
  "low": 1.15133,
  "close": 1.15223,
  "rollH20": 1.15247,
  "rollL20": 1.14953,
  "up2": false,
  "dn2": false,
  "source": "twelvedata_repo"
}