{
  "datetime": "2025-09-10 12:55:00",
  "open": 1.17058,
  "high": 1.17058,
  "low": 1.17048,
  "close": 1.17051,
  "rollH20": 1.1708,
  "rollL20": 1.16954,
  "up2": false,
  "dn2": false,
  "source": "twelvedata_repo"
}