{
  "datetime": "2025-11-07 00:55:00",
  "open": 1.15484,
  "high": 1.15485,
  "low": 1.15481,
  "close": 1.15483,
  "rollH20": 1.15553,
  "rollL20": 1.15438,
  "up2": false,
  "dn2": false,
  "source": "twelvedata_repo"
}