{
  "datetime": "2025-12-30 20:25:00",
  "open": 1.17513,
  "high": 1.17522,
  "low": 1.17513,
  "close": 1.17519,
  "rollH20": 1.17604,
  "rollL20": 1.17487,
  "up2": false,
  "dn2": false,
  "source": "twelvedata_repo"
}