{
  "datetime": "2025-10-16 12:55:00",
  "open": 1.1655,
  "high": 1.16557,
  "low": 1.16533,
  "close": 1.16535,
  "rollH20": 1.16629,
  "rollL20": 1.16463,
  "up2": false,
  "dn2": false,
  "source": "twelvedata_repo"
}