{
  "datetime": "2026-02-16 07:30:00",
  "open": 1.18663,
  "high": 1.18665,
  "low": 1.18655,
  "close": 1.18658,
  "rollH20": 1.18703,
  "rollL20": 1.1862,
  "up2": false,
  "dn2": false,
  "source": "twelvedata_repo"
}