{
  "datetime": "2026-01-14 20:10:00",
  "open": 1.1638,
  "high": 1.16383,
  "low": 1.1637,
  "close": 1.16375,
  "rollH20": 1.16518,
  "rollL20": 1.16366,
  "up2": false,
  "dn2": false,
  "source": "twelvedata_repo"
}