{
  "datetime": "2026-02-14 20:00:00",
  "open": 1.18497,
  "high": 1.185,
  "low": 1.18496,
  "close": 1.18499,
  "rollH20": 1.18596,
  "rollL20": 1.18495,
  "up2": false,
  "dn2": false,
  "source": "twelvedata_repo"
}