{
  "datetime": "2026-03-13 23:55:00",
  "open": 1.14664,
  "high": 1.14665,
  "low": 1.14659,
  "close": 1.14661,
  "rollH20": 1.14722,
  "rollL20": 1.14547,
  "up2": false,
  "dn2": false,
  "source": "twelvedata_repo"
}