{
  "datetime": "2025-10-13 17:55:00",
  "open": 1.15733,
  "high": 1.15751,
  "low": 1.15732,
  "close": 1.15739,
  "rollH20": 1.15789,
  "rollL20": 1.15664,
  "up2": false,
  "dn2": false,
  "source": "twelvedata_repo"
}