{
  "datetime": "2025-09-29 12:45:00",
  "open": 1.17152,
  "high": 1.17155,
  "low": 1.17143,
  "close": 1.17145,
  "rollH20": 1.17216,
  "rollL20": 1.17094,
  "up2": false,
  "dn2": false,
  "source": "twelvedata_repo"
}