{
  "datetime": "2026-03-06 13:05:00",
  "open": 1.15592,
  "high": 1.15594,
  "low": 1.15584,
  "close": 1.15584,
  "rollH20": 1.15801,
  "rollL20": 1.15526,
  "up2": false,
  "dn2": false,
  "source": "twelvedata_repo"
}