{
  "datetime": "2026-06-15 08:20:00",
  "open": 1.16071,
  "high": 1.16078,
  "low": 1.16052,
  "close": 1.16073,
  "rollH20": 1.16179,
  "rollL20": 1.16009,
  "up2": false,
  "dn2": false,
  "source": "twelvedata_repo"
}