{
  "datetime": "2025-10-06 19:25:00",
  "open": 1.17127,
  "high": 1.17156,
  "low": 1.17125,
  "close": 1.17155,
  "rollH20": 1.17158,
  "rollL20": 1.17062,
  "up2": false,
  "dn2": false,
  "source": "twelvedata_repo"
}