{
  "datetime": "2026-01-30 08:05:00",
  "open": 1.19176,
  "high": 1.19275,
  "low": 1.19176,
  "close": 1.19243,
  "rollH20": 1.1934,
  "rollL20": 1.19144,
  "up2": false,
  "dn2": false,
  "source": "twelvedata_repo"
}