{
  "datetime": "2025-12-19 09:50:00",
  "open": 1.17097,
  "high": 1.17101,
  "low": 1.17095,
  "close": 1.17101,
  "rollH20": 1.17165,
  "rollL20": 1.1705,
  "up2": false,
  "dn2": false,
  "source": "twelvedata_repo"
}