{
  "datetime": "2025-12-10 11:55:00",
  "open": 1.16282,
  "high": 1.16316,
  "low": 1.16282,
  "close": 1.16316,
  "rollH20": 1.16451,
  "rollL20": 1.16281,
  "up2": false,
  "dn2": false,
  "source": "twelvedata_repo"
}