{
  "datetime": "2026-01-26 08:05:00",
  "open": 1.18568,
  "high": 1.18575,
  "low": 1.18563,
  "close": 1.18575,
  "rollH20": 1.18714,
  "rollL20": 1.18504,
  "up2": false,
  "dn2": false,
  "source": "twelvedata_repo"
}