{
  "datetime": "2026-06-17 18:05:00",
  "open": 1.15916,
  "high": 1.15922,
  "low": 1.15896,
  "close": 1.15899,
  "rollH20": 1.15947,
  "rollL20": 1.15891,
  "up2": false,
  "dn2": false,
  "source": "twelvedata_repo"
}