{
  "datetime": "2026-05-24 12:50:00",
  "open": 1.1606,
  "high": 1.16065,
  "low": 1.16058,
  "close": 1.16059,
  "rollH20": 1.16117,
  "rollL20": 1.16047,
  "up2": false,
  "dn2": false,
  "source": "twelvedata_repo"
}