{
  "datetime": "2026-03-07 05:55:00",
  "open": 1.16174,
  "high": 1.16178,
  "low": 1.16171,
  "close": 1.16175,
  "rollH20": 1.16186,
  "rollL20": 1.16169,
  "up2": false,
  "dn2": false,
  "source": "twelvedata_repo"
}