{
  "datetime": "2026-05-21 11:15:00",
  "open": 1.1626,
  "high": 1.16262,
  "low": 1.16243,
  "close": 1.16245,
  "rollH20": 1.1633,
  "rollL20": 1.16214,
  "up2": false,
  "dn2": false,
  "source": "twelvedata_repo"
}