{
  "datetime": "2025-09-29 23:40:00",
  "open": 1.17257,
  "high": 1.1726,
  "low": 1.17252,
  "close": 1.17256,
  "rollH20": 1.17278,
  "rollL20": 1.17241,
  "up2": false,
  "dn2": false,
  "source": "twelvedata_repo"
}