{
  "datetime": "2026-01-17 19:10:00",
  "open": 1.16056,
  "high": 1.16057,
  "low": 1.16056,
  "close": 1.16057,
  "rollH20": 1.16061,
  "rollL20": 1.16044,
  "up2": false,
  "dn2": false,
  "source": "twelvedata_repo"
}