{
  "datetime": "2026-02-15 19:30:00",
  "open": 1.18662,
  "high": 1.18694,
  "low": 1.18649,
  "close": 1.18694,
  "rollH20": 1.18737,
  "rollL20": 1.18617,
  "up2": false,
  "dn2": false,
  "source": "twelvedata_repo"
}