{
  "datetime": "2025-12-15 11:10:00",
  "open": 1.17437,
  "high": 1.17444,
  "low": 1.17419,
  "close": 1.17429,
  "rollH20": 1.17443,
  "rollL20": 1.17312,
  "up2": false,
  "dn2": false,
  "source": "twelvedata_repo"
}