{
  "datetime": "2026-05-20 02:15:00",
  "open": 1.15992,
  "high": 1.16001,
  "low": 1.15985,
  "close": 1.16001,
  "rollH20": 1.16135,
  "rollL20": 1.15984,
  "up2": false,
  "dn2": false,
  "source": "twelvedata_repo"
}