{
  "datetime": "2026-06-05 03:05:00",
  "open": 1.16141,
  "high": 1.16156,
  "low": 1.16141,
  "close": 1.16155,
  "rollH20": 1.16156,
  "rollL20": 1.161,
  "up2": false,
  "dn2": false,
  "source": "twelvedata_repo"
}