{
  "datetime": "2026-02-01 12:55:00",
  "open": 1.18522,
  "high": 1.18527,
  "low": 1.18521,
  "close": 1.18522,
  "rollH20": 1.18548,
  "rollL20": 1.18505,
  "up2": false,
  "dn2": false,
  "source": "twelvedata_repo"
}