{
  "datetime": "2026-01-02 20:50:00",
  "open": 1.17183,
  "high": 1.17201,
  "low": 1.17183,
  "close": 1.17201,
  "rollH20": 1.17276,
  "rollL20": 1.17141,
  "up2": false,
  "dn2": false,
  "source": "twelvedata_repo"
}