{
  "datetime": "2025-11-12 22:40:00",
  "open": 1.1587,
  "high": 1.1587,
  "low": 1.15867,
  "close": 1.15867,
  "rollH20": 1.15908,
  "rollL20": 1.1585,
  "up2": false,
  "dn2": false,
  "source": "twelvedata_repo"
}