{
  "datetime": "2026-05-17 00:55:00",
  "open": 1.16237,
  "high": 1.16238,
  "low": 1.16237,
  "close": 1.16237,
  "rollH20": 1.16249,
  "rollL20": 1.16225,
  "up2": false,
  "dn2": false,
  "source": "twelvedata_repo"
}