{
  "datetime": "2026-07-16 13:15:00",
  "open": 1.14651,
  "high": 1.14651,
  "low": 1.14624,
  "close": 1.1463,
  "rollH20": 1.14713,
  "rollL20": 1.14579,
  "up2": false,
  "dn2": false,
  "source": "twelvedata_repo"
}