{
  "datetime": "2026-04-05 20:15:00",
  "open": 1.15128,
  "high": 1.15137,
  "low": 1.15118,
  "close": 1.1512,
  "rollH20": 1.15245,
  "rollL20": 1.144,
  "up2": false,
  "dn2": false,
  "source": "twelvedata_repo"
}