{
  "datetime": "2025-09-16 07:55:00",
  "open": 1.17839,
  "high": 1.17846,
  "low": 1.17823,
  "close": 1.17836,
  "rollH20": 1.17911,
  "rollL20": 1.17736,
  "up2": false,
  "dn2": false,
  "source": "twelvedata_repo"
}