{
  "datetime": "2025-11-04 00:40:00",
  "open": 1.15206,
  "high": 1.15207,
  "low": 1.15206,
  "close": 1.15207,
  "rollH20": 1.15216,
  "rollL20": 1.15187,
  "up2": false,
  "dn2": false,
  "source": "twelvedata_repo"
}