{
  "datetime": "2026-02-12 08:05:00",
  "open": 1.18648,
  "high": 1.18651,
  "low": 1.18627,
  "close": 1.18634,
  "rollH20": 1.18672,
  "rollL20": 1.18535,
  "up2": false,
  "dn2": false,
  "source": "twelvedata_repo"
}