{
  "datetime": "2026-01-08 15:30:00",
  "open": 1.16591,
  "high": 1.16595,
  "low": 1.16582,
  "close": 1.1659,
  "rollH20": 1.16777,
  "rollL20": 1.16571,
  "up2": false,
  "dn2": false,
  "source": "twelvedata_repo"
}