{
  "datetime": "2026-02-13 12:55:00",
  "open": 1.18576,
  "high": 1.18585,
  "low": 1.18574,
  "close": 1.1858,
  "rollH20": 1.18625,
  "rollL20": 1.18537,
  "up2": false,
  "dn2": false,
  "source": "twelvedata_repo"
}