{
  "datetime": "2026-05-30 11:55:00",
  "open": 1.16597,
  "high": 1.16607,
  "low": 1.16597,
  "close": 1.16598,
  "rollH20": 1.16609,
  "rollL20": 1.16588,
  "up2": false,
  "dn2": false,
  "source": "twelvedata_repo"
}