{
  "datetime": "2026-03-28 11:45:00",
  "open": 1.15102,
  "high": 1.15107,
  "low": 1.151,
  "close": 1.15104,
  "rollH20": 1.1537,
  "rollL20": 1.15095,
  "up2": false,
  "dn2": false,
  "source": "twelvedata_repo"
}