{
  "datetime": "2025-10-28 06:15:00",
  "open": 1.16663,
  "high": 1.16667,
  "low": 1.16658,
  "close": 1.16664,
  "rollH20": 1.16679,
  "rollL20": 1.16559,
  "up2": false,
  "dn2": false,
  "source": "twelvedata_repo"
}