{
  "datetime": "2025-09-30 14:45:00",
  "open": 1.17318,
  "high": 1.17366,
  "low": 1.17318,
  "close": 1.17356,
  "rollH20": 1.17449,
  "rollL20": 1.17165,
  "up2": false,
  "dn2": false,
  "source": "twelvedata_repo"
}