{
  "datetime": "2026-01-02 05:10:00",
  "open": 1.17632,
  "high": 1.17636,
  "low": 1.17631,
  "close": 1.17636,
  "rollH20": 1.17653,
  "rollL20": 1.17587,
  "up2": false,
  "dn2": false,
  "source": "twelvedata_repo"
}