{
  "datetime": "2025-09-02 05:50:00",
  "open": 1.16927,
  "high": 1.16931,
  "low": 1.16919,
  "close": 1.16925,
  "rollH20": 1.16977,
  "rollL20": 1.169,
  "up2": false,
  "dn2": false,
  "source": "twelvedata_repo"
}