{
  "datetime": "2026-01-06 12:25:00",
  "open": 1.17094,
  "high": 1.17098,
  "low": 1.17075,
  "close": 1.17093,
  "rollH20": 1.17184,
  "rollL20": 1.17061,
  "up2": false,
  "dn2": false,
  "source": "twelvedata_repo"
}