{
  "datetime": "2026-02-05 00:50:00",
  "open": 1.18037,
  "high": 1.18043,
  "low": 1.18027,
  "close": 1.18029,
  "rollH20": 1.1808,
  "rollL20": 1.18037,
  "up2": false,
  "dn2": false,
  "source": "twelvedata_repo"
}