{
  "datetime": "2025-12-17 11:55:00",
  "open": 1.17237,
  "high": 1.17242,
  "low": 1.17237,
  "close": 1.17238,
  "rollH20": 1.17241,
  "rollL20": 1.17118,
  "up2": false,
  "dn2": false,
  "source": "twelvedata_repo"
}