{
  "datetime": "2026-03-29 07:25:00",
  "open": 1.15343,
  "high": 1.15348,
  "low": 1.15342,
  "close": 1.15344,
  "rollH20": 1.1539,
  "rollL20": 1.153,
  "up2": false,
  "dn2": false,
  "source": "twelvedata_repo"
}