{
  "datetime": "2026-04-28 17:40:00",
  "open": 1.17085,
  "high": 1.17102,
  "low": 1.17082,
  "close": 1.17087,
  "rollH20": 1.17172,
  "rollL20": 1.1699,
  "up2": false,
  "dn2": false,
  "source": "twelvedata_repo"
}