{
  "datetime": "2026-02-10 09:20:00",
  "open": 1.19067,
  "high": 1.19069,
  "low": 1.19016,
  "close": 1.19044,
  "rollH20": 1.19119,
  "rollL20": 1.1901,
  "up2": false,
  "dn2": false,
  "source": "twelvedata_repo"
}