{
  "datetime": "2026-01-24 16:30:00",
  "open": 1.18235,
  "high": 1.18237,
  "low": 1.18235,
  "close": 1.18236,
  "rollH20": 1.18247,
  "rollL20": 1.18215,
  "up2": false,
  "dn2": false,
  "source": "twelvedata_repo"
}