{
  "datetime": "2025-10-01 16:40:00",
  "open": 1.17286,
  "high": 1.17349,
  "low": 1.17278,
  "close": 1.17327,
  "rollH20": 1.17629,
  "rollL20": 1.17212,
  "up2": false,
  "dn2": false,
  "source": "twelvedata_repo"
}