{
  "datetime": "2026-07-22 11:50:00",
  "open": 1.14056,
  "high": 1.14069,
  "low": 1.14056,
  "close": 1.14067,
  "rollH20": 1.14133,
  "rollL20": 1.14011,
  "up2": false,
  "dn2": false,
  "source": "twelvedata_repo"
}