{
  "datetime": "2026-04-02 16:30:00",
  "open": 1.15511,
  "high": 1.15514,
  "low": 1.15494,
  "close": 1.155,
  "rollH20": 1.15602,
  "rollL20": 1.15279,
  "up2": false,
  "dn2": false,
  "source": "twelvedata_repo"
}