{
  "datetime": "2025-12-17 17:55:00",
  "open": 1.17476,
  "high": 1.17479,
  "low": 1.17461,
  "close": 1.17471,
  "rollH20": 1.17573,
  "rollL20": 1.17459,
  "up2": false,
  "dn2": false,
  "source": "twelvedata_repo"
}