{
  "datetime": "2026-07-07 14:50:00",
  "open": 1.1439,
  "high": 1.14394,
  "low": 1.14385,
  "close": 1.14386,
  "rollH20": 1.1442,
  "rollL20": 1.14303,
  "up2": false,
  "dn2": false,
  "source": "twelvedata_repo"
}