{
  "datetime": "2026-02-12 03:35:00",
  "open": 1.18781,
  "high": 1.18789,
  "low": 1.1877,
  "close": 1.18787,
  "rollH20": 1.18845,
  "rollL20": 1.18736,
  "up2": false,
  "dn2": false,
  "source": "twelvedata_repo"
}