{
  "datetime": "2026-01-20 02:05:00",
  "open": 1.16413,
  "high": 1.16426,
  "low": 1.16412,
  "close": 1.16425,
  "rollH20": 1.16424,
  "rollL20": 1.16324,
  "up2": false,
  "dn2": false,
  "source": "twelvedata_repo"
}