{
  "datetime": "2026-05-07 02:05:00",
  "open": 1.17476,
  "high": 1.17487,
  "low": 1.17476,
  "close": 1.17478,
  "rollH20": 1.17546,
  "rollL20": 1.17466,
  "up2": false,
  "dn2": false,
  "source": "twelvedata_repo"
}