{
  "datetime": "2026-03-20 13:30:00",
  "open": 1.15543,
  "high": 1.15547,
  "low": 1.15541,
  "close": 1.15546,
  "rollH20": 1.15788,
  "rollL20": 1.15533,
  "up2": false,
  "dn2": false,
  "source": "twelvedata_repo"
}