{
  "datetime": "2026-01-29 19:50:00",
  "open": 1.19617,
  "high": 1.19621,
  "low": 1.19615,
  "close": 1.19621,
  "rollH20": 1.19634,
  "rollL20": 1.19436,
  "up2": false,
  "dn2": false,
  "source": "twelvedata_repo"
}