{
  "datetime": "2026-02-16 15:25:00",
  "open": 1.18542,
  "high": 1.18542,
  "low": 1.1854,
  "close": 1.18541,
  "rollH20": 1.18631,
  "rollL20": 1.1852,
  "up2": false,
  "dn2": false,
  "source": "twelvedata_repo"
}