{
  "datetime": "2026-05-17 19:30:00",
  "open": 1.1625,
  "high": 1.16256,
  "low": 1.16214,
  "close": 1.16249,
  "rollH20": 1.16256,
  "rollL20": 1.16241,
  "up2": false,
  "dn2": false,
  "source": "twelvedata_repo"
}