{
  "datetime": "2025-12-22 12:30:00",
  "open": 1.17349,
  "high": 1.1735,
  "low": 1.17349,
  "close": 1.17349,
  "rollH20": 1.17391,
  "rollL20": 1.17287,
  "up2": false,
  "dn2": false,
  "source": "twelvedata_repo"
}