{
  "datetime": "2026-03-03 01:20:00",
  "open": 1.16998,
  "high": 1.17024,
  "low": 1.16993,
  "close": 1.17024,
  "rollH20": 1.17,
  "rollL20": 1.16868,
  "up2": false,
  "dn2": false,
  "source": "twelvedata_repo"
}