{
  "datetime": "2026-06-19 23:30:00",
  "open": 1.14754,
  "high": 1.14799,
  "low": 1.14753,
  "close": 1.14753,
  "rollH20": 1.14801,
  "rollL20": 1.14679,
  "up2": false,
  "dn2": false,
  "source": "twelvedata_repo"
}