{
  "datetime": "2026-03-13 23:35:00",
  "open": 1.1466,
  "high": 1.14664,
  "low": 1.14658,
  "close": 1.14662,
  "rollH20": 1.14722,
  "rollL20": 1.14503,
  "up2": false,
  "dn2": false,
  "source": "twelvedata_repo"
}