{
  "datetime": "2026-03-27 10:55:00",
  "open": 1.15197,
  "high": 1.15208,
  "low": 1.15192,
  "close": 1.15194,
  "rollH20": 1.15268,
  "rollL20": 1.15151,
  "up2": false,
  "dn2": false,
  "source": "twelvedata_repo"
}