{
  "datetime": "2026-04-25 12:55:00",
  "open": 1.17185,
  "high": 1.1719,
  "low": 1.17184,
  "close": 1.17187,
  "rollH20": 1.17194,
  "rollL20": 1.1717,
  "up2": false,
  "dn2": false,
  "source": "twelvedata_repo"
}