{
  "datetime": "2026-02-23 14:10:00",
  "open": 1.17991,
  "high": 1.17996,
  "low": 1.17953,
  "close": 1.17957,
  "rollH20": 1.17999,
  "rollL20": 1.17763,
  "up2": false,
  "dn2": false,
  "source": "twelvedata_repo"
}