{
  "datetime": "2026-06-22 21:50:00",
  "open": 1.14268,
  "high": 1.14273,
  "low": 1.14267,
  "close": 1.14272,
  "rollH20": 1.14296,
  "rollL20": 1.14192,
  "up2": false,
  "dn2": false,
  "source": "twelvedata_repo"
}