{
  "datetime": "2026-07-22 08:25:00",
  "open": 1.14139,
  "high": 1.14139,
  "low": 1.14125,
  "close": 1.14127,
  "rollH20": 1.14154,
  "rollL20": 1.14064,
  "up2": false,
  "dn2": false,
  "source": "twelvedata_repo"
}