{
  "datetime": "2025-11-06 10:35:00",
  "open": 1.15163,
  "high": 1.15169,
  "low": 1.15155,
  "close": 1.15158,
  "rollH20": 1.15232,
  "rollL20": 1.15061,
  "up2": false,
  "dn2": false,
  "source": "twelvedata_repo"
}