{
  "datetime": "2026-05-08 14:10:00",
  "open": 1.17705,
  "high": 1.17716,
  "low": 1.17678,
  "close": 1.17692,
  "rollH20": 1.17805,
  "rollL20": 1.17591,
  "up2": false,
  "dn2": false,
  "source": "twelvedata_repo"
}