{
  "datetime": "2026-07-18 12:10:00",
  "open": 1.14378,
  "high": 1.14386,
  "low": 1.14376,
  "close": 1.14376,
  "rollH20": 1.14414,
  "rollL20": 1.14375,
  "up2": false,
  "dn2": false,
  "source": "twelvedata_repo"
}