{
  "datetime": "2026-03-02 20:25:00",
  "open": 1.16852,
  "high": 1.16858,
  "low": 1.16849,
  "close": 1.16856,
  "rollH20": 1.17137,
  "rollL20": 1.16785,
  "up2": false,
  "dn2": false,
  "source": "twelvedata_repo"
}