{
  "datetime": "2026-01-06 00:25:00",
  "open": 1.17195,
  "high": 1.17198,
  "low": 1.17182,
  "close": 1.17183,
  "rollH20": 1.17236,
  "rollL20": 1.17179,
  "up2": false,
  "dn2": false,
  "source": "twelvedata_repo"
}