{
  "datetime": "2025-11-04 19:40:00",
  "open": 1.1484,
  "high": 1.1485,
  "low": 1.1484,
  "close": 1.1485,
  "rollH20": 1.14905,
  "rollL20": 1.14814,
  "up2": false,
  "dn2": false,
  "source": "twelvedata_repo"
}