{
  "datetime": "2026-06-11 06:10:00",
  "open": 1.15494,
  "high": 1.15504,
  "low": 1.15492,
  "close": 1.15501,
  "rollH20": 1.15506,
  "rollL20": 1.15425,
  "up2": false,
  "dn2": false,
  "source": "twelvedata_repo"
}