{
  "datetime": "2025-10-17 01:40:00",
  "open": 1.17023,
  "high": 1.17023,
  "low": 1.1701,
  "close": 1.17011,
  "rollH20": 1.17027,
  "rollL20": 1.16951,
  "up2": false,
  "dn2": false,
  "source": "twelvedata_repo"
}