{
  "datetime": "2025-11-05 21:30:00",
  "open": 1.14897,
  "high": 1.14908,
  "low": 1.14895,
  "close": 1.14907,
  "rollH20": 1.14919,
  "rollL20": 1.1479,
  "up2": false,
  "dn2": false,
  "source": "twelvedata_repo"
}