{
  "datetime": "2026-05-04 18:10:00",
  "open": 1.16881,
  "high": 1.16888,
  "low": 1.16869,
  "close": 1.16886,
  "rollH20": 1.17023,
  "rollL20": 1.1681,
  "up2": false,
  "dn2": false,
  "source": "twelvedata_repo"
}