{
  "datetime": "2026-06-01 00:15:00",
  "open": 1.16548,
  "high": 1.16552,
  "low": 1.16539,
  "close": 1.16542,
  "rollH20": 1.16611,
  "rollL20": 1.16516,
  "up2": false,
  "dn2": false,
  "source": "twelvedata_repo"
}