{
  "datetime": "2026-04-18 21:40:00",
  "open": 1.17723,
  "high": 1.17728,
  "low": 1.17722,
  "close": 1.17722,
  "rollH20": 1.17728,
  "rollL20": 1.17664,
  "up2": false,
  "dn2": false,
  "source": "twelvedata_repo"
}