{
  "datetime": "2025-09-15 20:35:00",
  "open": 1.17713,
  "high": 1.17716,
  "low": 1.17708,
  "close": 1.17711,
  "rollH20": 1.17723,
  "rollL20": 1.17662,
  "up2": false,
  "dn2": false,
  "source": "twelvedata_repo"
}