{
  "datetime": "2025-12-22 23:45:00",
  "open": 1.17609,
  "high": 1.17615,
  "low": 1.17608,
  "close": 1.17611,
  "rollH20": 1.17625,
  "rollL20": 1.17563,
  "up2": false,
  "dn2": false,
  "source": "twelvedata_repo"
}