{
  "datetime": "2026-04-11 04:20:00",
  "open": 1.17182,
  "high": 1.17228,
  "low": 1.17181,
  "close": 1.17191,
  "rollH20": 1.17239,
  "rollL20": 1.17176,
  "up2": false,
  "dn2": false,
  "source": "twelvedata_repo"
}