{
  "datetime": "2026-03-10 15:35:00",
  "open": 1.16471,
  "high": 1.1651,
  "low": 1.16471,
  "close": 1.16494,
  "rollH20": 1.16508,
  "rollL20": 1.16288,
  "up2": false,
  "dn2": false,
  "source": "twelvedata_repo"
}