{
  "datetime": "2026-05-18 21:15:00",
  "open": 1.16561,
  "high": 1.16584,
  "low": 1.16558,
  "close": 1.16578,
  "rollH20": 1.16568,
  "rollL20": 1.16277,
  "up2": false,
  "dn2": false,
  "source": "twelvedata_repo"
}