{
  "datetime": "2026-05-24 18:40:00",
  "open": 1.1602,
  "high": 1.16021,
  "low": 1.16019,
  "close": 1.16021,
  "rollH20": 1.16038,
  "rollL20": 1.15999,
  "up2": false,
  "dn2": false,
  "source": "twelvedata_repo"
}