{
  "datetime": "2025-10-21 22:45:00",
  "open": 1.16063,
  "high": 1.16063,
  "low": 1.16063,
  "close": 1.16063,
  "rollH20": 1.16104,
  "rollL20": 1.1599,
  "up2": false,
  "dn2": false,
  "source": "twelvedata_repo"
}