{
  "datetime": "2026-03-11 02:00:00",
  "open": 1.16264,
  "high": 1.1628,
  "low": 1.16263,
  "close": 1.1628,
  "rollH20": 1.16273,
  "rollL20": 1.1612,
  "up2": false,
  "dn2": false,
  "source": "twelvedata_repo"
}