{
  "datetime": "2026-01-31 06:25:00",
  "open": 1.18609,
  "high": 1.18613,
  "low": 1.18587,
  "close": 1.186,
  "rollH20": 1.18614,
  "rollL20": 1.18575,
  "up2": false,
  "dn2": false,
  "source": "twelvedata_repo"
}