{
  "datetime": "2025-10-21 02:35:00",
  "open": 1.16471,
  "high": 1.16471,
  "low": 1.16435,
  "close": 1.16436,
  "rollH20": 1.16551,
  "rollL20": 1.16432,
  "up2": false,
  "dn2": false,
  "source": "twelvedata_repo"
}