{
  "datetime": "2026-04-20 21:25:00",
  "open": 1.17869,
  "high": 1.17869,
  "low": 1.17852,
  "close": 1.17856,
  "rollH20": 1.17893,
  "rollL20": 1.178,
  "up2": false,
  "dn2": false,
  "source": "twelvedata_repo"
}