{
  "datetime": "2026-04-03 09:50:00",
  "open": 1.15452,
  "high": 1.15456,
  "low": 1.15448,
  "close": 1.15449,
  "rollH20": 1.15465,
  "rollL20": 1.15408,
  "up2": false,
  "dn2": false,
  "source": "twelvedata_repo"
}