{
  "datetime": "2026-01-07 20:05:00",
  "open": 1.16842,
  "high": 1.16854,
  "low": 1.16829,
  "close": 1.16829,
  "rollH20": 1.16915,
  "rollL20": 1.16826,
  "up2": false,
  "dn2": false,
  "source": "twelvedata_repo"
}