{
  "datetime": "2026-06-03 08:10:00",
  "open": 1.16154,
  "high": 1.16197,
  "low": 1.16154,
  "close": 1.16195,
  "rollH20": 1.16248,
  "rollL20": 1.16126,
  "up2": false,
  "dn2": false,
  "source": "twelvedata_repo"
}