{
  "datetime": "2025-08-29 20:45:00",
  "open": 1.1698,
  "high": 1.16996,
  "low": 1.16966,
  "close": 1.16989,
  "rollH20": 1.16998,
  "rollL20": 1.1693,
  "up2": false,
  "dn2": false,
  "source": "twelvedata_repo"
}