{
  "datetime": "2026-03-05 19:25:00",
  "open": 1.15813,
  "high": 1.15817,
  "low": 1.15763,
  "close": 1.15786,
  "rollH20": 1.15912,
  "rollL20": 1.15716,
  "up2": false,
  "dn2": false,
  "source": "twelvedata_repo"
}