{
  "datetime": "2025-12-23 23:45:00",
  "open": 1.17954,
  "high": 1.17958,
  "low": 1.17947,
  "close": 1.17949,
  "rollH20": 1.17975,
  "rollL20": 1.17892,
  "up2": false,
  "dn2": false,
  "source": "twelvedata_repo"
}