{
  "datetime": "2025-12-16 21:35:00",
  "open": 1.17565,
  "high": 1.17569,
  "low": 1.17565,
  "close": 1.17569,
  "rollH20": 1.17631,
  "rollL20": 1.17363,
  "up2": false,
  "dn2": false,
  "source": "twelvedata_repo"
}