{
  "datetime": "2025-10-01 20:40:00",
  "open": 1.17332,
  "high": 1.17332,
  "low": 1.17326,
  "close": 1.17327,
  "rollH20": 1.17419,
  "rollL20": 1.17216,
  "up2": false,
  "dn2": false,
  "source": "twelvedata_repo"
}