{
  "datetime": "2025-12-09 05:50:00",
  "open": 1.16442,
  "high": 1.16452,
  "low": 1.16442,
  "close": 1.16452,
  "rollH20": 1.16489,
  "rollL20": 1.16443,
  "up2": false,
  "dn2": false,
  "source": "twelvedata_repo"
}