{
  "datetime": "2025-09-25 18:40:00",
  "open": 1.16566,
  "high": 1.16571,
  "low": 1.16562,
  "close": 1.16571,
  "rollH20": 1.16833,
  "rollL20": 1.16522,
  "up2": false,
  "dn2": false,
  "source": "twelvedata_repo"
}