{
  "datetime": "2025-10-02 07:55:00",
  "open": 1.17404,
  "high": 1.17424,
  "low": 1.17391,
  "close": 1.17396,
  "rollH20": 1.17448,
  "rollL20": 1.17295,
  "up2": false,
  "dn2": false,
  "source": "twelvedata_repo"
}