{
  "datetime": "2025-10-06 18:45:00",
  "open": 1.17125,
  "high": 1.17127,
  "low": 1.17114,
  "close": 1.17115,
  "rollH20": 1.17158,
  "rollL20": 1.17031,
  "up2": false,
  "dn2": false,
  "source": "twelvedata_repo"
}