{
  "datetime": "2026-03-31 21:20:00",
  "open": 1.15591,
  "high": 1.15595,
  "low": 1.15586,
  "close": 1.15593,
  "rollH20": 1.15633,
  "rollL20": 1.15398,
  "up2": false,
  "dn2": false,
  "source": "twelvedata_repo"
}