{
  "datetime": "2026-04-04 21:10:00",
  "open": 1.15198,
  "high": 1.15201,
  "low": 1.15197,
  "close": 1.15199,
  "rollH20": 1.15203,
  "rollL20": 1.15188,
  "up2": false,
  "dn2": false,
  "source": "twelvedata_repo"
}