{
  "datetime": "2025-11-26 06:55:00",
  "open": 1.15892,
  "high": 1.15899,
  "low": 1.15892,
  "close": 1.15899,
  "rollH20": 1.15893,
  "rollL20": 1.15823,
  "up2": false,
  "dn2": false,
  "source": "twelvedata_repo"
}