{
  "datetime": "2025-11-20 05:40:00",
  "open": 1.15193,
  "high": 1.15202,
  "low": 1.15188,
  "close": 1.152,
  "rollH20": 1.15227,
  "rollL20": 1.15107,
  "up2": false,
  "dn2": false,
  "source": "twelvedata_repo"
}