{
  "datetime": "2025-11-25 06:55:00",
  "open": 1.15159,
  "high": 1.1517,
  "low": 1.15159,
  "close": 1.15169,
  "rollH20": 1.15184,
  "rollL20": 1.1512,
  "up2": false,
  "dn2": false,
  "source": "twelvedata_repo"
}