{
  "datetime": "2026-03-20 01:25:00",
  "open": 1.15704,
  "high": 1.15707,
  "low": 1.15693,
  "close": 1.15698,
  "rollH20": 1.15806,
  "rollL20": 1.15705,
  "up2": false,
  "dn2": false,
  "source": "twelvedata_repo"
}