{
  "datetime": "2026-03-25 03:10:00",
  "open": 1.16091,
  "high": 1.16094,
  "low": 1.16053,
  "close": 1.16056,
  "rollH20": 1.163,
  "rollL20": 1.16083,
  "up2": false,
  "dn2": false,
  "source": "twelvedata_repo"
}