{
  "datetime": "2026-05-04 15:20:00",
  "open": 1.17129,
  "high": 1.17133,
  "low": 1.17104,
  "close": 1.17131,
  "rollH20": 1.17179,
  "rollL20": 1.17036,
  "up2": false,
  "dn2": false,
  "source": "twelvedata_repo"
}