{
  "datetime": "2025-09-16 10:40:00",
  "open": 1.1812,
  "high": 1.18161,
  "low": 1.18113,
  "close": 1.18157,
  "rollH20": 1.18129,
  "rollL20": 1.17901,
  "up2": false,
  "dn2": false,
  "source": "twelvedata_repo"
}