{
  "datetime": "2025-10-16 21:45:00",
  "open": 1.1688,
  "high": 1.16884,
  "low": 1.16879,
  "close": 1.16884,
  "rollH20": 1.16941,
  "rollL20": 1.16849,
  "up2": false,
  "dn2": false,
  "source": "twelvedata_repo"
}