{
  "datetime": "2026-07-23 00:10:00",
  "open": 1.14093,
  "high": 1.14093,
  "low": 1.14084,
  "close": 1.14086,
  "rollH20": 1.14097,
  "rollL20": 1.1406,
  "up2": false,
  "dn2": false,
  "source": "twelvedata_repo"
}