{
  "datetime": "2026-04-08 11:10:00",
  "open": 1.16811,
  "high": 1.1684,
  "low": 1.16811,
  "close": 1.16833,
  "rollH20": 1.16885,
  "rollL20": 1.16726,
  "up2": false,
  "dn2": false,
  "source": "twelvedata_repo"
}