{
  "datetime": "2026-04-12 17:15:00",
  "open": 1.17265,
  "high": 1.17298,
  "low": 1.17264,
  "close": 1.17284,
  "rollH20": 1.17279,
  "rollL20": 1.17202,
  "up2": false,
  "dn2": false,
  "source": "twelvedata_repo"
}