{
  "datetime": "2025-10-21 08:55:00",
  "open": 1.16304,
  "high": 1.16317,
  "low": 1.16273,
  "close": 1.16274,
  "rollH20": 1.16354,
  "rollL20": 1.16213,
  "up2": false,
  "dn2": false,
  "source": "twelvedata_repo"
}