{
  "datetime": "2025-11-05 11:35:00",
  "open": 1.14807,
  "high": 1.14809,
  "low": 1.148,
  "close": 1.148,
  "rollH20": 1.14932,
  "rollL20": 1.1476,
  "up2": false,
  "dn2": false,
  "source": "twelvedata_repo"
}