{
  "datetime": "2026-04-15 21:05:00",
  "open": 1.17972,
  "high": 1.17974,
  "low": 1.1797,
  "close": 1.17972,
  "rollH20": 1.18049,
  "rollL20": 1.17972,
  "up2": false,
  "dn2": false,
  "source": "twelvedata_repo"
}