{
  "datetime": "2026-03-29 22:45:00",
  "open": 1.15041,
  "high": 1.15042,
  "low": 1.15003,
  "close": 1.1502,
  "rollH20": 1.15131,
  "rollL20": 1.14887,
  "up2": false,
  "dn2": false,
  "source": "twelvedata_repo"
}