{
  "datetime": "2026-01-07 15:55:00",
  "open": 1.16954,
  "high": 1.16977,
  "low": 1.16954,
  "close": 1.16977,
  "rollH20": 1.16956,
  "rollL20": 1.16839,
  "up2": false,
  "dn2": false,
  "source": "twelvedata_repo"
}