{
  "datetime": "2026-02-27 09:55:00",
  "open": 1.18023,
  "high": 1.18026,
  "low": 1.17922,
  "close": 1.17954,
  "rollH20": 1.18174,
  "rollL20": 1.18018,
  "up2": false,
  "dn2": false,
  "source": "twelvedata_repo"
}