{
  "datetime": "2026-01-08 11:50:00",
  "open": 1.16775,
  "high": 1.16788,
  "low": 1.16775,
  "close": 1.16788,
  "rollH20": 1.16811,
  "rollL20": 1.16702,
  "up2": false,
  "dn2": false,
  "source": "twelvedata_repo"
}