{
  "datetime": "2025-10-09 09:55:00",
  "open": 1.16087,
  "high": 1.16087,
  "low": 1.16081,
  "close": 1.16085,
  "rollH20": 1.16199,
  "rollL20": 1.1603,
  "up2": false,
  "dn2": false,
  "source": "twelvedata_repo"
}