{
  "datetime": "2025-09-24 19:40:00",
  "open": 1.17358,
  "high": 1.1737,
  "low": 1.17355,
  "close": 1.17355,
  "rollH20": 1.17406,
  "rollL20": 1.17318,
  "up2": false,
  "dn2": false,
  "source": "twelvedata_repo"
}