{
  "datetime": "2026-04-17 23:00:00",
  "open": 1.17766,
  "high": 1.17807,
  "low": 1.17766,
  "close": 1.17807,
  "rollH20": 1.17812,
  "rollL20": 1.1763,
  "up2": false,
  "dn2": false,
  "source": "twelvedata_repo"
}