{
  "datetime": "2025-12-30 22:20:00",
  "open": 1.17464,
  "high": 1.17465,
  "low": 1.17451,
  "close": 1.17456,
  "rollH20": 1.17527,
  "rollL20": 1.1744,
  "up2": false,
  "dn2": false,
  "source": "twelvedata_repo"
}