{
  "datetime": "2025-11-21 20:40:00",
  "open": 1.15142,
  "high": 1.15155,
  "low": 1.15139,
  "close": 1.15155,
  "rollH20": 1.15141,
  "rollL20": 1.15022,
  "up2": false,
  "dn2": false,
  "source": "twelvedata_repo"
}