{
  "datetime": "2026-03-04 17:35:00",
  "open": 1.16277,
  "high": 1.16299,
  "low": 1.16272,
  "close": 1.16299,
  "rollH20": 1.16458,
  "rollL20": 1.16278,
  "up2": false,
  "dn2": false,
  "source": "twelvedata_repo"
}