{
  "datetime": "2026-02-07 22:40:00",
  "open": 1.18178,
  "high": 1.1818,
  "low": 1.18178,
  "close": 1.1818,
  "rollH20": 1.18204,
  "rollL20": 1.18176,
  "up2": false,
  "dn2": false,
  "source": "twelvedata_repo"
}