{
  "datetime": "2025-09-04 18:35:00",
  "open": 1.16363,
  "high": 1.16376,
  "low": 1.1635,
  "close": 1.16366,
  "rollH20": 1.16484,
  "rollL20": 1.16339,
  "up2": false,
  "dn2": false,
  "source": "twelvedata_repo"
}