{
  "datetime": "2026-03-16 19:30:00",
  "open": 1.15177,
  "high": 1.15201,
  "low": 1.15177,
  "close": 1.15197,
  "rollH20": 1.15237,
  "rollL20": 1.14908,
  "up2": false,
  "dn2": false,
  "source": "twelvedata_repo"
}