{
  "datetime": "2025-10-21 15:50:00",
  "open": 1.16034,
  "high": 1.16035,
  "low": 1.15994,
  "close": 1.15994,
  "rollH20": 1.16179,
  "rollL20": 1.15987,
  "up2": false,
  "dn2": false,
  "source": "twelvedata_repo"
}