{
  "datetime": "2025-12-12 12:10:00",
  "open": 1.17274,
  "high": 1.17282,
  "low": 1.17272,
  "close": 1.17282,
  "rollH20": 1.17356,
  "rollL20": 1.17253,
  "up2": false,
  "dn2": false,
  "source": "twelvedata_repo"
}