{
  "datetime": "2026-03-03 14:40:00",
  "open": 1.15784,
  "high": 1.15811,
  "low": 1.15731,
  "close": 1.15758,
  "rollH20": 1.16143,
  "rollL20": 1.15693,
  "up2": false,
  "dn2": false,
  "source": "twelvedata_repo"
}