{
  "datetime": "2026-01-09 19:20:00",
  "open": 1.16336,
  "high": 1.16345,
  "low": 1.16335,
  "close": 1.16337,
  "rollH20": 1.16363,
  "rollL20": 1.16284,
  "up2": false,
  "dn2": false,
  "source": "twelvedata_repo"
}