{
  "datetime": "2025-11-28 18:25:00",
  "open": 1.15979,
  "high": 1.15988,
  "low": 1.15955,
  "close": 1.1596,
  "rollH20": 1.16082,
  "rollL20": 1.1587,
  "up2": false,
  "dn2": false,
  "source": "twelvedata_repo"
}