{
  "datetime": "2026-01-24 15:40:00",
  "open": 1.18242,
  "high": 1.18243,
  "low": 1.18242,
  "close": 1.18243,
  "rollH20": 1.18244,
  "rollL20": 1.18215,
  "up2": false,
  "dn2": false,
  "source": "twelvedata_repo"
}