{
  "datetime": "2026-06-09 17:15:00",
  "open": 1.15484,
  "high": 1.15484,
  "low": 1.15457,
  "close": 1.1546,
  "rollH20": 1.15688,
  "rollL20": 1.15463,
  "up2": false,
  "dn2": false,
  "source": "twelvedata_repo"
}