{
  "datetime": "2025-10-14 04:20:00",
  "open": 1.15738,
  "high": 1.15751,
  "low": 1.15732,
  "close": 1.1575,
  "rollH20": 1.15762,
  "rollL20": 1.15701,
  "up2": false,
  "dn2": false,
  "source": "twelvedata_repo"
}