{
  "datetime": "2026-01-06 08:10:00",
  "open": 1.17425,
  "high": 1.17426,
  "low": 1.17378,
  "close": 1.1739,
  "rollH20": 1.17426,
  "rollL20": 1.17284,
  "up2": false,
  "dn2": false,
  "source": "twelvedata_repo"
}