{
  "datetime": "2026-04-07 12:25:00",
  "open": 1.15535,
  "high": 1.1554,
  "low": 1.15535,
  "close": 1.1554,
  "rollH20": 1.15677,
  "rollL20": 1.15476,
  "up2": false,
  "dn2": false,
  "source": "twelvedata_repo"
}