{
  "datetime": "2026-02-19 04:45:00",
  "open": 1.17863,
  "high": 1.17867,
  "low": 1.17853,
  "close": 1.17854,
  "rollH20": 1.17937,
  "rollL20": 1.17856,
  "up2": false,
  "dn2": false,
  "source": "twelvedata_repo"
}