{
  "datetime": "2025-10-02 17:55:00",
  "open": 1.17109,
  "high": 1.1713,
  "low": 1.17108,
  "close": 1.17129,
  "rollH20": 1.17114,
  "rollL20": 1.16833,
  "up2": false,
  "dn2": false,
  "source": "twelvedata_repo"
}