{
  "datetime": "2026-01-25 18:00:00",
  "open": 1.18111,
  "high": 1.18115,
  "low": 1.18111,
  "close": 1.18111,
  "rollH20": 1.18131,
  "rollL20": 1.18097,
  "up2": false,
  "dn2": false,
  "source": "twelvedata_repo"
}