{
  "datetime": "2025-11-26 16:50:00",
  "open": 1.15879,
  "high": 1.15893,
  "low": 1.15876,
  "close": 1.15888,
  "rollH20": 1.15945,
  "rollL20": 1.15537,
  "up2": false,
  "dn2": false,
  "source": "twelvedata_repo"
}