{
  "datetime": "2025-10-14 10:10:00",
  "open": 1.15593,
  "high": 1.15595,
  "low": 1.15587,
  "close": 1.15595,
  "rollH20": 1.15628,
  "rollL20": 1.15427,
  "up2": false,
  "dn2": false,
  "source": "twelvedata_repo"
}