{
  "datetime": "2026-02-04 21:10:00",
  "open": 1.18078,
  "high": 1.18078,
  "low": 1.18042,
  "close": 1.18063,
  "rollH20": 1.18098,
  "rollL20": 1.17961,
  "up2": false,
  "dn2": false,
  "source": "twelvedata_repo"
}