{
  "datetime": "2026-02-18 22:00:00",
  "open": 1.17834,
  "high": 1.17848,
  "low": 1.17833,
  "close": 1.17848,
  "rollH20": 1.17873,
  "rollL20": 1.17826,
  "up2": false,
  "dn2": false,
  "source": "twelvedata_repo"
}