{
  "datetime": "2026-01-23 22:55:00",
  "open": 1.1829,
  "high": 1.18297,
  "low": 1.1829,
  "close": 1.18294,
  "rollH20": 1.18348,
  "rollL20": 1.18138,
  "up2": false,
  "dn2": false,
  "source": "twelvedata_repo"
}