{
  "datetime": "2025-12-15 17:55:00",
  "open": 1.17558,
  "high": 1.17584,
  "low": 1.17558,
  "close": 1.17582,
  "rollH20": 1.17689,
  "rollL20": 1.17531,
  "up2": false,
  "dn2": false,
  "source": "twelvedata_repo"
}