{
  "datetime": "2026-05-24 02:50:00",
  "open": 1.16086,
  "high": 1.16089,
  "low": 1.16086,
  "close": 1.16088,
  "rollH20": 1.16091,
  "rollL20": 1.16072,
  "up2": false,
  "dn2": false,
  "source": "twelvedata_repo"
}