{
  "datetime": "2026-03-21 11:45:00",
  "open": 1.15921,
  "high": 1.15923,
  "low": 1.1592,
  "close": 1.15923,
  "rollH20": 1.15931,
  "rollL20": 1.15912,
  "up2": false,
  "dn2": false,
  "source": "twelvedata_repo"
}