{
  "datetime": "2026-06-02 18:15:00",
  "open": 1.1626,
  "high": 1.16269,
  "low": 1.16255,
  "close": 1.16258,
  "rollH20": 1.1642,
  "rollL20": 1.16251,
  "up2": false,
  "dn2": false,
  "source": "twelvedata_repo"
}