{
  "datetime": "2026-05-26 00:30:00",
  "open": 1.16414,
  "high": 1.1642,
  "low": 1.16404,
  "close": 1.16414,
  "rollH20": 1.16436,
  "rollL20": 1.16368,
  "up2": false,
  "dn2": false,
  "source": "twelvedata_repo"
}