{
  "datetime": "2025-11-03 08:10:00",
  "open": 1.15386,
  "high": 1.15389,
  "low": 1.15386,
  "close": 1.15387,
  "rollH20": 1.15415,
  "rollL20": 1.15345,
  "up2": false,
  "dn2": false,
  "source": "twelvedata_repo"
}