{
  "datetime": "2026-02-17 02:35:00",
  "open": 1.18438,
  "high": 1.1844,
  "low": 1.18438,
  "close": 1.1844,
  "rollH20": 1.18474,
  "rollL20": 1.18414,
  "up2": false,
  "dn2": false,
  "source": "twelvedata_repo"
}