{
  "datetime": "2026-03-04 14:25:00",
  "open": 1.16344,
  "high": 1.16382,
  "low": 1.16342,
  "close": 1.16375,
  "rollH20": 1.16497,
  "rollL20": 1.16279,
  "up2": false,
  "dn2": false,
  "source": "twelvedata_repo"
}