{
  "datetime": "2025-11-25 01:40:00",
  "open": 1.1522,
  "high": 1.15221,
  "low": 1.15217,
  "close": 1.15217,
  "rollH20": 1.15261,
  "rollL20": 1.15191,
  "up2": false,
  "dn2": false,
  "source": "twelvedata_repo"
}