{
  "datetime": "2026-02-11 05:35:00",
  "open": 1.19128,
  "high": 1.19129,
  "low": 1.19125,
  "close": 1.19126,
  "rollH20": 1.1915,
  "rollL20": 1.19038,
  "up2": false,
  "dn2": false,
  "source": "twelvedata_repo"
}