{
  "datetime": "2025-11-03 23:55:00",
  "open": 1.1521,
  "high": 1.1521,
  "low": 1.1521,
  "close": 1.1521,
  "rollH20": 1.15212,
  "rollL20": 1.15168,
  "up2": false,
  "dn2": false,
  "source": "twelvedata_repo"
}