{
  "datetime": "2026-04-20 11:40:00",
  "open": 1.17675,
  "high": 1.17679,
  "low": 1.17663,
  "close": 1.1767,
  "rollH20": 1.17687,
  "rollL20": 1.17561,
  "up2": false,
  "dn2": false,
  "source": "twelvedata_repo"
}