{
  "datetime": "2026-01-06 05:25:00",
  "open": 1.17331,
  "high": 1.17333,
  "low": 1.17331,
  "close": 1.17332,
  "rollH20": 1.17385,
  "rollL20": 1.17274,
  "up2": false,
  "dn2": false,
  "source": "twelvedata_repo"
}