{
  "datetime": "2026-03-04 20:45:00",
  "open": 1.16431,
  "high": 1.16439,
  "low": 1.16431,
  "close": 1.16434,
  "rollH20": 1.16444,
  "rollL20": 1.16263,
  "up2": false,
  "dn2": false,
  "source": "twelvedata_repo"
}