{
  "datetime": "2026-02-06 19:00:00",
  "open": 1.18191,
  "high": 1.18195,
  "low": 1.18177,
  "close": 1.18183,
  "rollH20": 1.18205,
  "rollL20": 1.18112,
  "up2": false,
  "dn2": false,
  "source": "twelvedata_repo"
}