{
  "datetime": "2025-11-21 04:50:00",
  "open": 1.15369,
  "high": 1.15376,
  "low": 1.15368,
  "close": 1.1537,
  "rollH20": 1.15387,
  "rollL20": 1.15328,
  "up2": false,
  "dn2": false,
  "source": "twelvedata_repo"
}