{
  "datetime": "2026-05-21 22:45:00",
  "open": 1.16186,
  "high": 1.16198,
  "low": 1.16186,
  "close": 1.16193,
  "rollH20": 1.16232,
  "rollL20": 1.16162,
  "up2": false,
  "dn2": false,
  "source": "twelvedata_repo"
}