{
  "datetime": "2026-03-07 19:30:00",
  "open": 1.16188,
  "high": 1.16193,
  "low": 1.16187,
  "close": 1.16189,
  "rollH20": 1.16199,
  "rollL20": 1.16179,
  "up2": false,
  "dn2": false,
  "source": "twelvedata_repo"
}