{
  "datetime": "2026-03-06 16:15:00",
  "open": 1.15897,
  "high": 1.1601,
  "low": 1.15897,
  "close": 1.15989,
  "rollH20": 1.16009,
  "rollL20": 1.15574,
  "up2": false,
  "dn2": false,
  "source": "twelvedata_repo"
}