{
  "datetime": "2026-03-14 21:55:00",
  "open": 1.1468,
  "high": 1.14684,
  "low": 1.14679,
  "close": 1.14681,
  "rollH20": 1.14706,
  "rollL20": 1.14626,
  "up2": false,
  "dn2": false,
  "source": "twelvedata_repo"
}