{
  "datetime": "2026-03-15 16:45:00",
  "open": 1.13992,
  "high": 1.14064,
  "low": 1.13978,
  "close": 1.14064,
  "rollH20": 1.14129,
  "rollL20": 1.13992,
  "up2": false,
  "dn2": false,
  "source": "twelvedata_repo"
}