{
  "datetime": "2025-11-05 20:20:00",
  "open": 1.14817,
  "high": 1.14821,
  "low": 1.14813,
  "close": 1.14821,
  "rollH20": 1.14834,
  "rollL20": 1.14768,
  "up2": false,
  "dn2": false,
  "source": "twelvedata_repo"
}