{
  "datetime": "2025-11-03 22:40:00",
  "open": 1.15196,
  "high": 1.15203,
  "low": 1.15196,
  "close": 1.15203,
  "rollH20": 1.15229,
  "rollL20": 1.15168,
  "up2": false,
  "dn2": false,
  "source": "twelvedata_repo"
}