{
  "datetime": "2026-07-15 17:40:00",
  "open": 1.14357,
  "high": 1.14369,
  "low": 1.14348,
  "close": 1.14367,
  "rollH20": 1.14415,
  "rollL20": 1.14308,
  "up2": false,
  "dn2": false,
  "source": "twelvedata_repo"
}