{
  "datetime": "2026-04-06 18:30:00",
  "open": 1.15442,
  "high": 1.15443,
  "low": 1.15441,
  "close": 1.15442,
  "rollH20": 1.15481,
  "rollL20": 1.15345,
  "up2": false,
  "dn2": false,
  "source": "twelvedata_repo"
}