{
  "datetime": "2025-12-29 20:45:00",
  "open": 1.17647,
  "high": 1.17651,
  "low": 1.1764,
  "close": 1.17642,
  "rollH20": 1.17658,
  "rollL20": 1.17539,
  "up2": false,
  "dn2": false,
  "source": "twelvedata_repo"
}