{
  "datetime": "2026-03-16 13:45:00",
  "open": 1.14883,
  "high": 1.14898,
  "low": 1.14881,
  "close": 1.14898,
  "rollH20": 1.14884,
  "rollL20": 1.14729,
  "up2": false,
  "dn2": false,
  "source": "twelvedata_repo"
}