{
  "datetime": "2026-02-09 09:45:00",
  "open": 1.18586,
  "high": 1.18609,
  "low": 1.18583,
  "close": 1.18608,
  "rollH20": 1.18639,
  "rollL20": 1.18473,
  "up2": false,
  "dn2": false,
  "source": "twelvedata_repo"
}