{
  "datetime": "2025-10-30 10:55:00",
  "open": 1.16162,
  "high": 1.16185,
  "low": 1.16159,
  "close": 1.16162,
  "rollH20": 1.16281,
  "rollL20": 1.16074,
  "up2": false,
  "dn2": false,
  "source": "twelvedata_repo"
}