{
  "datetime": "2026-05-12 05:20:00",
  "open": 1.17571,
  "high": 1.17575,
  "low": 1.17563,
  "close": 1.1757,
  "rollH20": 1.17644,
  "rollL20": 1.1755,
  "up2": false,
  "dn2": false,
  "source": "twelvedata_repo"
}