{
  "datetime": "2025-11-28 08:40:00",
  "open": 1.15877,
  "high": 1.15895,
  "low": 1.15875,
  "close": 1.15889,
  "rollH20": 1.15897,
  "rollL20": 1.15823,
  "up2": false,
  "dn2": false,
  "source": "twelvedata_repo"
}