{
  "datetime": "2026-03-09 11:05:00",
  "open": 1.15637,
  "high": 1.15667,
  "low": 1.15633,
  "close": 1.15667,
  "rollH20": 1.15702,
  "rollL20": 1.15478,
  "up2": false,
  "dn2": false,
  "source": "twelvedata_repo"
}