{
  "datetime": "2026-01-23 20:40:00",
  "open": 1.17987,
  "high": 1.17991,
  "low": 1.17977,
  "close": 1.17981,
  "rollH20": 1.18013,
  "rollL20": 1.17787,
  "up2": false,
  "dn2": false,
  "source": "twelvedata_repo"
}