{
  "datetime": "2026-01-06 16:20:00",
  "open": 1.16969,
  "high": 1.16969,
  "low": 1.16927,
  "close": 1.16944,
  "rollH20": 1.17176,
  "rollL20": 1.16947,
  "up2": false,
  "dn2": false,
  "source": "twelvedata_repo"
}