{
  "datetime": "2026-06-25 21:00:00",
  "open": 1.13727,
  "high": 1.13742,
  "low": 1.13724,
  "close": 1.13731,
  "rollH20": 1.13802,
  "rollL20": 1.13688,
  "up2": false,
  "dn2": false,
  "source": "twelvedata_repo"
}