{
  "datetime": "2025-11-12 05:55:00",
  "open": 1.15724,
  "high": 1.15729,
  "low": 1.15721,
  "close": 1.15721,
  "rollH20": 1.15816,
  "rollL20": 1.15705,
  "up2": false,
  "dn2": false,
  "source": "twelvedata_repo"
}