{
  "datetime": "2025-09-23 11:45:00",
  "open": 1.17922,
  "high": 1.17968,
  "low": 1.17918,
  "close": 1.17955,
  "rollH20": 1.18122,
  "rollL20": 1.17908,
  "up2": false,
  "dn2": false,
  "source": "twelvedata_repo"
}