{
  "datetime": "2025-09-26 04:55:00",
  "open": 1.16772,
  "high": 1.16773,
  "low": 1.1677,
  "close": 1.1677,
  "rollH20": 1.16792,
  "rollL20": 1.16705,
  "up2": false,
  "dn2": false,
  "source": "twelvedata_repo"
}