{
  "datetime": "2026-01-17 01:25:00",
  "open": 1.15947,
  "high": 1.15971,
  "low": 1.15947,
  "close": 1.15965,
  "rollH20": 1.16068,
  "rollL20": 1.15941,
  "up2": false,
  "dn2": false,
  "source": "twelvedata_repo"
}