{
  "datetime": "2026-01-20 06:40:00",
  "open": 1.16662,
  "high": 1.16664,
  "low": 1.16662,
  "close": 1.16664,
  "rollH20": 1.16731,
  "rollL20": 1.16566,
  "up2": false,
  "dn2": false,
  "source": "twelvedata_repo"
}