{
  "datetime": "2026-04-03 23:50:00",
  "open": 1.15206,
  "high": 1.15207,
  "low": 1.15197,
  "close": 1.15197,
  "rollH20": 1.15247,
  "rollL20": 1.1517,
  "up2": false,
  "dn2": false,
  "source": "twelvedata_repo"
}