{
  "datetime": "2026-02-15 08:10:00",
  "open": 1.18711,
  "high": 1.18714,
  "low": 1.18709,
  "close": 1.18713,
  "rollH20": 1.18716,
  "rollL20": 1.18708,
  "up2": false,
  "dn2": false,
  "source": "twelvedata_repo"
}