{
  "datetime": "2026-02-17 11:45:00",
  "open": 1.18382,
  "high": 1.18386,
  "low": 1.18381,
  "close": 1.18381,
  "rollH20": 1.1847,
  "rollL20": 1.18372,
  "up2": false,
  "dn2": false,
  "source": "twelvedata_repo"
}