{
  "datetime": "2025-11-14 00:55:00",
  "open": 1.16291,
  "high": 1.16302,
  "low": 1.16291,
  "close": 1.16293,
  "rollH20": 1.16386,
  "rollL20": 1.16231,
  "up2": false,
  "dn2": false,
  "source": "twelvedata_repo"
}