{
  "datetime": "2025-11-07 22:55:00",
  "open": 1.15632,
  "high": 1.15641,
  "low": 1.15626,
  "close": 1.15631,
  "rollH20": 1.15672,
  "rollL20": 1.15602,
  "up2": false,
  "dn2": false,
  "source": "twelvedata_repo"
}