{
  "datetime": "2025-10-14 11:10:00",
  "open": 1.15554,
  "high": 1.15583,
  "low": 1.15546,
  "close": 1.15578,
  "rollH20": 1.15631,
  "rollL20": 1.15515,
  "up2": false,
  "dn2": false,
  "source": "twelvedata_repo"
}