{
  "datetime": "2026-03-07 23:15:00",
  "open": 1.16192,
  "high": 1.16196,
  "low": 1.16192,
  "close": 1.16193,
  "rollH20": 1.16198,
  "rollL20": 1.16181,
  "up2": false,
  "dn2": false,
  "source": "twelvedata_repo"
}