{
  "datetime": "2025-11-04 12:25:00",
  "open": 1.15044,
  "high": 1.1505,
  "low": 1.15033,
  "close": 1.15034,
  "rollH20": 1.15115,
  "rollL20": 1.14996,
  "up2": false,
  "dn2": false,
  "source": "twelvedata_repo"
}