{
  "datetime": "2025-11-03 12:45:00",
  "open": 1.15151,
  "high": 1.15152,
  "low": 1.15145,
  "close": 1.15145,
  "rollH20": 1.15199,
  "rollL20": 1.15078,
  "up2": false,
  "dn2": false,
  "source": "twelvedata_repo"
}