{
  "datetime": "2026-01-21 20:30:00",
  "open": 1.16842,
  "high": 1.16842,
  "low": 1.16813,
  "close": 1.16819,
  "rollH20": 1.17061,
  "rollL20": 1.16781,
  "up2": false,
  "dn2": false,
  "source": "twelvedata_repo"
}