{
  "datetime": "2026-05-04 18:45:00",
  "open": 1.1693,
  "high": 1.16932,
  "low": 1.16915,
  "close": 1.16924,
  "rollH20": 1.16988,
  "rollL20": 1.1681,
  "up2": false,
  "dn2": false,
  "source": "twelvedata_repo"
}