{
  "datetime": "2025-11-27 06:40:00",
  "open": 1.16057,
  "high": 1.16065,
  "low": 1.16032,
  "close": 1.16033,
  "rollH20": 1.16056,
  "rollL20": 1.16002,
  "up2": false,
  "dn2": false,
  "source": "twelvedata_repo"
}