{
  "datetime": "2026-05-12 23:40:00",
  "open": 1.17393,
  "high": 1.17398,
  "low": 1.1739,
  "close": 1.17395,
  "rollH20": 1.17429,
  "rollL20": 1.17354,
  "up2": false,
  "dn2": false,
  "source": "twelvedata_repo"
}