{
  "datetime": "2026-04-09 23:35:00",
  "open": 1.16984,
  "high": 1.16986,
  "low": 1.16953,
  "close": 1.1696,
  "rollH20": 1.17027,
  "rollL20": 1.16972,
  "up2": false,
  "dn2": false,
  "source": "twelvedata_repo"
}