{
  "datetime": "2026-05-20 22:35:00",
  "open": 1.16264,
  "high": 1.16274,
  "low": 1.1626,
  "close": 1.16268,
  "rollH20": 1.16305,
  "rollL20": 1.1623,
  "up2": false,
  "dn2": false,
  "source": "twelvedata_repo"
}