{
  "datetime": "2026-06-24 17:25:00",
  "open": 1.13559,
  "high": 1.13608,
  "low": 1.13557,
  "close": 1.13603,
  "rollH20": 1.13613,
  "rollL20": 1.13368,
  "up2": false,
  "dn2": false,
  "source": "twelvedata_repo"
}