{
  "datetime": "2026-03-29 14:50:00",
  "open": 1.15199,
  "high": 1.15204,
  "low": 1.15197,
  "close": 1.15199,
  "rollH20": 1.15321,
  "rollL20": 1.15164,
  "up2": false,
  "dn2": false,
  "source": "twelvedata_repo"
}