{
  "datetime": "2025-12-02 14:55:00",
  "open": 1.16148,
  "high": 1.16181,
  "low": 1.16148,
  "close": 1.16173,
  "rollH20": 1.16198,
  "rollL20": 1.16076,
  "up2": false,
  "dn2": false,
  "source": "twelvedata_repo"
}