{
  "datetime": "2026-05-09 21:40:00",
  "open": 1.17859,
  "high": 1.17861,
  "low": 1.17859,
  "close": 1.17861,
  "rollH20": 1.17925,
  "rollL20": 1.17801,
  "up2": false,
  "dn2": false,
  "source": "twelvedata_repo"
}