{
  "datetime": "2025-10-16 22:20:00",
  "open": 1.16865,
  "high": 1.16891,
  "low": 1.16865,
  "close": 1.16882,
  "rollH20": 1.16932,
  "rollL20": 1.16848,
  "up2": false,
  "dn2": false,
  "source": "twelvedata_repo"
}