{
  "datetime": "2025-11-26 03:20:00",
  "open": 1.15851,
  "high": 1.15861,
  "low": 1.15849,
  "close": 1.15852,
  "rollH20": 1.15857,
  "rollL20": 1.1564,
  "up2": false,
  "dn2": false,
  "source": "twelvedata_repo"
}