{
  "datetime": "2026-04-07 07:40:00",
  "open": 1.15416,
  "high": 1.1542,
  "low": 1.15416,
  "close": 1.1542,
  "rollH20": 1.15416,
  "rollL20": 1.15307,
  "up2": false,
  "dn2": false,
  "source": "twelvedata_repo"
}