{
  "datetime": "2025-11-12 12:40:00",
  "open": 1.15721,
  "high": 1.15722,
  "low": 1.15721,
  "close": 1.15722,
  "rollH20": 1.15756,
  "rollL20": 1.15656,
  "up2": false,
  "dn2": false,
  "source": "twelvedata_repo"
}