{
  "datetime": "2025-10-17 20:40:00",
  "open": 1.16672,
  "high": 1.16685,
  "low": 1.16671,
  "close": 1.16682,
  "rollH20": 1.16754,
  "rollL20": 1.16638,
  "up2": false,
  "dn2": false,
  "source": "twelvedata_repo"
}