{
  "datetime": "2026-01-13 15:05:00",
  "open": 1.16702,
  "high": 1.16705,
  "low": 1.16699,
  "close": 1.167,
  "rollH20": 1.16757,
  "rollL20": 1.16507,
  "up2": false,
  "dn2": false,
  "source": "twelvedata_repo"
}