{
  "datetime": "2026-04-04 00:30:00",
  "open": 1.15206,
  "high": 1.15207,
  "low": 1.15193,
  "close": 1.15195,
  "rollH20": 1.15229,
  "rollL20": 1.1517,
  "up2": false,
  "dn2": false,
  "source": "twelvedata_repo"
}