{
  "datetime": "2025-11-21 21:30:00",
  "open": 1.15111,
  "high": 1.15116,
  "low": 1.15106,
  "close": 1.15116,
  "rollH20": 1.15176,
  "rollL20": 1.15042,
  "up2": false,
  "dn2": false,
  "source": "twelvedata_repo"
}