{
  "datetime": "2026-01-07 18:55:00",
  "open": 1.16895,
  "high": 1.16898,
  "low": 1.1687,
  "close": 1.16874,
  "rollH20": 1.16945,
  "rollL20": 1.16839,
  "up2": false,
  "dn2": false,
  "source": "twelvedata_repo"
}