{
  "datetime": "2026-01-31 12:30:00",
  "open": 1.18607,
  "high": 1.18613,
  "low": 1.18606,
  "close": 1.1861,
  "rollH20": 1.18614,
  "rollL20": 1.18566,
  "up2": false,
  "dn2": false,
  "source": "twelvedata_repo"
}