{
  "datetime": "2026-01-24 17:15:00",
  "open": 1.1824,
  "high": 1.18242,
  "low": 1.18238,
  "close": 1.18242,
  "rollH20": 1.18247,
  "rollL20": 1.18215,
  "up2": false,
  "dn2": false,
  "source": "twelvedata_repo"
}