{
  "datetime": "2025-12-03 04:35:00",
  "open": 1.16374,
  "high": 1.16383,
  "low": 1.16374,
  "close": 1.16379,
  "rollH20": 1.16395,
  "rollL20": 1.16357,
  "up2": false,
  "dn2": false,
  "source": "twelvedata_repo"
}