{
  "datetime": "2026-06-12 01:10:00",
  "open": 1.15717,
  "high": 1.15722,
  "low": 1.15711,
  "close": 1.15721,
  "rollH20": 1.1586,
  "rollL20": 1.15695,
  "up2": false,
  "dn2": false,
  "source": "twelvedata_repo"
}