{
  "datetime": "2025-11-28 14:00:00",
  "open": 1.15676,
  "high": 1.15679,
  "low": 1.15661,
  "close": 1.15667,
  "rollH20": 1.15726,
  "rollL20": 1.15567,
  "up2": false,
  "dn2": false,
  "source": "twelvedata_repo"
}