{
  "datetime": "2026-04-03 22:35:00",
  "open": 1.15209,
  "high": 1.15211,
  "low": 1.15209,
  "close": 1.15211,
  "rollH20": 1.15256,
  "rollL20": 1.15141,
  "up2": false,
  "dn2": false,
  "source": "twelvedata_repo"
}