{
  "datetime": "2025-10-20 14:40:00",
  "open": 1.16515,
  "high": 1.16524,
  "low": 1.16512,
  "close": 1.16514,
  "rollH20": 1.16602,
  "rollL20": 1.16463,
  "up2": false,
  "dn2": false,
  "source": "twelvedata_repo"
}