{
  "datetime": "2026-04-15 01:00:00",
  "open": 1.1799,
  "high": 1.17993,
  "low": 1.1796,
  "close": 1.17964,
  "rollH20": 1.18018,
  "rollL20": 1.17942,
  "up2": false,
  "dn2": false,
  "source": "twelvedata_repo"
}