{
  "datetime": "2025-09-26 20:25:00",
  "open": 1.17012,
  "high": 1.17012,
  "low": 1.16998,
  "close": 1.17003,
  "rollH20": 1.17057,
  "rollL20": 1.16959,
  "up2": false,
  "dn2": false,
  "source": "twelvedata_repo"
}