{
  "datetime": "2025-12-16 17:25:00",
  "open": 1.17724,
  "high": 1.17787,
  "low": 1.17719,
  "close": 1.17767,
  "rollH20": 1.18017,
  "rollL20": 1.17636,
  "up2": false,
  "dn2": false,
  "source": "twelvedata_repo"
}