{
  "datetime": "2026-07-19 15:35:00",
  "open": 1.14378,
  "high": 1.14383,
  "low": 1.14377,
  "close": 1.14377,
  "rollH20": 1.14392,
  "rollL20": 1.14364,
  "up2": false,
  "dn2": false,
  "source": "twelvedata_repo"
}