{
  "datetime": "2026-01-21 23:20:00",
  "open": 1.16852,
  "high": 1.1686,
  "low": 1.16852,
  "close": 1.16855,
  "rollH20": 1.169,
  "rollL20": 1.16831,
  "up2": false,
  "dn2": false,
  "source": "twelvedata_repo"
}