{
  "datetime": "2026-01-09 12:25:00",
  "open": 1.16453,
  "high": 1.16456,
  "low": 1.16452,
  "close": 1.16456,
  "rollH20": 1.1647,
  "rollL20": 1.16383,
  "up2": false,
  "dn2": false,
  "source": "twelvedata_repo"
}