{
  "datetime": "2026-01-10 10:40:00",
  "open": 1.164,
  "high": 1.16405,
  "low": 1.164,
  "close": 1.16403,
  "rollH20": 1.16412,
  "rollL20": 1.16351,
  "up2": false,
  "dn2": false,
  "source": "twelvedata_repo"
}