{
  "datetime": "2025-10-03 20:15:00",
  "open": 1.17399,
  "high": 1.17411,
  "low": 1.17398,
  "close": 1.17411,
  "rollH20": 1.17416,
  "rollL20": 1.17267,
  "up2": false,
  "dn2": false,
  "source": "twelvedata_repo"
}