{
  "datetime": "2025-11-11 20:10:00",
  "open": 1.15908,
  "high": 1.15919,
  "low": 1.15905,
  "close": 1.15905,
  "rollH20": 1.15992,
  "rollL20": 1.15907,
  "up2": false,
  "dn2": false,
  "source": "twelvedata_repo"
}