{
  "datetime": "2026-02-27 22:55:00",
  "open": 1.18164,
  "high": 1.18176,
  "low": 1.18164,
  "close": 1.18176,
  "rollH20": 1.18187,
  "rollL20": 1.18115,
  "up2": false,
  "dn2": false,
  "source": "twelvedata_repo"
}