{
  "datetime": "2026-03-04 15:20:00",
  "open": 1.1627,
  "high": 1.16312,
  "low": 1.1627,
  "close": 1.16304,
  "rollH20": 1.16429,
  "rollL20": 1.16183,
  "up2": false,
  "dn2": false,
  "source": "twelvedata_repo"
}