{
  "datetime": "2026-06-06 22:05:00",
  "open": 1.15217,
  "high": 1.15222,
  "low": 1.15213,
  "close": 1.15219,
  "rollH20": 1.15245,
  "rollL20": 1.15203,
  "up2": false,
  "dn2": false,
  "source": "twelvedata_repo"
}