{
  "datetime": "2025-09-24 14:55:00",
  "open": 1.17391,
  "high": 1.17426,
  "low": 1.17387,
  "close": 1.17397,
  "rollH20": 1.17579,
  "rollL20": 1.17303,
  "up2": false,
  "dn2": false,
  "source": "twelvedata_repo"
}