{
  "datetime": "2026-04-11 03:15:00",
  "open": 1.17181,
  "high": 1.17186,
  "low": 1.1718,
  "close": 1.17182,
  "rollH20": 1.17239,
  "rollL20": 1.17178,
  "up2": false,
  "dn2": false,
  "source": "twelvedata_repo"
}