{
  "datetime": "2026-02-20 11:15:00",
  "open": 1.17625,
  "high": 1.17626,
  "low": 1.17624,
  "close": 1.17624,
  "rollH20": 1.17691,
  "rollL20": 1.17579,
  "up2": false,
  "dn2": false,
  "source": "twelvedata_repo"
}