{
  "datetime": "2025-12-26 00:40:00",
  "open": 1.17801,
  "high": 1.17809,
  "low": 1.17801,
  "close": 1.17809,
  "rollH20": 1.17862,
  "rollL20": 1.17787,
  "up2": false,
  "dn2": false,
  "source": "twelvedata_repo"
}