{
  "datetime": "2025-11-04 16:55:00",
  "open": 1.14902,
  "high": 1.14922,
  "low": 1.14902,
  "close": 1.14922,
  "rollH20": 1.14907,
  "rollL20": 1.14729,
  "up2": false,
  "dn2": false,
  "source": "twelvedata_repo"
}