{
  "datetime": "2025-10-07 00:35:00",
  "open": 1.17137,
  "high": 1.17137,
  "low": 1.17137,
  "close": 1.17137,
  "rollH20": 1.17178,
  "rollL20": 1.17123,
  "up2": false,
  "dn2": false,
  "source": "twelvedata_repo"
}