{
  "datetime": "2025-09-29 12:55:00",
  "open": 1.17165,
  "high": 1.17211,
  "low": 1.17165,
  "close": 1.17211,
  "rollH20": 1.17216,
  "rollL20": 1.17094,
  "up2": false,
  "dn2": false,
  "source": "twelvedata_repo"
}