{
  "datetime": "2025-12-10 22:55:00",
  "open": 1.16931,
  "high": 1.16949,
  "low": 1.16931,
  "close": 1.16945,
  "rollH20": 1.17011,
  "rollL20": 1.16893,
  "up2": false,
  "dn2": false,
  "source": "twelvedata_repo"
}