{
  "datetime": "2026-04-18 19:10:00",
  "open": 1.17688,
  "high": 1.17692,
  "low": 1.17686,
  "close": 1.17689,
  "rollH20": 1.17739,
  "rollL20": 1.1762,
  "up2": false,
  "dn2": false,
  "source": "twelvedata_repo"
}