{
  "datetime": "2026-05-04 16:05:00",
  "open": 1.17118,
  "high": 1.17141,
  "low": 1.17093,
  "close": 1.17132,
  "rollH20": 1.17179,
  "rollL20": 1.17057,
  "up2": false,
  "dn2": false,
  "source": "twelvedata_repo"
}