{
  "datetime": "2025-11-18 05:10:00",
  "open": 1.15905,
  "high": 1.15908,
  "low": 1.15899,
  "close": 1.15905,
  "rollH20": 1.15959,
  "rollL20": 1.15888,
  "up2": false,
  "dn2": false,
  "source": "twelvedata_repo"
}