{
  "datetime": "2026-01-20 12:20:00",
  "open": 1.17249,
  "high": 1.17267,
  "low": 1.17247,
  "close": 1.17267,
  "rollH20": 1.17331,
  "rollL20": 1.17161,
  "up2": false,
  "dn2": false,
  "source": "twelvedata_repo"
}