{
  "datetime": "2025-12-30 06:35:00",
  "open": 1.17769,
  "high": 1.17774,
  "low": 1.17764,
  "close": 1.17766,
  "rollH20": 1.17792,
  "rollL20": 1.17721,
  "up2": false,
  "dn2": false,
  "source": "twelvedata_repo"
}