{
  "datetime": "2026-06-05 23:00:00",
  "open": 1.15237,
  "high": 1.15247,
  "low": 1.15205,
  "close": 1.15241,
  "rollH20": 1.15262,
  "rollL20": 1.15186,
  "up2": false,
  "dn2": false,
  "source": "twelvedata_repo"
}