{
  "datetime": "2026-02-03 19:05:00",
  "open": 1.18171,
  "high": 1.18215,
  "low": 1.18171,
  "close": 1.18215,
  "rollH20": 1.18282,
  "rollL20": 1.18109,
  "up2": false,
  "dn2": false,
  "source": "twelvedata_repo"
}