{
  "datetime": "2025-10-31 08:30:00",
  "open": 1.15617,
  "high": 1.15623,
  "low": 1.15617,
  "close": 1.15619,
  "rollH20": 1.15735,
  "rollL20": 1.15553,
  "up2": false,
  "dn2": false,
  "source": "twelvedata_repo"
}