{
  "datetime": "2026-01-20 15:30:00",
  "open": 1.17257,
  "high": 1.17259,
  "low": 1.17231,
  "close": 1.1724,
  "rollH20": 1.1749,
  "rollL20": 1.17202,
  "up2": false,
  "dn2": false,
  "source": "twelvedata_repo"
}