{
  "datetime": "2026-02-25 23:45:00",
  "open": 1.1814,
  "high": 1.18143,
  "low": 1.18139,
  "close": 1.18139,
  "rollH20": 1.18147,
  "rollL20": 1.1806,
  "up2": false,
  "dn2": false,
  "source": "twelvedata_repo"
}