{
  "datetime": "2026-03-18 01:25:00",
  "open": 1.15341,
  "high": 1.15345,
  "low": 1.15341,
  "close": 1.15342,
  "rollH20": 1.15435,
  "rollL20": 1.15325,
  "up2": false,
  "dn2": false,
  "source": "twelvedata_repo"
}