{
  "datetime": "2025-11-10 20:20:00",
  "open": 1.15623,
  "high": 1.15626,
  "low": 1.1561,
  "close": 1.1561,
  "rollH20": 1.15646,
  "rollL20": 1.15518,
  "up2": false,
  "dn2": false,
  "source": "twelvedata_repo"
}