{
  "datetime": "2026-04-19 13:40:00",
  "open": 1.17645,
  "high": 1.1765,
  "low": 1.17645,
  "close": 1.17645,
  "rollH20": 1.17754,
  "rollL20": 1.17479,
  "up2": false,
  "dn2": false,
  "source": "twelvedata_repo"
}