{
  "datetime": "2026-01-14 08:55:00",
  "open": 1.16471,
  "high": 1.16475,
  "low": 1.16461,
  "close": 1.16465,
  "rollH20": 1.16516,
  "rollL20": 1.16441,
  "up2": false,
  "dn2": false,
  "source": "twelvedata_repo"
}