{
  "datetime": "2025-11-17 23:45:00",
  "open": 1.15913,
  "high": 1.15914,
  "low": 1.15912,
  "close": 1.15913,
  "rollH20": 1.15928,
  "rollL20": 1.15871,
  "up2": false,
  "dn2": false,
  "source": "twelvedata_repo"
}