{
  "datetime": "2025-12-26 19:10:00",
  "open": 1.17702,
  "high": 1.1771,
  "low": 1.17696,
  "close": 1.17696,
  "rollH20": 1.17719,
  "rollL20": 1.17623,
  "up2": false,
  "dn2": false,
  "source": "twelvedata_repo"
}