{
  "datetime": "2025-10-31 11:35:00",
  "open": 1.1568,
  "high": 1.15702,
  "low": 1.15674,
  "close": 1.15688,
  "rollH20": 1.15765,
  "rollL20": 1.15657,
  "up2": false,
  "dn2": false,
  "source": "twelvedata_repo"
}