{
  "datetime": "2026-06-04 14:25:00",
  "open": 1.16371,
  "high": 1.16374,
  "low": 1.16343,
  "close": 1.16347,
  "rollH20": 1.16451,
  "rollL20": 1.1634,
  "up2": false,
  "dn2": false,
  "source": "twelvedata_repo"
}