{
  "datetime": "2025-10-31 18:40:00",
  "open": 1.15261,
  "high": 1.15264,
  "low": 1.15261,
  "close": 1.15262,
  "rollH20": 1.15434,
  "rollL20": 1.15225,
  "up2": false,
  "dn2": false,
  "source": "twelvedata_repo"
}