{
  "datetime": "2026-01-28 00:20:00",
  "open": 1.20295,
  "high": 1.20296,
  "low": 1.2026,
  "close": 1.20275,
  "rollH20": 1.20494,
  "rollL20": 1.20291,
  "up2": false,
  "dn2": false,
  "source": "twelvedata_repo"
}