{
  "datetime": "2026-01-20 04:15:00",
  "open": 1.16472,
  "high": 1.16477,
  "low": 1.16471,
  "close": 1.16475,
  "rollH20": 1.16476,
  "rollL20": 1.16392,
  "up2": false,
  "dn2": false,
  "source": "twelvedata_repo"
}