{
  "datetime": "2025-12-10 11:40:00",
  "open": 1.16352,
  "high": 1.16355,
  "low": 1.16318,
  "close": 1.16318,
  "rollH20": 1.16532,
  "rollL20": 1.16337,
  "up2": false,
  "dn2": false,
  "source": "twelvedata_repo"
}