{
  "datetime": "2025-09-18 04:55:00",
  "open": 1.18129,
  "high": 1.18136,
  "low": 1.18128,
  "close": 1.18136,
  "rollH20": 1.18227,
  "rollL20": 1.18125,
  "up2": false,
  "dn2": false,
  "source": "twelvedata_repo"
}