{
  "datetime": "2025-10-22 20:55:00",
  "open": 1.16057,
  "high": 1.16065,
  "low": 1.16047,
  "close": 1.16052,
  "rollH20": 1.16153,
  "rollL20": 1.16056,
  "up2": false,
  "dn2": false,
  "source": "twelvedata_repo"
}