{
  "datetime": "2025-10-15 09:30:00",
  "open": 1.16353,
  "high": 1.16361,
  "low": 1.16331,
  "close": 1.16361,
  "rollH20": 1.16442,
  "rollL20": 1.16294,
  "up2": false,
  "dn2": false,
  "source": "twelvedata_repo"
}