{
  "datetime": "2025-12-08 05:15:00",
  "open": 1.16534,
  "high": 1.16543,
  "low": 1.16533,
  "close": 1.1654,
  "rollH20": 1.16557,
  "rollL20": 1.16496,
  "up2": false,
  "dn2": false,
  "source": "twelvedata_repo"
}