{
  "datetime": "2026-01-30 00:45:00",
  "open": 1.19723,
  "high": 1.19728,
  "low": 1.19713,
  "close": 1.19718,
  "rollH20": 1.19744,
  "rollL20": 1.19654,
  "up2": false,
  "dn2": false,
  "source": "twelvedata_repo"
}