{
  "datetime": "2026-01-29 18:35:00",
  "open": 1.19587,
  "high": 1.19593,
  "low": 1.19579,
  "close": 1.19583,
  "rollH20": 1.19601,
  "rollL20": 1.19273,
  "up2": false,
  "dn2": false,
  "source": "twelvedata_repo"
}