{
  "datetime": "2025-08-29 15:45:00",
  "open": 1.16961,
  "high": 1.16968,
  "low": 1.1692,
  "close": 1.1693,
  "rollH20": 1.17009,
  "rollL20": 1.16533,
  "up2": false,
  "dn2": false,
  "source": "twelvedata_repo"
}