{
  "datetime": "2026-01-02 22:25:00",
  "open": 1.17209,
  "high": 1.17214,
  "low": 1.17205,
  "close": 1.17211,
  "rollH20": 1.17238,
  "rollL20": 1.17159,
  "up2": false,
  "dn2": false,
  "source": "twelvedata_repo"
}