{
  "datetime": "2026-01-18 08:50:00",
  "open": 1.16056,
  "high": 1.1606,
  "low": 1.16056,
  "close": 1.16057,
  "rollH20": 1.16065,
  "rollL20": 1.16053,
  "up2": false,
  "dn2": false,
  "source": "twelvedata_repo"
}