{
  "datetime": "2026-02-14 15:55:00",
  "open": 1.18686,
  "high": 1.18689,
  "low": 1.18686,
  "close": 1.18687,
  "rollH20": 1.18691,
  "rollL20": 1.18644,
  "up2": false,
  "dn2": false,
  "source": "twelvedata_repo"
}