{
  "datetime": "2025-10-17 04:05:00",
  "open": 1.17062,
  "high": 1.17085,
  "low": 1.17061,
  "close": 1.17073,
  "rollH20": 1.17112,
  "rollL20": 1.16953,
  "up2": false,
  "dn2": false,
  "source": "twelvedata_repo"
}