{
  "datetime": "2026-03-26 00:30:00",
  "open": 1.15617,
  "high": 1.15618,
  "low": 1.15617,
  "close": 1.15618,
  "rollH20": 1.15627,
  "rollL20": 1.15556,
  "up2": false,
  "dn2": false,
  "source": "twelvedata_repo"
}