{
  "datetime": "2025-11-20 06:10:00",
  "open": 1.15159,
  "high": 1.15165,
  "low": 1.15155,
  "close": 1.15155,
  "rollH20": 1.15207,
  "rollL20": 1.15107,
  "up2": false,
  "dn2": false,
  "source": "twelvedata_repo"
}