{
  "datetime": "2025-09-22 14:45:00",
  "open": 1.17744,
  "high": 1.17744,
  "low": 1.17688,
  "close": 1.17697,
  "rollH20": 1.17876,
  "rollL20": 1.17733,
  "up2": false,
  "dn2": false,
  "source": "twelvedata_repo"
}