{
  "datetime": "2026-01-12 13:30:00",
  "open": 1.16826,
  "high": 1.16835,
  "low": 1.16826,
  "close": 1.16835,
  "rollH20": 1.16894,
  "rollL20": 1.16764,
  "up2": false,
  "dn2": false,
  "source": "twelvedata_repo"
}