{
  "datetime": "2026-02-26 19:50:00",
  "open": 1.17949,
  "high": 1.17954,
  "low": 1.17949,
  "close": 1.17949,
  "rollH20": 1.17959,
  "rollL20": 1.17752,
  "up2": false,
  "dn2": false,
  "source": "twelvedata_repo"
}