{
  "datetime": "2026-03-06 23:10:00",
  "open": 1.16223,
  "high": 1.16231,
  "low": 1.16203,
  "close": 1.16223,
  "rollH20": 1.1624,
  "rollL20": 1.16085,
  "up2": false,
  "dn2": false,
  "source": "twelvedata_repo"
}