{
  "datetime": "2026-04-12 23:15:00",
  "open": 1.1676,
  "high": 1.16763,
  "low": 1.16731,
  "close": 1.16733,
  "rollH20": 1.169,
  "rollL20": 1.16667,
  "up2": false,
  "dn2": false,
  "source": "twelvedata_repo"
}