{
  "datetime": "2025-10-03 08:30:00",
  "open": 1.17264,
  "high": 1.17269,
  "low": 1.17263,
  "close": 1.17269,
  "rollH20": 1.17288,
  "rollL20": 1.17154,
  "up2": false,
  "dn2": false,
  "source": "twelvedata_repo"
}