{
  "datetime": "2025-11-28 12:30:00",
  "open": 1.15588,
  "high": 1.15589,
  "low": 1.15583,
  "close": 1.15589,
  "rollH20": 1.15759,
  "rollL20": 1.15554,
  "up2": false,
  "dn2": false,
  "source": "twelvedata_repo"
}