{
  "datetime": "2026-01-21 15:15:00",
  "open": 1.17248,
  "high": 1.17279,
  "low": 1.17244,
  "close": 1.17252,
  "rollH20": 1.17433,
  "rollL20": 1.17126,
  "up2": false,
  "dn2": false,
  "source": "twelvedata_repo"
}