{
  "datetime": "2026-01-05 06:50:00",
  "open": 1.16848,
  "high": 1.16855,
  "low": 1.16847,
  "close": 1.1685,
  "rollH20": 1.16856,
  "rollL20": 1.16732,
  "up2": false,
  "dn2": false,
  "source": "twelvedata_repo"
}