{
  "datetime": "2025-10-30 12:40:00",
  "open": 1.16063,
  "high": 1.16064,
  "low": 1.1602,
  "close": 1.16025,
  "rollH20": 1.16199,
  "rollL20": 1.1604,
  "up2": false,
  "dn2": false,
  "source": "twelvedata_repo"
}