{
  "datetime": "2026-01-24 15:55:00",
  "open": 1.18242,
  "high": 1.18247,
  "low": 1.1824,
  "close": 1.18241,
  "rollH20": 1.18247,
  "rollL20": 1.18215,
  "up2": false,
  "dn2": false,
  "source": "twelvedata_repo"
}