{
  "datetime": "2025-11-05 11:10:00",
  "open": 1.148,
  "high": 1.148,
  "low": 1.148,
  "close": 1.148,
  "rollH20": 1.14952,
  "rollL20": 1.14776,
  "up2": false,
  "dn2": false,
  "source": "twelvedata_repo"
}