{
  "datetime": "2025-09-23 23:30:00",
  "open": 1.18146,
  "high": 1.18151,
  "low": 1.18141,
  "close": 1.18141,
  "rollH20": 1.18188,
  "rollL20": 1.18102,
  "up2": false,
  "dn2": false,
  "source": "twelvedata_repo"
}