{
  "datetime": "2026-02-21 01:40:00",
  "open": 1.17834,
  "high": 1.17851,
  "low": 1.17832,
  "close": 1.17841,
  "rollH20": 1.17877,
  "rollL20": 1.17833,
  "up2": false,
  "dn2": false,
  "source": "twelvedata_repo"
}