{
  "datetime": "2026-04-24 19:20:00",
  "open": 1.17129,
  "high": 1.17158,
  "low": 1.17129,
  "close": 1.17151,
  "rollH20": 1.17212,
  "rollL20": 1.17116,
  "up2": false,
  "dn2": false,
  "source": "twelvedata_repo"
}