{
  "datetime": "2025-11-07 08:40:00",
  "open": 1.15316,
  "high": 1.15322,
  "low": 1.15314,
  "close": 1.15322,
  "rollH20": 1.15365,
  "rollL20": 1.153,
  "up2": false,
  "dn2": false,
  "source": "twelvedata_repo"
}