{
  "datetime": "2026-03-27 13:25:00",
  "open": 1.15075,
  "high": 1.15118,
  "low": 1.15071,
  "close": 1.15114,
  "rollH20": 1.15163,
  "rollL20": 1.1502,
  "up2": false,
  "dn2": false,
  "source": "twelvedata_repo"
}