{
  "datetime": "2026-02-15 01:40:00",
  "open": 1.18659,
  "high": 1.18676,
  "low": 1.18657,
  "close": 1.1867,
  "rollH20": 1.18733,
  "rollL20": 1.18652,
  "up2": false,
  "dn2": false,
  "source": "twelvedata_repo"
}