{
  "datetime": "2026-02-26 07:45:00",
  "open": 1.18142,
  "high": 1.18145,
  "low": 1.18122,
  "close": 1.18135,
  "rollH20": 1.18221,
  "rollL20": 1.18093,
  "up2": false,
  "dn2": false,
  "source": "twelvedata_repo"
}