{
  "datetime": "2026-01-15 16:25:00",
  "open": 1.16008,
  "high": 1.16011,
  "low": 1.15984,
  "close": 1.15998,
  "rollH20": 1.16105,
  "rollL20": 1.15935,
  "up2": false,
  "dn2": false,
  "source": "twelvedata_repo"
}