{
  "datetime": "2026-03-13 13:10:00",
  "open": 1.1476,
  "high": 1.14763,
  "low": 1.14755,
  "close": 1.14761,
  "rollH20": 1.14852,
  "rollL20": 1.14601,
  "up2": false,
  "dn2": false,
  "source": "twelvedata_repo"
}