{
  "datetime": "2026-04-04 14:55:00",
  "open": 1.15183,
  "high": 1.15186,
  "low": 1.15183,
  "close": 1.15184,
  "rollH20": 1.15212,
  "rollL20": 1.15158,
  "up2": false,
  "dn2": false,
  "source": "twelvedata_repo"
}