{
  "datetime": "2026-02-05 15:50:00",
  "open": 1.18027,
  "high": 1.18049,
  "low": 1.18026,
  "close": 1.18049,
  "rollH20": 1.1821,
  "rollL20": 1.17931,
  "up2": false,
  "dn2": false,
  "source": "twelvedata_repo"
}