{
  "datetime": "2026-04-15 07:55:00",
  "open": 1.17852,
  "high": 1.17871,
  "low": 1.17852,
  "close": 1.1787,
  "rollH20": 1.18004,
  "rollL20": 1.17854,
  "up2": false,
  "dn2": false,
  "source": "twelvedata_repo"
}