{
  "datetime": "2026-07-03 00:45:00",
  "open": 1.14255,
  "high": 1.14269,
  "low": 1.14252,
  "close": 1.1426,
  "rollH20": 1.14361,
  "rollL20": 1.14239,
  "up2": false,
  "dn2": false,
  "source": "twelvedata_repo"
}