{
  "datetime": "2026-04-26 20:05:00",
  "open": 1.1717,
  "high": 1.17171,
  "low": 1.1699,
  "close": 1.17028,
  "rollH20": 1.17209,
  "rollL20": 1.17157,
  "up2": false,
  "dn2": false,
  "source": "twelvedata_repo"
}