{
  "datetime": "2026-05-01 19:15:00",
  "open": 1.17258,
  "high": 1.17265,
  "low": 1.17246,
  "close": 1.1726,
  "rollH20": 1.17484,
  "rollL20": 1.1725,
  "up2": false,
  "dn2": false,
  "source": "twelvedata_repo"
}