{
  "datetime": "2026-06-24 14:45:00",
  "open": 1.13403,
  "high": 1.13403,
  "low": 1.13341,
  "close": 1.13367,
  "rollH20": 1.13447,
  "rollL20": 1.13239,
  "up2": false,
  "dn2": false,
  "source": "twelvedata_repo"
}