{
  "datetime": "2026-03-14 09:15:00",
  "open": 1.14216,
  "high": 1.1422,
  "low": 1.14215,
  "close": 1.14215,
  "rollH20": 1.14381,
  "rollL20": 1.14122,
  "up2": false,
  "dn2": false,
  "source": "twelvedata_repo"
}