{
  "datetime": "2026-01-29 05:10:00",
  "open": 1.19902,
  "high": 1.19905,
  "low": 1.19828,
  "close": 1.19839,
  "rollH20": 1.19913,
  "rollL20": 1.19675,
  "up2": false,
  "dn2": false,
  "source": "twelvedata_repo"
}