{
  "datetime": "2025-12-26 18:30:00",
  "open": 1.17656,
  "high": 1.1766,
  "low": 1.17638,
  "close": 1.17645,
  "rollH20": 1.17848,
  "rollL20": 1.17632,
  "up2": false,
  "dn2": false,
  "source": "twelvedata_repo"
}