{
  "datetime": "2026-02-17 10:25:00",
  "open": 1.18445,
  "high": 1.1846,
  "low": 1.18445,
  "close": 1.1845,
  "rollH20": 1.18504,
  "rollL20": 1.1839,
  "up2": false,
  "dn2": false,
  "source": "twelvedata_repo"
}