{
  "datetime": "2026-04-26 05:00:00",
  "open": 1.17222,
  "high": 1.17228,
  "low": 1.17221,
  "close": 1.17224,
  "rollH20": 1.17232,
  "rollL20": 1.17184,
  "up2": false,
  "dn2": false,
  "source": "twelvedata_repo"
}