{
  "datetime": "2025-09-16 00:45:00",
  "open": 1.17635,
  "high": 1.17648,
  "low": 1.17634,
  "close": 1.17648,
  "rollH20": 1.17658,
  "rollL20": 1.17616,
  "up2": false,
  "dn2": false,
  "source": "twelvedata_repo"
}