{
  "datetime": "2026-03-07 21:55:00",
  "open": 1.16183,
  "high": 1.16185,
  "low": 1.16183,
  "close": 1.16183,
  "rollH20": 1.16198,
  "rollL20": 1.1618,
  "up2": false,
  "dn2": false,
  "source": "twelvedata_repo"
}