{
  "datetime": "2025-10-21 22:05:00",
  "open": 1.15996,
  "high": 1.15996,
  "low": 1.15996,
  "close": 1.15996,
  "rollH20": 1.16059,
  "rollL20": 1.1599,
  "up2": false,
  "dn2": false,
  "source": "twelvedata_repo"
}