{
  "datetime": "2025-12-16 15:55:00",
  "open": 1.17901,
  "high": 1.17933,
  "low": 1.17901,
  "close": 1.17933,
  "rollH20": 1.17956,
  "rollL20": 1.17594,
  "up2": false,
  "dn2": false,
  "source": "twelvedata_repo"
}