{
  "datetime": "2026-02-26 08:20:00",
  "open": 1.18055,
  "high": 1.18061,
  "low": 1.18049,
  "close": 1.18057,
  "rollH20": 1.18221,
  "rollL20": 1.18046,
  "up2": false,
  "dn2": false,
  "source": "twelvedata_repo"
}