{
  "datetime": "2026-02-15 22:55:00",
  "open": 1.18717,
  "high": 1.18722,
  "low": 1.18709,
  "close": 1.18711,
  "rollH20": 1.18793,
  "rollL20": 1.18695,
  "up2": false,
  "dn2": false,
  "source": "twelvedata_repo"
}