{
  "datetime": "2026-02-02 07:40:00",
  "open": 1.18479,
  "high": 1.18479,
  "low": 1.18477,
  "close": 1.18477,
  "rollH20": 1.18637,
  "rollL20": 1.18429,
  "up2": false,
  "dn2": false,
  "source": "twelvedata_repo"
}