{
  "datetime": "2026-03-20 14:40:00",
  "open": 1.15342,
  "high": 1.15342,
  "low": 1.15338,
  "close": 1.15341,
  "rollH20": 1.15658,
  "rollL20": 1.15257,
  "up2": false,
  "dn2": false,
  "source": "twelvedata_repo"
}