{
  "datetime": "2026-04-11 00:25:00",
  "open": 1.17252,
  "high": 1.17254,
  "low": 1.17252,
  "close": 1.17254,
  "rollH20": 1.17287,
  "rollL20": 1.17222,
  "up2": false,
  "dn2": false,
  "source": "twelvedata_repo"
}