{
  "datetime": "2025-10-16 15:45:00",
  "open": 1.16697,
  "high": 1.16731,
  "low": 1.16691,
  "close": 1.16711,
  "rollH20": 1.16745,
  "rollL20": 1.16501,
  "up2": false,
  "dn2": false,
  "source": "twelvedata_repo"
}