{
  "datetime": "2025-10-13 16:40:00",
  "open": 1.15698,
  "high": 1.15708,
  "low": 1.15682,
  "close": 1.15698,
  "rollH20": 1.15751,
  "rollL20": 1.15574,
  "up2": false,
  "dn2": false,
  "source": "twelvedata_repo"
}