{
  "datetime": "2025-10-31 14:55:00",
  "open": 1.15356,
  "high": 1.15421,
  "low": 1.15356,
  "close": 1.15396,
  "rollH20": 1.15604,
  "rollL20": 1.15305,
  "up2": false,
  "dn2": false,
  "source": "twelvedata_repo"
}