{
  "datetime": "2026-05-15 11:15:00",
  "open": 1.16348,
  "high": 1.16361,
  "low": 1.16344,
  "close": 1.16355,
  "rollH20": 1.16362,
  "rollL20": 1.1618,
  "up2": false,
  "dn2": false,
  "source": "twelvedata_repo"
}