{
  "datetime": "2026-04-05 10:10:00",
  "open": 1.15203,
  "high": 1.15207,
  "low": 1.15202,
  "close": 1.15203,
  "rollH20": 1.15208,
  "rollL20": 1.15196,
  "up2": false,
  "dn2": false,
  "source": "twelvedata_repo"
}