{
  "datetime": "2026-01-27 09:45:00",
  "open": 1.18519,
  "high": 1.18558,
  "low": 1.18519,
  "close": 1.18556,
  "rollH20": 1.18754,
  "rollL20": 1.1851,
  "up2": false,
  "dn2": false,
  "source": "twelvedata_repo"
}