{
  "datetime": "2026-05-10 11:05:00",
  "open": 1.17927,
  "high": 1.17927,
  "low": 1.17862,
  "close": 1.17862,
  "rollH20": 1.1794,
  "rollL20": 1.17893,
  "up2": false,
  "dn2": false,
  "source": "twelvedata_repo"
}