{
  "datetime": "2025-11-19 11:35:00",
  "open": 1.15725,
  "high": 1.15728,
  "low": 1.15714,
  "close": 1.15719,
  "rollH20": 1.158,
  "rollL20": 1.15661,
  "up2": false,
  "dn2": false,
  "source": "twelvedata_repo"
}