{
  "datetime": "2026-02-11 16:20:00",
  "open": 1.18581,
  "high": 1.18586,
  "low": 1.18578,
  "close": 1.18578,
  "rollH20": 1.18809,
  "rollL20": 1.1855,
  "up2": false,
  "dn2": false,
  "source": "twelvedata_repo"
}