{
  "datetime": "2026-03-04 17:55:00",
  "open": 1.16348,
  "high": 1.16349,
  "low": 1.1632,
  "close": 1.16326,
  "rollH20": 1.16426,
  "rollL20": 1.16272,
  "up2": false,
  "dn2": false,
  "source": "twelvedata_repo"
}