{
  "datetime": "2025-11-27 22:50:00",
  "open": 1.1597,
  "high": 1.15973,
  "low": 1.1596,
  "close": 1.15967,
  "rollH20": 1.15977,
  "rollL20": 1.15947,
  "up2": false,
  "dn2": false,
  "source": "twelvedata_repo"
}