{
  "datetime": "2025-12-02 21:30:00",
  "open": 1.16209,
  "high": 1.16213,
  "low": 1.16202,
  "close": 1.16204,
  "rollH20": 1.16263,
  "rollL20": 1.16071,
  "up2": false,
  "dn2": false,
  "source": "twelvedata_repo"
}