{
  "datetime": "2025-12-02 06:45:00",
  "open": 1.161,
  "high": 1.16108,
  "low": 1.161,
  "close": 1.16107,
  "rollH20": 1.16144,
  "rollL20": 1.16074,
  "up2": false,
  "dn2": false,
  "source": "twelvedata_repo"
}