{
  "datetime": "2025-10-13 20:15:00",
  "open": 1.15712,
  "high": 1.15716,
  "low": 1.15712,
  "close": 1.15716,
  "rollH20": 1.15776,
  "rollL20": 1.15658,
  "up2": false,
  "dn2": false,
  "source": "twelvedata_repo"
}