{
  "datetime": "2026-01-01 16:10:00",
  "open": 1.17451,
  "high": 1.17457,
  "low": 1.17451,
  "close": 1.17455,
  "rollH20": 1.17482,
  "rollL20": 1.17442,
  "up2": false,
  "dn2": false,
  "source": "twelvedata_repo"
}