{
  "datetime": "2026-02-10 04:30:00",
  "open": 1.19132,
  "high": 1.19152,
  "low": 1.19124,
  "close": 1.19152,
  "rollH20": 1.19176,
  "rollL20": 1.19047,
  "up2": false,
  "dn2": false,
  "source": "twelvedata_repo"
}