{
  "datetime": "2026-01-30 12:20:00",
  "open": 1.19343,
  "high": 1.19345,
  "low": 1.19295,
  "close": 1.19323,
  "rollH20": 1.19354,
  "rollL20": 1.18984,
  "up2": false,
  "dn2": false,
  "source": "twelvedata_repo"
}