{
  "datetime": "2025-10-07 10:25:00",
  "open": 1.16635,
  "high": 1.16662,
  "low": 1.16628,
  "close": 1.16637,
  "rollH20": 1.16826,
  "rollL20": 1.16628,
  "up2": false,
  "dn2": false,
  "source": "twelvedata_repo"
}