{
  "datetime": "2026-01-21 11:40:00",
  "open": 1.17045,
  "high": 1.1707,
  "low": 1.17042,
  "close": 1.17066,
  "rollH20": 1.1713,
  "rollL20": 1.17019,
  "up2": false,
  "dn2": false,
  "source": "twelvedata_repo"
}