{
  "datetime": "2026-02-09 08:40:00",
  "open": 1.18583,
  "high": 1.18586,
  "low": 1.18579,
  "close": 1.18581,
  "rollH20": 1.18581,
  "rollL20": 1.18332,
  "up2": false,
  "dn2": false,
  "source": "twelvedata_repo"
}