{
  "datetime": "2026-02-19 04:05:00",
  "open": 1.17892,
  "high": 1.17896,
  "low": 1.1789,
  "close": 1.17891,
  "rollH20": 1.17957,
  "rollL20": 1.17881,
  "up2": false,
  "dn2": false,
  "source": "twelvedata_repo"
}