{
  "datetime": "2026-05-23 17:55:00",
  "open": 1.16036,
  "high": 1.16036,
  "low": 1.16028,
  "close": 1.16033,
  "rollH20": 1.16081,
  "rollL20": 1.16004,
  "up2": false,
  "dn2": false,
  "source": "twelvedata_repo"
}