{
  "datetime": "2025-11-10 13:50:00",
  "open": 1.15647,
  "high": 1.15667,
  "low": 1.15647,
  "close": 1.15667,
  "rollH20": 1.15743,
  "rollL20": 1.15541,
  "up2": false,
  "dn2": false,
  "source": "twelvedata_repo"
}