{
  "datetime": "2026-07-21 06:50:00",
  "open": 1.14204,
  "high": 1.14204,
  "low": 1.1419,
  "close": 1.14193,
  "rollH20": 1.14218,
  "rollL20": 1.14137,
  "up2": false,
  "dn2": false,
  "source": "twelvedata_repo"
}