{
  "datetime": "2026-03-22 07:50:00",
  "open": 1.15923,
  "high": 1.15928,
  "low": 1.15922,
  "close": 1.15923,
  "rollH20": 1.1593,
  "rollL20": 1.15918,
  "up2": false,
  "dn2": false,
  "source": "twelvedata_repo"
}