{
  "datetime": "2026-05-25 04:20:00",
  "open": 1.1637,
  "high": 1.16387,
  "low": 1.16366,
  "close": 1.16386,
  "rollH20": 1.1644,
  "rollL20": 1.16363,
  "up2": false,
  "dn2": false,
  "source": "twelvedata_repo"
}