{
  "datetime": "2025-10-10 19:55:00",
  "open": 1.16115,
  "high": 1.16126,
  "low": 1.16107,
  "close": 1.16123,
  "rollH20": 1.16129,
  "rollL20": 1.15986,
  "up2": false,
  "dn2": false,
  "source": "twelvedata_repo"
}