{
  "datetime": "2026-01-24 05:50:00",
  "open": 1.18224,
  "high": 1.18228,
  "low": 1.18224,
  "close": 1.18228,
  "rollH20": 1.18242,
  "rollL20": 1.18226,
  "up2": false,
  "dn2": false,
  "source": "twelvedata_repo"
}