{
  "datetime": "2026-04-12 20:40:00",
  "open": 1.16766,
  "high": 1.16892,
  "low": 1.16766,
  "close": 1.1687,
  "rollH20": 1.17276,
  "rollL20": 1.16594,
  "up2": false,
  "dn2": false,
  "source": "twelvedata_repo"
}