{
  "datetime": "2026-07-02 19:05:00",
  "open": 1.14337,
  "high": 1.1435,
  "low": 1.1433,
  "close": 1.14348,
  "rollH20": 1.14412,
  "rollL20": 1.14291,
  "up2": false,
  "dn2": false,
  "source": "twelvedata_repo"
}