{
  "datetime": "2026-04-10 14:55:00",
  "open": 1.17264,
  "high": 1.17293,
  "low": 1.17261,
  "close": 1.17271,
  "rollH20": 1.17355,
  "rollL20": 1.17108,
  "up2": false,
  "dn2": false,
  "source": "twelvedata_repo"
}