{
  "datetime": "2026-03-28 06:15:00",
  "open": 1.15449,
  "high": 1.15454,
  "low": 1.15449,
  "close": 1.15453,
  "rollH20": 1.15459,
  "rollL20": 1.15381,
  "up2": false,
  "dn2": false,
  "source": "twelvedata_repo"
}