{
  "datetime": "2026-04-06 20:00:00",
  "open": 1.15457,
  "high": 1.15461,
  "low": 1.15453,
  "close": 1.15454,
  "rollH20": 1.15523,
  "rollL20": 1.15375,
  "up2": false,
  "dn2": false,
  "source": "twelvedata_repo"
}