{
  "datetime": "2026-03-02 22:10:00",
  "open": 1.16878,
  "high": 1.16882,
  "low": 1.16865,
  "close": 1.16874,
  "rollH20": 1.16958,
  "rollL20": 1.16805,
  "up2": false,
  "dn2": false,
  "source": "twelvedata_repo"
}