{
  "datetime": "2026-05-11 20:20:00",
  "open": 1.17763,
  "high": 1.1777,
  "low": 1.17755,
  "close": 1.17764,
  "rollH20": 1.17808,
  "rollL20": 1.17747,
  "up2": false,
  "dn2": false,
  "source": "twelvedata_repo"
}