{
  "datetime": "2026-05-04 10:20:00",
  "open": 1.172,
  "high": 1.17202,
  "low": 1.1717,
  "close": 1.17182,
  "rollH20": 1.17238,
  "rollL20": 1.17123,
  "up2": false,
  "dn2": false,
  "source": "twelvedata_repo"
}