{
  "datetime": "2025-12-02 10:55:00",
  "open": 1.16126,
  "high": 1.16136,
  "low": 1.16109,
  "close": 1.16119,
  "rollH20": 1.1616,
  "rollL20": 1.16021,
  "up2": false,
  "dn2": false,
  "source": "twelvedata_repo"
}