{
  "datetime": "2025-11-03 12:10:00",
  "open": 1.15166,
  "high": 1.15196,
  "low": 1.15166,
  "close": 1.15192,
  "rollH20": 1.1521,
  "rollL20": 1.15078,
  "up2": false,
  "dn2": false,
  "source": "twelvedata_repo"
}