{
  "datetime": "2026-02-13 16:20:00",
  "open": 1.18622,
  "high": 1.18647,
  "low": 1.18622,
  "close": 1.18647,
  "rollH20": 1.18788,
  "rollL20": 1.18585,
  "up2": false,
  "dn2": false,
  "source": "twelvedata_repo"
}