{
  "datetime": "2026-04-02 23:30:00",
  "open": 1.15398,
  "high": 1.15404,
  "low": 1.15395,
  "close": 1.15401,
  "rollH20": 1.15426,
  "rollL20": 1.15383,
  "up2": false,
  "dn2": false,
  "source": "twelvedata_repo"
}