{
  "datetime": "2026-07-19 14:40:00",
  "open": 1.14374,
  "high": 1.14379,
  "low": 1.14373,
  "close": 1.14376,
  "rollH20": 1.14392,
  "rollL20": 1.14364,
  "up2": false,
  "dn2": false,
  "source": "twelvedata_repo"
}