{
  "datetime": "2026-06-16 00:25:00",
  "open": 1.15909,
  "high": 1.15918,
  "low": 1.15907,
  "close": 1.15909,
  "rollH20": 1.1597,
  "rollL20": 1.15855,
  "up2": false,
  "dn2": false,
  "source": "twelvedata_repo"
}