{
  "datetime": "2025-09-10 11:35:00",
  "open": 1.16988,
  "high": 1.16989,
  "low": 1.16981,
  "close": 1.16981,
  "rollH20": 1.1717,
  "rollL20": 1.16963,
  "up2": false,
  "dn2": false,
  "source": "twelvedata_repo"
}