{
  "datetime": "2025-12-30 00:45:00",
  "open": 1.17723,
  "high": 1.17728,
  "low": 1.1772,
  "close": 1.1772,
  "rollH20": 1.17751,
  "rollL20": 1.17683,
  "up2": false,
  "dn2": false,
  "source": "twelvedata_repo"
}