{
  "datetime": "2026-05-08 02:10:00",
  "open": 1.17301,
  "high": 1.17312,
  "low": 1.17301,
  "close": 1.17311,
  "rollH20": 1.17355,
  "rollL20": 1.17267,
  "up2": false,
  "dn2": false,
  "source": "twelvedata_repo"
}