{
  "datetime": "2026-07-21 22:05:00",
  "open": 1.13986,
  "high": 1.13999,
  "low": 1.13985,
  "close": 1.13988,
  "rollH20": 1.14046,
  "rollL20": 1.13976,
  "up2": false,
  "dn2": false,
  "source": "twelvedata_repo"
}