{
  "datetime": "2026-05-12 01:10:00",
  "open": 1.17751,
  "high": 1.17762,
  "low": 1.17748,
  "close": 1.1776,
  "rollH20": 1.17878,
  "rollL20": 1.17744,
  "up2": false,
  "dn2": false,
  "source": "twelvedata_repo"
}