{
  "datetime": "2025-09-19 16:40:00",
  "open": 1.1739,
  "high": 1.17461,
  "low": 1.17385,
  "close": 1.17461,
  "rollH20": 1.17677,
  "rollL20": 1.17372,
  "up2": false,
  "dn2": false,
  "source": "twelvedata_repo"
}