{
  "datetime": "2026-02-03 22:00:00",
  "open": 1.1821,
  "high": 1.18231,
  "low": 1.1821,
  "close": 1.18228,
  "rollH20": 1.1822,
  "rollL20": 1.18078,
  "up2": false,
  "dn2": false,
  "source": "twelvedata_repo"
}