{
  "datetime": "2026-04-17 02:40:00",
  "open": 1.17767,
  "high": 1.17768,
  "low": 1.17759,
  "close": 1.17761,
  "rollH20": 1.17834,
  "rollL20": 1.17749,
  "up2": false,
  "dn2": false,
  "source": "twelvedata_repo"
}