{
  "datetime": "2026-01-16 08:35:00",
  "open": 1.16103,
  "high": 1.16144,
  "low": 1.161,
  "close": 1.16119,
  "rollH20": 1.16152,
  "rollL20": 1.16048,
  "up2": false,
  "dn2": false,
  "source": "twelvedata_repo"
}