{
  "datetime": "2026-01-05 21:45:00",
  "open": 1.1727,
  "high": 1.17275,
  "low": 1.17268,
  "close": 1.17268,
  "rollH20": 1.17292,
  "rollL20": 1.17229,
  "up2": false,
  "dn2": false,
  "source": "twelvedata_repo"
}