{
  "datetime": "2025-11-19 00:55:00",
  "open": 1.15806,
  "high": 1.1581,
  "low": 1.15806,
  "close": 1.15809,
  "rollH20": 1.15823,
  "rollL20": 1.15773,
  "up2": false,
  "dn2": false,
  "source": "twelvedata_repo"
}