{
  "datetime": "2026-04-24 22:00:00",
  "open": 1.17187,
  "high": 1.17211,
  "low": 1.17187,
  "close": 1.17201,
  "rollH20": 1.1723,
  "rollL20": 1.17152,
  "up2": false,
  "dn2": false,
  "source": "twelvedata_repo"
}