{
  "datetime": "2026-03-17 18:30:00",
  "open": 1.15438,
  "high": 1.15441,
  "low": 1.15417,
  "close": 1.15424,
  "rollH20": 1.15475,
  "rollL20": 1.15275,
  "up2": false,
  "dn2": false,
  "source": "twelvedata_repo"
}