{
  "datetime": "2025-10-28 10:55:00",
  "open": 1.16565,
  "high": 1.16568,
  "low": 1.16559,
  "close": 1.16565,
  "rollH20": 1.16627,
  "rollL20": 1.16468,
  "up2": false,
  "dn2": false,
  "source": "twelvedata_repo"
}