{
  "datetime": "2026-03-06 19:00:00",
  "open": 1.16004,
  "high": 1.16006,
  "low": 1.15983,
  "close": 1.15987,
  "rollH20": 1.162,
  "rollL20": 1.15943,
  "up2": false,
  "dn2": false,
  "source": "twelvedata_repo"
}