{
  "datetime": "2026-03-18 19:50:00",
  "open": 1.1473,
  "high": 1.14743,
  "low": 1.14696,
  "close": 1.14712,
  "rollH20": 1.15171,
  "rollL20": 1.14716,
  "up2": false,
  "dn2": false,
  "source": "twelvedata_repo"
}