{
  "datetime": "2025-11-19 10:30:00",
  "open": 1.15752,
  "high": 1.15759,
  "low": 1.15728,
  "close": 1.15748,
  "rollH20": 1.15946,
  "rollL20": 1.15707,
  "up2": false,
  "dn2": false,
  "source": "twelvedata_repo"
}