{
  "datetime": "2026-03-04 11:40:00",
  "open": 1.16398,
  "high": 1.164,
  "low": 1.16356,
  "close": 1.16359,
  "rollH20": 1.16542,
  "rollL20": 1.1608,
  "up2": false,
  "dn2": false,
  "source": "twelvedata_repo"
}