{
  "datetime": "2026-01-17 14:05:00",
  "open": 1.15986,
  "high": 1.15989,
  "low": 1.15985,
  "close": 1.15988,
  "rollH20": 1.16006,
  "rollL20": 1.15939,
  "up2": false,
  "dn2": false,
  "source": "twelvedata_repo"
}