{
  "datetime": "2026-07-16 17:10:00",
  "open": 1.14428,
  "high": 1.14428,
  "low": 1.14413,
  "close": 1.14416,
  "rollH20": 1.14525,
  "rollL20": 1.14373,
  "up2": false,
  "dn2": false,
  "source": "twelvedata_repo"
}