{
  "datetime": "2026-02-12 17:10:00",
  "open": 1.18885,
  "high": 1.18885,
  "low": 1.1888,
  "close": 1.1888,
  "rollH20": 1.18897,
  "rollL20": 1.18795,
  "up2": false,
  "dn2": false,
  "source": "twelvedata_repo"
}