{
  "datetime": "2026-01-07 09:20:00",
  "open": 1.16797,
  "high": 1.16798,
  "low": 1.16783,
  "close": 1.16787,
  "rollH20": 1.17008,
  "rollL20": 1.16763,
  "up2": false,
  "dn2": false,
  "source": "twelvedata_repo"
}