{
  "datetime": "2026-03-04 20:55:00",
  "open": 1.16414,
  "high": 1.16423,
  "low": 1.16414,
  "close": 1.1642,
  "rollH20": 1.16444,
  "rollL20": 1.16277,
  "up2": false,
  "dn2": false,
  "source": "twelvedata_repo"
}