{
  "datetime": "2026-03-26 23:40:00",
  "open": 1.15386,
  "high": 1.15393,
  "low": 1.15379,
  "close": 1.1539,
  "rollH20": 1.15418,
  "rollL20": 1.15279,
  "up2": false,
  "dn2": false,
  "source": "twelvedata_repo"
}