{
  "datetime": "2026-03-23 08:15:00",
  "open": 1.15342,
  "high": 1.15345,
  "low": 1.153,
  "close": 1.15308,
  "rollH20": 1.15415,
  "rollL20": 1.15217,
  "up2": false,
  "dn2": false,
  "source": "twelvedata_repo"
}