{
  "datetime": "2026-06-16 02:25:00",
  "open": 1.15911,
  "high": 1.15914,
  "low": 1.15894,
  "close": 1.15914,
  "rollH20": 1.15949,
  "rollL20": 1.15881,
  "up2": false,
  "dn2": false,
  "source": "twelvedata_repo"
}