{
  "datetime": "2025-09-04 00:35:00",
  "open": 1.16574,
  "high": 1.16591,
  "low": 1.16567,
  "close": 1.16573,
  "rollH20": 1.16662,
  "rollL20": 1.16553,
  "up2": false,
  "dn2": false,
  "source": "twelvedata_repo"
}