{
  "datetime": "2026-01-08 17:40:00",
  "open": 1.1654,
  "high": 1.16571,
  "low": 1.16538,
  "close": 1.16561,
  "rollH20": 1.16731,
  "rollL20": 1.16535,
  "up2": false,
  "dn2": false,
  "source": "twelvedata_repo"
}