{
  "datetime": "2026-06-05 14:45:00",
  "open": 1.15791,
  "high": 1.15852,
  "low": 1.15791,
  "close": 1.1585,
  "rollH20": 1.16423,
  "rollL20": 1.15781,
  "up2": false,
  "dn2": false,
  "source": "twelvedata_repo"
}