{
  "datetime": "2026-02-25 18:05:00",
  "open": 1.18089,
  "high": 1.1809,
  "low": 1.18083,
  "close": 1.18083,
  "rollH20": 1.18147,
  "rollL20": 1.17983,
  "up2": false,
  "dn2": false,
  "source": "twelvedata_repo"
}