{
  "datetime": "2026-01-15 07:55:00",
  "open": 1.16321,
  "high": 1.16336,
  "low": 1.16319,
  "close": 1.16335,
  "rollH20": 1.16382,
  "rollL20": 1.16293,
  "up2": false,
  "dn2": false,
  "source": "twelvedata_repo"
}