{
  "datetime": "2026-01-25 23:45:00",
  "open": 1.18716,
  "high": 1.18716,
  "low": 1.18709,
  "close": 1.18709,
  "rollH20": 1.1873,
  "rollL20": 1.18462,
  "up2": false,
  "dn2": false,
  "source": "twelvedata_repo"
}