{
  "datetime": "2026-02-15 23:10:00",
  "open": 1.1866,
  "high": 1.18675,
  "low": 1.1866,
  "close": 1.18675,
  "rollH20": 1.18776,
  "rollL20": 1.18654,
  "up2": false,
  "dn2": false,
  "source": "twelvedata_repo"
}