{
  "datetime": "2026-03-17 05:45:00",
  "open": 1.14888,
  "high": 1.14889,
  "low": 1.1486,
  "close": 1.1486,
  "rollH20": 1.15002,
  "rollL20": 1.14885,
  "up2": false,
  "dn2": false,
  "source": "twelvedata_repo"
}