{
  "datetime": "2025-12-01 04:55:00",
  "open": 1.15969,
  "high": 1.15974,
  "low": 1.15969,
  "close": 1.15971,
  "rollH20": 1.16019,
  "rollL20": 1.15903,
  "up2": false,
  "dn2": false,
  "source": "twelvedata_repo"
}