{
  "datetime": "2025-11-14 04:00:00",
  "open": 1.16362,
  "high": 1.16378,
  "low": 1.16362,
  "close": 1.16376,
  "rollH20": 1.16382,
  "rollL20": 1.16297,
  "up2": false,
  "dn2": false,
  "source": "twelvedata_repo"
}