{
  "datetime": "2026-04-11 16:05:00",
  "open": 1.17249,
  "high": 1.17254,
  "low": 1.17248,
  "close": 1.17252,
  "rollH20": 1.1726,
  "rollL20": 1.17246,
  "up2": false,
  "dn2": false,
  "source": "twelvedata_repo"
}