{
  "datetime": "2026-05-05 14:55:00",
  "open": 1.16992,
  "high": 1.16999,
  "low": 1.16986,
  "close": 1.16993,
  "rollH20": 1.1705,
  "rollL20": 1.16878,
  "up2": false,
  "dn2": false,
  "source": "twelvedata_repo"
}