{
  "datetime": "2026-06-03 13:20:00",
  "open": 1.16138,
  "high": 1.16138,
  "low": 1.16115,
  "close": 1.1612,
  "rollH20": 1.16226,
  "rollL20": 1.16118,
  "up2": false,
  "dn2": false,
  "source": "twelvedata_repo"
}