{
  "datetime": "2026-01-28 04:15:00",
  "open": 1.2002,
  "high": 1.2005,
  "low": 1.2002,
  "close": 1.20035,
  "rollH20": 1.20059,
  "rollL20": 1.19877,
  "up2": false,
  "dn2": false,
  "source": "twelvedata_repo"
}