{
  "datetime": "2025-10-15 18:55:00",
  "open": 1.16281,
  "high": 1.16286,
  "low": 1.16273,
  "close": 1.16277,
  "rollH20": 1.16408,
  "rollL20": 1.16269,
  "up2": false,
  "dn2": false,
  "source": "twelvedata_repo"
}