{
  "datetime": "2026-04-23 03:40:00",
  "open": 1.17057,
  "high": 1.17066,
  "low": 1.17051,
  "close": 1.17053,
  "rollH20": 1.17128,
  "rollL20": 1.17039,
  "up2": false,
  "dn2": false,
  "source": "twelvedata_repo"
}