{
  "datetime": "2025-10-07 17:25:00",
  "open": 1.16782,
  "high": 1.16788,
  "low": 1.1675,
  "close": 1.16758,
  "rollH20": 1.16811,
  "rollL20": 1.16561,
  "up2": false,
  "dn2": false,
  "source": "twelvedata_repo"
}