{
  "datetime": "2026-03-13 19:45:00",
  "open": 1.14249,
  "high": 1.14253,
  "low": 1.1423,
  "close": 1.14245,
  "rollH20": 1.14424,
  "rollL20": 1.14244,
  "up2": false,
  "dn2": false,
  "source": "twelvedata_repo"
}