{
  "datetime": "2026-01-17 07:10:00",
  "open": 1.15943,
  "high": 1.15945,
  "low": 1.15942,
  "close": 1.15943,
  "rollH20": 1.16038,
  "rollL20": 1.15939,
  "up2": false,
  "dn2": false,
  "source": "twelvedata_repo"
}