{
  "datetime": "2026-06-15 21:05:00",
  "open": 1.15871,
  "high": 1.15877,
  "low": 1.15865,
  "close": 1.15866,
  "rollH20": 1.16007,
  "rollL20": 1.1584,
  "up2": false,
  "dn2": false,
  "source": "twelvedata_repo"
}