{
  "datetime": "2025-10-10 21:25:00",
  "open": 1.16127,
  "high": 1.16136,
  "low": 1.16118,
  "close": 1.1612,
  "rollH20": 1.16151,
  "rollL20": 1.16036,
  "up2": false,
  "dn2": false,
  "source": "twelvedata_repo"
}