{
  "datetime": "2026-02-10 06:10:00",
  "open": 1.19072,
  "high": 1.19077,
  "low": 1.19067,
  "close": 1.19067,
  "rollH20": 1.19169,
  "rollL20": 1.19059,
  "up2": false,
  "dn2": false,
  "source": "twelvedata_repo"
}