{
  "datetime": "2026-02-12 00:25:00",
  "open": 1.18749,
  "high": 1.18757,
  "low": 1.1874,
  "close": 1.18745,
  "rollH20": 1.18767,
  "rollL20": 1.18693,
  "up2": false,
  "dn2": false,
  "source": "twelvedata_repo"
}