{
  "datetime": "2026-01-06 06:50:00",
  "open": 1.17329,
  "high": 1.1733,
  "low": 1.17328,
  "close": 1.17328,
  "rollH20": 1.17373,
  "rollL20": 1.17316,
  "up2": false,
  "dn2": false,
  "source": "twelvedata_repo"
}