{
  "datetime": "2026-04-27 22:10:00",
  "open": 1.17214,
  "high": 1.17216,
  "low": 1.17214,
  "close": 1.17216,
  "rollH20": 1.17257,
  "rollL20": 1.17208,
  "up2": false,
  "dn2": false,
  "source": "twelvedata_repo"
}