{
  "datetime": "2026-07-15 10:15:00",
  "open": 1.14259,
  "high": 1.14262,
  "low": 1.14231,
  "close": 1.14235,
  "rollH20": 1.14275,
  "rollL20": 1.14215,
  "up2": false,
  "dn2": false,
  "source": "twelvedata_repo"
}