{
  "datetime": "2026-04-29 08:55:00",
  "open": 1.17078,
  "high": 1.17078,
  "low": 1.17072,
  "close": 1.17073,
  "rollH20": 1.17081,
  "rollL20": 1.16968,
  "up2": false,
  "dn2": false,
  "source": "twelvedata_repo"
}