{
  "datetime": "2026-04-14 06:35:00",
  "open": 1.17606,
  "high": 1.17611,
  "low": 1.17606,
  "close": 1.1761,
  "rollH20": 1.17705,
  "rollL20": 1.17606,
  "up2": false,
  "dn2": false,
  "source": "twelvedata_repo"
}