{
  "datetime": "2026-06-28 18:35:00",
  "open": 1.13866,
  "high": 1.13868,
  "low": 1.13864,
  "close": 1.13868,
  "rollH20": 1.13885,
  "rollL20": 1.13808,
  "up2": false,
  "dn2": false,
  "source": "twelvedata_repo"
}