{
  "datetime": "2025-10-24 00:15:00",
  "open": 1.1617,
  "high": 1.16172,
  "low": 1.1617,
  "close": 1.16171,
  "rollH20": 1.16219,
  "rollL20": 1.16143,
  "up2": false,
  "dn2": false,
  "source": "twelvedata_repo"
}