{
  "datetime": "2025-10-02 12:05:00",
  "open": 1.17502,
  "high": 1.17507,
  "low": 1.17478,
  "close": 1.17479,
  "rollH20": 1.17579,
  "rollL20": 1.17462,
  "up2": false,
  "dn2": false,
  "source": "twelvedata_repo"
}