{
  "datetime": "2026-07-23 16:50:00",
  "open": 1.13725,
  "high": 1.13737,
  "low": 1.13714,
  "close": 1.13732,
  "rollH20": 1.13767,
  "rollL20": 1.13645,
  "up2": false,
  "dn2": false,
  "source": "twelvedata_repo"
}