{
  "datetime": "2026-01-15 18:00:00",
  "open": 1.16056,
  "high": 1.16058,
  "low": 1.1604,
  "close": 1.16058,
  "rollH20": 1.16111,
  "rollL20": 1.15982,
  "up2": false,
  "dn2": false,
  "source": "twelvedata_repo"
}