{
  "datetime": "2026-01-27 20:10:00",
  "open": 1.19803,
  "high": 1.19806,
  "low": 1.19785,
  "close": 1.19802,
  "rollH20": 1.1987,
  "rollL20": 1.19604,
  "up2": false,
  "dn2": false,
  "source": "twelvedata_repo"
}