{
  "datetime": "2025-10-10 04:40:00",
  "open": 1.15733,
  "high": 1.1574,
  "low": 1.15724,
  "close": 1.15737,
  "rollH20": 1.15734,
  "rollL20": 1.15626,
  "up2": false,
  "dn2": false,
  "source": "twelvedata_repo"
}