{
  "datetime": "2025-11-17 08:30:00",
  "open": 1.16128,
  "high": 1.16135,
  "low": 1.16125,
  "close": 1.16134,
  "rollH20": 1.16131,
  "rollL20": 1.15954,
  "up2": false,
  "dn2": false,
  "source": "twelvedata_repo"
}