{
  "datetime": "2026-01-21 08:50:00",
  "open": 1.1718,
  "high": 1.17185,
  "low": 1.17165,
  "close": 1.17165,
  "rollH20": 1.17249,
  "rollL20": 1.17092,
  "up2": false,
  "dn2": false,
  "source": "twelvedata_repo"
}