{
  "datetime": "2026-02-24 19:35:00",
  "open": 1.17818,
  "high": 1.17833,
  "low": 1.17817,
  "close": 1.17829,
  "rollH20": 1.17881,
  "rollL20": 1.17765,
  "up2": false,
  "dn2": false,
  "source": "twelvedata_repo"
}