{
  "datetime": "2026-02-17 10:05:00",
  "open": 1.18452,
  "high": 1.18464,
  "low": 1.18452,
  "close": 1.18457,
  "rollH20": 1.18504,
  "rollL20": 1.18363,
  "up2": false,
  "dn2": false,
  "source": "twelvedata_repo"
}