{
  "datetime": "2026-02-11 11:30:00",
  "open": 1.19174,
  "high": 1.1918,
  "low": 1.19167,
  "close": 1.19176,
  "rollH20": 1.19203,
  "rollL20": 1.19118,
  "up2": false,
  "dn2": false,
  "source": "twelvedata_repo"
}