{
  "datetime": "2026-03-06 20:00:00",
  "open": 1.16031,
  "high": 1.16033,
  "low": 1.16025,
  "close": 1.16025,
  "rollH20": 1.162,
  "rollL20": 1.15951,
  "up2": false,
  "dn2": false,
  "source": "twelvedata_repo"
}