{
  "datetime": "2026-07-02 17:20:00",
  "open": 1.14401,
  "high": 1.14401,
  "low": 1.14385,
  "close": 1.14388,
  "rollH20": 1.14495,
  "rollL20": 1.14332,
  "up2": false,
  "dn2": false,
  "source": "twelvedata_repo"
}