{
  "datetime": "2025-12-04 05:05:00",
  "open": 1.16568,
  "high": 1.16572,
  "low": 1.16568,
  "close": 1.16572,
  "rollH20": 1.16616,
  "rollL20": 1.16534,
  "up2": false,
  "dn2": false,
  "source": "twelvedata_repo"
}