{
  "datetime": "2026-05-18 03:05:00",
  "open": 1.16171,
  "high": 1.16171,
  "low": 1.16145,
  "close": 1.16149,
  "rollH20": 1.16189,
  "rollL20": 1.1609,
  "up2": false,
  "dn2": false,
  "source": "twelvedata_repo"
}