{
  "datetime": "2026-02-05 21:20:00",
  "open": 1.17876,
  "high": 1.17908,
  "low": 1.17876,
  "close": 1.179,
  "rollH20": 1.18016,
  "rollL20": 1.1788,
  "up2": false,
  "dn2": false,
  "source": "twelvedata_repo"
}