{
  "datetime": "2026-03-19 19:15:00",
  "open": 1.16001,
  "high": 1.16086,
  "low": 1.15994,
  "close": 1.16058,
  "rollH20": 1.16021,
  "rollL20": 1.15455,
  "up2": true,
  "dn2": false,
  "source": "twelvedata_repo"
}