{
  "datetime": "2026-03-22 22:40:00",
  "open": 1.15394,
  "high": 1.15396,
  "low": 1.15384,
  "close": 1.1539,
  "rollH20": 1.15557,
  "rollL20": 1.1535,
  "up2": false,
  "dn2": false,
  "source": "twelvedata_repo"
}