{
  "datetime": "2025-12-11 16:40:00",
  "open": 1.17487,
  "high": 1.17501,
  "low": 1.17487,
  "close": 1.17501,
  "rollH20": 1.175,
  "rollL20": 1.1731,
  "up2": false,
  "dn2": false,
  "source": "twelvedata_repo"
}