{
  "datetime": "2026-02-28 05:55:00",
  "open": 1.18067,
  "high": 1.18072,
  "low": 1.18059,
  "close": 1.1806,
  "rollH20": 1.18108,
  "rollL20": 1.18052,
  "up2": false,
  "dn2": false,
  "source": "twelvedata_repo"
}