{
  "datetime": "2026-03-13 16:15:00",
  "open": 1.14428,
  "high": 1.14441,
  "low": 1.14392,
  "close": 1.14414,
  "rollH20": 1.14834,
  "rollL20": 1.14358,
  "up2": false,
  "dn2": false,
  "source": "twelvedata_repo"
}