{
  "datetime": "2025-10-10 05:45:00",
  "open": 1.15713,
  "high": 1.15724,
  "low": 1.15708,
  "close": 1.15724,
  "rollH20": 1.1574,
  "rollL20": 1.15673,
  "up2": false,
  "dn2": false,
  "source": "twelvedata_repo"
}