{
  "datetime": "2025-11-20 15:45:00",
  "open": 1.1542,
  "high": 1.15423,
  "low": 1.15385,
  "close": 1.15385,
  "rollH20": 1.15495,
  "rollL20": 1.15082,
  "up2": false,
  "dn2": false,
  "source": "twelvedata_repo"
}