{
  "datetime": "2025-12-31 10:40:00",
  "open": 1.17367,
  "high": 1.17372,
  "low": 1.17356,
  "close": 1.17367,
  "rollH20": 1.17399,
  "rollL20": 1.1721,
  "up2": false,
  "dn2": false,
  "source": "twelvedata_repo"
}