{
  "datetime": "2026-02-20 20:15:00",
  "open": 1.17799,
  "high": 1.17803,
  "low": 1.1779,
  "close": 1.17794,
  "rollH20": 1.17973,
  "rollL20": 1.17784,
  "up2": false,
  "dn2": false,
  "source": "twelvedata_repo"
}