{
  "datetime": "2025-10-02 17:10:00",
  "open": 1.17023,
  "high": 1.17042,
  "low": 1.17018,
  "close": 1.17035,
  "rollH20": 1.17165,
  "rollL20": 1.16833,
  "up2": false,
  "dn2": false,
  "source": "twelvedata_repo"
}