{
  "datetime": "2025-11-21 10:45:00",
  "open": 1.15342,
  "high": 1.15351,
  "low": 1.15332,
  "close": 1.15341,
  "rollH20": 1.1552,
  "rollL20": 1.15316,
  "up2": false,
  "dn2": false,
  "source": "twelvedata_repo"
}