{
  "datetime": "2025-12-04 20:05:00",
  "open": 1.16551,
  "high": 1.16552,
  "low": 1.1654,
  "close": 1.1654,
  "rollH20": 1.16604,
  "rollL20": 1.16534,
  "up2": false,
  "dn2": false,
  "source": "twelvedata_repo"
}