{
  "datetime": "2025-10-20 04:05:00",
  "open": 1.16653,
  "high": 1.16656,
  "low": 1.16653,
  "close": 1.16656,
  "rollH20": 1.16706,
  "rollL20": 1.16566,
  "up2": false,
  "dn2": false,
  "source": "twelvedata_repo"
}