{
  "datetime": "2025-12-30 06:20:00",
  "open": 1.1777,
  "high": 1.17783,
  "low": 1.1777,
  "close": 1.17779,
  "rollH20": 1.17792,
  "rollL20": 1.17721,
  "up2": false,
  "dn2": false,
  "source": "twelvedata_repo"
}