{
  "datetime": "2026-02-20 01:15:00",
  "open": 1.1767,
  "high": 1.17675,
  "low": 1.1767,
  "close": 1.17675,
  "rollH20": 1.17721,
  "rollL20": 1.1767,
  "up2": false,
  "dn2": false,
  "source": "twelvedata_repo"
}