{
  "datetime": "2026-07-14 13:40:00",
  "open": 1.14402,
  "high": 1.1457,
  "low": 1.14397,
  "close": 1.14548,
  "rollH20": 1.1462,
  "rollL20": 1.13903,
  "up2": false,
  "dn2": false,
  "source": "twelvedata_repo"
}