{
  "datetime": "2025-11-05 15:05:00",
  "open": 1.14725,
  "high": 1.14752,
  "low": 1.14718,
  "close": 1.14749,
  "rollH20": 1.14932,
  "rollL20": 1.14689,
  "up2": false,
  "dn2": false,
  "source": "twelvedata_repo"
}