{
  "datetime": "2025-12-03 18:45:00",
  "open": 1.16667,
  "high": 1.16675,
  "low": 1.16666,
  "close": 1.16675,
  "rollH20": 1.16671,
  "rollL20": 1.16579,
  "up2": false,
  "dn2": false,
  "source": "twelvedata_repo"
}