{
  "datetime": "2026-05-13 08:00:00",
  "open": 1.17188,
  "high": 1.1721,
  "low": 1.17188,
  "close": 1.17208,
  "rollH20": 1.17373,
  "rollL20": 1.17184,
  "up2": false,
  "dn2": false,
  "source": "twelvedata_repo"
}