{
  "datetime": "2026-03-12 23:10:00",
  "open": 1.15204,
  "high": 1.15207,
  "low": 1.15197,
  "close": 1.15205,
  "rollH20": 1.15223,
  "rollL20": 1.15121,
  "up2": false,
  "dn2": false,
  "source": "twelvedata_repo"
}