{
  "datetime": "2025-11-24 16:50:00",
  "open": 1.15227,
  "high": 1.15236,
  "low": 1.15224,
  "close": 1.15234,
  "rollH20": 1.15402,
  "rollL20": 1.15177,
  "up2": false,
  "dn2": false,
  "source": "twelvedata_repo"
}