{
  "datetime": "2025-10-23 09:30:00",
  "open": 1.16038,
  "high": 1.16043,
  "low": 1.1601,
  "close": 1.16017,
  "rollH20": 1.16059,
  "rollL20": 1.15909,
  "up2": false,
  "dn2": false,
  "source": "twelvedata_repo"
}