{
  "datetime": "2025-10-20 10:10:00",
  "open": 1.1662,
  "high": 1.16638,
  "low": 1.16594,
  "close": 1.16596,
  "rollH20": 1.1668,
  "rollL20": 1.16579,
  "up2": false,
  "dn2": false,
  "source": "twelvedata_repo"
}