{
  "datetime": "2026-02-18 19:50:00",
  "open": 1.17858,
  "high": 1.17861,
  "low": 1.17836,
  "close": 1.17842,
  "rollH20": 1.18031,
  "rollL20": 1.17849,
  "up2": false,
  "dn2": false,
  "source": "twelvedata_repo"
}