{
  "datetime": "2025-09-15 08:55:00",
  "open": 1.17332,
  "high": 1.17349,
  "low": 1.1733,
  "close": 1.17343,
  "rollH20": 1.17441,
  "rollL20": 1.17162,
  "up2": false,
  "dn2": false,
  "source": "twelvedata_repo"
}