{
  "datetime": "2025-09-30 20:15:00",
  "open": 1.17391,
  "high": 1.17402,
  "low": 1.17391,
  "close": 1.174,
  "rollH20": 1.17583,
  "rollL20": 1.17357,
  "up2": false,
  "dn2": false,
  "source": "twelvedata_repo"
}