{
  "datetime": "2025-09-24 05:55:00",
  "open": 1.18005,
  "high": 1.18015,
  "low": 1.18002,
  "close": 1.18014,
  "rollH20": 1.18043,
  "rollL20": 1.17955,
  "up2": false,
  "dn2": false,
  "source": "twelvedata_repo"
}