{
  "datetime": "2026-02-15 17:50:00",
  "open": 1.1869,
  "high": 1.18692,
  "low": 1.18689,
  "close": 1.18692,
  "rollH20": 1.18704,
  "rollL20": 1.18553,
  "up2": false,
  "dn2": false,
  "source": "twelvedata_repo"
}