{
  "datetime": "2025-10-07 09:50:00",
  "open": 1.16666,
  "high": 1.16688,
  "low": 1.16666,
  "close": 1.16681,
  "rollH20": 1.16849,
  "rollL20": 1.16666,
  "up2": false,
  "dn2": false,
  "source": "twelvedata_repo"
}