{
  "datetime": "2026-01-13 04:10:00",
  "open": 1.16584,
  "high": 1.16597,
  "low": 1.16582,
  "close": 1.16597,
  "rollH20": 1.16626,
  "rollL20": 1.16568,
  "up2": false,
  "dn2": false,
  "source": "twelvedata_repo"
}