{
  "datetime": "2026-01-28 20:00:00",
  "open": 1.19218,
  "high": 1.19271,
  "low": 1.18966,
  "close": 1.19102,
  "rollH20": 1.19429,
  "rollL20": 1.19135,
  "up2": false,
  "dn2": false,
  "source": "twelvedata_repo"
}