{
  "datetime": "2026-05-08 19:40:00",
  "open": 1.1778,
  "high": 1.17786,
  "low": 1.17779,
  "close": 1.17785,
  "rollH20": 1.17818,
  "rollL20": 1.17707,
  "up2": false,
  "dn2": false,
  "source": "twelvedata_repo"
}