{
  "datetime": "2025-10-23 04:05:00",
  "open": 1.15966,
  "high": 1.15966,
  "low": 1.15961,
  "close": 1.15961,
  "rollH20": 1.16026,
  "rollL20": 1.15952,
  "up2": false,
  "dn2": false,
  "source": "twelvedata_repo"
}