{
  "datetime": "2025-10-08 16:40:00",
  "open": 1.16116,
  "high": 1.1612,
  "low": 1.1611,
  "close": 1.16116,
  "rollH20": 1.16363,
  "rollL20": 1.16119,
  "up2": false,
  "dn2": false,
  "source": "twelvedata_repo"
}