{
  "datetime": "2026-03-03 02:10:00",
  "open": 1.16953,
  "high": 1.16954,
  "low": 1.16925,
  "close": 1.16935,
  "rollH20": 1.17068,
  "rollL20": 1.16868,
  "up2": false,
  "dn2": false,
  "source": "twelvedata_repo"
}