{
  "datetime": "2026-01-11 11:30:00",
  "open": 1.16345,
  "high": 1.16349,
  "low": 1.16344,
  "close": 1.16345,
  "rollH20": 1.16351,
  "rollL20": 1.16343,
  "up2": false,
  "dn2": false,
  "source": "twelvedata_repo"
}