{
  "datetime": "2026-06-05 01:05:00",
  "open": 1.1613,
  "high": 1.16143,
  "low": 1.16126,
  "close": 1.16141,
  "rollH20": 1.16149,
  "rollL20": 1.1611,
  "up2": false,
  "dn2": false,
  "source": "twelvedata_repo"
}