{
  "datetime": "2025-12-10 19:45:00",
  "open": 1.16566,
  "high": 1.16578,
  "low": 1.16552,
  "close": 1.16572,
  "rollH20": 1.16609,
  "rollL20": 1.16459,
  "up2": false,
  "dn2": false,
  "source": "twelvedata_repo"
}