{
  "datetime": "2025-10-29 08:05:00",
  "open": 1.16308,
  "high": 1.16348,
  "low": 1.16304,
  "close": 1.16342,
  "rollH20": 1.16325,
  "rollL20": 1.16254,
  "up2": false,
  "dn2": false,
  "source": "twelvedata_repo"
}