{
  "datetime": "2026-02-11 09:40:00",
  "open": 1.19153,
  "high": 1.19158,
  "low": 1.19152,
  "close": 1.19158,
  "rollH20": 1.192,
  "rollL20": 1.19103,
  "up2": false,
  "dn2": false,
  "source": "twelvedata_repo"
}