{
  "datetime": "2026-03-18 23:10:00",
  "open": 1.146,
  "high": 1.14601,
  "low": 1.14586,
  "close": 1.14586,
  "rollH20": 1.14735,
  "rollL20": 1.14517,
  "up2": false,
  "dn2": false,
  "source": "twelvedata_repo"
}