{
  "datetime": "2025-12-01 00:10:00",
  "open": 1.16041,
  "high": 1.16051,
  "low": 1.16041,
  "close": 1.16051,
  "rollH20": 1.16062,
  "rollL20": 1.15932,
  "up2": false,
  "dn2": false,
  "source": "twelvedata_repo"
}