{
  "datetime": "2025-10-03 08:55:00",
  "open": 1.17299,
  "high": 1.17314,
  "low": 1.17288,
  "close": 1.17312,
  "rollH20": 1.17339,
  "rollL20": 1.17177,
  "up2": false,
  "dn2": false,
  "source": "twelvedata_repo"
}