{
  "datetime": "2025-12-18 01:50:00",
  "open": 1.17409,
  "high": 1.1742,
  "low": 1.17405,
  "close": 1.17409,
  "rollH20": 1.1746,
  "rollL20": 1.17408,
  "up2": false,
  "dn2": false,
  "source": "twelvedata_repo"
}