{
  "datetime": "2026-02-17 12:45:00",
  "open": 1.18293,
  "high": 1.18295,
  "low": 1.18285,
  "close": 1.18288,
  "rollH20": 1.18443,
  "rollL20": 1.18257,
  "up2": false,
  "dn2": false,
  "source": "twelvedata_repo"
}