{
  "datetime": "2026-04-19 00:35:00",
  "open": 1.17728,
  "high": 1.17733,
  "low": 1.17727,
  "close": 1.17729,
  "rollH20": 1.1775,
  "rollL20": 1.17669,
  "up2": false,
  "dn2": false,
  "source": "twelvedata_repo"
}