{
  "datetime": "2025-12-12 15:35:00",
  "open": 1.17362,
  "high": 1.17369,
  "low": 1.17362,
  "close": 1.17369,
  "rollH20": 1.17373,
  "rollL20": 1.17228,
  "up2": false,
  "dn2": false,
  "source": "twelvedata_repo"
}