{
  "datetime": "2025-09-23 04:45:00",
  "open": 1.18043,
  "high": 1.18047,
  "low": 1.18037,
  "close": 1.18042,
  "rollH20": 1.18146,
  "rollL20": 1.17966,
  "up2": false,
  "dn2": false,
  "source": "twelvedata_repo"
}