{
  "datetime": "2026-03-29 09:00:00",
  "open": 1.1536,
  "high": 1.15361,
  "low": 1.1536,
  "close": 1.15361,
  "rollH20": 1.1541,
  "rollL20": 1.15321,
  "up2": false,
  "dn2": false,
  "source": "twelvedata_repo"
}