{
  "datetime": "2025-09-24 19:50:00",
  "open": 1.17349,
  "high": 1.17353,
  "low": 1.1733,
  "close": 1.1733,
  "rollH20": 1.17406,
  "rollL20": 1.17325,
  "up2": false,
  "dn2": false,
  "source": "twelvedata_repo"
}