{
  "datetime": "2026-01-14 13:15:00",
  "open": 1.16464,
  "high": 1.1647,
  "low": 1.16464,
  "close": 1.1647,
  "rollH20": 1.1658,
  "rollL20": 1.16439,
  "up2": false,
  "dn2": false,
  "source": "twelvedata_repo"
}