{
  "datetime": "2026-05-15 13:30:00",
  "open": 1.16298,
  "high": 1.16299,
  "low": 1.16292,
  "close": 1.16299,
  "rollH20": 1.16552,
  "rollL20": 1.1627,
  "up2": false,
  "dn2": false,
  "source": "twelvedata_repo"
}