{
  "datetime": "2025-10-16 16:55:00",
  "open": 1.16647,
  "high": 1.16662,
  "low": 1.16647,
  "close": 1.16653,
  "rollH20": 1.16779,
  "rollL20": 1.16611,
  "up2": false,
  "dn2": false,
  "source": "twelvedata_repo"
}