{
  "datetime": "2026-03-13 11:20:00",
  "open": 1.14649,
  "high": 1.14654,
  "low": 1.14649,
  "close": 1.14654,
  "rollH20": 1.1469,
  "rollL20": 1.14513,
  "up2": false,
  "dn2": false,
  "source": "twelvedata_repo"
}