{
  "datetime": "2025-12-05 21:45:00",
  "open": 1.16428,
  "high": 1.16432,
  "low": 1.16407,
  "close": 1.1641,
  "rollH20": 1.16443,
  "rollL20": 1.16398,
  "up2": false,
  "dn2": false,
  "source": "twelvedata_repo"
}