{
  "datetime": "2025-10-16 15:35:00",
  "open": 1.16712,
  "high": 1.16728,
  "low": 1.16699,
  "close": 1.16707,
  "rollH20": 1.16745,
  "rollL20": 1.16501,
  "up2": false,
  "dn2": false,
  "source": "twelvedata_repo"
}