{
  "datetime": "2026-05-01 13:30:00",
  "open": 1.17654,
  "high": 1.17667,
  "low": 1.17646,
  "close": 1.17664,
  "rollH20": 1.17686,
  "rollL20": 1.17421,
  "up2": false,
  "dn2": false,
  "source": "twelvedata_repo"
}