{
  "datetime": "2025-09-25 16:30:00",
  "open": 1.16763,
  "high": 1.16763,
  "low": 1.16703,
  "close": 1.16709,
  "rollH20": 1.16945,
  "rollL20": 1.16668,
  "up2": false,
  "dn2": false,
  "source": "twelvedata_repo"
}