{
  "datetime": "2026-03-12 05:55:00",
  "open": 1.15392,
  "high": 1.15419,
  "low": 1.15386,
  "close": 1.15403,
  "rollH20": 1.15454,
  "rollL20": 1.1532,
  "up2": false,
  "dn2": false,
  "source": "twelvedata_repo"
}