{
  "datetime": "2026-05-06 02:00:00",
  "open": 1.17205,
  "high": 1.17209,
  "low": 1.17201,
  "close": 1.17208,
  "rollH20": 1.17251,
  "rollL20": 1.17123,
  "up2": false,
  "dn2": false,
  "source": "twelvedata_repo"
}