{
  "datetime": "2025-12-29 06:45:00",
  "open": 1.17595,
  "high": 1.17598,
  "low": 1.17595,
  "close": 1.17598,
  "rollH20": 1.17723,
  "rollL20": 1.17541,
  "up2": false,
  "dn2": false,
  "source": "twelvedata_repo"
}