{
  "datetime": "2025-10-29 20:50:00",
  "open": 1.15934,
  "high": 1.15988,
  "low": 1.15931,
  "close": 1.1597,
  "rollH20": 1.16506,
  "rollL20": 1.15782,
  "up2": false,
  "dn2": false,
  "source": "twelvedata_repo"
}