{
  "datetime": "2026-05-03 23:20:00",
  "open": 1.17309,
  "high": 1.17313,
  "low": 1.17309,
  "close": 1.17312,
  "rollH20": 1.17511,
  "rollL20": 1.17199,
  "up2": false,
  "dn2": false,
  "source": "twelvedata_repo"
}