{
  "datetime": "2026-04-19 17:10:00",
  "open": 1.17631,
  "high": 1.17634,
  "low": 1.17631,
  "close": 1.17634,
  "rollH20": 1.17637,
  "rollL20": 1.17521,
  "up2": false,
  "dn2": false,
  "source": "twelvedata_repo"
}