{
  "datetime": "2026-03-01 10:10:00",
  "open": 1.18172,
  "high": 1.18177,
  "low": 1.1817,
  "close": 1.18171,
  "rollH20": 1.18177,
  "rollL20": 1.18165,
  "up2": false,
  "dn2": false,
  "source": "twelvedata_repo"
}