{
  "datetime": "2026-02-22 19:15:00",
  "open": 1.17875,
  "high": 1.1788,
  "low": 1.1787,
  "close": 1.17872,
  "rollH20": 1.17954,
  "rollL20": 1.17752,
  "up2": false,
  "dn2": false,
  "source": "twelvedata_repo"
}