{
  "datetime": "2026-05-05 01:55:00",
  "open": 1.16887,
  "high": 1.16896,
  "low": 1.16863,
  "close": 1.16867,
  "rollH20": 1.16946,
  "rollL20": 1.16853,
  "up2": false,
  "dn2": false,
  "source": "twelvedata_repo"
}