{
  "datetime": "2026-06-25 01:10:00",
  "open": 1.13535,
  "high": 1.13537,
  "low": 1.1352,
  "close": 1.13523,
  "rollH20": 1.13578,
  "rollL20": 1.13523,
  "up2": false,
  "dn2": false,
  "source": "twelvedata_repo"
}