{
  "datetime": "2025-12-09 19:15:00",
  "open": 1.16214,
  "high": 1.16216,
  "low": 1.16183,
  "close": 1.16188,
  "rollH20": 1.16404,
  "rollL20": 1.16203,
  "up2": false,
  "dn2": false,
  "source": "twelvedata_repo"
}