{
  "datetime": "2025-11-17 06:35:00",
  "open": 1.16012,
  "high": 1.1603,
  "low": 1.16011,
  "close": 1.16018,
  "rollH20": 1.16053,
  "rollL20": 1.15972,
  "up2": false,
  "dn2": false,
  "source": "twelvedata_repo"
}