{
  "datetime": "2026-02-01 14:55:00",
  "open": 1.18506,
  "high": 1.18511,
  "low": 1.18504,
  "close": 1.18509,
  "rollH20": 1.18527,
  "rollL20": 1.18498,
  "up2": false,
  "dn2": false,
  "source": "twelvedata_repo"
}