{
  "datetime": "2026-01-12 08:15:00",
  "open": 1.16759,
  "high": 1.16794,
  "low": 1.16759,
  "close": 1.16784,
  "rollH20": 1.16775,
  "rollL20": 1.16648,
  "up2": false,
  "dn2": false,
  "source": "twelvedata_repo"
}