{
  "datetime": "2025-09-15 21:40:00",
  "open": 1.17628,
  "high": 1.17628,
  "low": 1.17614,
  "close": 1.17617,
  "rollH20": 1.1772,
  "rollL20": 1.17607,
  "up2": false,
  "dn2": false,
  "source": "twelvedata_repo"
}