{
  "datetime": "2025-10-06 00:25:00",
  "open": 1.17165,
  "high": 1.17165,
  "low": 1.1711,
  "close": 1.17137,
  "rollH20": 1.17427,
  "rollL20": 1.17123,
  "up2": false,
  "dn2": false,
  "source": "twelvedata_repo"
}