{
  "datetime": "2026-05-15 07:00:00",
  "open": 1.16342,
  "high": 1.16387,
  "low": 1.1633,
  "close": 1.16378,
  "rollH20": 1.16528,
  "rollL20": 1.16336,
  "up2": false,
  "dn2": false,
  "source": "twelvedata_repo"
}