{
  "datetime": "2025-11-14 21:55:00",
  "open": 1.16226,
  "high": 1.16226,
  "low": 1.16218,
  "close": 1.16218,
  "rollH20": 1.16233,
  "rollL20": 1.16162,
  "up2": false,
  "dn2": false,
  "source": "twelvedata_repo"
}