{
  "datetime": "2026-05-22 20:15:00",
  "open": 1.161,
  "high": 1.16106,
  "low": 1.16082,
  "close": 1.161,
  "rollH20": 1.16151,
  "rollL20": 1.16082,
  "up2": false,
  "dn2": false,
  "source": "twelvedata_repo"
}