{
  "datetime": "2026-04-16 23:40:00",
  "open": 1.17852,
  "high": 1.17858,
  "low": 1.17851,
  "close": 1.17852,
  "rollH20": 1.17875,
  "rollL20": 1.17796,
  "up2": false,
  "dn2": false,
  "source": "twelvedata_repo"
}