{
  "datetime": "2025-12-02 03:25:00",
  "open": 1.16111,
  "high": 1.16115,
  "low": 1.16106,
  "close": 1.16107,
  "rollH20": 1.16112,
  "rollL20": 1.16039,
  "up2": false,
  "dn2": false,
  "source": "twelvedata_repo"
}