{
  "datetime": "2026-05-15 19:10:00",
  "open": 1.16249,
  "high": 1.16249,
  "low": 1.16243,
  "close": 1.16244,
  "rollH20": 1.16354,
  "rollL20": 1.16243,
  "up2": false,
  "dn2": false,
  "source": "twelvedata_repo"
}