{
  "datetime": "2026-04-06 14:30:00",
  "open": 1.15562,
  "high": 1.15584,
  "low": 1.15562,
  "close": 1.15581,
  "rollH20": 1.15574,
  "rollL20": 1.15429,
  "up2": false,
  "dn2": false,
  "source": "twelvedata_repo"
}