{
  "datetime": "2025-11-12 14:55:00",
  "open": 1.15677,
  "high": 1.15714,
  "low": 1.15664,
  "close": 1.15711,
  "rollH20": 1.15804,
  "rollL20": 1.15674,
  "up2": false,
  "dn2": false,
  "source": "twelvedata_repo"
}