{
  "datetime": "2026-02-10 08:35:00",
  "open": 1.19021,
  "high": 1.19022,
  "low": 1.1901,
  "close": 1.1901,
  "rollH20": 1.19126,
  "rollL20": 1.19016,
  "up2": false,
  "dn2": false,
  "source": "twelvedata_repo"
}