{
  "datetime": "2026-01-09 13:55:00",
  "open": 1.16435,
  "high": 1.16437,
  "low": 1.16416,
  "close": 1.16416,
  "rollH20": 1.16473,
  "rollL20": 1.16408,
  "up2": false,
  "dn2": false,
  "source": "twelvedata_repo"
}