{
  "datetime": "2026-03-10 03:00:00",
  "open": 1.16134,
  "high": 1.16155,
  "low": 1.16133,
  "close": 1.16133,
  "rollH20": 1.16265,
  "rollL20": 1.16121,
  "up2": false,
  "dn2": false,
  "source": "twelvedata_repo"
}