{
  "datetime": "2026-03-02 15:55:00",
  "open": 1.16882,
  "high": 1.16886,
  "low": 1.16811,
  "close": 1.16817,
  "rollH20": 1.17221,
  "rollL20": 1.16865,
  "up2": false,
  "dn2": false,
  "source": "twelvedata_repo"
}