{
  "datetime": "2026-03-31 00:05:00",
  "open": 1.14553,
  "high": 1.14556,
  "low": 1.14544,
  "close": 1.14544,
  "rollH20": 1.1468,
  "rollL20": 1.14552,
  "up2": false,
  "dn2": false,
  "source": "twelvedata_repo"
}