{
  "datetime": "2026-05-10 05:35:00",
  "open": 1.17883,
  "high": 1.17886,
  "low": 1.17882,
  "close": 1.17883,
  "rollH20": 1.17925,
  "rollL20": 1.17828,
  "up2": false,
  "dn2": false,
  "source": "twelvedata_repo"
}