{
  "datetime": "2025-11-12 23:35:00",
  "open": 1.15926,
  "high": 1.1593,
  "low": 1.15926,
  "close": 1.15929,
  "rollH20": 1.15936,
  "rollL20": 1.1585,
  "up2": false,
  "dn2": false,
  "source": "twelvedata_repo"
}