{
  "datetime": "2026-01-29 00:15:00",
  "open": 1.19586,
  "high": 1.19648,
  "low": 1.19586,
  "close": 1.19638,
  "rollH20": 1.19595,
  "rollL20": 1.19445,
  "up2": false,
  "dn2": false,
  "source": "twelvedata_repo"
}