{
  "datetime": "2026-04-19 18:50:00",
  "open": 1.17521,
  "high": 1.17525,
  "low": 1.17519,
  "close": 1.17522,
  "rollH20": 1.17673,
  "rollL20": 1.1745,
  "up2": false,
  "dn2": false,
  "source": "twelvedata_repo"
}