{
  "datetime": "2026-04-07 00:10:00",
  "open": 1.15431,
  "high": 1.15437,
  "low": 1.15429,
  "close": 1.15432,
  "rollH20": 1.15479,
  "rollL20": 1.1541,
  "up2": false,
  "dn2": false,
  "source": "twelvedata_repo"
}