{
  "datetime": "2026-03-11 22:10:00",
  "open": 1.1567,
  "high": 1.15679,
  "low": 1.1567,
  "close": 1.15678,
  "rollH20": 1.15754,
  "rollL20": 1.15648,
  "up2": false,
  "dn2": false,
  "source": "twelvedata_repo"
}