{
  "datetime": "2025-12-03 05:35:00",
  "open": 1.16381,
  "high": 1.16384,
  "low": 1.16381,
  "close": 1.16384,
  "rollH20": 1.16395,
  "rollL20": 1.16365,
  "up2": false,
  "dn2": false,
  "source": "twelvedata_repo"
}