{
  "datetime": "2026-06-04 10:55:00",
  "open": 1.16276,
  "high": 1.16282,
  "low": 1.16252,
  "close": 1.16256,
  "rollH20": 1.16281,
  "rollL20": 1.16049,
  "up2": false,
  "dn2": false,
  "source": "twelvedata_repo"
}