{
  "datetime": "2025-10-27 07:20:00",
  "open": 1.16284,
  "high": 1.16298,
  "low": 1.16277,
  "close": 1.16287,
  "rollH20": 1.16316,
  "rollL20": 1.16212,
  "up2": false,
  "dn2": false,
  "source": "twelvedata_repo"
}