{
  "datetime": "2026-01-31 09:40:00",
  "open": 1.18609,
  "high": 1.18614,
  "low": 1.18607,
  "close": 1.18608,
  "rollH20": 1.18614,
  "rollL20": 1.18585,
  "up2": false,
  "dn2": false,
  "source": "twelvedata_repo"
}