{
  "datetime": "2026-02-26 01:15:00",
  "open": 1.18197,
  "high": 1.18201,
  "low": 1.18196,
  "close": 1.18201,
  "rollH20": 1.18209,
  "rollL20": 1.1812,
  "up2": false,
  "dn2": false,
  "source": "twelvedata_repo"
}