{
  "datetime": "2025-12-26 10:40:00",
  "open": 1.1769,
  "high": 1.17701,
  "low": 1.1769,
  "close": 1.17692,
  "rollH20": 1.17779,
  "rollL20": 1.17674,
  "up2": false,
  "dn2": false,
  "source": "twelvedata_repo"
}