{
  "datetime": "2026-07-01 22:40:00",
  "open": 1.13795,
  "high": 1.13795,
  "low": 1.13789,
  "close": 1.13793,
  "rollH20": 1.138,
  "rollL20": 1.13742,
  "up2": false,
  "dn2": false,
  "source": "twelvedata_repo"
}