{
  "datetime": "2026-03-23 17:50:00",
  "open": 1.15948,
  "high": 1.16001,
  "low": 1.15948,
  "close": 1.15996,
  "rollH20": 1.16278,
  "rollL20": 1.15786,
  "up2": false,
  "dn2": false,
  "source": "twelvedata_repo"
}