{
  "datetime": "2026-03-04 04:25:00",
  "open": 1.16067,
  "high": 1.16071,
  "low": 1.16046,
  "close": 1.1605,
  "rollH20": 1.16106,
  "rollL20": 1.15964,
  "up2": false,
  "dn2": false,
  "source": "twelvedata_repo"
}