{
  "datetime": "2026-04-14 17:40:00",
  "open": 1.17948,
  "high": 1.17969,
  "low": 1.17948,
  "close": 1.17968,
  "rollH20": 1.18095,
  "rollL20": 1.17888,
  "up2": false,
  "dn2": false,
  "source": "twelvedata_repo"
}