{
  "datetime": "2026-02-12 20:25:00",
  "open": 1.1867,
  "high": 1.18672,
  "low": 1.18664,
  "close": 1.18668,
  "rollH20": 1.18688,
  "rollL20": 1.18574,
  "up2": false,
  "dn2": false,
  "source": "twelvedata_repo"
}