{
  "datetime": "2025-11-03 06:45:00",
  "open": 1.15366,
  "high": 1.1537,
  "low": 1.15365,
  "close": 1.15365,
  "rollH20": 1.15369,
  "rollL20": 1.15318,
  "up2": false,
  "dn2": false,
  "source": "twelvedata_repo"
}