{
  "datetime": "2025-11-24 17:05:00",
  "open": 1.15294,
  "high": 1.15301,
  "low": 1.15255,
  "close": 1.15268,
  "rollH20": 1.15355,
  "rollL20": 1.15177,
  "up2": false,
  "dn2": false,
  "source": "twelvedata_repo"
}