{
  "datetime": "2026-01-25 03:00:00",
  "open": 1.1824,
  "high": 1.18245,
  "low": 1.18238,
  "close": 1.18239,
  "rollH20": 1.18247,
  "rollL20": 1.18227,
  "up2": false,
  "dn2": false,
  "source": "twelvedata_repo"
}