{
  "datetime": "2026-01-09 16:45:00",
  "open": 1.16365,
  "high": 1.16369,
  "low": 1.16355,
  "close": 1.16368,
  "rollH20": 1.16502,
  "rollL20": 1.16191,
  "up2": false,
  "dn2": false,
  "source": "twelvedata_repo"
}