{
  "datetime": "2025-10-01 04:30:00",
  "open": 1.17371,
  "high": 1.17373,
  "low": 1.17339,
  "close": 1.17354,
  "rollH20": 1.174,
  "rollL20": 1.17323,
  "up2": false,
  "dn2": false,
  "source": "twelvedata_repo"
}