{
  "datetime": "2026-02-04 12:00:00",
  "open": 1.18134,
  "high": 1.18139,
  "low": 1.18134,
  "close": 1.18138,
  "rollH20": 1.18279,
  "rollL20": 1.18063,
  "up2": false,
  "dn2": false,
  "source": "twelvedata_repo"
}