{
  "datetime": "2026-01-20 23:40:00",
  "open": 1.17258,
  "high": 1.17262,
  "low": 1.17253,
  "close": 1.17258,
  "rollH20": 1.17271,
  "rollL20": 1.17184,
  "up2": false,
  "dn2": false,
  "source": "twelvedata_repo"
}