{
  "datetime": "2025-12-01 20:55:00",
  "open": 1.16099,
  "high": 1.16103,
  "low": 1.16078,
  "close": 1.16087,
  "rollH20": 1.16218,
  "rollL20": 1.16078,
  "up2": false,
  "dn2": false,
  "source": "twelvedata_repo"
}