{
  "datetime": "2026-01-09 06:40:00",
  "open": 1.16515,
  "high": 1.16518,
  "low": 1.16508,
  "close": 1.16515,
  "rollH20": 1.1657,
  "rollL20": 1.16503,
  "up2": false,
  "dn2": false,
  "source": "twelvedata_repo"
}