{
  "datetime": "2026-05-13 14:20:00",
  "open": 1.17026,
  "high": 1.17041,
  "low": 1.17026,
  "close": 1.17038,
  "rollH20": 1.17176,
  "rollL20": 1.16988,
  "up2": false,
  "dn2": false,
  "source": "twelvedata_repo"
}