{
  "datetime": "2025-11-06 15:50:00",
  "open": 1.15253,
  "high": 1.15253,
  "low": 1.15229,
  "close": 1.15234,
  "rollH20": 1.1544,
  "rollL20": 1.15234,
  "up2": false,
  "dn2": false,
  "source": "twelvedata_repo"
}