{
  "datetime": "2025-12-26 21:25:00",
  "open": 1.17758,
  "high": 1.17762,
  "low": 1.17758,
  "close": 1.17759,
  "rollH20": 1.17793,
  "rollL20": 1.17691,
  "up2": false,
  "dn2": false,
  "source": "twelvedata_repo"
}