{
  "datetime": "2026-03-19 14:10:00",
  "open": 1.15166,
  "high": 1.15241,
  "low": 1.15166,
  "close": 1.15236,
  "rollH20": 1.15266,
  "rollL20": 1.1465,
  "up2": false,
  "dn2": false,
  "source": "twelvedata_repo"
}