{
  "datetime": "2026-06-21 19:55:00",
  "open": 1.14744,
  "high": 1.14749,
  "low": 1.14743,
  "close": 1.14744,
  "rollH20": 1.14755,
  "rollL20": 1.14691,
  "up2": false,
  "dn2": false,
  "source": "twelvedata_repo"
}