{
  "datetime": "2026-03-24 13:00:00",
  "open": 1.15899,
  "high": 1.15914,
  "low": 1.15898,
  "close": 1.15914,
  "rollH20": 1.15993,
  "rollL20": 1.15828,
  "up2": false,
  "dn2": false,
  "source": "twelvedata_repo"
}