{
  "datetime": "2026-03-06 11:35:00",
  "open": 1.15743,
  "high": 1.15747,
  "low": 1.15735,
  "close": 1.15737,
  "rollH20": 1.15836,
  "rollL20": 1.15675,
  "up2": false,
  "dn2": false,
  "source": "twelvedata_repo"
}