{
  "datetime": "2025-11-19 23:40:00",
  "open": 1.15388,
  "high": 1.15389,
  "low": 1.15388,
  "close": 1.15389,
  "rollH20": 1.15393,
  "rollL20": 1.15237,
  "up2": false,
  "dn2": false,
  "source": "twelvedata_repo"
}