{
  "datetime": "2026-01-26 00:25:00",
  "open": 1.18753,
  "high": 1.18755,
  "low": 1.18734,
  "close": 1.18734,
  "rollH20": 1.18957,
  "rollL20": 1.18462,
  "up2": false,
  "dn2": false,
  "source": "twelvedata_repo"
}