{
  "datetime": "2026-04-10 13:50:00",
  "open": 1.17156,
  "high": 1.1716,
  "low": 1.1715,
  "close": 1.17159,
  "rollH20": 1.17244,
  "rollL20": 1.17107,
  "up2": false,
  "dn2": false,
  "source": "twelvedata_repo"
}