{
  "datetime": "2026-06-16 03:20:00",
  "open": 1.15847,
  "high": 1.15852,
  "low": 1.15829,
  "close": 1.1585,
  "rollH20": 1.15949,
  "rollL20": 1.1584,
  "up2": false,
  "dn2": false,
  "source": "twelvedata_repo"
}