{
  "datetime": "2026-03-18 10:20:00",
  "open": 1.15418,
  "high": 1.1542,
  "low": 1.15389,
  "close": 1.15394,
  "rollH20": 1.1544,
  "rollL20": 1.15247,
  "up2": false,
  "dn2": false,
  "source": "twelvedata_repo"
}