{
  "datetime": "2026-02-19 10:05:00",
  "open": 1.18007,
  "high": 1.18023,
  "low": 1.18005,
  "close": 1.18011,
  "rollH20": 1.18079,
  "rollL20": 1.17978,
  "up2": false,
  "dn2": false,
  "source": "twelvedata_repo"
}