{
  "datetime": "2026-04-08 10:10:00",
  "open": 1.1686,
  "high": 1.16865,
  "low": 1.16846,
  "close": 1.16846,
  "rollH20": 1.16997,
  "rollL20": 1.16726,
  "up2": false,
  "dn2": false,
  "source": "twelvedata_repo"
}