{
  "datetime": "2025-08-29 15:50:00",
  "open": 1.1691,
  "high": 1.16949,
  "low": 1.1685,
  "close": 1.16921,
  "rollH20": 1.17009,
  "rollL20": 1.16548,
  "up2": false,
  "dn2": false,
  "source": "twelvedata_repo"
}