{
  "datetime": "2026-01-18 18:30:00",
  "open": 1.15911,
  "high": 1.15912,
  "low": 1.15911,
  "close": 1.15912,
  "rollH20": 1.16043,
  "rollL20": 1.15813,
  "up2": false,
  "dn2": false,
  "source": "twelvedata_repo"
}