{
  "datetime": "2025-12-22 04:10:00",
  "open": 1.17169,
  "high": 1.17174,
  "low": 1.17169,
  "close": 1.17174,
  "rollH20": 1.17199,
  "rollL20": 1.17151,
  "up2": false,
  "dn2": false,
  "source": "twelvedata_repo"
}