{
  "datetime": "2026-03-09 16:25:00",
  "open": 1.15889,
  "high": 1.15955,
  "low": 1.15882,
  "close": 1.15909,
  "rollH20": 1.16,
  "rollL20": 1.15628,
  "up2": false,
  "dn2": false,
  "source": "twelvedata_repo"
}