{
  "datetime": "2026-04-05 08:50:00",
  "open": 1.15198,
  "high": 1.15202,
  "low": 1.15198,
  "close": 1.152,
  "rollH20": 1.15203,
  "rollL20": 1.15187,
  "up2": false,
  "dn2": false,
  "source": "twelvedata_repo"
}