{
  "datetime": "2025-10-08 04:40:00",
  "open": 1.16216,
  "high": 1.16221,
  "low": 1.16216,
  "close": 1.16221,
  "rollH20": 1.16271,
  "rollL20": 1.1617,
  "up2": false,
  "dn2": false,
  "source": "twelvedata_repo"
}