{
  "datetime": "2025-11-17 19:15:00",
  "open": 1.15899,
  "high": 1.15905,
  "low": 1.15891,
  "close": 1.15891,
  "rollH20": 1.16017,
  "rollL20": 1.15885,
  "up2": false,
  "dn2": false,
  "source": "twelvedata_repo"
}