{
  "datetime": "2026-04-28 11:30:00",
  "open": 1.16933,
  "high": 1.16934,
  "low": 1.16924,
  "close": 1.16928,
  "rollH20": 1.17042,
  "rollL20": 1.16874,
  "up2": false,
  "dn2": false,
  "source": "twelvedata_repo"
}