{
  "datetime": "2026-03-07 22:20:00",
  "open": 1.16185,
  "high": 1.16188,
  "low": 1.16184,
  "close": 1.16188,
  "rollH20": 1.16198,
  "rollL20": 1.16181,
  "up2": false,
  "dn2": false,
  "source": "twelvedata_repo"
}