{
  "datetime": "2026-01-06 01:40:00",
  "open": 1.17116,
  "high": 1.1712,
  "low": 1.17112,
  "close": 1.17116,
  "rollH20": 1.17208,
  "rollL20": 1.17109,
  "up2": false,
  "dn2": false,
  "source": "twelvedata_repo"
}