{
  "datetime": "2025-11-24 18:55:00",
  "open": 1.1518,
  "high": 1.15194,
  "low": 1.1518,
  "close": 1.15192,
  "rollH20": 1.15278,
  "rollL20": 1.15123,
  "up2": false,
  "dn2": false,
  "source": "twelvedata_repo"
}