{
  "datetime": "2026-04-28 06:00:00",
  "open": 1.17124,
  "high": 1.17131,
  "low": 1.17122,
  "close": 1.1713,
  "rollH20": 1.17179,
  "rollL20": 1.17117,
  "up2": false,
  "dn2": false,
  "source": "twelvedata_repo"
}