{
  "datetime": "2025-10-13 05:45:00",
  "open": 1.16202,
  "high": 1.16202,
  "low": 1.16191,
  "close": 1.16193,
  "rollH20": 1.16251,
  "rollL20": 1.16161,
  "up2": false,
  "dn2": false,
  "source": "twelvedata_repo"
}