{
  "datetime": "2026-02-23 23:00:00",
  "open": 1.17875,
  "high": 1.17881,
  "low": 1.17872,
  "close": 1.1788,
  "rollH20": 1.17905,
  "rollL20": 1.17846,
  "up2": false,
  "dn2": false,
  "source": "twelvedata_repo"
}