{
  "datetime": "2026-04-22 15:50:00",
  "open": 1.1729,
  "high": 1.17291,
  "low": 1.17243,
  "close": 1.17246,
  "rollH20": 1.17438,
  "rollL20": 1.17254,
  "up2": false,
  "dn2": false,
  "source": "twelvedata_repo"
}