{
  "datetime": "2026-04-21 17:30:00",
  "open": 1.17464,
  "high": 1.17467,
  "low": 1.17461,
  "close": 1.17467,
  "rollH20": 1.17622,
  "rollL20": 1.17409,
  "up2": false,
  "dn2": false,
  "source": "twelvedata_repo"
}