{
  "datetime": "2026-02-20 13:05:00",
  "open": 1.17681,
  "high": 1.17693,
  "low": 1.17673,
  "close": 1.17673,
  "rollH20": 1.17703,
  "rollL20": 1.17603,
  "up2": false,
  "dn2": false,
  "source": "twelvedata_repo"
}