{
  "datetime": "2026-02-28 16:20:00",
  "open": 1.18133,
  "high": 1.18135,
  "low": 1.18133,
  "close": 1.18135,
  "rollH20": 1.18152,
  "rollL20": 1.18104,
  "up2": false,
  "dn2": false,
  "source": "twelvedata_repo"
}