{
  "datetime": "2025-12-25 22:10:00",
  "open": 1.17833,
  "high": 1.17845,
  "low": 1.17822,
  "close": 1.17822,
  "rollH20": 1.17901,
  "rollL20": 1.17738,
  "up2": false,
  "dn2": false,
  "source": "twelvedata_repo"
}