{
  "datetime": "2026-03-25 19:30:00",
  "open": 1.15784,
  "high": 1.15797,
  "low": 1.15784,
  "close": 1.15797,
  "rollH20": 1.15818,
  "rollL20": 1.15667,
  "up2": false,
  "dn2": false,
  "source": "twelvedata_repo"
}