{
  "datetime": "2025-10-14 17:05:00",
  "open": 1.16085,
  "high": 1.16094,
  "low": 1.16034,
  "close": 1.16035,
  "rollH20": 1.16105,
  "rollL20": 1.15798,
  "up2": false,
  "dn2": false,
  "source": "twelvedata_repo"
}