{
  "datetime": "2026-05-22 22:40:00",
  "open": 1.16076,
  "high": 1.1609,
  "low": 1.16005,
  "close": 1.16089,
  "rollH20": 1.16098,
  "rollL20": 1.15986,
  "up2": false,
  "dn2": false,
  "source": "twelvedata_repo"
}