{
  "datetime": "2026-02-02 02:20:00",
  "open": 1.18608,
  "high": 1.18611,
  "low": 1.18608,
  "close": 1.18611,
  "rollH20": 1.18741,
  "rollL20": 1.18471,
  "up2": false,
  "dn2": false,
  "source": "twelvedata_repo"
}