{
  "datetime": "2026-05-21 23:45:00",
  "open": 1.16185,
  "high": 1.16195,
  "low": 1.16182,
  "close": 1.16191,
  "rollH20": 1.16232,
  "rollL20": 1.16152,
  "up2": false,
  "dn2": false,
  "source": "twelvedata_repo"
}