{
  "datetime": "2026-07-22 13:40:00",
  "open": 1.1413,
  "high": 1.1413,
  "low": 1.1411,
  "close": 1.14117,
  "rollH20": 1.1414,
  "rollL20": 1.14026,
  "up2": false,
  "dn2": false,
  "source": "twelvedata_repo"
}