{
  "datetime": "2026-01-31 15:25:00",
  "open": 1.18558,
  "high": 1.18563,
  "low": 1.18557,
  "close": 1.18558,
  "rollH20": 1.186,
  "rollL20": 1.18553,
  "up2": false,
  "dn2": false,
  "source": "twelvedata_repo"
}