{
  "datetime": "2026-01-13 11:20:00",
  "open": 1.167,
  "high": 1.167,
  "low": 1.1668,
  "close": 1.16684,
  "rollH20": 1.16748,
  "rollL20": 1.16622,
  "up2": false,
  "dn2": false,
  "source": "twelvedata_repo"
}