{
  "datetime": "2025-10-31 11:45:00",
  "open": 1.15701,
  "high": 1.15718,
  "low": 1.15694,
  "close": 1.15718,
  "rollH20": 1.15765,
  "rollL20": 1.15657,
  "up2": false,
  "dn2": false,
  "source": "twelvedata_repo"
}