{
  "datetime": "2026-07-15 04:15:00",
  "open": 1.14387,
  "high": 1.14387,
  "low": 1.14359,
  "close": 1.14365,
  "rollH20": 1.14425,
  "rollL20": 1.1433,
  "up2": false,
  "dn2": false,
  "source": "twelvedata_repo"
}