{
  "datetime": "2025-12-04 15:55:00",
  "open": 1.16668,
  "high": 1.16684,
  "low": 1.16668,
  "close": 1.16684,
  "rollH20": 1.16767,
  "rollL20": 1.1651,
  "up2": false,
  "dn2": false,
  "source": "twelvedata_repo"
}