{
  "datetime": "2025-12-10 16:55:00",
  "open": 1.16356,
  "high": 1.16423,
  "low": 1.16356,
  "close": 1.16422,
  "rollH20": 1.16508,
  "rollL20": 1.16341,
  "up2": false,
  "dn2": false,
  "source": "twelvedata_repo"
}