{
  "datetime": "2026-01-09 06:25:00",
  "open": 1.16539,
  "high": 1.16543,
  "low": 1.16538,
  "close": 1.16543,
  "rollH20": 1.16579,
  "rollL20": 1.16522,
  "up2": false,
  "dn2": false,
  "source": "twelvedata_repo"
}