{
  "datetime": "2026-01-08 03:50:00",
  "open": 1.16787,
  "high": 1.16795,
  "low": 1.16786,
  "close": 1.16795,
  "rollH20": 1.16806,
  "rollL20": 1.16725,
  "up2": false,
  "dn2": false,
  "source": "twelvedata_repo"
}