{
  "datetime": "2026-02-04 22:55:00",
  "open": 1.18042,
  "high": 1.18059,
  "low": 1.18042,
  "close": 1.18059,
  "rollH20": 1.18079,
  "rollL20": 1.18018,
  "up2": false,
  "dn2": false,
  "source": "twelvedata_repo"
}