{
  "datetime": "2026-03-16 14:15:00",
  "open": 1.15014,
  "high": 1.15016,
  "low": 1.14941,
  "close": 1.14966,
  "rollH20": 1.15015,
  "rollL20": 1.14729,
  "up2": false,
  "dn2": false,
  "source": "twelvedata_repo"
}