{
  "datetime": "2026-01-22 17:10:00",
  "open": 1.1737,
  "high": 1.1745,
  "low": 1.1737,
  "close": 1.17445,
  "rollH20": 1.1738,
  "rollL20": 1.17141,
  "up2": false,
  "dn2": false,
  "source": "twelvedata_repo"
}