{
  "datetime": "2026-03-18 11:50:00",
  "open": 1.15404,
  "high": 1.15413,
  "low": 1.15404,
  "close": 1.15413,
  "rollH20": 1.1554,
  "rollL20": 1.15331,
  "up2": false,
  "dn2": false,
  "source": "twelvedata_repo"
}