{
  "datetime": "2026-01-06 15:45:00",
  "open": 1.17062,
  "high": 1.17102,
  "low": 1.17062,
  "close": 1.17087,
  "rollH20": 1.17176,
  "rollL20": 1.16991,
  "up2": false,
  "dn2": false,
  "source": "twelvedata_repo"
}