{
  "datetime": "2025-10-07 13:55:00",
  "open": 1.16644,
  "high": 1.16669,
  "low": 1.16638,
  "close": 1.16668,
  "rollH20": 1.16678,
  "rollL20": 1.1654,
  "up2": false,
  "dn2": false,
  "source": "twelvedata_repo"
}