{
  "datetime": "2026-01-26 01:40:00",
  "open": 1.1853,
  "high": 1.18565,
  "low": 1.1853,
  "close": 1.1856,
  "rollH20": 1.18957,
  "rollL20": 1.18448,
  "up2": false,
  "dn2": false,
  "source": "twelvedata_repo"
}