{
  "datetime": "2026-02-03 10:55:00",
  "open": 1.17964,
  "high": 1.17967,
  "low": 1.17952,
  "close": 1.17955,
  "rollH20": 1.18188,
  "rollL20": 1.17953,
  "up2": false,
  "dn2": false,
  "source": "twelvedata_repo"
}