{
  "datetime": "2026-02-14 17:10:00",
  "open": 1.18615,
  "high": 1.1862,
  "low": 1.18613,
  "close": 1.18614,
  "rollH20": 1.18713,
  "rollL20": 1.18461,
  "up2": false,
  "dn2": false,
  "source": "twelvedata_repo"
}