{
  "datetime": "2026-03-25 07:40:00",
  "open": 1.15948,
  "high": 1.15951,
  "low": 1.15948,
  "close": 1.15949,
  "rollH20": 1.15986,
  "rollL20": 1.15874,
  "up2": false,
  "dn2": false,
  "source": "twelvedata_repo"
}