{
  "datetime": "2025-12-04 09:45:00",
  "open": 1.16789,
  "high": 1.16793,
  "low": 1.16778,
  "close": 1.16785,
  "rollH20": 1.16795,
  "rollL20": 1.16553,
  "up2": false,
  "dn2": false,
  "source": "twelvedata_repo"
}