{
  "datetime": "2026-05-28 01:00:00",
  "open": 1.16179,
  "high": 1.16193,
  "low": 1.16168,
  "close": 1.1619,
  "rollH20": 1.16305,
  "rollL20": 1.1616,
  "up2": false,
  "dn2": false,
  "source": "twelvedata_repo"
}