{
  "datetime": "2025-12-17 14:20:00",
  "open": 1.17281,
  "high": 1.17312,
  "low": 1.17281,
  "close": 1.17312,
  "rollH20": 1.17289,
  "rollL20": 1.17085,
  "up2": false,
  "dn2": false,
  "source": "twelvedata_repo"
}