{
  "datetime": "2026-03-13 03:55:00",
  "open": 1.15086,
  "high": 1.15089,
  "low": 1.15074,
  "close": 1.15081,
  "rollH20": 1.15191,
  "rollL20": 1.15051,
  "up2": false,
  "dn2": false,
  "source": "twelvedata_repo"
}