{
  "datetime": "2026-04-12 14:40:00",
  "open": 1.17266,
  "high": 1.1727,
  "low": 1.17266,
  "close": 1.17266,
  "rollH20": 1.17312,
  "rollL20": 1.17259,
  "up2": false,
  "dn2": false,
  "source": "twelvedata_repo"
}