{
  "datetime": "2026-01-08 15:00:00",
  "open": 1.16634,
  "high": 1.16643,
  "low": 1.16629,
  "close": 1.16643,
  "rollH20": 1.16777,
  "rollL20": 1.16595,
  "up2": false,
  "dn2": false,
  "source": "twelvedata_repo"
}