{
  "datetime": "2026-01-05 22:25:00",
  "open": 1.17264,
  "high": 1.17267,
  "low": 1.17232,
  "close": 1.17234,
  "rollH20": 1.17292,
  "rollL20": 1.17235,
  "up2": false,
  "dn2": false,
  "source": "twelvedata_repo"
}