{
  "datetime": "2025-10-02 10:40:00",
  "open": 1.1753,
  "high": 1.17536,
  "low": 1.17521,
  "close": 1.17533,
  "rollH20": 1.17582,
  "rollL20": 1.17449,
  "up2": false,
  "dn2": false,
  "source": "twelvedata_repo"
}