{
  "datetime": "2026-01-15 19:30:00",
  "open": 1.16116,
  "high": 1.16122,
  "low": 1.16115,
  "close": 1.16116,
  "rollH20": 1.16153,
  "rollL20": 1.1604,
  "up2": false,
  "dn2": false,
  "source": "twelvedata_repo"
}