{
  "datetime": "2026-03-29 15:45:00",
  "open": 1.14963,
  "high": 1.14966,
  "low": 1.14963,
  "close": 1.14963,
  "rollH20": 1.15321,
  "rollL20": 1.1488,
  "up2": false,
  "dn2": false,
  "source": "twelvedata_repo"
}