{
  "datetime": "2026-04-21 00:25:00",
  "open": 1.17855,
  "high": 1.17861,
  "low": 1.17853,
  "close": 1.17855,
  "rollH20": 1.1791,
  "rollL20": 1.17852,
  "up2": false,
  "dn2": false,
  "source": "twelvedata_repo"
}