{
  "datetime": "2025-10-02 17:45:00",
  "open": 1.1709,
  "high": 1.17097,
  "low": 1.17076,
  "close": 1.17092,
  "rollH20": 1.17107,
  "rollL20": 1.16833,
  "up2": false,
  "dn2": false,
  "source": "twelvedata_repo"
}