{
  "datetime": "2026-03-05 13:15:00",
  "open": 1.16233,
  "high": 1.16238,
  "low": 1.16232,
  "close": 1.16232,
  "rollH20": 1.16273,
  "rollL20": 1.16047,
  "up2": false,
  "dn2": false,
  "source": "twelvedata_repo"
}