{
  "datetime": "2025-12-03 10:45:00",
  "open": 1.16468,
  "high": 1.16477,
  "low": 1.16456,
  "close": 1.16476,
  "rollH20": 1.16471,
  "rollL20": 1.16371,
  "up2": false,
  "dn2": false,
  "source": "twelvedata_repo"
}