{
  "datetime": "2026-05-10 13:30:00",
  "open": 1.17895,
  "high": 1.17923,
  "low": 1.17874,
  "close": 1.1792,
  "rollH20": 1.17931,
  "rollL20": 1.17813,
  "up2": false,
  "dn2": false,
  "source": "twelvedata_repo"
}