{
  "datetime": "2026-02-15 23:40:00",
  "open": 1.18654,
  "high": 1.18659,
  "low": 1.18652,
  "close": 1.18659,
  "rollH20": 1.18752,
  "rollL20": 1.18641,
  "up2": false,
  "dn2": false,
  "source": "twelvedata_repo"
}