{
  "datetime": "2026-01-27 21:45:00",
  "open": 1.19792,
  "high": 1.19922,
  "low": 1.19792,
  "close": 1.19922,
  "rollH20": 1.19915,
  "rollL20": 1.19718,
  "up2": false,
  "dn2": false,
  "source": "twelvedata_repo"
}