{
  "datetime": "2025-11-03 16:10:00",
  "open": 1.15196,
  "high": 1.15203,
  "low": 1.15193,
  "close": 1.15196,
  "rollH20": 1.15213,
  "rollL20": 1.15051,
  "up2": false,
  "dn2": false,
  "source": "twelvedata_repo"
}