{
  "datetime": "2025-10-30 14:35:00",
  "open": 1.15697,
  "high": 1.15731,
  "low": 1.15691,
  "close": 1.15692,
  "rollH20": 1.16003,
  "rollL20": 1.15474,
  "up2": false,
  "dn2": false,
  "source": "twelvedata_repo"
}