{
  "datetime": "2026-01-27 13:35:00",
  "open": 1.19174,
  "high": 1.19174,
  "low": 1.19173,
  "close": 1.19173,
  "rollH20": 1.19271,
  "rollL20": 1.18845,
  "up2": false,
  "dn2": false,
  "source": "twelvedata_repo"
}