{
  "datetime": "2026-04-26 16:05:00",
  "open": 1.17259,
  "high": 1.17265,
  "low": 1.17258,
  "close": 1.17259,
  "rollH20": 1.17296,
  "rollL20": 1.1716,
  "up2": false,
  "dn2": false,
  "source": "twelvedata_repo"
}