{
  "datetime": "2026-03-07 04:15:00",
  "open": 1.16174,
  "high": 1.16179,
  "low": 1.16171,
  "close": 1.16175,
  "rollH20": 1.16185,
  "rollL20": 1.1617,
  "up2": false,
  "dn2": false,
  "source": "twelvedata_repo"
}