{
  "datetime": "2026-07-15 18:10:00",
  "open": 1.14484,
  "high": 1.14503,
  "low": 1.14484,
  "close": 1.1449,
  "rollH20": 1.145,
  "rollL20": 1.14308,
  "up2": false,
  "dn2": false,
  "source": "twelvedata_repo"
}