{
  "datetime": "2026-01-15 22:20:00",
  "open": 1.16066,
  "high": 1.16071,
  "low": 1.16066,
  "close": 1.16069,
  "rollH20": 1.16155,
  "rollL20": 1.16023,
  "up2": false,
  "dn2": false,
  "source": "twelvedata_repo"
}