{
  "datetime": "2026-02-05 10:05:00",
  "open": 1.1801,
  "high": 1.18012,
  "low": 1.17969,
  "close": 1.17983,
  "rollH20": 1.18081,
  "rollL20": 1.17955,
  "up2": false,
  "dn2": false,
  "source": "twelvedata_repo"
}