{
  "datetime": "2026-03-19 00:55:00",
  "open": 1.14704,
  "high": 1.14705,
  "low": 1.14699,
  "close": 1.14699,
  "rollH20": 1.14723,
  "rollL20": 1.14579,
  "up2": false,
  "dn2": false,
  "source": "twelvedata_repo"
}