{
  "datetime": "2025-11-24 18:35:00",
  "open": 1.15157,
  "high": 1.15165,
  "low": 1.15157,
  "close": 1.15165,
  "rollH20": 1.15308,
  "rollL20": 1.15123,
  "up2": false,
  "dn2": false,
  "source": "twelvedata_repo"
}