{
  "datetime": "2026-04-28 14:25:00",
  "open": 1.16918,
  "high": 1.16922,
  "low": 1.16918,
  "close": 1.1692,
  "rollH20": 1.17,
  "rollL20": 1.16785,
  "up2": false,
  "dn2": false,
  "source": "twelvedata_repo"
}