{
  "datetime": "2026-03-20 21:25:00",
  "open": 1.15812,
  "high": 1.15848,
  "low": 1.15798,
  "close": 1.15836,
  "rollH20": 1.15816,
  "rollL20": 1.1554,
  "up2": false,
  "dn2": false,
  "source": "twelvedata_repo"
}