{
  "datetime": "2026-01-18 13:10:00",
  "open": 1.16028,
  "high": 1.16033,
  "low": 1.16026,
  "close": 1.1603,
  "rollH20": 1.16067,
  "rollL20": 1.15995,
  "up2": false,
  "dn2": false,
  "source": "twelvedata_repo"
}