{
  "datetime": "2026-01-07 14:55:00",
  "open": 1.16928,
  "high": 1.1693,
  "low": 1.16912,
  "close": 1.16917,
  "rollH20": 1.16946,
  "rollL20": 1.16826,
  "up2": false,
  "dn2": false,
  "source": "twelvedata_repo"
}