{
  "datetime": "2026-01-28 15:50:00",
  "open": 1.19748,
  "high": 1.19749,
  "low": 1.19744,
  "close": 1.19746,
  "rollH20": 1.19779,
  "rollL20": 1.19526,
  "up2": false,
  "dn2": false,
  "source": "twelvedata_repo"
}