{
  "datetime": "2026-07-15 07:55:00",
  "open": 1.14351,
  "high": 1.14356,
  "low": 1.14351,
  "close": 1.14356,
  "rollH20": 1.14437,
  "rollL20": 1.14335,
  "up2": false,
  "dn2": false,
  "source": "twelvedata_repo"
}