{
  "datetime": "2025-12-08 06:55:00",
  "open": 1.16555,
  "high": 1.16562,
  "low": 1.16553,
  "close": 1.1656,
  "rollH20": 1.16565,
  "rollL20": 1.16527,
  "up2": false,
  "dn2": false,
  "source": "twelvedata_repo"
}