{
  "datetime": "2026-05-28 22:20:00",
  "open": 1.16515,
  "high": 1.16517,
  "low": 1.16486,
  "close": 1.16517,
  "rollH20": 1.16539,
  "rollL20": 1.16447,
  "up2": false,
  "dn2": false,
  "source": "twelvedata_repo"
}