{
  "datetime": "2026-03-20 15:55:00",
  "open": 1.15442,
  "high": 1.15457,
  "low": 1.15402,
  "close": 1.15443,
  "rollH20": 1.15511,
  "rollL20": 1.15257,
  "up2": false,
  "dn2": false,
  "source": "twelvedata_repo"
}