{
  "datetime": "2026-02-02 04:15:00",
  "open": 1.18675,
  "high": 1.18677,
  "low": 1.18644,
  "close": 1.18663,
  "rollH20": 1.18745,
  "rollL20": 1.18635,
  "up2": false,
  "dn2": false,
  "source": "twelvedata_repo"
}