{
  "datetime": "2025-12-05 15:40:00",
  "open": 1.16498,
  "high": 1.16531,
  "low": 1.16498,
  "close": 1.16531,
  "rollH20": 1.16591,
  "rollL20": 1.16431,
  "up2": false,
  "dn2": false,
  "source": "twelvedata_repo"
}