{
  "datetime": "2026-03-10 18:20:00",
  "open": 1.16163,
  "high": 1.16193,
  "low": 1.16161,
  "close": 1.16193,
  "rollH20": 1.16684,
  "rollL20": 1.1612,
  "up2": false,
  "dn2": false,
  "source": "twelvedata_repo"
}