{
  "datetime": "2025-09-08 22:25:00",
  "open": 1.17603,
  "high": 1.17637,
  "low": 1.17569,
  "close": 1.17603,
  "rollH20": 1.17658,
  "rollL20": 1.17564,
  "up2": false,
  "dn2": false,
  "source": "twelvedata_repo"
}