{
  "datetime": "2025-10-23 23:25:00",
  "open": 1.162,
  "high": 1.16202,
  "low": 1.16194,
  "close": 1.16201,
  "rollH20": 1.16219,
  "rollL20": 1.16143,
  "up2": false,
  "dn2": false,
  "source": "twelvedata_repo"
}