{
  "datetime": "2026-05-22 22:10:00",
  "open": 1.16068,
  "high": 1.16073,
  "low": 1.16001,
  "close": 1.1607,
  "rollH20": 1.16101,
  "rollL20": 1.15986,
  "up2": false,
  "dn2": false,
  "source": "twelvedata_repo"
}