{
  "datetime": "2025-12-30 13:30:00",
  "open": 1.1764,
  "high": 1.17667,
  "low": 1.1764,
  "close": 1.17663,
  "rollH20": 1.17768,
  "rollL20": 1.17627,
  "up2": false,
  "dn2": false,
  "source": "twelvedata_repo"
}