{
  "datetime": "2026-04-24 03:40:00",
  "open": 1.16821,
  "high": 1.16824,
  "low": 1.1681,
  "close": 1.1681,
  "rollH20": 1.16889,
  "rollL20": 1.16809,
  "up2": false,
  "dn2": false,
  "source": "twelvedata_repo"
}