{
  "datetime": "2025-09-05 14:40:00",
  "open": 1.17329,
  "high": 1.17404,
  "low": 1.17324,
  "close": 1.17355,
  "rollH20": 1.17526,
  "rollL20": 1.16859,
  "up2": false,
  "dn2": false,
  "source": "twelvedata_repo"
}