{
  "datetime": "2026-03-03 11:30:00",
  "open": 1.15843,
  "high": 1.15851,
  "low": 1.15841,
  "close": 1.1585,
  "rollH20": 1.1612,
  "rollL20": 1.15822,
  "up2": false,
  "dn2": false,
  "source": "twelvedata_repo"
}