{
  "datetime": "2026-03-20 09:00:00",
  "open": 1.15712,
  "high": 1.15712,
  "low": 1.15669,
  "close": 1.15685,
  "rollH20": 1.15804,
  "rollL20": 1.15669,
  "up2": false,
  "dn2": false,
  "source": "twelvedata_repo"
}