{
  "datetime": "2025-12-03 20:25:00",
  "open": 1.16768,
  "high": 1.16772,
  "low": 1.16747,
  "close": 1.1675,
  "rollH20": 1.16781,
  "rollL20": 1.16666,
  "up2": false,
  "dn2": false,
  "source": "twelvedata_repo"
}