{
  "datetime": "2025-10-29 14:30:00",
  "open": 1.1643,
  "high": 1.16431,
  "low": 1.16426,
  "close": 1.16427,
  "rollH20": 1.1645,
  "rollL20": 1.16277,
  "up2": false,
  "dn2": false,
  "source": "twelvedata_repo"
}