{
  "datetime": "2025-09-03 21:40:00",
  "open": 1.16636,
  "high": 1.16647,
  "low": 1.16631,
  "close": 1.16641,
  "rollH20": 1.16651,
  "rollL20": 1.16554,
  "up2": false,
  "dn2": false,
  "source": "twelvedata_repo"
}