{
  "datetime": "2026-03-14 13:10:00",
  "open": 1.14337,
  "high": 1.1434,
  "low": 1.14337,
  "close": 1.14338,
  "rollH20": 1.1471,
  "rollL20": 1.14144,
  "up2": false,
  "dn2": false,
  "source": "twelvedata_repo"
}