{
  "datetime": "2025-11-06 21:30:00",
  "open": 1.15441,
  "high": 1.1545,
  "low": 1.1544,
  "close": 1.15444,
  "rollH20": 1.15524,
  "rollL20": 1.15425,
  "up2": false,
  "dn2": false,
  "source": "twelvedata_repo"
}