{
  "datetime": "2026-07-22 21:05:00",
  "open": 1.14117,
  "high": 1.14117,
  "low": 1.1411,
  "close": 1.14112,
  "rollH20": 1.14126,
  "rollL20": 1.14091,
  "up2": false,
  "dn2": false,
  "source": "twelvedata_repo"
}