{
  "datetime": "2026-07-23 20:05:00",
  "open": 1.13766,
  "high": 1.13767,
  "low": 1.13764,
  "close": 1.13767,
  "rollH20": 1.13779,
  "rollL20": 1.13711,
  "up2": false,
  "dn2": false,
  "source": "twelvedata_repo"
}