{
  "datetime": "2026-04-10 22:40:00",
  "open": 1.17241,
  "high": 1.17249,
  "low": 1.17231,
  "close": 1.17245,
  "rollH20": 1.17311,
  "rollL20": 1.17204,
  "up2": false,
  "dn2": false,
  "source": "twelvedata_repo"
}