{
  "datetime": "2026-06-15 06:25:00",
  "open": 1.16202,
  "high": 1.16204,
  "low": 1.16179,
  "close": 1.1618,
  "rollH20": 1.16222,
  "rollL20": 1.16034,
  "up2": false,
  "dn2": false,
  "source": "twelvedata_repo"
}