{
  "datetime": "2025-12-15 22:45:00",
  "open": 1.1751,
  "high": 1.17512,
  "low": 1.17508,
  "close": 1.17508,
  "rollH20": 1.1753,
  "rollL20": 1.17485,
  "up2": false,
  "dn2": false,
  "source": "twelvedata_repo"
}