{
  "datetime": "2026-03-06 19:50:00",
  "open": 1.16016,
  "high": 1.16024,
  "low": 1.16016,
  "close": 1.16024,
  "rollH20": 1.162,
  "rollL20": 1.15951,
  "up2": false,
  "dn2": false,
  "source": "twelvedata_repo"
}