{
  "datetime": "2026-01-29 15:35:00",
  "open": 1.19615,
  "high": 1.19618,
  "low": 1.19603,
  "close": 1.19603,
  "rollH20": 1.19693,
  "rollL20": 1.1942,
  "up2": false,
  "dn2": false,
  "source": "twelvedata_repo"
}