{
  "datetime": "2025-11-05 04:10:00",
  "open": 1.14915,
  "high": 1.14915,
  "low": 1.14908,
  "close": 1.14911,
  "rollH20": 1.14978,
  "rollL20": 1.1485,
  "up2": false,
  "dn2": false,
  "source": "twelvedata_repo"
}