{
  "datetime": "2025-10-13 06:35:00",
  "open": 1.1619,
  "high": 1.1619,
  "low": 1.16161,
  "close": 1.16181,
  "rollH20": 1.16251,
  "rollL20": 1.16162,
  "up2": false,
  "dn2": false,
  "source": "twelvedata_repo"
}