{
  "datetime": "2026-02-11 07:40:00",
  "open": 1.19162,
  "high": 1.19162,
  "low": 1.19161,
  "close": 1.19161,
  "rollH20": 1.19255,
  "rollL20": 1.19072,
  "up2": false,
  "dn2": false,
  "source": "twelvedata_repo"
}