{
  "datetime": "2026-01-31 04:50:00",
  "open": 1.18602,
  "high": 1.18606,
  "low": 1.18602,
  "close": 1.18604,
  "rollH20": 1.18614,
  "rollL20": 1.18552,
  "up2": false,
  "dn2": false,
  "source": "twelvedata_repo"
}