{
  "datetime": "2026-04-15 20:00:00",
  "open": 1.18011,
  "high": 1.18015,
  "low": 1.17993,
  "close": 1.18011,
  "rollH20": 1.18021,
  "rollL20": 1.17933,
  "up2": false,
  "dn2": false,
  "source": "twelvedata_repo"
}