{
  "datetime": "2025-11-14 20:45:00",
  "open": 1.16166,
  "high": 1.16169,
  "low": 1.16163,
  "close": 1.16163,
  "rollH20": 1.1619,
  "rollL20": 1.16094,
  "up2": false,
  "dn2": false,
  "source": "twelvedata_repo"
}