{
  "datetime": "2026-01-30 15:15:00",
  "open": 1.19153,
  "high": 1.19196,
  "low": 1.19149,
  "close": 1.19181,
  "rollH20": 1.19414,
  "rollL20": 1.19031,
  "up2": false,
  "dn2": false,
  "source": "twelvedata_repo"
}