{
  "datetime": "2026-05-18 12:50:00",
  "open": 1.16446,
  "high": 1.16448,
  "low": 1.16398,
  "close": 1.16407,
  "rollH20": 1.16493,
  "rollL20": 1.16271,
  "up2": false,
  "dn2": false,
  "source": "twelvedata_repo"
}