{
  "datetime": "2026-04-27 20:50:00",
  "open": 1.17225,
  "high": 1.17234,
  "low": 1.17225,
  "close": 1.17233,
  "rollH20": 1.17257,
  "rollL20": 1.17196,
  "up2": false,
  "dn2": false,
  "source": "twelvedata_repo"
}