{
  "datetime": "2026-03-22 20:55:00",
  "open": 1.15415,
  "high": 1.15418,
  "low": 1.15411,
  "close": 1.15411,
  "rollH20": 1.15581,
  "rollL20": 1.15237,
  "up2": false,
  "dn2": false,
  "source": "twelvedata_repo"
}