{
  "datetime": "2026-02-03 18:00:00",
  "open": 1.18185,
  "high": 1.18232,
  "low": 1.18185,
  "close": 1.18219,
  "rollH20": 1.18204,
  "rollL20": 1.17971,
  "up2": false,
  "dn2": false,
  "source": "twelvedata_repo"
}