{
  "datetime": "2025-09-04 23:40:00",
  "open": 1.165,
  "high": 1.16508,
  "low": 1.16494,
  "close": 1.16498,
  "rollH20": 1.16545,
  "rollL20": 1.16456,
  "up2": false,
  "dn2": false,
  "source": "twelvedata_repo"
}