{
  "datetime": "2026-06-12 09:30:00",
  "open": 1.15791,
  "high": 1.15792,
  "low": 1.15759,
  "close": 1.15786,
  "rollH20": 1.15847,
  "rollL20": 1.1557,
  "up2": false,
  "dn2": false,
  "source": "twelvedata_repo"
}