{
  "datetime": "2026-05-17 17:25:00",
  "open": 1.16249,
  "high": 1.16253,
  "low": 1.16247,
  "close": 1.1625,
  "rollH20": 1.16254,
  "rollL20": 1.16239,
  "up2": false,
  "dn2": false,
  "source": "twelvedata_repo"
}