{
  "datetime": "2026-04-21 18:25:00",
  "open": 1.17249,
  "high": 1.17298,
  "low": 1.17249,
  "close": 1.17292,
  "rollH20": 1.17546,
  "rollL20": 1.1721,
  "up2": false,
  "dn2": false,
  "source": "twelvedata_repo"
}