{
  "datetime": "2026-05-26 22:05:00",
  "open": 1.16291,
  "high": 1.16316,
  "low": 1.16282,
  "close": 1.16311,
  "rollH20": 1.16334,
  "rollL20": 1.16278,
  "up2": false,
  "dn2": false,
  "source": "twelvedata_repo"
}