{
  "datetime": "2026-03-14 19:20:00",
  "open": 1.14519,
  "high": 1.14521,
  "low": 1.14517,
  "close": 1.14521,
  "rollH20": 1.1459,
  "rollL20": 1.14296,
  "up2": false,
  "dn2": false,
  "source": "twelvedata_repo"
}