{
  "datetime": "2026-05-02 22:40:00",
  "open": 1.17199,
  "high": 1.17202,
  "low": 1.17199,
  "close": 1.172,
  "rollH20": 1.17254,
  "rollL20": 1.17199,
  "up2": false,
  "dn2": false,
  "source": "twelvedata_repo"
}