{
  "datetime": "2025-09-30 16:30:00",
  "open": 1.17263,
  "high": 1.17296,
  "low": 1.17263,
  "close": 1.17294,
  "rollH20": 1.17523,
  "rollL20": 1.17235,
  "up2": false,
  "dn2": false,
  "source": "twelvedata_repo"
}