{
  "datetime": "2026-01-17 09:05:00",
  "open": 1.15946,
  "high": 1.15951,
  "low": 1.15943,
  "close": 1.15946,
  "rollH20": 1.15991,
  "rollL20": 1.15937,
  "up2": false,
  "dn2": false,
  "source": "twelvedata_repo"
}