{
  "datetime": "2026-06-03 22:15:00",
  "open": 1.16008,
  "high": 1.16008,
  "low": 1.15985,
  "close": 1.15992,
  "rollH20": 1.1602,
  "rollL20": 1.1597,
  "up2": false,
  "dn2": false,
  "source": "twelvedata_repo"
}