{
  "datetime": "2025-08-28 22:10:00",
  "open": 1.16814,
  "high": 1.1685,
  "low": 1.16763,
  "close": 1.16805,
  "rollH20": 1.16864,
  "rollL20": 1.16773,
  "up2": false,
  "dn2": false,
  "source": "twelvedata_repo"
}