{
  "datetime": "2025-12-10 05:15:00",
  "open": 1.16267,
  "high": 1.16276,
  "low": 1.16265,
  "close": 1.16275,
  "rollH20": 1.16279,
  "rollL20": 1.16226,
  "up2": false,
  "dn2": false,
  "source": "twelvedata_repo"
}