{
  "datetime": "2025-12-12 12:30:00",
  "open": 1.17236,
  "high": 1.17242,
  "low": 1.17235,
  "close": 1.17235,
  "rollH20": 1.17356,
  "rollL20": 1.17232,
  "up2": false,
  "dn2": false,
  "source": "twelvedata_repo"
}