{
  "datetime": "2026-05-26 11:10:00",
  "open": 1.16419,
  "high": 1.16435,
  "low": 1.16415,
  "close": 1.16433,
  "rollH20": 1.16447,
  "rollL20": 1.16333,
  "up2": false,
  "dn2": false,
  "source": "twelvedata_repo"
}