{
  "datetime": "2025-10-03 18:35:00",
  "open": 1.17402,
  "high": 1.17408,
  "low": 1.17402,
  "close": 1.17405,
  "rollH20": 1.17488,
  "rollL20": 1.17376,
  "up2": false,
  "dn2": false,
  "source": "twelvedata_repo"
}