{
  "datetime": "2026-01-15 21:45:00",
  "open": 1.16041,
  "high": 1.16058,
  "low": 1.16041,
  "close": 1.16053,
  "rollH20": 1.16178,
  "rollL20": 1.16023,
  "up2": false,
  "dn2": false,
  "source": "twelvedata_repo"
}