{
  "datetime": "2025-12-23 16:35:00",
  "open": 1.17733,
  "high": 1.17737,
  "low": 1.17718,
  "close": 1.17719,
  "rollH20": 1.17799,
  "rollL20": 1.1769,
  "up2": false,
  "dn2": false,
  "source": "twelvedata_repo"
}