{
  "datetime": "2025-10-16 15:10:00",
  "open": 1.16593,
  "high": 1.16643,
  "low": 1.16592,
  "close": 1.16643,
  "rollH20": 1.16642,
  "rollL20": 1.16501,
  "up2": false,
  "dn2": false,
  "source": "twelvedata_repo"
}