{
  "datetime": "2026-06-28 21:05:00",
  "open": 1.13831,
  "high": 1.13855,
  "low": 1.13795,
  "close": 1.13808,
  "rollH20": 1.13916,
  "rollL20": 1.13828,
  "up2": false,
  "dn2": false,
  "source": "twelvedata_repo"
}