{
  "datetime": "2026-02-15 19:55:00",
  "open": 1.18731,
  "high": 1.18735,
  "low": 1.18707,
  "close": 1.18717,
  "rollH20": 1.18776,
  "rollL20": 1.18641,
  "up2": false,
  "dn2": false,
  "source": "twelvedata_repo"
}