{
  "datetime": "2025-11-05 11:55:00",
  "open": 1.14827,
  "high": 1.14844,
  "low": 1.14827,
  "close": 1.14833,
  "rollH20": 1.14892,
  "rollL20": 1.1476,
  "up2": false,
  "dn2": false,
  "source": "twelvedata_repo"
}