{
  "datetime": "2025-12-01 21:25:00",
  "open": 1.16088,
  "high": 1.16094,
  "low": 1.16086,
  "close": 1.16093,
  "rollH20": 1.1615,
  "rollL20": 1.16078,
  "up2": false,
  "dn2": false,
  "source": "twelvedata_repo"
}