{
  "datetime": "2025-11-19 08:55:00",
  "open": 1.15871,
  "high": 1.15871,
  "low": 1.15785,
  "close": 1.1583,
  "rollH20": 1.15969,
  "rollL20": 1.1583,
  "up2": false,
  "dn2": false,
  "source": "twelvedata_repo"
}