{
  "datetime": "2026-02-23 06:20:00",
  "open": 1.18283,
  "high": 1.18301,
  "low": 1.18283,
  "close": 1.18298,
  "rollH20": 1.18285,
  "rollL20": 1.18157,
  "up2": false,
  "dn2": false,
  "source": "twelvedata_repo"
}