{
  "datetime": "2026-02-13 02:45:00",
  "open": 1.18661,
  "high": 1.18679,
  "low": 1.18655,
  "close": 1.18677,
  "rollH20": 1.18729,
  "rollL20": 1.1863,
  "up2": false,
  "dn2": false,
  "source": "twelvedata_repo"
}