{
  "datetime": "2026-03-21 18:10:00",
  "open": 1.15838,
  "high": 1.15843,
  "low": 1.15837,
  "close": 1.15838,
  "rollH20": 1.15917,
  "rollL20": 1.15788,
  "up2": false,
  "dn2": false,
  "source": "twelvedata_repo"
}