{
  "datetime": "2025-10-09 22:55:00",
  "open": 1.15652,
  "high": 1.15655,
  "low": 1.15649,
  "close": 1.15651,
  "rollH20": 1.15669,
  "rollL20": 1.15596,
  "up2": false,
  "dn2": false,
  "source": "twelvedata_repo"
}