{
  "datetime": "2026-01-11 13:25:00",
  "open": 1.1634,
  "high": 1.16344,
  "low": 1.16338,
  "close": 1.16342,
  "rollH20": 1.1635,
  "rollL20": 1.16337,
  "up2": false,
  "dn2": false,
  "source": "twelvedata_repo"
}