{
  "datetime": "2026-05-03 06:35:00",
  "open": 1.17229,
  "high": 1.17231,
  "low": 1.17229,
  "close": 1.1723,
  "rollH20": 1.17254,
  "rollL20": 1.17214,
  "up2": false,
  "dn2": false,
  "source": "twelvedata_repo"
}