{
  "datetime": "2025-12-16 04:10:00",
  "open": 1.17576,
  "high": 1.17577,
  "low": 1.17542,
  "close": 1.17544,
  "rollH20": 1.17594,
  "rollL20": 1.17474,
  "up2": false,
  "dn2": false,
  "source": "twelvedata_repo"
}