{
  "datetime": "2026-01-15 07:10:00",
  "open": 1.1638,
  "high": 1.16382,
  "low": 1.16352,
  "close": 1.1636,
  "rollH20": 1.16384,
  "rollL20": 1.16347,
  "up2": false,
  "dn2": false,
  "source": "twelvedata_repo"
}