{
  "datetime": "2026-03-14 14:00:00",
  "open": 1.14454,
  "high": 1.14457,
  "low": 1.14454,
  "close": 1.14456,
  "rollH20": 1.14668,
  "rollL20": 1.14144,
  "up2": false,
  "dn2": false,
  "source": "twelvedata_repo"
}