{
  "datetime": "2026-03-01 18:15:00",
  "open": 1.17853,
  "high": 1.17906,
  "low": 1.17697,
  "close": 1.17794,
  "rollH20": 1.18153,
  "rollL20": 1.17628,
  "up2": false,
  "dn2": false,
  "source": "twelvedata_repo"
}