{
  "datetime": "2026-06-19 03:25:00",
  "open": 1.14559,
  "high": 1.14578,
  "low": 1.14553,
  "close": 1.14575,
  "rollH20": 1.14648,
  "rollL20": 1.14517,
  "up2": false,
  "dn2": false,
  "source": "twelvedata_repo"
}