{
  "datetime": "2026-05-29 21:55:00",
  "open": 1.16603,
  "high": 1.16603,
  "low": 1.1659,
  "close": 1.16594,
  "rollH20": 1.16695,
  "rollL20": 1.16598,
  "up2": false,
  "dn2": false,
  "source": "twelvedata_repo"
}