{
  "datetime": "2026-04-05 22:00:00",
  "open": 1.15199,
  "high": 1.15203,
  "low": 1.15193,
  "close": 1.15195,
  "rollH20": 1.15249,
  "rollL20": 1.15079,
  "up2": false,
  "dn2": false,
  "source": "twelvedata_repo"
}