{
  "datetime": "2026-04-08 12:25:00",
  "open": 1.17015,
  "high": 1.17078,
  "low": 1.17015,
  "close": 1.17078,
  "rollH20": 1.17018,
  "rollL20": 1.16788,
  "up2": true,
  "dn2": false,
  "source": "twelvedata_repo"
}