{
  "datetime": "2026-04-29 19:20:00",
  "open": 1.16822,
  "high": 1.16828,
  "low": 0.85595,
  "close": 1.16828,
  "rollH20": 1.16903,
  "rollL20": 1.16731,
  "up2": false,
  "dn2": false,
  "source": "twelvedata_repo"
}