{
  "datetime": "2026-07-23 22:25:00",
  "open": 1.13783,
  "high": 1.13787,
  "low": 1.13777,
  "close": 1.13783,
  "rollH20": 1.13803,
  "rollL20": 1.13745,
  "up2": false,
  "dn2": false,
  "source": "twelvedata_repo"
}