{
  "datetime": "2026-02-23 11:00:00",
  "open": 1.17996,
  "high": 1.17999,
  "low": 1.17974,
  "close": 1.17978,
  "rollH20": 1.18114,
  "rollL20": 1.17948,
  "up2": false,
  "dn2": false,
  "source": "twelvedata_repo"
}