{
  "datetime": "2025-12-26 20:55:00",
  "open": 1.17753,
  "high": 1.17758,
  "low": 1.17747,
  "close": 1.17758,
  "rollH20": 1.17762,
  "rollL20": 1.17691,
  "up2": false,
  "dn2": false,
  "source": "twelvedata_repo"
}