{
  "datetime": "2025-10-13 23:10:00",
  "open": 1.15715,
  "high": 1.15721,
  "low": 1.15714,
  "close": 1.15719,
  "rollH20": 1.1573,
  "rollL20": 1.15667,
  "up2": false,
  "dn2": false,
  "source": "twelvedata_repo"
}