{
  "datetime": "2025-09-11 19:45:00",
  "open": 1.17332,
  "high": 1.17345,
  "low": 1.17332,
  "close": 1.17342,
  "rollH20": 1.17388,
  "rollL20": 1.17278,
  "up2": false,
  "dn2": false,
  "source": "twelvedata_repo"
}