{
  "datetime": "2026-04-11 20:35:00",
  "open": 1.17231,
  "high": 1.17235,
  "low": 1.1723,
  "close": 1.17234,
  "rollH20": 1.17262,
  "rollL20": 1.17205,
  "up2": false,
  "dn2": false,
  "source": "twelvedata_repo"
}