{
  "datetime": "2026-04-06 18:10:00",
  "open": 1.15383,
  "high": 1.15384,
  "low": 1.15375,
  "close": 1.15379,
  "rollH20": 1.15481,
  "rollL20": 1.1538,
  "up2": false,
  "dn2": false,
  "source": "twelvedata_repo"
}