{
  "datetime": "2026-05-15 16:35:00",
  "open": 1.16245,
  "high": 1.16255,
  "low": 1.1624,
  "close": 1.16251,
  "rollH20": 1.16374,
  "rollL20": 1.16216,
  "up2": false,
  "dn2": false,
  "source": "twelvedata_repo"
}