{
  "datetime": "2026-01-06 21:30:00",
  "open": 1.16897,
  "high": 1.16912,
  "low": 1.16888,
  "close": 1.16897,
  "rollH20": 1.16922,
  "rollL20": 1.16842,
  "up2": false,
  "dn2": false,
  "source": "twelvedata_repo"
}