{
  "datetime": "2025-10-31 20:05:00",
  "open": 1.15258,
  "high": 1.15265,
  "low": 1.15257,
  "close": 1.15265,
  "rollH20": 1.15288,
  "rollL20": 1.15219,
  "up2": false,
  "dn2": false,
  "source": "twelvedata_repo"
}