{
  "datetime": "2026-01-08 02:15:00",
  "open": 1.16775,
  "high": 1.16781,
  "low": 1.16769,
  "close": 1.16778,
  "rollH20": 1.16786,
  "rollL20": 1.16751,
  "up2": false,
  "dn2": false,
  "source": "twelvedata_repo"
}