{
  "datetime": "2026-02-26 02:00:00",
  "open": 1.18275,
  "high": 1.18284,
  "low": 1.18266,
  "close": 1.18266,
  "rollH20": 1.18288,
  "rollL20": 1.18141,
  "up2": false,
  "dn2": false,
  "source": "twelvedata_repo"
}