{
  "datetime": "2026-02-18 01:05:00",
  "open": 1.1847,
  "high": 1.18472,
  "low": 1.18465,
  "close": 1.18466,
  "rollH20": 1.18548,
  "rollL20": 1.18455,
  "up2": false,
  "dn2": false,
  "source": "twelvedata_repo"
}