{
  "datetime": "2026-06-02 01:15:00",
  "open": 1.16332,
  "high": 1.16338,
  "low": 1.16332,
  "close": 1.16338,
  "rollH20": 1.16366,
  "rollL20": 1.16301,
  "up2": false,
  "dn2": false,
  "source": "twelvedata_repo"
}