{
  "datetime": "2026-06-08 23:00:00",
  "open": 1.15366,
  "high": 1.15371,
  "low": 1.15352,
  "close": 1.15371,
  "rollH20": 1.15413,
  "rollL20": 1.15304,
  "up2": false,
  "dn2": false,
  "source": "twelvedata_repo"
}