{
  "datetime": "2025-10-14 02:20:00",
  "open": 1.1567,
  "high": 1.15671,
  "low": 1.1567,
  "close": 1.1567,
  "rollH20": 1.15695,
  "rollL20": 1.1555,
  "up2": false,
  "dn2": false,
  "source": "twelvedata_repo"
}