{
  "datetime": "2025-12-09 19:55:00",
  "open": 1.16237,
  "high": 1.16247,
  "low": 1.16234,
  "close": 1.16246,
  "rollH20": 1.1635,
  "rollL20": 1.1618,
  "up2": false,
  "dn2": false,
  "source": "twelvedata_repo"
}