{
  "datetime": "2025-12-17 23:25:00",
  "open": 1.17433,
  "high": 1.17441,
  "low": 1.17433,
  "close": 1.17438,
  "rollH20": 1.17466,
  "rollL20": 1.17391,
  "up2": false,
  "dn2": false,
  "source": "twelvedata_repo"
}