{
  "datetime": "2025-10-30 20:55:00",
  "open": 1.15658,
  "high": 1.15661,
  "low": 1.15655,
  "close": 1.15655,
  "rollH20": 1.15713,
  "rollL20": 1.15622,
  "up2": false,
  "dn2": false,
  "source": "twelvedata_repo"
}