{
  "datetime": "2026-07-14 16:45:00",
  "open": 1.14337,
  "high": 1.14344,
  "low": 1.14334,
  "close": 1.14343,
  "rollH20": 1.14582,
  "rollL20": 1.14316,
  "up2": false,
  "dn2": false,
  "source": "twelvedata_repo"
}