{
  "datetime": "2026-05-25 00:10:00",
  "open": 1.16461,
  "high": 1.16465,
  "low": 1.16447,
  "close": 1.16448,
  "rollH20": 1.16464,
  "rollL20": 1.16228,
  "up2": false,
  "dn2": false,
  "source": "twelvedata_repo"
}