{
  "datetime": "2026-02-09 21:00:00",
  "open": 1.19198,
  "high": 1.19209,
  "low": 1.19198,
  "close": 1.19206,
  "rollH20": 1.19224,
  "rollL20": 1.19057,
  "up2": false,
  "dn2": false,
  "source": "twelvedata_repo"
}