{
  "datetime": "2026-02-09 12:15:00",
  "open": 1.18622,
  "high": 1.1864,
  "low": 1.18622,
  "close": 1.18633,
  "rollH20": 1.18692,
  "rollL20": 1.18557,
  "up2": false,
  "dn2": false,
  "source": "twelvedata_repo"
}