{
  "datetime": "2026-01-31 14:35:00",
  "open": 1.18569,
  "high": 1.18574,
  "low": 1.18567,
  "close": 1.18568,
  "rollH20": 1.18614,
  "rollL20": 1.18553,
  "up2": false,
  "dn2": false,
  "source": "twelvedata_repo"
}