{
  "datetime": "2025-10-09 10:40:00",
  "open": 1.16232,
  "high": 1.16239,
  "low": 1.16208,
  "close": 1.16234,
  "rollH20": 1.16252,
  "rollL20": 1.1603,
  "up2": false,
  "dn2": false,
  "source": "twelvedata_repo"
}