{
  "datetime": "2026-04-26 00:15:00",
  "open": 1.17206,
  "high": 1.17211,
  "low": 1.17205,
  "close": 1.17205,
  "rollH20": 1.1722,
  "rollL20": 1.17176,
  "up2": false,
  "dn2": false,
  "source": "twelvedata_repo"
}