{
  "datetime": "2026-04-11 00:55:00",
  "open": 1.17238,
  "high": 1.17246,
  "low": 1.17237,
  "close": 1.17245,
  "rollH20": 1.17284,
  "rollL20": 1.17185,
  "up2": false,
  "dn2": false,
  "source": "twelvedata_repo"
}