{
  "datetime": "2026-05-16 18:50:00",
  "open": 1.16245,
  "high": 1.16249,
  "low": 1.16244,
  "close": 1.16244,
  "rollH20": 1.16257,
  "rollL20": 1.16225,
  "up2": false,
  "dn2": false,
  "source": "twelvedata_repo"
}