{
  "datetime": "2026-01-17 15:10:00",
  "open": 1.16017,
  "high": 1.16022,
  "low": 1.16016,
  "close": 1.16016,
  "rollH20": 1.16036,
  "rollL20": 1.15941,
  "up2": false,
  "dn2": false,
  "source": "twelvedata_repo"
}