{
  "datetime": "2025-09-12 14:00:00",
  "open": 1.17121,
  "high": 1.17152,
  "low": 1.17095,
  "close": 1.17138,
  "rollH20": 1.17291,
  "rollL20": 1.17014,
  "up2": false,
  "dn2": false,
  "source": "twelvedata_repo"
}