{
  "datetime": "2025-12-09 13:15:00",
  "open": 1.16371,
  "high": 1.16374,
  "low": 1.16357,
  "close": 1.16365,
  "rollH20": 1.16472,
  "rollL20": 1.16355,
  "up2": false,
  "dn2": false,
  "source": "twelvedata_repo"
}