{
  "datetime": "2025-09-03 20:35:00",
  "open": 1.16594,
  "high": 1.16597,
  "low": 1.16585,
  "close": 1.1659,
  "rollH20": 1.1668,
  "rollL20": 1.16554,
  "up2": false,
  "dn2": false,
  "source": "twelvedata_repo"
}