{
  "datetime": "2025-10-29 12:55:00",
  "open": 1.16402,
  "high": 1.16413,
  "low": 1.16385,
  "close": 1.16385,
  "rollH20": 1.1649,
  "rollL20": 1.16332,
  "up2": false,
  "dn2": false,
  "source": "twelvedata_repo"
}