{
  "datetime": "2026-01-25 01:40:00",
  "open": 1.18237,
  "high": 1.18247,
  "low": 1.18237,
  "close": 1.18241,
  "rollH20": 1.1825,
  "rollL20": 1.18229,
  "up2": false,
  "dn2": false,
  "source": "twelvedata_repo"
}