{
  "datetime": "2026-03-25 23:55:00",
  "open": 1.1561,
  "high": 1.15614,
  "low": 1.15608,
  "close": 1.15608,
  "rollH20": 1.15627,
  "rollL20": 1.15556,
  "up2": false,
  "dn2": false,
  "source": "twelvedata_repo"
}