{
  "datetime": "2026-01-27 17:25:00",
  "open": 1.197,
  "high": 1.19705,
  "low": 1.197,
  "close": 1.19703,
  "rollH20": 1.19738,
  "rollL20": 1.19377,
  "up2": false,
  "dn2": false,
  "source": "twelvedata_repo"
}