{
  "datetime": "2026-01-05 11:55:00",
  "open": 1.16898,
  "high": 1.16901,
  "low": 1.16878,
  "close": 1.16895,
  "rollH20": 1.1691,
  "rollL20": 1.16747,
  "up2": false,
  "dn2": false,
  "source": "twelvedata_repo"
}