{
  "datetime": "2025-12-25 21:40:00",
  "open": 1.17849,
  "high": 1.17874,
  "low": 1.17831,
  "close": 1.17874,
  "rollH20": 1.17901,
  "rollL20": 1.17777,
  "up2": false,
  "dn2": false,
  "source": "twelvedata_repo"
}