{
  "datetime": "2026-02-09 19:35:00",
  "open": 1.19114,
  "high": 1.19116,
  "low": 1.19114,
  "close": 1.19116,
  "rollH20": 1.19139,
  "rollL20": 1.18942,
  "up2": false,
  "dn2": false,
  "source": "twelvedata_repo"
}