{
  "datetime": "2026-07-21 21:40:00",
  "open": 1.14009,
  "high": 1.14012,
  "low": 1.14007,
  "close": 1.14012,
  "rollH20": 1.14046,
  "rollL20": 1.13996,
  "up2": false,
  "dn2": false,
  "source": "twelvedata_repo"
}