{
  "datetime": "2026-04-01 21:40:00",
  "open": 1.15897,
  "high": 1.15914,
  "low": 1.15896,
  "close": 1.15913,
  "rollH20": 1.15901,
  "rollL20": 1.15784,
  "up2": false,
  "dn2": false,
  "source": "twelvedata_repo"
}