{
  "datetime": "2026-02-14 22:45:00",
  "open": 1.18525,
  "high": 1.18533,
  "low": 1.1848,
  "close": 1.18524,
  "rollH20": 1.18599,
  "rollL20": 1.18405,
  "up2": false,
  "dn2": false,
  "source": "twelvedata_repo"
}