{
  "datetime": "2026-04-23 10:45:00",
  "open": 1.1696,
  "high": 1.16965,
  "low": 1.16929,
  "close": 1.16932,
  "rollH20": 1.17049,
  "rollL20": 1.16903,
  "up2": false,
  "dn2": false,
  "source": "twelvedata_repo"
}