{
  "datetime": "2026-02-18 23:30:00",
  "open": 1.1789,
  "high": 1.17896,
  "low": 1.17888,
  "close": 1.17889,
  "rollH20": 1.17902,
  "rollL20": 1.17831,
  "up2": false,
  "dn2": false,
  "source": "twelvedata_repo"
}