{
  "datetime": "2026-03-30 13:55:00",
  "open": 1.14856,
  "high": 1.14857,
  "low": 1.14833,
  "close": 1.14837,
  "rollH20": 1.15011,
  "rollL20": 1.14737,
  "up2": false,
  "dn2": false,
  "source": "twelvedata_repo"
}