{
  "datetime": "2025-10-14 00:25:00",
  "open": 1.15667,
  "high": 1.15668,
  "low": 1.15659,
  "close": 1.15663,
  "rollH20": 1.15737,
  "rollL20": 1.15636,
  "up2": false,
  "dn2": false,
  "source": "twelvedata_repo"
}