{
  "datetime": "2026-04-16 01:55:00",
  "open": 1.18064,
  "high": 1.18074,
  "low": 1.1806,
  "close": 1.18073,
  "rollH20": 1.18083,
  "rollL20": 1.18029,
  "up2": false,
  "dn2": false,
  "source": "twelvedata_repo"
}