{
  "datetime": "2026-04-11 12:15:00",
  "open": 1.17181,
  "high": 1.17195,
  "low": 1.1718,
  "close": 1.1719,
  "rollH20": 1.17232,
  "rollL20": 1.17161,
  "up2": false,
  "dn2": false,
  "source": "twelvedata_repo"
}