{
  "datetime": "2026-03-09 06:30:00",
  "open": 1.15543,
  "high": 1.15591,
  "low": 1.1554,
  "close": 1.15591,
  "rollH20": 1.15705,
  "rollL20": 1.1525,
  "up2": false,
  "dn2": false,
  "source": "twelvedata_repo"
}