{
  "datetime": "2025-11-27 05:10:00",
  "open": 1.16012,
  "high": 1.16023,
  "low": 1.16012,
  "close": 1.16023,
  "rollH20": 1.16136,
  "rollL20": 1.16009,
  "up2": false,
  "dn2": false,
  "source": "twelvedata_repo"
}