{
  "datetime": "2025-10-03 23:35:00",
  "open": 1.17423,
  "high": 1.17423,
  "low": 1.17423,
  "close": 1.17423,
  "rollH20": 1.17444,
  "rollL20": 1.17378,
  "up2": false,
  "dn2": false,
  "source": "twelvedata_repo"
}