{
  "datetime": "2026-04-02 02:25:00",
  "open": 1.15672,
  "high": 1.15673,
  "low": 1.15653,
  "close": 1.15654,
  "rollH20": 1.15995,
  "rollL20": 1.15617,
  "up2": false,
  "dn2": false,
  "source": "twelvedata_repo"
}