{
  "datetime": "2026-01-25 09:55:00",
  "open": 1.18249,
  "high": 1.18253,
  "low": 1.18249,
  "close": 1.18249,
  "rollH20": 1.18254,
  "rollL20": 1.18239,
  "up2": false,
  "dn2": false,
  "source": "twelvedata_repo"
}