{
  "datetime": "2026-02-17 22:45:00",
  "open": 1.18528,
  "high": 1.18533,
  "low": 1.18526,
  "close": 1.18527,
  "rollH20": 1.18553,
  "rollL20": 1.18502,
  "up2": false,
  "dn2": false,
  "source": "twelvedata_repo"
}