{
  "datetime": "2026-06-13 04:50:00",
  "open": 1.15672,
  "high": 1.15675,
  "low": 1.15664,
  "close": 1.15667,
  "rollH20": 1.15754,
  "rollL20": 1.15655,
  "up2": false,
  "dn2": false,
  "source": "twelvedata_repo"
}