{
  "datetime": "2026-07-16 12:05:00",
  "open": 1.14618,
  "high": 1.1462,
  "low": 1.14604,
  "close": 1.14606,
  "rollH20": 1.14683,
  "rollL20": 1.14597,
  "up2": false,
  "dn2": false,
  "source": "twelvedata_repo"
}