{
  "datetime": "2025-10-29 20:25:00",
  "open": 1.15872,
  "high": 1.15878,
  "low": 1.15806,
  "close": 1.15819,
  "rollH20": 1.16507,
  "rollL20": 1.15806,
  "up2": false,
  "dn2": false,
  "source": "twelvedata_repo"
}