{
  "datetime": "2026-02-16 11:05:00",
  "open": 1.18664,
  "high": 1.18666,
  "low": 1.18637,
  "close": 1.18649,
  "rollH20": 1.18679,
  "rollL20": 1.18624,
  "up2": false,
  "dn2": false,
  "source": "twelvedata_repo"
}