{
  "datetime": "2026-01-17 08:10:00",
  "open": 1.15958,
  "high": 1.15961,
  "low": 1.15948,
  "close": 1.15948,
  "rollH20": 1.15991,
  "rollL20": 1.15937,
  "up2": false,
  "dn2": false,
  "source": "twelvedata_repo"
}