{
  "datetime": "2026-01-23 08:55:00",
  "open": 1.17411,
  "high": 1.17414,
  "low": 1.17377,
  "close": 1.17377,
  "rollH20": 1.17483,
  "rollL20": 1.17357,
  "up2": false,
  "dn2": false,
  "source": "twelvedata_repo"
}