{
  "datetime": "2026-04-06 16:25:00",
  "open": 1.15415,
  "high": 1.1542,
  "low": 1.15408,
  "close": 1.15409,
  "rollH20": 1.15702,
  "rollL20": 1.15368,
  "up2": false,
  "dn2": false,
  "source": "twelvedata_repo"
}