{
  "datetime": "2025-12-11 00:45:00",
  "open": 1.17018,
  "high": 1.17021,
  "low": 1.17018,
  "close": 1.17021,
  "rollH20": 1.17022,
  "rollL20": 1.169,
  "up2": false,
  "dn2": false,
  "source": "twelvedata_repo"
}