{
  "datetime": "2026-01-15 20:15:00",
  "open": 1.16148,
  "high": 1.16163,
  "low": 1.16146,
  "close": 1.16163,
  "rollH20": 1.16155,
  "rollL20": 1.16065,
  "up2": false,
  "dn2": false,
  "source": "twelvedata_repo"
}