{
  "datetime": "2025-10-22 18:55:00",
  "open": 1.16146,
  "high": 1.1615,
  "low": 1.16141,
  "close": 1.16144,
  "rollH20": 1.16222,
  "rollL20": 1.16125,
  "up2": false,
  "dn2": false,
  "source": "twelvedata_repo"
}