{
  "datetime": "2026-05-26 02:10:00",
  "open": 1.16356,
  "high": 1.16366,
  "low": 1.16356,
  "close": 1.16363,
  "rollH20": 1.1642,
  "rollL20": 1.16343,
  "up2": false,
  "dn2": false,
  "source": "twelvedata_repo"
}