{
  "datetime": "2026-03-06 05:10:00",
  "open": 1.16142,
  "high": 1.16142,
  "low": 1.16123,
  "close": 1.16128,
  "rollH20": 1.16212,
  "rollL20": 1.16123,
  "up2": false,
  "dn2": false,
  "source": "twelvedata_repo"
}