{
  "datetime": "2025-10-28 20:40:00",
  "open": 1.16636,
  "high": 1.16636,
  "low": 1.16609,
  "close": 1.16609,
  "rollH20": 1.16647,
  "rollL20": 1.16562,
  "up2": false,
  "dn2": false,
  "source": "twelvedata_repo"
}