{
  "datetime": "2025-09-30 15:50:00",
  "open": 1.17498,
  "high": 1.17523,
  "low": 1.17458,
  "close": 1.17505,
  "rollH20": 1.17513,
  "rollL20": 1.17165,
  "up2": false,
  "dn2": false,
  "source": "twelvedata_repo"
}