{
  "datetime": "2026-04-19 06:05:00",
  "open": 1.17738,
  "high": 1.17743,
  "low": 1.17737,
  "close": 1.17741,
  "rollH20": 1.17746,
  "rollL20": 1.17722,
  "up2": false,
  "dn2": false,
  "source": "twelvedata_repo"
}