{
  "datetime": "2026-03-18 14:05:00",
  "open": 1.15094,
  "high": 1.15171,
  "low": 1.15084,
  "close": 1.15152,
  "rollH20": 1.15337,
  "rollL20": 1.14925,
  "up2": false,
  "dn2": false,
  "source": "twelvedata_repo"
}