{
  "datetime": "2025-10-13 15:30:00",
  "open": 1.15615,
  "high": 1.15638,
  "low": 1.15608,
  "close": 1.1562,
  "rollH20": 1.15774,
  "rollL20": 1.15617,
  "up2": false,
  "dn2": false,
  "source": "twelvedata_repo"
}