{
  "datetime": "2026-02-28 15:10:00",
  "open": 1.18124,
  "high": 1.18129,
  "low": 1.18123,
  "close": 1.18123,
  "rollH20": 1.18152,
  "rollL20": 1.18113,
  "up2": false,
  "dn2": false,
  "source": "twelvedata_repo"
}