{
  "datetime": "2025-12-01 00:55:00",
  "open": 1.15984,
  "high": 1.16014,
  "low": 1.15984,
  "close": 1.16008,
  "rollH20": 1.16074,
  "rollL20": 1.15946,
  "up2": false,
  "dn2": false,
  "source": "twelvedata_repo"
}