{
  "datetime": "2026-07-13 13:20:00",
  "open": 1.14231,
  "high": 1.1424,
  "low": 1.14217,
  "close": 1.14221,
  "rollH20": 1.14359,
  "rollL20": 1.14211,
  "up2": false,
  "dn2": false,
  "source": "twelvedata_repo"
}