{
  "datetime": "2026-05-31 22:30:00",
  "open": 1.16572,
  "high": 1.16602,
  "low": 1.16567,
  "close": 1.16571,
  "rollH20": 1.16629,
  "rollL20": 1.16543,
  "up2": false,
  "dn2": false,
  "source": "twelvedata_repo"
}