{
  "datetime": "2026-05-14 07:55:00",
  "open": 1.17205,
  "high": 1.17212,
  "low": 1.17203,
  "close": 1.17212,
  "rollH20": 1.17215,
  "rollL20": 1.17072,
  "up2": false,
  "dn2": false,
  "source": "twelvedata_repo"
}