{
  "datetime": "2026-02-24 22:30:00",
  "open": 1.17731,
  "high": 1.17752,
  "low": 1.17727,
  "close": 1.17752,
  "rollH20": 1.17821,
  "rollL20": 1.17727,
  "up2": false,
  "dn2": false,
  "source": "twelvedata_repo"
}