{
  "datetime": "2025-12-09 12:40:00",
  "open": 1.16419,
  "high": 1.16426,
  "low": 1.16417,
  "close": 1.16418,
  "rollH20": 1.16534,
  "rollL20": 1.16387,
  "up2": false,
  "dn2": false,
  "source": "twelvedata_repo"
}