{
  "datetime": "2026-04-02 14:35:00",
  "open": 1.15285,
  "high": 1.15286,
  "low": 1.15238,
  "close": 1.15246,
  "rollH20": 1.15311,
  "rollL20": 1.15138,
  "up2": false,
  "dn2": false,
  "source": "twelvedata_repo"
}