{
  "datetime": "2026-04-13 21:25:00",
  "open": 1.17609,
  "high": 1.17611,
  "low": 1.17595,
  "close": 1.17595,
  "rollH20": 1.17654,
  "rollL20": 1.17502,
  "up2": false,
  "dn2": false,
  "source": "twelvedata_repo"
}