{
  "datetime": "2026-01-23 17:45:00",
  "open": 1.17688,
  "high": 1.17736,
  "low": 1.17671,
  "close": 1.1771,
  "rollH20": 1.17695,
  "rollL20": 1.17467,
  "up2": false,
  "dn2": false,
  "source": "twelvedata_repo"
}