{
  "datetime": "2025-10-02 04:55:00",
  "open": 1.17342,
  "high": 1.17354,
  "low": 1.17338,
  "close": 1.17352,
  "rollH20": 1.17418,
  "rollL20": 1.17325,
  "up2": false,
  "dn2": false,
  "source": "twelvedata_repo"
}