{
  "datetime": "2026-03-13 18:00:00",
  "open": 1.14423,
  "high": 1.14427,
  "low": 1.14409,
  "close": 1.14409,
  "rollH20": 1.14462,
  "rollL20": 1.14357,
  "up2": false,
  "dn2": false,
  "source": "twelvedata_repo"
}