{
  "datetime": "2026-02-27 16:25:00",
  "open": 1.18164,
  "high": 1.18169,
  "low": 1.18162,
  "close": 1.18169,
  "rollH20": 1.18208,
  "rollL20": 1.17967,
  "up2": false,
  "dn2": false,
  "source": "twelvedata_repo"
}