{
  "datetime": "2026-04-30 15:25:00",
  "open": 1.17109,
  "high": 1.17133,
  "low": 1.17108,
  "close": 1.17125,
  "rollH20": 1.1711,
  "rollL20": 1.16707,
  "up2": false,
  "dn2": false,
  "source": "twelvedata_repo"
}