{
  "datetime": "2026-04-23 20:10:00",
  "open": 1.1687,
  "high": 1.16872,
  "low": 1.16864,
  "close": 1.16864,
  "rollH20": 1.16985,
  "rollL20": 1.16714,
  "up2": false,
  "dn2": false,
  "source": "twelvedata_repo"
}