{
  "datetime": "2026-01-05 06:35:00",
  "open": 1.16842,
  "high": 1.16852,
  "low": 1.16837,
  "close": 1.16849,
  "rollH20": 1.16846,
  "rollL20": 1.16732,
  "up2": false,
  "dn2": false,
  "source": "twelvedata_repo"
}