{
  "datetime": "2025-10-13 15:45:00",
  "open": 1.15645,
  "high": 1.15655,
  "low": 1.15636,
  "close": 1.15644,
  "rollH20": 1.15774,
  "rollL20": 1.15608,
  "up2": false,
  "dn2": false,
  "source": "twelvedata_repo"
}