{
  "datetime": "2026-07-13 07:45:00",
  "open": 1.14067,
  "high": 1.14067,
  "low": 1.14035,
  "close": 1.1404,
  "rollH20": 1.1409,
  "rollL20": 1.13961,
  "up2": false,
  "dn2": false,
  "source": "twelvedata_repo"
}