{
  "datetime": "2025-11-14 04:45:00",
  "open": 1.16433,
  "high": 1.16433,
  "low": 1.16412,
  "close": 1.16412,
  "rollH20": 1.16446,
  "rollL20": 1.16297,
  "up2": false,
  "dn2": false,
  "source": "twelvedata_repo"
}