{
  "datetime": "2025-10-27 18:40:00",
  "open": 1.16369,
  "high": 1.16369,
  "low": 1.16366,
  "close": 1.16366,
  "rollH20": 1.16413,
  "rollL20": 1.16332,
  "up2": false,
  "dn2": false,
  "source": "twelvedata_repo"
}