{
  "datetime": "2026-03-20 08:40:00",
  "open": 1.15743,
  "high": 1.15775,
  "low": 1.15743,
  "close": 1.15768,
  "rollH20": 1.15804,
  "rollL20": 1.15555,
  "up2": false,
  "dn2": false,
  "source": "twelvedata_repo"
}