{
  "datetime": "2026-01-25 21:15:00",
  "open": 1.18536,
  "high": 1.18586,
  "low": 1.18534,
  "close": 1.1857,
  "rollH20": 1.18681,
  "rollL20": 1.18314,
  "up2": false,
  "dn2": false,
  "source": "twelvedata_repo"
}