{
  "datetime": "2026-03-03 21:15:00",
  "open": 1.16146,
  "high": 1.16148,
  "low": 1.16144,
  "close": 1.16145,
  "rollH20": 1.16246,
  "rollL20": 1.1601,
  "up2": false,
  "dn2": false,
  "source": "twelvedata_repo"
}