{
  "datetime": "2025-09-09 06:40:00",
  "open": 1.17752,
  "high": 1.17771,
  "low": 1.17745,
  "close": 1.17766,
  "rollH20": 1.17775,
  "rollL20": 1.17635,
  "up2": false,
  "dn2": false,
  "source": "twelvedata_repo"
}