{
  "datetime": "2025-12-02 20:30:00",
  "open": 1.16157,
  "high": 1.16158,
  "low": 1.16155,
  "close": 1.16155,
  "rollH20": 1.16166,
  "rollL20": 1.16049,
  "up2": false,
  "dn2": false,
  "source": "twelvedata_repo"
}