{
  "datetime": "2025-12-30 07:05:00",
  "open": 1.17759,
  "high": 1.1776,
  "low": 1.17741,
  "close": 1.17746,
  "rollH20": 1.17792,
  "rollL20": 1.17729,
  "up2": false,
  "dn2": false,
  "source": "twelvedata_repo"
}