{
  "datetime": "2025-09-17 05:45:00",
  "open": 1.1854,
  "high": 1.18541,
  "low": 1.18529,
  "close": 1.18531,
  "rollH20": 1.18576,
  "rollL20": 1.18513,
  "up2": false,
  "dn2": false,
  "source": "twelvedata_repo"
}