{
  "datetime": "2026-03-26 00:10:00",
  "open": 1.1561,
  "high": 1.15615,
  "low": 1.15607,
  "close": 1.15612,
  "rollH20": 1.15627,
  "rollL20": 1.15556,
  "up2": false,
  "dn2": false,
  "source": "twelvedata_repo"
}