{
  "datetime": "2025-10-08 14:00:00",
  "open": 1.16325,
  "high": 1.16325,
  "low": 1.16313,
  "close": 1.16314,
  "rollH20": 1.16378,
  "rollL20": 1.16247,
  "up2": false,
  "dn2": false,
  "source": "twelvedata_repo"
}