{
  "datetime": "2026-04-23 18:10:00",
  "open": 1.16878,
  "high": 1.16887,
  "low": 1.16826,
  "close": 1.16843,
  "rollH20": 1.17129,
  "rollL20": 1.16869,
  "up2": false,
  "dn2": false,
  "source": "twelvedata_repo"
}