{
  "datetime": "2026-02-27 12:40:00",
  "open": 1.18064,
  "high": 1.18069,
  "low": 1.18064,
  "close": 1.18065,
  "rollH20": 1.18083,
  "rollL20": 1.17964,
  "up2": false,
  "dn2": false,
  "source": "twelvedata_repo"
}