{
  "datetime": "2026-05-10 11:35:00",
  "open": 1.17842,
  "high": 1.17848,
  "low": 1.17841,
  "close": 1.17844,
  "rollH20": 1.1794,
  "rollL20": 1.17841,
  "up2": false,
  "dn2": false,
  "source": "twelvedata_repo"
}