{
  "datetime": "2026-04-15 06:35:00",
  "open": 1.17926,
  "high": 1.17928,
  "low": 1.179,
  "close": 1.1791,
  "rollH20": 1.17978,
  "rollL20": 1.1787,
  "up2": false,
  "dn2": false,
  "source": "twelvedata_repo"
}