{
  "datetime": "2025-10-30 20:45:00",
  "open": 1.15649,
  "high": 1.15649,
  "low": 1.15647,
  "close": 1.15647,
  "rollH20": 1.15713,
  "rollL20": 1.15622,
  "up2": false,
  "dn2": false,
  "source": "twelvedata_repo"
}