{
  "datetime": "2026-07-11 13:35:00",
  "open": 1.14146,
  "high": 1.14151,
  "low": 1.14144,
  "close": 1.14145,
  "rollH20": 1.14237,
  "rollL20": 1.14055,
  "up2": false,
  "dn2": false,
  "source": "twelvedata_repo"
}