{
  "datetime": "2026-01-16 01:00:00",
  "open": 1.16093,
  "high": 1.16098,
  "low": 1.16089,
  "close": 1.16089,
  "rollH20": 1.16103,
  "rollL20": 1.16073,
  "up2": false,
  "dn2": false,
  "source": "twelvedata_repo"
}