{
  "datetime": "2026-03-19 11:50:00",
  "open": 1.14721,
  "high": 1.14758,
  "low": 1.14721,
  "close": 1.14758,
  "rollH20": 1.14808,
  "rollL20": 1.14667,
  "up2": false,
  "dn2": false,
  "source": "twelvedata_repo"
}