{
  "datetime": "2025-09-29 08:30:00",
  "open": 1.17313,
  "high": 1.17318,
  "low": 1.17283,
  "close": 1.17283,
  "rollH20": 1.1733,
  "rollL20": 1.17176,
  "up2": false,
  "dn2": false,
  "source": "twelvedata_repo"
}