{
  "datetime": "2025-11-27 18:25:00",
  "open": 1.15935,
  "high": 1.15938,
  "low": 1.15929,
  "close": 1.15934,
  "rollH20": 1.16008,
  "rollL20": 1.15932,
  "up2": false,
  "dn2": false,
  "source": "twelvedata_repo"
}