{
  "datetime": "2025-10-09 00:35:00",
  "open": 1.16347,
  "high": 1.16347,
  "low": 1.16347,
  "close": 1.16347,
  "rollH20": 1.16374,
  "rollL20": 1.1632,
  "up2": false,
  "dn2": false,
  "source": "twelvedata_repo"
}