{
  "datetime": "2026-06-01 11:55:00",
  "open": 1.16483,
  "high": 1.16489,
  "low": 1.16483,
  "close": 1.16487,
  "rollH20": 1.16549,
  "rollL20": 1.16477,
  "up2": false,
  "dn2": false,
  "source": "twelvedata_repo"
}