{
  "datetime": "2026-02-19 09:25:00",
  "open": 1.18019,
  "high": 1.18024,
  "low": 1.18019,
  "close": 1.18023,
  "rollH20": 1.18079,
  "rollL20": 1.17978,
  "up2": false,
  "dn2": false,
  "source": "twelvedata_repo"
}