{
  "datetime": "2026-02-04 00:10:00",
  "open": 1.18181,
  "high": 1.18193,
  "low": 1.18181,
  "close": 1.18187,
  "rollH20": 1.18252,
  "rollL20": 1.18159,
  "up2": false,
  "dn2": false,
  "source": "twelvedata_repo"
}