{
  "datetime": "2026-04-13 12:00:00",
  "open": 1.16935,
  "high": 1.16979,
  "low": 1.16929,
  "close": 1.16962,
  "rollH20": 1.16952,
  "rollL20": 1.16829,
  "up2": false,
  "dn2": false,
  "source": "twelvedata_repo"
}