{
  "datetime": "2025-11-20 09:40:00",
  "open": 1.15185,
  "high": 1.1519,
  "low": 1.15176,
  "close": 1.15188,
  "rollH20": 1.15227,
  "rollL20": 1.15125,
  "up2": false,
  "dn2": false,
  "source": "twelvedata_repo"
}