{
  "datetime": "2026-05-26 19:05:00",
  "open": 1.16242,
  "high": 1.16248,
  "low": 1.16242,
  "close": 1.16248,
  "rollH20": 1.16296,
  "rollL20": 1.16213,
  "up2": false,
  "dn2": false,
  "source": "twelvedata_repo"
}