{
  "datetime": "2026-04-03 06:10:00",
  "open": 1.15342,
  "high": 1.15347,
  "low": 1.15339,
  "close": 1.1534,
  "rollH20": 1.15369,
  "rollL20": 1.15335,
  "up2": false,
  "dn2": false,
  "source": "twelvedata_repo"
}