{
  "datetime": "2026-01-21 13:15:00",
  "open": 1.17209,
  "high": 1.17212,
  "low": 1.17198,
  "close": 1.17201,
  "rollH20": 1.1722,
  "rollL20": 1.17039,
  "up2": false,
  "dn2": false,
  "source": "twelvedata_repo"
}