{
  "datetime": "2025-11-06 17:45:00",
  "open": 1.15369,
  "high": 1.15394,
  "low": 1.15362,
  "close": 1.15385,
  "rollH20": 1.15429,
  "rollL20": 1.15212,
  "up2": false,
  "dn2": false,
  "source": "twelvedata_repo"
}