{
  "datetime": "2026-02-13 12:15:00",
  "open": 1.18579,
  "high": 1.18625,
  "low": 1.18573,
  "close": 1.18605,
  "rollH20": 1.18664,
  "rollL20": 1.18537,
  "up2": false,
  "dn2": false,
  "source": "twelvedata_repo"
}