{
  "datetime": "2026-04-12 20:55:00",
  "open": 1.16746,
  "high": 1.17031,
  "low": 1.16717,
  "close": 1.17031,
  "rollH20": 1.17265,
  "rollL20": 1.16594,
  "up2": false,
  "dn2": false,
  "source": "twelvedata_repo"
}