{
  "datetime": "2025-10-20 22:05:00",
  "open": 1.16414,
  "high": 1.16414,
  "low": 1.16414,
  "close": 1.16414,
  "rollH20": 1.16465,
  "rollL20": 1.16399,
  "up2": false,
  "dn2": false,
  "source": "twelvedata_repo"
}