{
  "datetime": "2025-12-30 10:15:00",
  "open": 1.17699,
  "high": 1.17703,
  "low": 1.17686,
  "close": 1.17698,
  "rollH20": 1.17759,
  "rollL20": 1.17649,
  "up2": false,
  "dn2": false,
  "source": "twelvedata_repo"
}