{
  "datetime": "2026-06-05 18:25:00",
  "open": 1.15288,
  "high": 1.15295,
  "low": 1.15259,
  "close": 1.15274,
  "rollH20": 1.15366,
  "rollL20": 1.15226,
  "up2": false,
  "dn2": false,
  "source": "twelvedata_repo"
}