{
  "datetime": "2025-12-11 17:25:00",
  "open": 1.17534,
  "high": 1.17535,
  "low": 1.1749,
  "close": 1.17493,
  "rollH20": 1.17594,
  "rollL20": 1.17327,
  "up2": false,
  "dn2": false,
  "source": "twelvedata_repo"
}