{
  "datetime": "2025-09-05 08:35:00",
  "open": 1.16732,
  "high": 1.16738,
  "low": 1.16711,
  "close": 1.16728,
  "rollH20": 1.1678,
  "rollL20": 1.16658,
  "up2": false,
  "dn2": false,
  "source": "twelvedata_repo"
}