{
  "datetime": "2026-03-05 20:50:00",
  "open": 1.16052,
  "high": 1.16074,
  "low": 1.16039,
  "close": 1.16065,
  "rollH20": 1.1609,
  "rollL20": 1.15708,
  "up2": false,
  "dn2": false,
  "source": "twelvedata_repo"
}