{
  "datetime": "2026-01-15 17:30:00",
  "open": 1.16094,
  "high": 1.16096,
  "low": 1.16086,
  "close": 1.16089,
  "rollH20": 1.16105,
  "rollL20": 1.15975,
  "up2": false,
  "dn2": false,
  "source": "twelvedata_repo"
}