{
  "datetime": "2025-11-03 10:55:00",
  "open": 1.15124,
  "high": 1.15132,
  "low": 1.15115,
  "close": 1.15116,
  "rollH20": 1.15292,
  "rollL20": 1.15098,
  "up2": false,
  "dn2": false,
  "source": "twelvedata_repo"
}