{
  "datetime": "2025-09-25 14:50:00",
  "open": 1.16913,
  "high": 1.16913,
  "low": 1.16884,
  "close": 1.16887,
  "rollH20": 1.17392,
  "rollL20": 1.16879,
  "up2": false,
  "dn2": false,
  "source": "twelvedata_repo"
}