{
  "datetime": "2026-05-01 03:40:00",
  "open": 1.17337,
  "high": 1.17339,
  "low": 1.17324,
  "close": 1.17328,
  "rollH20": 1.17343,
  "rollL20": 1.17258,
  "up2": false,
  "dn2": false,
  "source": "twelvedata_repo"
}