{
  "datetime": "2025-11-07 16:45:00",
  "open": 1.15803,
  "high": 1.15821,
  "low": 1.15792,
  "close": 1.15817,
  "rollH20": 1.15912,
  "rollL20": 1.15699,
  "up2": false,
  "dn2": false,
  "source": "twelvedata_repo"
}