{
  "datetime": "2026-03-14 13:30:00",
  "open": 1.14398,
  "high": 1.14401,
  "low": 1.14398,
  "close": 1.14399,
  "rollH20": 1.14668,
  "rollL20": 1.14144,
  "up2": false,
  "dn2": false,
  "source": "twelvedata_repo"
}