{
  "datetime": "2026-06-26 01:05:00",
  "open": 1.13625,
  "high": 1.13635,
  "low": 1.13618,
  "close": 1.13621,
  "rollH20": 1.1373,
  "rollL20": 1.13604,
  "up2": false,
  "dn2": false,
  "source": "twelvedata_repo"
}