{
  "datetime": "2025-12-23 08:30:00",
  "open": 1.17731,
  "high": 1.17733,
  "low": 1.17729,
  "close": 1.17733,
  "rollH20": 1.1777,
  "rollL20": 1.17684,
  "up2": false,
  "dn2": false,
  "source": "twelvedata_repo"
}