{
  "datetime": "2026-04-27 20:15:00",
  "open": 1.17226,
  "high": 1.17242,
  "low": 1.17223,
  "close": 1.17241,
  "rollH20": 1.173,
  "rollL20": 1.17196,
  "up2": false,
  "dn2": false,
  "source": "twelvedata_repo"
}