{
  "datetime": "2026-01-26 02:55:00",
  "open": 1.18653,
  "high": 1.18657,
  "low": 1.18589,
  "close": 1.18594,
  "rollH20": 1.18681,
  "rollL20": 1.18448,
  "up2": false,
  "dn2": false,
  "source": "twelvedata_repo"
}