{
  "datetime": "2025-09-29 04:55:00",
  "open": 1.17272,
  "high": 1.17282,
  "low": 1.17272,
  "close": 1.17273,
  "rollH20": 1.17293,
  "rollL20": 1.17226,
  "up2": false,
  "dn2": false,
  "source": "twelvedata_repo"
}