{
  "datetime": "2025-12-01 18:00:00",
  "open": 1.16223,
  "high": 1.16228,
  "low": 1.16223,
  "close": 1.16225,
  "rollH20": 1.16375,
  "rollL20": 1.16211,
  "up2": false,
  "dn2": false,
  "source": "twelvedata_repo"
}