{
  "datetime": "2026-01-16 00:45:00",
  "open": 1.16082,
  "high": 1.16093,
  "low": 1.16082,
  "close": 1.16093,
  "rollH20": 1.16101,
  "rollL20": 1.16073,
  "up2": false,
  "dn2": false,
  "source": "twelvedata_repo"
}