{
  "datetime": "2026-04-14 10:55:00",
  "open": 1.17884,
  "high": 1.17886,
  "low": 1.17874,
  "close": 1.17878,
  "rollH20": 1.17931,
  "rollL20": 1.17761,
  "up2": false,
  "dn2": false,
  "source": "twelvedata_repo"
}