{
  "datetime": "2026-03-10 23:55:00",
  "open": 1.16115,
  "high": 1.16116,
  "low": 1.16098,
  "close": 1.16107,
  "rollH20": 1.16125,
  "rollL20": 1.16034,
  "up2": false,
  "dn2": false,
  "source": "twelvedata_repo"
}