{
  "datetime": "2025-12-15 12:55:00",
  "open": 1.17495,
  "high": 1.175,
  "low": 1.17495,
  "close": 1.17498,
  "rollH20": 1.17506,
  "rollL20": 1.174,
  "up2": false,
  "dn2": false,
  "source": "twelvedata_repo"
}