{
  "datetime": "2025-12-29 18:45:00",
  "open": 1.17532,
  "high": 1.17536,
  "low": 1.17512,
  "close": 1.17519,
  "rollH20": 1.17673,
  "rollL20": 1.17506,
  "up2": false,
  "dn2": false,
  "source": "twelvedata_repo"
}