{
  "datetime": "2026-02-26 20:55:00",
  "open": 1.18011,
  "high": 1.18021,
  "low": 1.18011,
  "close": 1.18021,
  "rollH20": 1.18033,
  "rollL20": 1.17862,
  "up2": false,
  "dn2": false,
  "source": "twelvedata_repo"
}