{
  "datetime": "2025-10-30 04:55:00",
  "open": 1.16132,
  "high": 1.16156,
  "low": 1.16132,
  "close": 1.16153,
  "rollH20": 1.16198,
  "rollL20": 1.16066,
  "up2": false,
  "dn2": false,
  "source": "twelvedata_repo"
}