{
  "datetime": "2026-02-26 00:40:00",
  "open": 1.18161,
  "high": 1.18179,
  "low": 1.18159,
  "close": 1.18176,
  "rollH20": 1.18175,
  "rollL20": 1.1811,
  "up2": false,
  "dn2": false,
  "source": "twelvedata_repo"
}