{
  "datetime": "2025-12-03 11:55:00",
  "open": 1.16622,
  "high": 1.16636,
  "low": 1.166,
  "close": 1.16614,
  "rollH20": 1.16629,
  "rollL20": 1.16412,
  "up2": false,
  "dn2": false,
  "source": "twelvedata_repo"
}