{
  "datetime": "2025-12-15 17:30:00",
  "open": 1.17605,
  "high": 1.17608,
  "low": 1.17579,
  "close": 1.17579,
  "rollH20": 1.17691,
  "rollL20": 1.17568,
  "up2": false,
  "dn2": false,
  "source": "twelvedata_repo"
}