{
  "datetime": "2025-12-11 05:55:00",
  "open": 1.16895,
  "high": 1.16902,
  "low": 1.16893,
  "close": 1.16902,
  "rollH20": 1.1695,
  "rollL20": 1.16845,
  "up2": false,
  "dn2": false,
  "source": "twelvedata_repo"
}