{
  "datetime": "2026-04-13 03:45:00",
  "open": 1.16874,
  "high": 1.16876,
  "low": 1.16859,
  "close": 1.16861,
  "rollH20": 1.16898,
  "rollL20": 1.16809,
  "up2": false,
  "dn2": false,
  "source": "twelvedata_repo"
}