{
  "datetime": "2026-01-22 09:45:00",
  "open": 1.1688,
  "high": 1.16883,
  "low": 1.16851,
  "close": 1.16863,
  "rollH20": 1.16962,
  "rollL20": 1.16854,
  "up2": false,
  "dn2": false,
  "source": "twelvedata_repo"
}