{
  "datetime": "2025-09-19 14:40:00",
  "open": 1.17536,
  "high": 1.17541,
  "low": 1.17515,
  "close": 1.17518,
  "rollH20": 1.17576,
  "rollL20": 1.17288,
  "up2": false,
  "dn2": false,
  "source": "twelvedata_repo"
}