{
  "datetime": "2026-02-03 05:00:00",
  "open": 1.18115,
  "high": 1.18115,
  "low": 1.18109,
  "close": 1.18109,
  "rollH20": 1.18137,
  "rollL20": 1.18014,
  "up2": false,
  "dn2": false,
  "source": "twelvedata_repo"
}