{
  "datetime": "2025-12-01 22:55:00",
  "open": 1.16102,
  "high": 1.16108,
  "low": 1.16102,
  "close": 1.16104,
  "rollH20": 1.16115,
  "rollL20": 1.16072,
  "up2": false,
  "dn2": false,
  "source": "twelvedata_repo"
}