{
  "datetime": "2026-03-22 03:15:00",
  "open": 1.159,
  "high": 1.15902,
  "low": 1.159,
  "close": 1.15902,
  "rollH20": 1.15905,
  "rollL20": 1.15834,
  "up2": false,
  "dn2": false,
  "source": "twelvedata_repo"
}