{
  "datetime": "2025-12-26 20:45:00",
  "open": 1.17753,
  "high": 1.17762,
  "low": 1.17742,
  "close": 1.17749,
  "rollH20": 1.17759,
  "rollL20": 1.17691,
  "up2": false,
  "dn2": false,
  "source": "twelvedata_repo"
}