{
  "datetime": "2026-01-23 20:25:00",
  "open": 1.17944,
  "high": 1.17961,
  "low": 1.17944,
  "close": 1.17958,
  "rollH20": 1.18013,
  "rollL20": 1.17787,
  "up2": false,
  "dn2": false,
  "source": "twelvedata_repo"
}