{
  "datetime": "2026-07-16 13:50:00",
  "open": 1.14556,
  "high": 1.14556,
  "low": 1.14532,
  "close": 1.14548,
  "rollH20": 1.14713,
  "rollL20": 1.14519,
  "up2": false,
  "dn2": false,
  "source": "twelvedata_repo"
}