{
  "datetime": "2026-03-24 12:20:00",
  "open": 1.15926,
  "high": 1.1595,
  "low": 1.15925,
  "close": 1.1595,
  "rollH20": 1.15993,
  "rollL20": 1.15837,
  "up2": false,
  "dn2": false,
  "source": "twelvedata_repo"
}