{
  "datetime": "2026-07-15 15:55:00",
  "open": 1.14354,
  "high": 1.14372,
  "low": 1.14343,
  "close": 1.14367,
  "rollH20": 1.14411,
  "rollL20": 1.14243,
  "up2": false,
  "dn2": false,
  "source": "twelvedata_repo"
}