{
  "datetime": "2026-01-19 22:00:00",
  "open": 1.16454,
  "high": 1.16459,
  "low": 1.16452,
  "close": 1.16455,
  "rollH20": 1.16473,
  "rollL20": 1.16419,
  "up2": false,
  "dn2": false,
  "source": "twelvedata_repo"
}