{
  "datetime": "2025-11-12 00:40:00",
  "open": 1.15854,
  "high": 1.15855,
  "low": 1.15854,
  "close": 1.15855,
  "rollH20": 1.15871,
  "rollL20": 1.15826,
  "up2": false,
  "dn2": false,
  "source": "twelvedata_repo"
}