{
  "datetime": "2025-12-08 21:50:00",
  "open": 1.16404,
  "high": 1.16409,
  "low": 1.16404,
  "close": 1.16409,
  "rollH20": 1.16421,
  "rollL20": 1.16368,
  "up2": false,
  "dn2": false,
  "source": "twelvedata_repo"
}