{
  "datetime": "2026-06-07 16:25:00",
  "open": 1.1518,
  "high": 1.15184,
  "low": 1.15179,
  "close": 1.15183,
  "rollH20": 1.15239,
  "rollL20": 1.15137,
  "up2": false,
  "dn2": false,
  "source": "twelvedata_repo"
}