{
  "datetime": "2026-01-23 23:55:00",
  "open": 1.18287,
  "high": 1.1829,
  "low": 1.18287,
  "close": 1.18288,
  "rollH20": 1.18348,
  "rollL20": 1.18219,
  "up2": false,
  "dn2": false,
  "source": "twelvedata_repo"
}