{
  "datetime": "2026-01-14 00:10:00",
  "open": 1.16444,
  "high": 1.1645,
  "low": 1.16441,
  "close": 1.16448,
  "rollH20": 1.16473,
  "rollL20": 1.16424,
  "up2": false,
  "dn2": false,
  "source": "twelvedata_repo"
}