{
  "datetime": "2026-07-20 19:40:00",
  "open": 1.1416,
  "high": 1.1416,
  "low": 1.14146,
  "close": 1.14147,
  "rollH20": 1.1419,
  "rollL20": 1.14105,
  "up2": false,
  "dn2": false,
  "source": "twelvedata_repo"
}