{
  "datetime": "2025-12-22 05:10:00",
  "open": 1.1718,
  "high": 1.17184,
  "low": 1.17179,
  "close": 1.17184,
  "rollH20": 1.17197,
  "rollL20": 1.1714,
  "up2": false,
  "dn2": false,
  "source": "twelvedata_repo"
}