{
  "datetime": "2026-03-03 17:05:00",
  "open": 1.15975,
  "high": 1.15977,
  "low": 1.15956,
  "close": 1.15961,
  "rollH20": 1.16047,
  "rollL20": 1.15397,
  "up2": false,
  "dn2": false,
  "source": "twelvedata_repo"
}