{
  "datetime": "2026-05-07 23:15:00",
  "open": 1.1728,
  "high": 1.17291,
  "low": 1.17261,
  "close": 1.17289,
  "rollH20": 1.17353,
  "rollL20": 1.17233,
  "up2": false,
  "dn2": false,
  "source": "twelvedata_repo"
}