{
  "datetime": "2026-05-20 14:10:00",
  "open": 1.1594,
  "high": 1.15948,
  "low": 1.15931,
  "close": 1.15946,
  "rollH20": 1.16056,
  "rollL20": 1.15923,
  "up2": false,
  "dn2": false,
  "source": "twelvedata_repo"
}