{
  "datetime": "2026-02-27 20:00:00",
  "open": 1.18194,
  "high": 1.18209,
  "low": 1.18192,
  "close": 1.18205,
  "rollH20": 1.18229,
  "rollL20": 1.18132,
  "up2": false,
  "dn2": false,
  "source": "twelvedata_repo"
}