{
  "datetime": "2025-10-16 10:10:00",
  "open": 1.16584,
  "high": 1.16584,
  "low": 1.16568,
  "close": 1.16568,
  "rollH20": 1.16602,
  "rollL20": 1.16432,
  "up2": false,
  "dn2": false,
  "source": "twelvedata_repo"
}