{
  "datetime": "2026-01-19 21:35:00",
  "open": 1.16437,
  "high": 1.16439,
  "low": 1.16437,
  "close": 1.16439,
  "rollH20": 1.16476,
  "rollL20": 1.16419,
  "up2": false,
  "dn2": false,
  "source": "twelvedata_repo"
}