{
  "datetime": "2025-10-13 05:35:00",
  "open": 1.16212,
  "high": 1.16231,
  "low": 1.16212,
  "close": 1.16226,
  "rollH20": 1.16251,
  "rollL20": 1.16161,
  "up2": false,
  "dn2": false,
  "source": "twelvedata_repo"
}