{
  "datetime": "2025-11-05 16:55:00",
  "open": 1.14776,
  "high": 1.14803,
  "low": 1.14776,
  "close": 1.14786,
  "rollH20": 1.14925,
  "rollL20": 1.14704,
  "up2": false,
  "dn2": false,
  "source": "twelvedata_repo"
}