{
  "datetime": "2026-03-14 21:00:00",
  "open": 1.14646,
  "high": 1.14648,
  "low": 1.14646,
  "close": 1.14648,
  "rollH20": 1.14676,
  "rollL20": 1.14513,
  "up2": false,
  "dn2": false,
  "source": "twelvedata_repo"
}