{
  "datetime": "2025-09-29 11:55:00",
  "open": 1.17209,
  "high": 1.17211,
  "low": 1.17197,
  "close": 1.172,
  "rollH20": 1.17261,
  "rollL20": 1.17155,
  "up2": false,
  "dn2": false,
  "source": "twelvedata_repo"
}