{
  "datetime": "2026-03-10 21:40:00",
  "open": 1.16089,
  "high": 1.16116,
  "low": 1.16088,
  "close": 1.16111,
  "rollH20": 1.16171,
  "rollL20": 1.16069,
  "up2": false,
  "dn2": false,
  "source": "twelvedata_repo"
}