{
  "datetime": "2025-10-01 20:20:00",
  "open": 1.17322,
  "high": 1.17326,
  "low": 1.1731,
  "close": 1.17319,
  "rollH20": 1.17419,
  "rollL20": 1.17216,
  "up2": false,
  "dn2": false,
  "source": "twelvedata_repo"
}