{
  "datetime": "2025-09-09 07:45:00",
  "open": 1.17623,
  "high": 1.17627,
  "low": 1.1756,
  "close": 1.17572,
  "rollH20": 1.1781,
  "rollL20": 1.1762,
  "up2": false,
  "dn2": false,
  "source": "twelvedata_repo"
}