{
  "datetime": "2025-10-06 15:35:00",
  "open": 1.17013,
  "high": 1.17022,
  "low": 1.16995,
  "close": 1.17006,
  "rollH20": 1.17061,
  "rollL20": 1.16838,
  "up2": false,
  "dn2": false,
  "source": "twelvedata_repo"
}