{
  "datetime": "2026-03-04 03:05:00",
  "open": 1.15965,
  "high": 1.15972,
  "low": 1.15965,
  "close": 1.15971,
  "rollH20": 1.16043,
  "rollL20": 1.15767,
  "up2": false,
  "dn2": false,
  "source": "twelvedata_repo"
}