{
  "datetime": "2025-09-23 16:40:00",
  "open": 1.17902,
  "high": 1.17919,
  "low": 1.17895,
  "close": 1.17916,
  "rollH20": 1.18053,
  "rollL20": 1.17881,
  "up2": false,
  "dn2": false,
  "source": "twelvedata_repo"
}