{
  "datetime": "2025-10-20 14:55:00",
  "open": 1.16475,
  "high": 1.16496,
  "low": 1.16463,
  "close": 1.16485,
  "rollH20": 1.16602,
  "rollL20": 1.16463,
  "up2": false,
  "dn2": false,
  "source": "twelvedata_repo"
}