{
  "datetime": "2026-04-02 13:00:00",
  "open": 1.15182,
  "high": 1.15216,
  "low": 1.15181,
  "close": 1.15216,
  "rollH20": 1.152,
  "rollL20": 1.15093,
  "up2": false,
  "dn2": false,
  "source": "twelvedata_repo"
}