{
  "datetime": "2025-10-21 19:30:00",
  "open": 1.16053,
  "high": 1.16072,
  "low": 1.16053,
  "close": 1.16067,
  "rollH20": 1.16135,
  "rollL20": 1.16015,
  "up2": false,
  "dn2": false,
  "source": "twelvedata_repo"
}