{
  "datetime": "2026-02-26 05:10:00",
  "open": 1.18188,
  "high": 1.18192,
  "low": 1.18182,
  "close": 1.1819,
  "rollH20": 1.18218,
  "rollL20": 1.18132,
  "up2": false,
  "dn2": false,
  "source": "twelvedata_repo"
}