{
  "datetime": "2025-10-06 16:40:00",
  "open": 1.17036,
  "high": 1.17076,
  "low": 1.17033,
  "close": 1.17075,
  "rollH20": 1.17206,
  "rollL20": 1.16951,
  "up2": false,
  "dn2": false,
  "source": "twelvedata_repo"
}