{
  "datetime": "2026-03-06 18:00:00",
  "open": 1.15972,
  "high": 1.16029,
  "low": 1.15967,
  "close": 1.16025,
  "rollH20": 1.16119,
  "rollL20": 1.15943,
  "up2": false,
  "dn2": false,
  "source": "twelvedata_repo"
}