{
  "datetime": "2025-11-13 05:40:00",
  "open": 1.15888,
  "high": 1.15889,
  "low": 1.15885,
  "close": 1.15888,
  "rollH20": 1.15918,
  "rollL20": 1.15871,
  "up2": false,
  "dn2": false,
  "source": "twelvedata_repo"
}