{
  "datetime": "2026-06-21 15:25:00",
  "open": 1.14722,
  "high": 1.14726,
  "low": 1.14722,
  "close": 1.14723,
  "rollH20": 1.14749,
  "rollL20": 1.14717,
  "up2": false,
  "dn2": false,
  "source": "twelvedata_repo"
}