{
  "datetime": "2025-11-04 07:15:00",
  "open": 1.15153,
  "high": 1.15162,
  "low": 1.15153,
  "close": 1.15156,
  "rollH20": 1.15173,
  "rollL20": 1.15079,
  "up2": false,
  "dn2": false,
  "source": "twelvedata_repo"
}