{
  "datetime": "2026-05-17 23:55:00",
  "open": 1.16239,
  "high": 1.1624,
  "low": 1.16228,
  "close": 1.16233,
  "rollH20": 1.16248,
  "rollL20": 1.16193,
  "up2": false,
  "dn2": false,
  "source": "twelvedata_repo"
}