{
  "datetime": "2025-10-20 06:55:00",
  "open": 1.16726,
  "high": 1.16726,
  "low": 1.16715,
  "close": 1.16721,
  "rollH20": 1.16754,
  "rollL20": 1.16658,
  "up2": false,
  "dn2": false,
  "source": "twelvedata_repo"
}