{
  "datetime": "2025-10-24 11:45:00",
  "open": 1.16155,
  "high": 1.16155,
  "low": 1.16132,
  "close": 1.16132,
  "rollH20": 1.16162,
  "rollL20": 1.16054,
  "up2": false,
  "dn2": false,
  "source": "twelvedata_repo"
}