{
  "datetime": "2025-09-19 11:45:00",
  "open": 1.17611,
  "high": 1.17621,
  "low": 1.17611,
  "close": 1.17621,
  "rollH20": 1.17687,
  "rollL20": 1.17563,
  "up2": false,
  "dn2": false,
  "source": "twelvedata_repo"
}