{
  "datetime": "2026-04-07 22:00:00",
  "open": 1.15976,
  "high": 1.15979,
  "low": 1.15953,
  "close": 1.1596,
  "rollH20": 1.16044,
  "rollL20": 1.15834,
  "up2": false,
  "dn2": false,
  "source": "twelvedata_repo"
}