{
  "datetime": "2026-06-09 19:50:00",
  "open": 1.15494,
  "high": 1.15499,
  "low": 1.15481,
  "close": 1.15497,
  "rollH20": 1.15535,
  "rollL20": 1.15411,
  "up2": false,
  "dn2": false,
  "source": "twelvedata_repo"
}