{
  "datetime": "2026-03-14 19:55:00",
  "open": 1.14551,
  "high": 1.14552,
  "low": 1.14551,
  "close": 1.14552,
  "rollH20": 1.1459,
  "rollL20": 1.14296,
  "up2": false,
  "dn2": false,
  "source": "twelvedata_repo"
}