{
  "datetime": "2026-03-29 18:55:00",
  "open": 1.15096,
  "high": 1.15101,
  "low": 1.15095,
  "close": 1.15097,
  "rollH20": 1.15101,
  "rollL20": 1.15069,
  "up2": false,
  "dn2": false,
  "source": "twelvedata_repo"
}