{
  "datetime": "2025-11-07 15:45:00",
  "open": 1.15715,
  "high": 1.15762,
  "low": 1.15715,
  "close": 1.15748,
  "rollH20": 1.15745,
  "rollL20": 1.15596,
  "up2": false,
  "dn2": false,
  "source": "twelvedata_repo"
}