{
  "datetime": "2026-05-19 21:05:00",
  "open": 1.16052,
  "high": 1.16054,
  "low": 1.16042,
  "close": 1.16052,
  "rollH20": 1.16133,
  "rollL20": 1.16028,
  "up2": false,
  "dn2": false,
  "source": "twelvedata_repo"
}