{
  "datetime": "2026-02-24 13:50:00",
  "open": 1.17695,
  "high": 1.17696,
  "low": 1.17694,
  "close": 1.17696,
  "rollH20": 1.17829,
  "rollL20": 1.17692,
  "up2": false,
  "dn2": false,
  "source": "twelvedata_repo"
}