{
  "datetime": "2026-01-26 15:30:00",
  "open": 1.18671,
  "high": 1.18675,
  "low": 1.18671,
  "close": 1.18675,
  "rollH20": 1.1868,
  "rollL20": 1.18356,
  "up2": false,
  "dn2": false,
  "source": "twelvedata_repo"
}