{
  "datetime": "2026-06-01 10:00:00",
  "open": 1.16566,
  "high": 1.1661,
  "low": 1.1656,
  "close": 1.16563,
  "rollH20": 1.1661,
  "rollL20": 1.16522,
  "up2": false,
  "dn2": false,
  "source": "twelvedata_repo"
}