{
  "datetime": "2026-01-14 08:25:00",
  "open": 1.16509,
  "high": 1.16514,
  "low": 1.16507,
  "close": 1.16514,
  "rollH20": 1.16514,
  "rollL20": 1.16418,
  "up2": false,
  "dn2": false,
  "source": "twelvedata_repo"
}