{
  "datetime": "2026-04-27 09:00:00",
  "open": 1.17444,
  "high": 1.17446,
  "low": 1.17443,
  "close": 1.17446,
  "rollH20": 1.17445,
  "rollL20": 1.17179,
  "up2": false,
  "dn2": false,
  "source": "twelvedata_repo"
}