{
  "datetime": "2025-10-22 17:35:00",
  "open": 1.16188,
  "high": 1.16204,
  "low": 1.16164,
  "close": 1.16188,
  "rollH20": 1.16222,
  "rollL20": 1.16104,
  "up2": false,
  "dn2": false,
  "source": "twelvedata_repo"
}