{
  "datetime": "2026-04-08 14:00:00",
  "open": 1.17148,
  "high": 1.17173,
  "low": 1.17146,
  "close": 1.17173,
  "rollH20": 1.17177,
  "rollL20": 1.16933,
  "up2": false,
  "dn2": false,
  "source": "twelvedata_repo"
}