{
  "datetime": "2025-12-04 00:30:00",
  "open": 1.16699,
  "high": 1.16703,
  "low": 1.16692,
  "close": 1.16693,
  "rollH20": 1.16756,
  "rollL20": 1.16684,
  "up2": false,
  "dn2": false,
  "source": "twelvedata_repo"
}