{
  "datetime": "2026-01-01 16:40:00",
  "open": 1.17464,
  "high": 1.17465,
  "low": 1.17451,
  "close": 1.17454,
  "rollH20": 1.17483,
  "rollL20": 1.17442,
  "up2": false,
  "dn2": false,
  "source": "twelvedata_repo"
}