{
  "datetime": "2025-12-31 07:25:00",
  "open": 1.17351,
  "high": 1.17371,
  "low": 1.17351,
  "close": 1.1737,
  "rollH20": 1.17401,
  "rollL20": 1.17332,
  "up2": false,
  "dn2": false,
  "source": "twelvedata_repo"
}