{
  "datetime": "2025-10-02 19:50:00",
  "open": 1.17193,
  "high": 1.17207,
  "low": 1.17193,
  "close": 1.17195,
  "rollH20": 1.17204,
  "rollL20": 1.1713,
  "up2": false,
  "dn2": false,
  "source": "twelvedata_repo"
}