{
  "datetime": "2026-07-16 08:10:00",
  "open": 1.1468,
  "high": 1.14686,
  "low": 1.14675,
  "close": 1.14684,
  "rollH20": 1.14702,
  "rollL20": 1.14622,
  "up2": false,
  "dn2": false,
  "source": "twelvedata_repo"
}