{
  "datetime": "2026-04-08 06:20:00",
  "open": 1.16808,
  "high": 1.16865,
  "low": 1.16807,
  "close": 1.16865,
  "rollH20": 1.16815,
  "rollL20": 1.16684,
  "up2": false,
  "dn2": false,
  "source": "twelvedata_repo"
}