{
  "datetime": "2026-07-06 01:05:00",
  "open": 1.14367,
  "high": 1.14374,
  "low": 1.14348,
  "close": 1.14352,
  "rollH20": 1.14383,
  "rollL20": 1.14333,
  "up2": false,
  "dn2": false,
  "source": "twelvedata_repo"
}