{
  "datetime": "2025-09-29 20:25:00",
  "open": 1.173,
  "high": 1.17311,
  "low": 1.173,
  "close": 1.17305,
  "rollH20": 1.17329,
  "rollL20": 1.17202,
  "up2": false,
  "dn2": false,
  "source": "twelvedata_repo"
}