{
  "datetime": "2025-12-31 06:55:00",
  "open": 1.17378,
  "high": 1.17381,
  "low": 1.17378,
  "close": 1.17381,
  "rollH20": 1.17411,
  "rollL20": 1.17335,
  "up2": false,
  "dn2": false,
  "source": "twelvedata_repo"
}