{
  "datetime": "2025-09-11 08:45:00",
  "open": 1.1693,
  "high": 1.16941,
  "low": 1.16915,
  "close": 1.1693,
  "rollH20": 1.16965,
  "rollL20": 1.16837,
  "up2": false,
  "dn2": false,
  "source": "twelvedata_repo"
}