{
  "datetime": "2025-10-24 15:55:00",
  "open": 1.1621,
  "high": 1.16231,
  "low": 1.16206,
  "close": 1.16229,
  "rollH20": 1.16368,
  "rollL20": 1.16193,
  "up2": false,
  "dn2": false,
  "source": "twelvedata_repo"
}