{
  "datetime": "2026-02-28 07:45:00",
  "open": 1.18058,
  "high": 1.18062,
  "low": 1.18058,
  "close": 1.18058,
  "rollH20": 1.18126,
  "rollL20": 1.18052,
  "up2": false,
  "dn2": false,
  "source": "twelvedata_repo"
}