{
  "datetime": "2026-06-03 02:25:00",
  "open": 1.16289,
  "high": 1.1631,
  "low": 1.16287,
  "close": 1.16306,
  "rollH20": 1.16306,
  "rollL20": 1.16198,
  "up2": false,
  "dn2": false,
  "source": "twelvedata_repo"
}