{
  "datetime": "2025-10-13 22:40:00",
  "open": 1.15708,
  "high": 1.1573,
  "low": 1.15708,
  "close": 1.15722,
  "rollH20": 1.15728,
  "rollL20": 1.1565,
  "up2": false,
  "dn2": false,
  "source": "twelvedata_repo"
}