{
  "datetime": "2025-10-07 07:55:00",
  "open": 1.16849,
  "high": 1.16886,
  "low": 1.16846,
  "close": 1.16867,
  "rollH20": 1.16935,
  "rollL20": 1.1683,
  "up2": false,
  "dn2": false,
  "source": "twelvedata_repo"
}