{
  "datetime": "2026-07-17 22:25:00",
  "open": 1.14394,
  "high": 1.14403,
  "low": 1.14382,
  "close": 1.14395,
  "rollH20": 1.14427,
  "rollL20": 1.14362,
  "up2": false,
  "dn2": false,
  "source": "twelvedata_repo"
}