{
  "datetime": "2026-02-18 16:50:00",
  "open": 1.18135,
  "high": 1.1814,
  "low": 1.18118,
  "close": 1.18118,
  "rollH20": 1.18263,
  "rollL20": 1.18103,
  "up2": false,
  "dn2": false,
  "source": "twelvedata_repo"
}