{
  "datetime": "2025-11-11 05:30:00",
  "open": 1.15558,
  "high": 1.15558,
  "low": 1.15558,
  "close": 1.15558,
  "rollH20": 1.15593,
  "rollL20": 1.15521,
  "up2": false,
  "dn2": false,
  "source": "twelvedata_repo"
}