{
  "datetime": "2026-01-14 19:45:00",
  "open": 1.16412,
  "high": 1.16416,
  "low": 1.16395,
  "close": 1.16396,
  "rollH20": 1.16547,
  "rollL20": 1.16413,
  "up2": false,
  "dn2": false,
  "source": "twelvedata_repo"
}