{
  "datetime": "2025-10-15 23:55:00",
  "open": 1.16523,
  "high": 1.16523,
  "low": 1.16509,
  "close": 1.16509,
  "rollH20": 1.1655,
  "rollL20": 1.16417,
  "up2": false,
  "dn2": false,
  "source": "twelvedata_repo"
}