{
  "datetime": "2026-03-02 15:40:00",
  "open": 1.16939,
  "high": 1.16951,
  "low": 1.16939,
  "close": 1.16949,
  "rollH20": 1.17221,
  "rollL20": 1.16939,
  "up2": false,
  "dn2": false,
  "source": "twelvedata_repo"
}