{
  "datetime": "2026-04-02 10:25:00",
  "open": 1.15244,
  "high": 1.15283,
  "low": 1.1524,
  "close": 1.15269,
  "rollH20": 1.15357,
  "rollL20": 1.15228,
  "up2": false,
  "dn2": false,
  "source": "twelvedata_repo"
}