{
  "datetime": "2026-05-03 12:55:00",
  "open": 1.17237,
  "high": 1.17242,
  "low": 1.17235,
  "close": 1.17236,
  "rollH20": 1.1725,
  "rollL20": 1.17235,
  "up2": false,
  "dn2": false,
  "source": "twelvedata_repo"
}