{
  "datetime": "2026-03-06 13:30:00",
  "open": 1.1567,
  "high": 1.15906,
  "low": 1.15653,
  "close": 1.15785,
  "rollH20": 1.15688,
  "rollL20": 1.15526,
  "up2": false,
  "dn2": false,
  "source": "twelvedata_repo"
}