{
  "datetime": "2025-10-07 16:55:00",
  "open": 1.16748,
  "high": 1.1676,
  "low": 1.16737,
  "close": 1.1674,
  "rollH20": 1.16798,
  "rollL20": 1.16547,
  "up2": false,
  "dn2": false,
  "source": "twelvedata_repo"
}