{
  "datetime": "2025-10-15 08:05:00",
  "open": 1.16347,
  "high": 1.16397,
  "low": 1.16343,
  "close": 1.16395,
  "rollH20": 1.16384,
  "rollL20": 1.16177,
  "up2": false,
  "dn2": false,
  "source": "twelvedata_repo"
}