{
  "datetime": "2026-02-18 17:20:00",
  "open": 1.18081,
  "high": 1.18084,
  "low": 1.18074,
  "close": 1.18076,
  "rollH20": 1.18263,
  "rollL20": 1.18067,
  "up2": false,
  "dn2": false,
  "source": "twelvedata_repo"
}