{
  "datetime": "2025-11-28 16:55:00",
  "open": 1.15978,
  "high": 1.15979,
  "low": 1.15977,
  "close": 1.15978,
  "rollH20": 1.1598,
  "rollL20": 1.15711,
  "up2": false,
  "dn2": false,
  "source": "twelvedata_repo"
}