{
  "datetime": "2025-10-31 14:40:00",
  "open": 1.1544,
  "high": 1.1544,
  "low": 1.15351,
  "close": 1.15375,
  "rollH20": 1.15667,
  "rollL20": 1.15431,
  "up2": false,
  "dn2": false,
  "source": "twelvedata_repo"
}