{
  "datetime": "2026-06-12 03:20:00",
  "open": 1.15674,
  "high": 1.15679,
  "low": 1.1567,
  "close": 1.15679,
  "rollH20": 1.15712,
  "rollL20": 1.15616,
  "up2": false,
  "dn2": false,
  "source": "twelvedata_repo"
}