{
  "datetime": "2025-11-17 21:40:00",
  "open": 1.15888,
  "high": 1.15904,
  "low": 1.15877,
  "close": 1.15904,
  "rollH20": 1.15951,
  "rollL20": 1.1583,
  "up2": false,
  "dn2": false,
  "source": "twelvedata_repo"
}