{
  "datetime": "2025-11-25 22:25:00",
  "open": 1.15706,
  "high": 1.15719,
  "low": 1.15704,
  "close": 1.15719,
  "rollH20": 1.15855,
  "rollL20": 1.15596,
  "up2": false,
  "dn2": false,
  "source": "twelvedata_repo"
}