{
  "datetime": "2026-01-02 18:30:00",
  "open": 1.17336,
  "high": 1.17341,
  "low": 1.17336,
  "close": 1.1734,
  "rollH20": 1.17527,
  "rollL20": 1.17312,
  "up2": false,
  "dn2": false,
  "source": "twelvedata_repo"
}