{
  "datetime": "2026-04-21 20:40:00",
  "open": 1.17354,
  "high": 1.17358,
  "low": 1.17344,
  "close": 1.17348,
  "rollH20": 1.17512,
  "rollL20": 1.17305,
  "up2": false,
  "dn2": false,
  "source": "twelvedata_repo"
}