{
  "datetime": "2026-02-06 18:40:00",
  "open": 1.18167,
  "high": 1.18196,
  "low": 1.18167,
  "close": 1.18194,
  "rollH20": 1.18198,
  "rollL20": 1.18112,
  "up2": false,
  "dn2": false,
  "source": "twelvedata_repo"
}