{
  "datetime": "2026-02-17 23:40:00",
  "open": 1.18522,
  "high": 1.18529,
  "low": 1.18518,
  "close": 1.18519,
  "rollH20": 1.1858,
  "rollL20": 1.18502,
  "up2": false,
  "dn2": false,
  "source": "twelvedata_repo"
}