{
  "datetime": "2026-03-24 21:55:00",
  "open": 1.16068,
  "high": 1.16091,
  "low": 1.16064,
  "close": 1.16079,
  "rollH20": 1.16253,
  "rollL20": 1.15824,
  "up2": false,
  "dn2": false,
  "source": "twelvedata_repo"
}