{
  "datetime": "2025-10-15 10:40:00",
  "open": 1.16368,
  "high": 1.16368,
  "low": 1.16343,
  "close": 1.1635,
  "rollH20": 1.16453,
  "rollL20": 1.16281,
  "up2": false,
  "dn2": false,
  "source": "twelvedata_repo"
}