{
  "datetime": "2026-01-18 19:30:00",
  "open": 1.15734,
  "high": 1.15779,
  "low": 1.15728,
  "close": 1.15732,
  "rollH20": 1.16043,
  "rollL20": 1.15654,
  "up2": false,
  "dn2": false,
  "source": "twelvedata_repo"
}