{
  "datetime": "2026-03-06 09:05:00",
  "open": 1.15975,
  "high": 1.15992,
  "low": 1.15963,
  "close": 1.15964,
  "rollH20": 1.16175,
  "rollL20": 1.15972,
  "up2": false,
  "dn2": false,
  "source": "twelvedata_repo"
}