{
  "datetime": "2026-01-12 06:35:00",
  "open": 1.1669,
  "high": 1.16695,
  "low": 1.16683,
  "close": 1.16683,
  "rollH20": 1.16698,
  "rollL20": 1.16536,
  "up2": false,
  "dn2": false,
  "source": "twelvedata_repo"
}