{
  "datetime": "2026-02-27 21:55:00",
  "open": 1.1813,
  "high": 1.18166,
  "low": 1.18125,
  "close": 1.18166,
  "rollH20": 1.18262,
  "rollL20": 1.18115,
  "up2": false,
  "dn2": false,
  "source": "twelvedata_repo"
}