{
  "datetime": "2026-01-19 07:15:00",
  "open": 1.16304,
  "high": 1.16306,
  "low": 1.16277,
  "close": 1.16291,
  "rollH20": 1.16375,
  "rollL20": 1.16273,
  "up2": false,
  "dn2": false,
  "source": "twelvedata_repo"
}