{
  "datetime": "2026-05-12 09:30:00",
  "open": 1.17476,
  "high": 1.17491,
  "low": 1.17456,
  "close": 1.17456,
  "rollH20": 1.17552,
  "rollL20": 1.17432,
  "up2": false,
  "dn2": false,
  "source": "twelvedata_repo"
}