{
  "datetime": "2025-10-22 07:20:00",
  "open": 1.16048,
  "high": 1.16055,
  "low": 1.16047,
  "close": 1.16055,
  "rollH20": 1.16156,
  "rollL20": 1.16043,
  "up2": false,
  "dn2": false,
  "source": "twelvedata_repo"
}