{
  "datetime": "2026-02-06 07:25:00",
  "open": 1.17991,
  "high": 1.18004,
  "low": 1.17989,
  "close": 1.18004,
  "rollH20": 1.18017,
  "rollL20": 1.17941,
  "up2": false,
  "dn2": false,
  "source": "twelvedata_repo"
}