{
  "datetime": "2026-03-25 23:35:00",
  "open": 1.15598,
  "high": 1.15604,
  "low": 1.15597,
  "close": 1.15599,
  "rollH20": 1.15623,
  "rollL20": 1.15556,
  "up2": false,
  "dn2": false,
  "source": "twelvedata_repo"
}