{
  "datetime": "2026-06-20 23:15:00",
  "open": 1.14755,
  "high": 1.14759,
  "low": 1.14748,
  "close": 1.14754,
  "rollH20": 1.14801,
  "rollL20": 1.14739,
  "up2": false,
  "dn2": false,
  "source": "twelvedata_repo"
}