{
  "datetime": "2026-07-18 16:55:00",
  "open": 1.14389,
  "high": 1.14391,
  "low": 1.14389,
  "close": 1.14391,
  "rollH20": 1.14416,
  "rollL20": 1.1437,
  "up2": false,
  "dn2": false,
  "source": "twelvedata_repo"
}