{
  "datetime": "2026-03-06 10:30:00",
  "open": 1.15791,
  "high": 1.15815,
  "low": 1.1577,
  "close": 1.15782,
  "rollH20": 1.16092,
  "rollL20": 1.15719,
  "up2": false,
  "dn2": false,
  "source": "twelvedata_repo"
}