{
  "datetime": "2026-05-03 15:20:00",
  "open": 1.17215,
  "high": 1.1722,
  "low": 1.17207,
  "close": 1.17215,
  "rollH20": 1.17283,
  "rollL20": 1.17182,
  "up2": false,
  "dn2": false,
  "source": "twelvedata_repo"
}