{
  "datetime": "2025-09-11 08:55:00",
  "open": 1.16906,
  "high": 1.16918,
  "low": 1.16896,
  "close": 1.16918,
  "rollH20": 1.16962,
  "rollL20": 1.16837,
  "up2": false,
  "dn2": false,
  "source": "twelvedata_repo"
}