{
  "datetime": "2026-04-12 17:35:00",
  "open": 1.17282,
  "high": 1.17287,
  "low": 1.17258,
  "close": 1.17273,
  "rollH20": 1.17298,
  "rollL20": 1.17202,
  "up2": false,
  "dn2": false,
  "source": "twelvedata_repo"
}