{
  "datetime": "2025-12-11 23:55:00",
  "open": 1.17394,
  "high": 1.174,
  "low": 1.17394,
  "close": 1.17395,
  "rollH20": 1.1744,
  "rollL20": 1.17363,
  "up2": false,
  "dn2": false,
  "source": "twelvedata_repo"
}