{
  "datetime": "2025-12-10 04:40:00",
  "open": 1.16264,
  "high": 1.16273,
  "low": 1.16264,
  "close": 1.16273,
  "rollH20": 1.16289,
  "rollL20": 1.16226,
  "up2": false,
  "dn2": false,
  "source": "twelvedata_repo"
}