{
  "datetime": "2026-06-25 16:15:00",
  "open": 1.1375,
  "high": 1.13784,
  "low": 1.13738,
  "close": 1.13768,
  "rollH20": 1.13855,
  "rollL20": 1.13596,
  "up2": false,
  "dn2": false,
  "source": "twelvedata_repo"
}