{
  "datetime": "2026-01-20 08:30:00",
  "open": 1.16754,
  "high": 1.16897,
  "low": 1.16754,
  "close": 1.16863,
  "rollH20": 1.16789,
  "rollL20": 1.16628,
  "up2": false,
  "dn2": false,
  "source": "twelvedata_repo"
}