{
  "datetime": "2026-03-27 01:50:00",
  "open": 1.15259,
  "high": 1.15268,
  "low": 1.15247,
  "close": 1.15268,
  "rollH20": 1.15404,
  "rollL20": 1.15256,
  "up2": false,
  "dn2": false,
  "source": "twelvedata_repo"
}