{
  "datetime": "2025-10-27 20:05:00",
  "open": 1.16461,
  "high": 1.16463,
  "low": 1.16457,
  "close": 1.16458,
  "rollH20": 1.16514,
  "rollL20": 1.16351,
  "up2": false,
  "dn2": false,
  "source": "twelvedata_repo"
}