{
  "datetime": "2025-12-09 22:05:00",
  "open": 1.16275,
  "high": 1.16291,
  "low": 1.16274,
  "close": 1.16284,
  "rollH20": 1.16324,
  "rollL20": 1.1625,
  "up2": false,
  "dn2": false,
  "source": "twelvedata_repo"
}