{
  "datetime": "2026-02-15 17:35:00",
  "open": 1.18653,
  "high": 1.18685,
  "low": 1.18653,
  "close": 1.18682,
  "rollH20": 1.18704,
  "rollL20": 1.18625,
  "up2": false,
  "dn2": false,
  "source": "twelvedata_repo"
}