{
  "datetime": "2026-01-23 16:40:00",
  "open": 1.17497,
  "high": 1.17504,
  "low": 1.17489,
  "close": 1.17503,
  "rollH20": 1.17535,
  "rollL20": 1.17329,
  "up2": false,
  "dn2": false,
  "source": "twelvedata_repo"
}