{
  "datetime": "2025-10-30 07:10:00",
  "open": 1.16264,
  "high": 1.16292,
  "low": 1.16257,
  "close": 1.16291,
  "rollH20": 1.16337,
  "rollL20": 1.16233,
  "up2": false,
  "dn2": false,
  "source": "twelvedata_repo"
}