{
  "datetime": "2025-12-11 10:25:00",
  "open": 1.16919,
  "high": 1.16935,
  "low": 1.16919,
  "close": 1.16935,
  "rollH20": 1.17062,
  "rollL20": 1.16879,
  "up2": false,
  "dn2": false,
  "source": "twelvedata_repo"
}