{
  "datetime": "2026-01-21 20:40:00",
  "open": 1.16835,
  "high": 1.1684,
  "low": 1.16788,
  "close": 1.16794,
  "rollH20": 1.17061,
  "rollL20": 1.16781,
  "up2": false,
  "dn2": false,
  "source": "twelvedata_repo"
}