{
  "datetime": "2026-01-06 09:10:00",
  "open": 1.17337,
  "high": 1.17344,
  "low": 1.17334,
  "close": 1.17344,
  "rollH20": 1.17426,
  "rollL20": 1.17277,
  "up2": false,
  "dn2": false,
  "source": "twelvedata_repo"
}