{
  "datetime": "2026-03-15 13:00:00",
  "open": 1.14445,
  "high": 1.14448,
  "low": 1.14445,
  "close": 1.14446,
  "rollH20": 1.14698,
  "rollL20": 1.14444,
  "up2": false,
  "dn2": false,
  "source": "twelvedata_repo"
}