{
  "datetime": "2026-02-04 17:00:00",
  "open": 1.17963,
  "high": 1.17985,
  "low": 1.17963,
  "close": 1.17965,
  "rollH20": 1.18225,
  "rollL20": 1.17918,
  "up2": false,
  "dn2": false,
  "source": "twelvedata_repo"
}