{
  "datetime": "2025-12-09 22:25:00",
  "open": 1.16263,
  "high": 1.16264,
  "low": 1.16255,
  "close": 1.16258,
  "rollH20": 1.16324,
  "rollL20": 1.16259,
  "up2": false,
  "dn2": false,
  "source": "twelvedata_repo"
}