{
  "datetime": "2026-06-14 14:00:00",
  "open": 1.15718,
  "high": 1.1572,
  "low": 1.15716,
  "close": 1.1572,
  "rollH20": 1.15754,
  "rollL20": 1.15703,
  "up2": false,
  "dn2": false,
  "source": "twelvedata_repo"
}