{
  "datetime": "2026-01-17 11:25:00",
  "open": 1.15942,
  "high": 1.15982,
  "low": 1.15942,
  "close": 1.15964,
  "rollH20": 1.16001,
  "rollL20": 1.15937,
  "up2": false,
  "dn2": false,
  "source": "twelvedata_repo"
}