{
  "datetime": "2026-01-12 19:50:00",
  "open": 1.16699,
  "high": 1.16701,
  "low": 1.16693,
  "close": 1.16696,
  "rollH20": 1.16752,
  "rollL20": 1.16657,
  "up2": false,
  "dn2": false,
  "source": "twelvedata_repo"
}