{
  "datetime": "2025-09-10 18:25:00",
  "open": 1.17048,
  "high": 1.17048,
  "low": 1.1702,
  "close": 1.17027,
  "rollH20": 1.172,
  "rollL20": 1.17026,
  "up2": false,
  "dn2": false,
  "source": "twelvedata_repo"
}