{
  "datetime": "2025-09-25 20:35:00",
  "open": 1.16579,
  "high": 1.1658,
  "low": 1.16573,
  "close": 1.16574,
  "rollH20": 1.16629,
  "rollL20": 1.16454,
  "up2": false,
  "dn2": false,
  "source": "twelvedata_repo"
}