{
  "datetime": "2026-01-21 04:50:00",
  "open": 1.17152,
  "high": 1.17162,
  "low": 1.17151,
  "close": 1.17162,
  "rollH20": 1.17315,
  "rollL20": 1.17122,
  "up2": false,
  "dn2": false,
  "source": "twelvedata_repo"
}