{
  "datetime": "2025-11-12 18:45:00",
  "open": 1.15922,
  "high": 1.15922,
  "low": 1.15915,
  "close": 1.15917,
  "rollH20": 1.15982,
  "rollL20": 1.15887,
  "up2": false,
  "dn2": false,
  "source": "twelvedata_repo"
}