{
  "datetime": "2026-05-09 01:10:00",
  "open": 1.17855,
  "high": 1.17859,
  "low": 1.17848,
  "close": 1.17848,
  "rollH20": 1.17925,
  "rollL20": 1.17848,
  "up2": false,
  "dn2": false,
  "source": "twelvedata_repo"
}