{
  "datetime": "2025-12-07 23:55:00",
  "open": 1.16431,
  "high": 1.16471,
  "low": 1.16431,
  "close": 1.16466,
  "rollH20": 1.16455,
  "rollL20": 1.16394,
  "up2": false,
  "dn2": false,
  "source": "twelvedata_repo"
}