{
  "datetime": "2026-01-26 07:15:00",
  "open": 1.18537,
  "high": 1.18539,
  "low": 1.18512,
  "close": 1.18526,
  "rollH20": 1.18714,
  "rollL20": 1.18537,
  "up2": false,
  "dn2": false,
  "source": "twelvedata_repo"
}