{
  "datetime": "2026-03-05 01:30:00",
  "open": 1.16466,
  "high": 1.16469,
  "low": 1.16462,
  "close": 1.16463,
  "rollH20": 1.16468,
  "rollL20": 1.16317,
  "up2": false,
  "dn2": false,
  "source": "twelvedata_repo"
}