{
  "datetime": "2025-12-24 09:30:00",
  "open": 1.17849,
  "high": 1.17893,
  "low": 1.17845,
  "close": 1.17888,
  "rollH20": 1.18027,
  "rollL20": 1.17809,
  "up2": false,
  "dn2": false,
  "source": "twelvedata_repo"
}