{
  "datetime": "2025-11-27 16:50:00",
  "open": 1.15959,
  "high": 1.15961,
  "low": 1.15957,
  "close": 1.15961,
  "rollH20": 1.15998,
  "rollL20": 1.15913,
  "up2": false,
  "dn2": false,
  "source": "twelvedata_repo"
}