{
  "datetime": "2026-05-17 12:20:00",
  "open": 1.1625,
  "high": 1.16255,
  "low": 1.16248,
  "close": 1.1625,
  "rollH20": 1.16255,
  "rollL20": 1.16225,
  "up2": false,
  "dn2": false,
  "source": "twelvedata_repo"
}