{
  "datetime": "2026-04-27 11:40:00",
  "open": 1.17437,
  "high": 1.17441,
  "low": 1.17434,
  "close": 1.17441,
  "rollH20": 1.17516,
  "rollL20": 1.17396,
  "up2": false,
  "dn2": false,
  "source": "twelvedata_repo"
}