{
  "datetime": "2026-07-21 19:00:00",
  "open": 1.14071,
  "high": 1.14077,
  "low": 1.14063,
  "close": 1.14076,
  "rollH20": 1.14112,
  "rollL20": 1.14067,
  "up2": false,
  "dn2": false,
  "source": "twelvedata_repo"
}