{
  "datetime": "2026-05-13 19:25:00",
  "open": 1.17072,
  "high": 1.17074,
  "low": 1.1706,
  "close": 1.17061,
  "rollH20": 1.17131,
  "rollL20": 1.17041,
  "up2": false,
  "dn2": false,
  "source": "twelvedata_repo"
}