{
  "datetime": "2026-04-25 17:55:00",
  "open": 1.1719,
  "high": 1.17195,
  "low": 1.17189,
  "close": 1.17193,
  "rollH20": 1.17206,
  "rollL20": 1.17169,
  "up2": false,
  "dn2": false,
  "source": "twelvedata_repo"
}