{
  "datetime": "2026-03-17 00:50:00",
  "open": 1.14926,
  "high": 1.14926,
  "low": 1.14918,
  "close": 1.14918,
  "rollH20": 1.15,
  "rollL20": 1.149,
  "up2": false,
  "dn2": false,
  "source": "twelvedata_repo"
}