{
  "datetime": "2025-12-15 12:45:00",
  "open": 1.17485,
  "high": 1.17487,
  "low": 1.17463,
  "close": 1.17469,
  "rollH20": 1.1749,
  "rollL20": 1.174,
  "up2": false,
  "dn2": false,
  "source": "twelvedata_repo"
}