{
  "datetime": "2026-06-12 21:50:00",
  "open": 1.15683,
  "high": 1.15694,
  "low": 1.15678,
  "close": 1.15681,
  "rollH20": 1.15771,
  "rollL20": 1.15667,
  "up2": false,
  "dn2": false,
  "source": "twelvedata_repo"
}