{
  "datetime": "2026-04-21 16:30:00",
  "open": 1.17478,
  "high": 1.17481,
  "low": 1.17471,
  "close": 1.17481,
  "rollH20": 1.17736,
  "rollL20": 1.17477,
  "up2": false,
  "dn2": false,
  "source": "twelvedata_repo"
}