{
  "datetime": "2026-04-18 05:10:00",
  "open": 1.17671,
  "high": 1.17684,
  "low": 1.17665,
  "close": 1.17683,
  "rollH20": 1.17683,
  "rollL20": 1.17601,
  "up2": false,
  "dn2": false,
  "source": "twelvedata_repo"
}