{
  "datetime": "2026-01-12 15:35:00",
  "open": 1.16773,
  "high": 1.16774,
  "low": 1.16769,
  "close": 1.16774,
  "rollH20": 1.16984,
  "rollL20": 1.1675,
  "up2": false,
  "dn2": false,
  "source": "twelvedata_repo"
}