{
  "datetime": "2026-02-19 10:25:00",
  "open": 1.17928,
  "high": 1.17933,
  "low": 1.17927,
  "close": 1.17927,
  "rollH20": 1.18079,
  "rollL20": 1.17922,
  "up2": false,
  "dn2": false,
  "source": "twelvedata_repo"
}