{
  "datetime": "2026-01-15 13:55:00",
  "open": 1.16287,
  "high": 1.16288,
  "low": 1.16272,
  "close": 1.16274,
  "rollH20": 1.16382,
  "rollL20": 1.16281,
  "up2": false,
  "dn2": false,
  "source": "twelvedata_repo"
}