{
  "datetime": "2025-10-24 04:40:00",
  "open": 1.16096,
  "high": 1.16099,
  "low": 1.16091,
  "close": 1.16094,
  "rollH20": 1.16124,
  "rollL20": 1.16074,
  "up2": false,
  "dn2": false,
  "source": "twelvedata_repo"
}