{
  "datetime": "2026-02-11 17:10:00",
  "open": 1.18547,
  "high": 1.18556,
  "low": 1.18545,
  "close": 1.18554,
  "rollH20": 1.18698,
  "rollL20": 1.18533,
  "up2": false,
  "dn2": false,
  "source": "twelvedata_repo"
}