{
  "datetime": "2025-10-07 04:40:00",
  "open": 1.17045,
  "high": 1.17051,
  "low": 1.17045,
  "close": 1.1705,
  "rollH20": 1.17069,
  "rollL20": 1.16969,
  "up2": false,
  "dn2": false,
  "source": "twelvedata_repo"
}