{
  "datetime": "2026-03-06 20:10:00",
  "open": 1.16044,
  "high": 1.16052,
  "low": 1.16031,
  "close": 1.16052,
  "rollH20": 1.16092,
  "rollL20": 1.15951,
  "up2": false,
  "dn2": false,
  "source": "twelvedata_repo"
}