{
  "datetime": "2026-04-19 21:10:00",
  "open": 1.1738,
  "high": 1.17389,
  "low": 1.17333,
  "close": 1.17382,
  "rollH20": 1.17804,
  "rollL20": 1.17303,
  "up2": false,
  "dn2": false,
  "source": "twelvedata_repo"
}