{
  "datetime": "2026-03-06 01:35:00",
  "open": 1.16126,
  "high": 1.16199,
  "low": 1.16118,
  "close": 1.16165,
  "rollH20": 1.16166,
  "rollL20": 1.1606,
  "up2": false,
  "dn2": false,
  "source": "twelvedata_repo"
}