{
  "datetime": "2026-01-05 10:55:00",
  "open": 1.1679,
  "high": 1.16807,
  "low": 1.1679,
  "close": 1.16803,
  "rollH20": 1.16956,
  "rollL20": 1.16747,
  "up2": false,
  "dn2": false,
  "source": "twelvedata_repo"
}