{
  "datetime": "2026-04-02 00:30:00",
  "open": 1.15918,
  "high": 1.15925,
  "low": 1.15915,
  "close": 1.1592,
  "rollH20": 1.15945,
  "rollL20": 1.15901,
  "up2": false,
  "dn2": false,
  "source": "twelvedata_repo"
}