{
  "datetime": "2025-11-03 06:50:00",
  "open": 1.15375,
  "high": 1.15375,
  "low": 1.15359,
  "close": 1.15373,
  "rollH20": 1.15376,
  "rollL20": 1.15318,
  "up2": false,
  "dn2": false,
  "source": "twelvedata_repo"
}