{
  "datetime": "2026-01-26 20:00:00",
  "open": 1.18804,
  "high": 1.18807,
  "low": 1.18774,
  "close": 1.18776,
  "rollH20": 1.18909,
  "rollL20": 1.18756,
  "up2": false,
  "dn2": false,
  "source": "twelvedata_repo"
}