{
  "datetime": "2025-10-29 18:35:00",
  "open": 1.16471,
  "high": 1.16475,
  "low": 1.1647,
  "close": 1.16473,
  "rollH20": 1.16651,
  "rollL20": 1.16463,
  "up2": false,
  "dn2": false,
  "source": "twelvedata_repo"
}