{
  "datetime": "2026-01-31 11:35:00",
  "open": 1.18602,
  "high": 1.18607,
  "low": 1.18601,
  "close": 1.18607,
  "rollH20": 1.18614,
  "rollL20": 1.18566,
  "up2": false,
  "dn2": false,
  "source": "twelvedata_repo"
}