{
  "datetime": "2026-01-12 14:40:00",
  "open": 1.16911,
  "high": 1.16935,
  "low": 1.16907,
  "close": 1.16924,
  "rollH20": 1.16952,
  "rollL20": 1.16781,
  "up2": false,
  "dn2": false,
  "source": "twelvedata_repo"
}