{
  "datetime": "2025-12-12 21:25:00",
  "open": 1.17435,
  "high": 1.17438,
  "low": 1.17414,
  "close": 1.17428,
  "rollH20": 1.17475,
  "rollL20": 1.17359,
  "up2": false,
  "dn2": false,
  "source": "twelvedata_repo"
}