{
  "datetime": "2026-04-15 16:45:00",
  "open": 1.18012,
  "high": 1.18021,
  "low": 1.1801,
  "close": 1.18013,
  "rollH20": 1.18086,
  "rollL20": 1.17886,
  "up2": false,
  "dn2": false,
  "source": "twelvedata_repo"
}