{
  "datetime": "2026-05-07 09:20:00",
  "open": 1.17659,
  "high": 1.17672,
  "low": 1.1764,
  "close": 1.17665,
  "rollH20": 1.17689,
  "rollL20": 1.17461,
  "up2": false,
  "dn2": false,
  "source": "twelvedata_repo"
}