{
  "datetime": "2025-12-29 15:30:00",
  "open": 1.17776,
  "high": 1.17785,
  "low": 1.17776,
  "close": 1.17785,
  "rollH20": 1.17781,
  "rollL20": 1.17586,
  "up2": false,
  "dn2": false,
  "source": "twelvedata_repo"
}