{
  "datetime": "2026-01-05 05:10:00",
  "open": 1.16775,
  "high": 1.16775,
  "low": 1.16745,
  "close": 1.1676,
  "rollH20": 1.16935,
  "rollL20": 1.16724,
  "up2": false,
  "dn2": false,
  "source": "twelvedata_repo"
}