{
  "datetime": "2025-10-24 17:15:00",
  "open": 1.16263,
  "high": 1.16263,
  "low": 1.1624,
  "close": 1.16253,
  "rollH20": 1.16357,
  "rollL20": 1.16193,
  "up2": false,
  "dn2": false,
  "source": "twelvedata_repo"
}