{
  "datetime": "2025-09-16 04:40:00",
  "open": 1.17865,
  "high": 1.17867,
  "low": 1.17845,
  "close": 1.17854,
  "rollH20": 1.17867,
  "rollL20": 1.17673,
  "up2": false,
  "dn2": false,
  "source": "twelvedata_repo"
}