{
  "datetime": "2025-11-12 11:25:00",
  "open": 1.15659,
  "high": 1.15671,
  "low": 1.15656,
  "close": 1.15667,
  "rollH20": 1.15838,
  "rollL20": 1.1566,
  "up2": false,
  "dn2": false,
  "source": "twelvedata_repo"
}