{
  "datetime": "2025-10-13 23:55:00",
  "open": 1.15698,
  "high": 1.15699,
  "low": 1.15681,
  "close": 1.15682,
  "rollH20": 1.15737,
  "rollL20": 1.15677,
  "up2": false,
  "dn2": false,
  "source": "twelvedata_repo"
}