{
  "datetime": "2026-04-04 22:55:00",
  "open": 1.15189,
  "high": 1.1519,
  "low": 1.15189,
  "close": 1.1519,
  "rollH20": 1.15208,
  "rollL20": 1.15178,
  "up2": false,
  "dn2": false,
  "source": "twelvedata_repo"
}