{
  "datetime": "2026-01-24 16:15:00",
  "open": 1.18229,
  "high": 1.18234,
  "low": 1.18227,
  "close": 1.18231,
  "rollH20": 1.18247,
  "rollL20": 1.18215,
  "up2": false,
  "dn2": false,
  "source": "twelvedata_repo"
}