{
  "datetime": "2026-04-24 10:40:00",
  "open": 1.16876,
  "high": 1.16887,
  "low": 1.16875,
  "close": 1.16882,
  "rollH20": 1.16958,
  "rollL20": 1.16844,
  "up2": false,
  "dn2": false,
  "source": "twelvedata_repo"
}