{
  "datetime": "2026-02-07 11:45:00",
  "open": 1.18084,
  "high": 1.1809,
  "low": 1.18083,
  "close": 1.18084,
  "rollH20": 1.18188,
  "rollL20": 1.18082,
  "up2": false,
  "dn2": false,
  "source": "twelvedata_repo"
}