{
  "datetime": "2026-04-01 22:00:00",
  "open": 1.15907,
  "high": 1.1591,
  "low": 1.15889,
  "close": 1.15889,
  "rollH20": 1.15924,
  "rollL20": 1.15792,
  "up2": false,
  "dn2": false,
  "source": "twelvedata_repo"
}