{
  "datetime": "2026-04-19 09:00:00",
  "open": 1.17738,
  "high": 1.17744,
  "low": 1.17737,
  "close": 1.17738,
  "rollH20": 1.17743,
  "rollL20": 1.17712,
  "up2": false,
  "dn2": false,
  "source": "twelvedata_repo"
}