{
  "datetime": "2026-05-24 15:35:00",
  "open": 1.16026,
  "high": 1.16031,
  "low": 1.16024,
  "close": 1.16026,
  "rollH20": 1.16064,
  "rollL20": 1.16003,
  "up2": false,
  "dn2": false,
  "source": "twelvedata_repo"
}