{
  "datetime": "2025-09-08 10:45:00",
  "open": 1.17268,
  "high": 1.17268,
  "low": 1.1726,
  "close": 1.17267,
  "rollH20": 1.17427,
  "rollL20": 1.17208,
  "up2": false,
  "dn2": false,
  "source": "twelvedata_repo"
}