{
  "datetime": "2026-07-06 23:45:00",
  "open": 1.1444,
  "high": 1.14443,
  "low": 1.14433,
  "close": 1.14442,
  "rollH20": 1.14475,
  "rollL20": 1.14414,
  "up2": false,
  "dn2": false,
  "source": "twelvedata_repo"
}