{
  "datetime": "2025-11-19 19:40:00",
  "open": 1.15345,
  "high": 1.15359,
  "low": 1.15335,
  "close": 1.15349,
  "rollH20": 1.15423,
  "rollL20": 1.15267,
  "up2": false,
  "dn2": false,
  "source": "twelvedata_repo"
}