{
  "datetime": "2026-07-12 23:20:00",
  "open": 1.13935,
  "high": 1.13945,
  "low": 1.13931,
  "close": 1.13935,
  "rollH20": 1.1419,
  "rollL20": 1.13891,
  "up2": false,
  "dn2": false,
  "source": "twelvedata_repo"
}