{
  "datetime": "2025-11-10 23:55:00",
  "open": 1.15583,
  "high": 1.15583,
  "low": 1.15577,
  "close": 1.15579,
  "rollH20": 1.15637,
  "rollL20": 1.15552,
  "up2": false,
  "dn2": false,
  "source": "twelvedata_repo"
}