{
  "datetime": "2026-07-19 05:45:00",
  "open": 1.14392,
  "high": 1.14396,
  "low": 1.14392,
  "close": 1.14392,
  "rollH20": 1.14414,
  "rollL20": 1.1437,
  "up2": false,
  "dn2": false,
  "source": "twelvedata_repo"
}