{
  "datetime": "2026-06-12 04:40:00",
  "open": 1.15736,
  "high": 1.15743,
  "low": 1.15731,
  "close": 1.15742,
  "rollH20": 1.15749,
  "rollL20": 1.15629,
  "up2": false,
  "dn2": false,
  "source": "twelvedata_repo"
}