{
  "datetime": "2025-09-12 17:50:00",
  "open": 1.17284,
  "high": 1.17294,
  "low": 1.17273,
  "close": 1.17282,
  "rollH20": 1.17317,
  "rollL20": 1.171,
  "up2": false,
  "dn2": false,
  "source": "twelvedata_repo"
}