{
  "datetime": "2025-10-10 21:40:00",
  "open": 1.16077,
  "high": 1.16077,
  "low": 1.1607,
  "close": 1.16074,
  "rollH20": 1.16151,
  "rollL20": 1.16036,
  "up2": false,
  "dn2": false,
  "source": "twelvedata_repo"
}