{
  "datetime": "2026-05-30 19:55:00",
  "open": 1.16594,
  "high": 1.166,
  "low": 1.16594,
  "close": 1.16598,
  "rollH20": 1.16602,
  "rollL20": 1.16584,
  "up2": false,
  "dn2": false,
  "source": "twelvedata_repo"
}