{
  "datetime": "2025-11-17 11:40:00",
  "open": 1.16048,
  "high": 1.16057,
  "low": 1.16048,
  "close": 1.16056,
  "rollH20": 1.1608,
  "rollL20": 1.15975,
  "up2": false,
  "dn2": false,
  "source": "twelvedata_repo"
}