{
  "datetime": "2025-12-02 20:55:00",
  "open": 1.16161,
  "high": 1.16213,
  "low": 1.16154,
  "close": 1.16199,
  "rollH20": 1.1617,
  "rollL20": 1.1606,
  "up2": false,
  "dn2": false,
  "source": "twelvedata_repo"
}