{
  "datetime": "2026-01-31 03:00:00",
  "open": 1.18586,
  "high": 1.18596,
  "low": 1.18586,
  "close": 1.18596,
  "rollH20": 1.18614,
  "rollL20": 1.1856,
  "up2": false,
  "dn2": false,
  "source": "twelvedata_repo"
}