{
  "datetime": "2026-03-06 14:15:00",
  "open": 1.15551,
  "high": 1.15577,
  "low": 1.15551,
  "close": 1.15562,
  "rollH20": 1.15928,
  "rollL20": 1.15474,
  "up2": false,
  "dn2": false,
  "source": "twelvedata_repo"
}