{
  "datetime": "2026-01-02 09:40:00",
  "open": 1.17289,
  "high": 1.17294,
  "low": 1.17282,
  "close": 1.17294,
  "rollH20": 1.17476,
  "rollL20": 1.17252,
  "up2": false,
  "dn2": false,
  "source": "twelvedata_repo"
}