{
  "datetime": "2026-04-03 16:55:00",
  "open": 1.15242,
  "high": 1.15245,
  "low": 1.15212,
  "close": 1.1522,
  "rollH20": 1.15287,
  "rollL20": 1.15213,
  "up2": false,
  "dn2": false,
  "source": "twelvedata_repo"
}