{
  "datetime": "2026-01-24 14:55:00",
  "open": 1.18232,
  "high": 1.18235,
  "low": 1.18231,
  "close": 1.18235,
  "rollH20": 1.18243,
  "rollL20": 1.18215,
  "up2": false,
  "dn2": false,
  "source": "twelvedata_repo"
}