{
  "datetime": "2026-05-05 00:55:00",
  "open": 1.16922,
  "high": 1.16926,
  "low": 1.16915,
  "close": 1.16922,
  "rollH20": 1.16934,
  "rollL20": 1.16892,
  "up2": false,
  "dn2": false,
  "source": "twelvedata_repo"
}