{
  "datetime": "2025-09-05 17:45:00",
  "open": 1.17449,
  "high": 1.17454,
  "low": 1.17417,
  "close": 1.17437,
  "rollH20": 1.17596,
  "rollL20": 1.1736,
  "up2": false,
  "dn2": false,
  "source": "twelvedata_repo"
}