{
  "datetime": "2026-04-04 21:45:00",
  "open": 1.152,
  "high": 1.15204,
  "low": 1.152,
  "close": 1.152,
  "rollH20": 1.15205,
  "rollL20": 1.15192,
  "up2": false,
  "dn2": false,
  "source": "twelvedata_repo"
}