{
  "datetime": "2026-03-17 07:05:00",
  "open": 1.14837,
  "high": 1.14855,
  "low": 1.14837,
  "close": 1.14855,
  "rollH20": 1.14968,
  "rollL20": 1.1468,
  "up2": false,
  "dn2": false,
  "source": "twelvedata_repo"
}