{
  "datetime": "2026-04-22 03:45:00",
  "open": 1.17449,
  "high": 1.17449,
  "low": 1.17445,
  "close": 1.17445,
  "rollH20": 1.17484,
  "rollL20": 1.17399,
  "up2": false,
  "dn2": false,
  "source": "twelvedata_repo"
}