{
  "datetime": "2026-01-30 16:40:00",
  "open": 1.18935,
  "high": 1.18986,
  "low": 1.18935,
  "close": 1.18986,
  "rollH20": 1.19208,
  "rollL20": 1.18842,
  "up2": false,
  "dn2": false,
  "source": "twelvedata_repo"
}