{
  "datetime": "2026-01-16 09:45:00",
  "open": 1.16111,
  "high": 1.16113,
  "low": 1.1611,
  "close": 1.16113,
  "rollH20": 1.16152,
  "rollL20": 1.16091,
  "up2": false,
  "dn2": false,
  "source": "twelvedata_repo"
}