{
  "datetime": "2026-03-14 16:45:00",
  "open": 1.14668,
  "high": 1.1467,
  "low": 1.14668,
  "close": 1.1467,
  "rollH20": 1.1467,
  "rollL20": 1.14579,
  "up2": false,
  "dn2": false,
  "source": "twelvedata_repo"
}