{
  "datetime": "2026-01-09 14:50:00",
  "open": 1.16553,
  "high": 1.16553,
  "low": 1.16475,
  "close": 1.16511,
  "rollH20": 1.1659,
  "rollL20": 1.16325,
  "up2": false,
  "dn2": false,
  "source": "twelvedata_repo"
}