{
  "datetime": "2026-02-05 21:40:00",
  "open": 1.17861,
  "high": 1.17879,
  "low": 1.17861,
  "close": 1.17873,
  "rollH20": 1.17975,
  "rollL20": 1.1786,
  "up2": false,
  "dn2": false,
  "source": "twelvedata_repo"
}