{
  "datetime": "2026-05-15 20:55:00",
  "open": 1.16209,
  "high": 1.16217,
  "low": 1.16202,
  "close": 1.16215,
  "rollH20": 1.1626,
  "rollL20": 1.16174,
  "up2": false,
  "dn2": false,
  "source": "twelvedata_repo"
}