{
  "datetime": "2026-04-30 21:15:00",
  "open": 1.17321,
  "high": 1.17333,
  "low": 1.1731,
  "close": 1.17323,
  "rollH20": 1.17405,
  "rollL20": 1.17302,
  "up2": false,
  "dn2": false,
  "source": "twelvedata_repo"
}