{
  "datetime": "2026-05-15 02:10:00",
  "open": 1.16556,
  "high": 1.16564,
  "low": 1.16553,
  "close": 1.16554,
  "rollH20": 1.16654,
  "rollL20": 1.16526,
  "up2": false,
  "dn2": false,
  "source": "twelvedata_repo"
}