{
  "datetime": "2026-02-16 08:10:00",
  "open": 1.18652,
  "high": 1.18659,
  "low": 1.18652,
  "close": 1.18659,
  "rollH20": 1.1871,
  "rollL20": 1.18604,
  "up2": false,
  "dn2": false,
  "source": "twelvedata_repo"
}