{
  "datetime": "2025-12-04 07:30:00",
  "open": 1.16541,
  "high": 1.16547,
  "low": 1.16541,
  "close": 1.16547,
  "rollH20": 1.16622,
  "rollL20": 1.16532,
  "up2": false,
  "dn2": false,
  "source": "twelvedata_repo"
}