{
  "datetime": "2026-06-01 13:55:00",
  "open": 1.16469,
  "high": 1.1648,
  "low": 1.16469,
  "close": 1.16477,
  "rollH20": 1.16506,
  "rollL20": 1.16429,
  "up2": false,
  "dn2": false,
  "source": "twelvedata_repo"
}