{
  "datetime": "2026-02-22 23:45:00",
  "open": 1.18223,
  "high": 1.18262,
  "low": 1.18223,
  "close": 1.18262,
  "rollH20": 1.18253,
  "rollL20": 1.17929,
  "up2": false,
  "dn2": false,
  "source": "twelvedata_repo"
}