{
  "datetime": "2025-12-04 14:55:00",
  "open": 1.16631,
  "high": 1.16641,
  "low": 1.16631,
  "close": 1.1664,
  "rollH20": 1.1679,
  "rollL20": 1.1651,
  "up2": false,
  "dn2": false,
  "source": "twelvedata_repo"
}