{
  "datetime": "2026-03-17 04:05:00",
  "open": 1.14932,
  "high": 1.14934,
  "low": 1.14897,
  "close": 1.14907,
  "rollH20": 1.15021,
  "rollL20": 1.14922,
  "up2": false,
  "dn2": false,
  "source": "twelvedata_repo"
}