{
  "datetime": "2026-02-20 09:50:00",
  "open": 1.17657,
  "high": 1.17668,
  "low": 1.17651,
  "close": 1.17668,
  "rollH20": 1.17682,
  "rollL20": 1.17448,
  "up2": false,
  "dn2": false,
  "source": "twelvedata_repo"
}