{
  "datetime": "2025-12-30 17:45:00",
  "open": 1.17629,
  "high": 1.17675,
  "low": 1.17629,
  "close": 1.1766,
  "rollH20": 1.17666,
  "rollL20": 1.17459,
  "up2": false,
  "dn2": false,
  "source": "twelvedata_repo"
}