{
  "datetime": "2026-03-20 20:10:00",
  "open": 1.15599,
  "high": 1.15619,
  "low": 1.15599,
  "close": 1.15614,
  "rollH20": 1.1569,
  "rollL20": 1.1548,
  "up2": false,
  "dn2": false,
  "source": "twelvedata_repo"
}