{
  "datetime": "2026-05-23 16:40:00",
  "open": 1.16054,
  "high": 1.16057,
  "low": 1.16053,
  "close": 1.16056,
  "rollH20": 1.16081,
  "rollL20": 1.16007,
  "up2": false,
  "dn2": false,
  "source": "twelvedata_repo"
}