{
  "datetime": "2025-11-20 16:50:00",
  "open": 1.152,
  "high": 1.15219,
  "low": 1.152,
  "close": 1.15219,
  "rollH20": 1.15495,
  "rollL20": 1.15214,
  "up2": false,
  "dn2": false,
  "source": "twelvedata_repo"
}