{
  "datetime": "2025-11-18 23:45:00",
  "open": 1.15815,
  "high": 1.15815,
  "low": 1.15813,
  "close": 1.15813,
  "rollH20": 1.15837,
  "rollL20": 1.15779,
  "up2": false,
  "dn2": false,
  "source": "twelvedata_repo"
}