{
  "datetime": "2026-04-11 10:55:00",
  "open": 1.17181,
  "high": 1.17184,
  "low": 1.1718,
  "close": 1.17183,
  "rollH20": 1.17221,
  "rollL20": 1.17161,
  "up2": false,
  "dn2": false,
  "source": "twelvedata_repo"
}