{
  "datetime": "2026-01-13 03:30:00",
  "open": 1.16584,
  "high": 1.16588,
  "low": 1.16582,
  "close": 1.16588,
  "rollH20": 1.1665,
  "rollL20": 1.16568,
  "up2": false,
  "dn2": false,
  "source": "twelvedata_repo"
}