{
  "datetime": "2026-03-01 23:20:00",
  "open": 1.17743,
  "high": 1.17746,
  "low": 1.17723,
  "close": 1.17729,
  "rollH20": 1.17932,
  "rollL20": 1.17577,
  "up2": false,
  "dn2": false,
  "source": "twelvedata_repo"
}