{
  "datetime": "2026-01-21 13:35:00",
  "open": 1.17278,
  "high": 1.17287,
  "low": 1.17277,
  "close": 1.17286,
  "rollH20": 1.17281,
  "rollL20": 1.17047,
  "up2": false,
  "dn2": false,
  "source": "twelvedata_repo"
}