{
  "datetime": "2026-05-07 20:30:00",
  "open": 1.17415,
  "high": 1.17457,
  "low": 1.17403,
  "close": 1.17449,
  "rollH20": 1.17534,
  "rollL20": 1.17374,
  "up2": false,
  "dn2": false,
  "source": "twelvedata_repo"
}