{
  "datetime": "2025-12-09 06:45:00",
  "open": 1.16488,
  "high": 1.16493,
  "low": 1.16487,
  "close": 1.1649,
  "rollH20": 1.16504,
  "rollL20": 1.16442,
  "up2": false,
  "dn2": false,
  "source": "twelvedata_repo"
}