{
  "datetime": "2026-06-06 02:55:00",
  "open": 1.15214,
  "high": 1.1522,
  "low": 1.15213,
  "close": 1.15216,
  "rollH20": 1.15226,
  "rollL20": 1.15209,
  "up2": false,
  "dn2": false,
  "source": "twelvedata_repo"
}