{
  "datetime": "2025-11-10 12:35:00",
  "open": 1.15599,
  "high": 1.15602,
  "low": 1.15587,
  "close": 1.15602,
  "rollH20": 1.15718,
  "rollL20": 1.15541,
  "up2": false,
  "dn2": false,
  "source": "twelvedata_repo"
}