{
  "datetime": "2026-01-09 21:45:00",
  "open": 1.16353,
  "high": 1.16359,
  "low": 1.16353,
  "close": 1.16354,
  "rollH20": 1.16391,
  "rollL20": 1.1634,
  "up2": false,
  "dn2": false,
  "source": "twelvedata_repo"
}