{
  "datetime": "2026-01-05 23:25:00",
  "open": 1.17228,
  "high": 1.17233,
  "low": 1.17227,
  "close": 1.17233,
  "rollH20": 1.17275,
  "rollL20": 1.172,
  "up2": false,
  "dn2": false,
  "source": "twelvedata_repo"
}