{
  "datetime": "2025-10-30 00:40:00",
  "open": 1.16056,
  "high": 1.16056,
  "low": 1.16054,
  "close": 1.16054,
  "rollH20": 1.16058,
  "rollL20": 1.1601,
  "up2": false,
  "dn2": false,
  "source": "twelvedata_repo"
}