{
  "datetime": "2026-07-14 17:45:00",
  "open": 1.14331,
  "high": 1.14332,
  "low": 1.14322,
  "close": 1.14331,
  "rollH20": 1.14515,
  "rollL20": 1.14247,
  "up2": false,
  "dn2": false,
  "source": "twelvedata_repo"
}