{
  "datetime": "2026-04-30 13:55:00",
  "open": 1.16942,
  "high": 1.1696,
  "low": 1.1694,
  "close": 1.1696,
  "rollH20": 1.17206,
  "rollL20": 1.16892,
  "up2": false,
  "dn2": false,
  "source": "twelvedata_repo"
}