{
  "datetime": "2026-02-07 16:45:00",
  "open": 1.18184,
  "high": 1.18186,
  "low": 1.18184,
  "close": 1.18184,
  "rollH20": 1.18195,
  "rollL20": 1.18164,
  "up2": false,
  "dn2": false,
  "source": "twelvedata_repo"
}