{
  "datetime": "2025-09-03 12:45:00",
  "open": 1.16451,
  "high": 1.16473,
  "low": 1.16443,
  "close": 1.16468,
  "rollH20": 1.16572,
  "rollL20": 1.16392,
  "up2": false,
  "dn2": false,
  "source": "twelvedata_repo"
}