{
  "datetime": "2026-05-02 23:55:00",
  "open": 1.17223,
  "high": 1.17228,
  "low": 1.17221,
  "close": 1.17222,
  "rollH20": 1.17254,
  "rollL20": 1.17198,
  "up2": false,
  "dn2": false,
  "source": "twelvedata_repo"
}