{
  "datetime": "2026-03-24 10:30:00",
  "open": 1.15864,
  "high": 1.15866,
  "low": 1.1585,
  "close": 1.1585,
  "rollH20": 1.16097,
  "rollL20": 1.15796,
  "up2": false,
  "dn2": false,
  "source": "twelvedata_repo"
}