{
  "datetime": "2026-01-11 03:50:00",
  "open": 1.16346,
  "high": 1.16351,
  "low": 1.16344,
  "close": 1.16348,
  "rollH20": 1.16355,
  "rollL20": 1.16345,
  "up2": false,
  "dn2": false,
  "source": "twelvedata_repo"
}