{
  "datetime": "2026-07-17 07:25:00",
  "open": 1.14492,
  "high": 1.14513,
  "low": 1.14492,
  "close": 1.1451,
  "rollH20": 1.14506,
  "rollL20": 1.14348,
  "up2": false,
  "dn2": false,
  "source": "twelvedata_repo"
}