{
  "datetime": "2025-11-28 22:55:00",
  "open": 1.15992,
  "high": 1.15997,
  "low": 1.15988,
  "close": 1.15993,
  "rollH20": 1.16048,
  "rollL20": 1.1598,
  "up2": false,
  "dn2": false,
  "source": "twelvedata_repo"
}