{
  "datetime": "2026-01-16 22:55:00",
  "open": 1.15993,
  "high": 1.15994,
  "low": 1.15985,
  "close": 1.15987,
  "rollH20": 1.16027,
  "rollL20": 1.15961,
  "up2": false,
  "dn2": false,
  "source": "twelvedata_repo"
}