{
  "datetime": "2025-11-19 02:35:00",
  "open": 1.15818,
  "high": 1.15823,
  "low": 1.15817,
  "close": 1.15823,
  "rollH20": 1.15844,
  "rollL20": 1.15786,
  "up2": false,
  "dn2": false,
  "source": "twelvedata_repo"
}