{
  "datetime": "2026-07-23 00:55:00",
  "open": 1.14108,
  "high": 1.14118,
  "low": 1.14106,
  "close": 1.14116,
  "rollH20": 1.1412,
  "rollL20": 1.1406,
  "up2": false,
  "dn2": false,
  "source": "twelvedata_repo"
}