{
  "datetime": "2026-06-10 20:55:00",
  "open": 1.15445,
  "high": 1.15446,
  "low": 1.15411,
  "close": 1.15415,
  "rollH20": 1.15555,
  "rollL20": 1.15431,
  "up2": false,
  "dn2": false,
  "source": "twelvedata_repo"
}