{
  "datetime": "2025-12-18 08:10:00",
  "open": 1.17475,
  "high": 1.17475,
  "low": 1.1747,
  "close": 1.1747,
  "rollH20": 1.17496,
  "rollL20": 1.17395,
  "up2": false,
  "dn2": false,
  "source": "twelvedata_repo"
}