{
  "datetime": "2026-03-24 12:00:00",
  "open": 1.15903,
  "high": 1.15922,
  "low": 1.15882,
  "close": 1.15894,
  "rollH20": 1.15986,
  "rollL20": 1.15796,
  "up2": false,
  "dn2": false,
  "source": "twelvedata_repo"
}