{
  "datetime": "2025-11-20 17:30:00",
  "open": 1.15349,
  "high": 1.15359,
  "low": 1.15325,
  "close": 1.15332,
  "rollH20": 1.1541,
  "rollL20": 1.152,
  "up2": false,
  "dn2": false,
  "source": "twelvedata_repo"
}