{
  "datetime": "2025-10-29 20:45:00",
  "open": 1.15913,
  "high": 1.1593,
  "low": 1.15904,
  "close": 1.15909,
  "rollH20": 1.16506,
  "rollL20": 1.15782,
  "up2": false,
  "dn2": false,
  "source": "twelvedata_repo"
}