{
  "datetime": "2026-01-16 19:10:00",
  "open": 1.1593,
  "high": 1.1593,
  "low": 1.159,
  "close": 1.15902,
  "rollH20": 1.16055,
  "rollL20": 1.15922,
  "up2": false,
  "dn2": false,
  "source": "twelvedata_repo"
}