{
  "datetime": "2025-12-30 00:25:00",
  "open": 1.1773,
  "high": 1.17735,
  "low": 1.17726,
  "close": 1.17729,
  "rollH20": 1.17752,
  "rollL20": 1.17676,
  "up2": false,
  "dn2": false,
  "source": "twelvedata_repo"
}