{
  "datetime": "2026-05-20 00:40:00",
  "open": 1.16121,
  "high": 1.16124,
  "low": 1.1611,
  "close": 1.16112,
  "rollH20": 1.16135,
  "rollL20": 1.16062,
  "up2": false,
  "dn2": false,
  "source": "twelvedata_repo"
}