{
  "datetime": "2026-01-05 13:15:00",
  "open": 1.16806,
  "high": 1.16811,
  "low": 1.16806,
  "close": 1.16811,
  "rollH20": 1.1691,
  "rollL20": 1.16785,
  "up2": false,
  "dn2": false,
  "source": "twelvedata_repo"
}