{
  "datetime": "2026-03-25 12:35:00",
  "open": 1.16048,
  "high": 1.16051,
  "low": 1.16031,
  "close": 1.16031,
  "rollH20": 1.16113,
  "rollL20": 1.15957,
  "up2": false,
  "dn2": false,
  "source": "twelvedata_repo"
}