{
  "datetime": "2026-05-23 18:25:00",
  "open": 1.16043,
  "high": 1.16048,
  "low": 1.16041,
  "close": 1.16042,
  "rollH20": 1.16079,
  "rollL20": 1.16004,
  "up2": false,
  "dn2": false,
  "source": "twelvedata_repo"
}