{
  "datetime": "2026-07-24 17:45:00",
  "open": 1.13808,
  "high": 1.13808,
  "low": 1.13789,
  "close": 1.1379,
  "rollH20": 1.13908,
  "rollL20": 1.13785,
  "up2": false,
  "dn2": false,
  "source": "twelvedata_repo"
}