{
  "datetime": "2026-04-26 22:15:00",
  "open": 1.16993,
  "high": 1.17031,
  "low": 1.16989,
  "close": 1.16998,
  "rollH20": 1.17078,
  "rollL20": 1.16867,
  "up2": false,
  "dn2": false,
  "source": "twelvedata_repo"
}