{
  "datetime": "2026-05-14 16:55:00",
  "open": 1.16769,
  "high": 1.1678,
  "low": 1.16769,
  "close": 1.1678,
  "rollH20": 1.17007,
  "rollL20": 1.16723,
  "up2": false,
  "dn2": false,
  "source": "twelvedata_repo"
}