{
  "datetime": "2026-07-19 22:00:00",
  "open": 1.14319,
  "high": 1.14416,
  "low": 1.14291,
  "close": 1.14292,
  "rollH20": 1.14445,
  "rollL20": 1.14211,
  "up2": false,
  "dn2": false,
  "source": "twelvedata_repo"
}