{
  "datetime": "2026-04-13 06:10:00",
  "open": 1.16846,
  "high": 1.16849,
  "low": 1.16842,
  "close": 1.16844,
  "rollH20": 1.16906,
  "rollL20": 1.16848,
  "up2": false,
  "dn2": false,
  "source": "twelvedata_repo"
}