{
  "datetime": "2026-03-15 14:00:00",
  "open": 1.14248,
  "high": 1.14251,
  "low": 1.14248,
  "close": 1.14249,
  "rollH20": 1.1445,
  "rollL20": 1.14246,
  "up2": false,
  "dn2": false,
  "source": "twelvedata_repo"
}