{
  "datetime": "2025-10-02 20:55:00",
  "open": 1.172,
  "high": 1.17202,
  "low": 1.172,
  "close": 1.17202,
  "rollH20": 1.17266,
  "rollL20": 1.17163,
  "up2": false,
  "dn2": false,
  "source": "twelvedata_repo"
}