{
  "datetime": "2025-11-26 15:35:00",
  "open": 1.15653,
  "high": 1.15688,
  "low": 1.15652,
  "close": 1.15688,
  "rollH20": 1.15832,
  "rollL20": 1.15495,
  "up2": false,
  "dn2": false,
  "source": "twelvedata_repo"
}