{
  "datetime": "2025-11-24 00:10:00",
  "open": 1.1511,
  "high": 1.15111,
  "low": 1.15104,
  "close": 1.15104,
  "rollH20": 1.1521,
  "rollL20": 1.15103,
  "up2": false,
  "dn2": false,
  "source": "twelvedata_repo"
}