{
  "datetime": "2026-01-09 22:15:00",
  "open": 1.16354,
  "high": 1.16362,
  "low": 1.16352,
  "close": 1.16355,
  "rollH20": 1.16387,
  "rollL20": 1.1634,
  "up2": false,
  "dn2": false,
  "source": "twelvedata_repo"
}