{
  "datetime": "2026-04-03 07:45:00",
  "open": 1.1539,
  "high": 1.15403,
  "low": 1.15387,
  "close": 1.15398,
  "rollH20": 1.15396,
  "rollL20": 1.15294,
  "up2": false,
  "dn2": false,
  "source": "twelvedata_repo"
}