{
  "datetime": "2026-05-24 10:00:00",
  "open": 1.16086,
  "high": 1.16092,
  "low": 1.16085,
  "close": 1.16089,
  "rollH20": 1.16092,
  "rollL20": 1.16075,
  "up2": false,
  "dn2": false,
  "source": "twelvedata_repo"
}