{
  "datetime": "2026-04-03 12:40:00",
  "open": 1.1542,
  "high": 1.15421,
  "low": 1.15418,
  "close": 1.15418,
  "rollH20": 1.15482,
  "rollL20": 1.15419,
  "up2": false,
  "dn2": false,
  "source": "twelvedata_repo"
}