{
  "datetime": "2026-03-18 17:55:00",
  "open": 1.15138,
  "high": 1.15156,
  "low": 1.15138,
  "close": 1.15156,
  "rollH20": 1.1521,
  "rollL20": 1.15034,
  "up2": false,
  "dn2": false,
  "source": "twelvedata_repo"
}