{
  "datetime": "2026-03-31 12:55:00",
  "open": 1.14856,
  "high": 1.14873,
  "low": 1.14856,
  "close": 1.14873,
  "rollH20": 1.14882,
  "rollL20": 1.14581,
  "up2": false,
  "dn2": false,
  "source": "twelvedata_repo"
}