{
  "datetime": "2025-10-30 09:30:00",
  "open": 1.16134,
  "high": 1.16134,
  "low": 1.16107,
  "close": 1.16118,
  "rollH20": 1.16249,
  "rollL20": 1.16074,
  "up2": false,
  "dn2": false,
  "source": "twelvedata_repo"
}