{
  "datetime": "2025-10-29 08:25:00",
  "open": 1.16352,
  "high": 1.16372,
  "low": 1.16352,
  "close": 1.16372,
  "rollH20": 1.16369,
  "rollL20": 1.16254,
  "up2": false,
  "dn2": false,
  "source": "twelvedata_repo"
}