{
  "datetime": "2025-11-20 07:15:00",
  "open": 1.15224,
  "high": 1.15224,
  "low": 1.15199,
  "close": 1.15201,
  "rollH20": 1.15233,
  "rollL20": 1.15136,
  "up2": false,
  "dn2": false,
  "source": "twelvedata_repo"
}