{
  "datetime": "2026-02-27 18:20:00",
  "open": 1.18172,
  "high": 1.18176,
  "low": 1.18146,
  "close": 1.18161,
  "rollH20": 1.18263,
  "rollL20": 1.18138,
  "up2": false,
  "dn2": false,
  "source": "twelvedata_repo"
}