{
  "datetime": "2026-01-13 16:45:00",
  "open": 1.16484,
  "high": 1.16511,
  "low": 1.16484,
  "close": 1.165,
  "rollH20": 1.16709,
  "rollL20": 1.16454,
  "up2": false,
  "dn2": false,
  "source": "twelvedata_repo"
}