{
  "datetime": "2026-01-09 11:30:00",
  "open": 1.16423,
  "high": 1.16428,
  "low": 1.16423,
  "close": 1.16424,
  "rollH20": 1.16504,
  "rollL20": 1.16383,
  "up2": false,
  "dn2": false,
  "source": "twelvedata_repo"
}