{
  "datetime": "2026-01-31 15:40:00",
  "open": 1.18555,
  "high": 1.18558,
  "low": 1.18555,
  "close": 1.18555,
  "rollH20": 1.18589,
  "rollL20": 1.18552,
  "up2": false,
  "dn2": false,
  "source": "twelvedata_repo"
}