{
  "datetime": "2026-03-01 19:00:00",
  "open": 1.17673,
  "high": 1.17734,
  "low": 1.17669,
  "close": 1.17734,
  "rollH20": 1.18153,
  "rollL20": 1.17626,
  "up2": false,
  "dn2": false,
  "source": "twelvedata_repo"
}