{
  "datetime": "2026-04-18 00:15:00",
  "open": 1.1787,
  "high": 1.17933,
  "low": 1.1787,
  "close": 1.1792,
  "rollH20": 1.17938,
  "rollL20": 1.1772,
  "up2": false,
  "dn2": false,
  "source": "twelvedata_repo"
}