{
  "datetime": "2026-01-01 22:15:00",
  "open": 1.1748,
  "high": 1.17499,
  "low": 1.17476,
  "close": 1.1749,
  "rollH20": 1.17502,
  "rollL20": 1.17424,
  "up2": false,
  "dn2": false,
  "source": "twelvedata_repo"
}