{
  "datetime": "2026-02-13 13:40:00",
  "open": 1.18617,
  "high": 1.18632,
  "low": 1.18617,
  "close": 1.18632,
  "rollH20": 1.18633,
  "rollL20": 1.18557,
  "up2": false,
  "dn2": false,
  "source": "twelvedata_repo"
}