{
  "datetime": "2025-12-03 15:05:00",
  "open": 1.16642,
  "high": 1.16644,
  "low": 1.16635,
  "close": 1.16639,
  "rollH20": 1.16753,
  "rollL20": 1.16628,
  "up2": false,
  "dn2": false,
  "source": "twelvedata_repo"
}