{
  "datetime": "2026-04-16 00:35:00",
  "open": 1.1804,
  "high": 1.18051,
  "low": 1.1804,
  "close": 1.18048,
  "rollH20": 1.18052,
  "rollL20": 1.17986,
  "up2": false,
  "dn2": false,
  "source": "twelvedata_repo"
}