{
  "datetime": "2025-10-17 22:25:00",
  "open": 1.1655,
  "high": 1.1655,
  "low": 1.16508,
  "close": 1.16508,
  "rollH20": 1.16741,
  "rollL20": 1.16489,
  "up2": false,
  "dn2": false,
  "source": "twelvedata_repo"
}