{
  "datetime": "2026-06-21 12:10:00",
  "open": 1.14754,
  "high": 1.14759,
  "low": 1.14753,
  "close": 1.14755,
  "rollH20": 1.14798,
  "rollL20": 1.14745,
  "up2": false,
  "dn2": false,
  "source": "twelvedata_repo"
}