{
  "datetime": "2025-10-09 12:35:00",
  "open": 1.16168,
  "high": 1.16176,
  "low": 1.16156,
  "close": 1.16171,
  "rollH20": 1.16272,
  "rollL20": 1.16094,
  "up2": false,
  "dn2": false,
  "source": "twelvedata_repo"
}