{
  "datetime": "2026-01-19 20:35:00",
  "open": 1.16467,
  "high": 1.1647,
  "low": 1.16466,
  "close": 1.1647,
  "rollH20": 1.16494,
  "rollL20": 1.16431,
  "up2": false,
  "dn2": false,
  "source": "twelvedata_repo"
}