{
  "datetime": "2026-03-24 06:40:00",
  "open": 1.15824,
  "high": 1.1587,
  "low": 1.15824,
  "close": 1.15867,
  "rollH20": 1.15853,
  "rollL20": 1.15765,
  "up2": false,
  "dn2": false,
  "source": "twelvedata_repo"
}