{
  "datetime": "2026-04-09 06:45:00",
  "open": 1.16629,
  "high": 1.16636,
  "low": 1.16616,
  "close": 1.16617,
  "rollH20": 1.16712,
  "rollL20": 1.16619,
  "up2": false,
  "dn2": false,
  "source": "twelvedata_repo"
}