{
  "datetime": "2025-09-18 15:45:00",
  "open": 1.17683,
  "high": 1.17709,
  "low": 1.17679,
  "close": 1.17697,
  "rollH20": 1.17961,
  "rollL20": 1.17503,
  "up2": false,
  "dn2": false,
  "source": "twelvedata_repo"
}