{
  "datetime": "2025-12-19 10:35:00",
  "open": 1.17113,
  "high": 1.17115,
  "low": 1.1711,
  "close": 1.17111,
  "rollH20": 1.17176,
  "rollL20": 1.1705,
  "up2": false,
  "dn2": false,
  "source": "twelvedata_repo"
}