{
  "datetime": "2025-10-09 11:55:00",
  "open": 1.16142,
  "high": 1.16142,
  "low": 1.1614,
  "close": 1.16141,
  "rollH20": 1.16272,
  "rollL20": 1.16108,
  "up2": false,
  "dn2": false,
  "source": "twelvedata_repo"
}