{
  "datetime": "2026-06-07 21:40:00",
  "open": 1.15152,
  "high": 1.15238,
  "low": 1.15133,
  "close": 1.15198,
  "rollH20": 1.15264,
  "rollL20": 1.15099,
  "up2": false,
  "dn2": false,
  "source": "twelvedata_repo"
}