{
  "datetime": "2025-11-04 07:55:00",
  "open": 1.15241,
  "high": 1.15241,
  "low": 1.15227,
  "close": 1.15236,
  "rollH20": 1.15261,
  "rollL20": 1.15079,
  "up2": false,
  "dn2": false,
  "source": "twelvedata_repo"
}