{
  "datetime": "2025-11-12 11:55:00",
  "open": 1.15711,
  "high": 1.15714,
  "low": 1.1571,
  "close": 1.15714,
  "rollH20": 1.15769,
  "rollL20": 1.15656,
  "up2": false,
  "dn2": false,
  "source": "twelvedata_repo"
}