{
  "datetime": "2026-04-15 00:45:00",
  "open": 1.17996,
  "high": 1.18018,
  "low": 1.17993,
  "close": 1.18008,
  "rollH20": 1.18007,
  "rollL20": 1.17942,
  "up2": false,
  "dn2": false,
  "source": "twelvedata_repo"
}