{
  "datetime": "2026-06-06 04:15:00",
  "open": 1.15215,
  "high": 1.15219,
  "low": 1.15213,
  "close": 1.15217,
  "rollH20": 1.15226,
  "rollL20": 1.15209,
  "up2": false,
  "dn2": false,
  "source": "twelvedata_repo"
}