{
  "datetime": "2025-09-25 22:35:00",
  "open": 1.16627,
  "high": 1.16656,
  "low": 1.16603,
  "close": 1.16609,
  "rollH20": 1.16691,
  "rollL20": 1.16581,
  "up2": false,
  "dn2": false,
  "source": "twelvedata_repo"
}