{
  "datetime": "2026-07-14 05:15:00",
  "open": 1.13918,
  "high": 1.13944,
  "low": 1.13918,
  "close": 1.13943,
  "rollH20": 1.13963,
  "rollL20": 1.13881,
  "up2": false,
  "dn2": false,
  "source": "twelvedata_repo"
}