{
  "datetime": "2025-11-10 21:10:00",
  "open": 1.15635,
  "high": 1.15635,
  "low": 1.15626,
  "close": 1.15626,
  "rollH20": 1.15633,
  "rollL20": 1.15577,
  "up2": false,
  "dn2": false,
  "source": "twelvedata_repo"
}