{
  "datetime": "2026-04-22 16:55:00",
  "open": 1.17149,
  "high": 1.17158,
  "low": 1.17147,
  "close": 1.17158,
  "rollH20": 1.17392,
  "rollL20": 1.17132,
  "up2": false,
  "dn2": false,
  "source": "twelvedata_repo"
}