{
  "datetime": "2025-11-12 20:45:00",
  "open": 1.15867,
  "high": 1.1587,
  "low": 1.15861,
  "close": 1.1587,
  "rollH20": 1.15945,
  "rollL20": 1.15847,
  "up2": false,
  "dn2": false,
  "source": "twelvedata_repo"
}