{
  "datetime": "2026-01-02 19:35:00",
  "open": 1.17214,
  "high": 1.17214,
  "low": 1.17177,
  "close": 1.17179,
  "rollH20": 1.17393,
  "rollL20": 1.17209,
  "up2": false,
  "dn2": false,
  "source": "twelvedata_repo"
}