{
  "datetime": "2025-12-26 17:40:00",
  "open": 1.17639,
  "high": 1.17647,
  "low": 1.17636,
  "close": 1.17645,
  "rollH20": 1.17928,
  "rollL20": 1.17635,
  "up2": false,
  "dn2": false,
  "source": "twelvedata_repo"
}