{
  "datetime": "2026-07-11 16:05:00",
  "open": 1.14169,
  "high": 1.14174,
  "low": 1.14167,
  "close": 1.14168,
  "rollH20": 1.14192,
  "rollL20": 1.14145,
  "up2": false,
  "dn2": false,
  "source": "twelvedata_repo"
}