{
  "datetime": "2025-11-27 22:45:00",
  "open": 1.15969,
  "high": 1.15972,
  "low": 1.15967,
  "close": 1.15972,
  "rollH20": 1.15977,
  "rollL20": 1.15947,
  "up2": false,
  "dn2": false,
  "source": "twelvedata_repo"
}