{
  "datetime": "2026-07-17 15:10:00",
  "open": 1.14354,
  "high": 1.14374,
  "low": 1.14354,
  "close": 1.14372,
  "rollH20": 1.14372,
  "rollL20": 1.14239,
  "up2": false,
  "dn2": false,
  "source": "twelvedata_repo"
}