{
  "datetime": "2026-02-13 18:25:00",
  "open": 1.18779,
  "high": 1.1878,
  "low": 1.18769,
  "close": 1.18774,
  "rollH20": 1.18838,
  "rollL20": 1.18497,
  "up2": false,
  "dn2": false,
  "source": "twelvedata_repo"
}