{
  "datetime": "2025-09-22 09:55:00",
  "open": 1.1763,
  "high": 1.17638,
  "low": 1.17618,
  "close": 1.17621,
  "rollH20": 1.17691,
  "rollL20": 1.17391,
  "up2": false,
  "dn2": false,
  "source": "twelvedata_repo"
}