{
  "datetime": "2026-05-15 22:25:00",
  "open": 1.16249,
  "high": 1.16252,
  "low": 1.16226,
  "close": 1.1625,
  "rollH20": 1.16261,
  "rollL20": 1.16195,
  "up2": false,
  "dn2": false,
  "source": "twelvedata_repo"
}