{
  "datetime": "2025-11-27 00:40:00",
  "open": 1.15993,
  "high": 1.15994,
  "low": 1.15989,
  "close": 1.1599,
  "rollH20": 1.16003,
  "rollL20": 1.15888,
  "up2": false,
  "dn2": false,
  "source": "twelvedata_repo"
}