{
  "datetime": "2025-10-24 18:55:00",
  "open": 1.16253,
  "high": 1.16291,
  "low": 1.16248,
  "close": 1.16277,
  "rollH20": 1.16315,
  "rollL20": 1.16216,
  "up2": false,
  "dn2": false,
  "source": "twelvedata_repo"
}