{
  "datetime": "2026-01-11 18:25:00",
  "open": 1.16503,
  "high": 1.16508,
  "low": 1.16503,
  "close": 1.16505,
  "rollH20": 1.16532,
  "rollL20": 1.16344,
  "up2": false,
  "dn2": false,
  "source": "twelvedata_repo"
}