{
  "datetime": "2026-07-13 18:35:00",
  "open": 1.13873,
  "high": 1.13881,
  "low": 1.13872,
  "close": 1.1388,
  "rollH20": 1.14043,
  "rollL20": 1.13837,
  "up2": false,
  "dn2": false,
  "source": "twelvedata_repo"
}