{
  "datetime": "2025-12-10 16:50:00",
  "open": 1.16399,
  "high": 1.164,
  "low": 1.16392,
  "close": 1.16392,
  "rollH20": 1.16508,
  "rollL20": 1.16341,
  "up2": false,
  "dn2": false,
  "source": "twelvedata_repo"
}