{
  "datetime": "2025-11-12 18:55:00",
  "open": 1.15918,
  "high": 1.15918,
  "low": 1.15911,
  "close": 1.15914,
  "rollH20": 1.15973,
  "rollL20": 1.15887,
  "up2": false,
  "dn2": false,
  "source": "twelvedata_repo"
}