{
  "datetime": "2026-02-09 10:05:00",
  "open": 1.18693,
  "high": 1.18693,
  "low": 1.18638,
  "close": 1.18662,
  "rollH20": 1.18691,
  "rollL20": 1.18473,
  "up2": false,
  "dn2": false,
  "source": "twelvedata_repo"
}