{
  "datetime": "2025-10-17 17:35:00",
  "open": 1.16822,
  "high": 1.16822,
  "low": 1.16822,
  "close": 1.16822,
  "rollH20": 1.16822,
  "rollL20": 1.16608,
  "up2": false,
  "dn2": false,
  "source": "twelvedata_repo"
}