{
  "datetime": "2025-11-25 06:45:00",
  "open": 1.15144,
  "high": 1.15158,
  "low": 1.15144,
  "close": 1.15155,
  "rollH20": 1.15184,
  "rollL20": 1.1512,
  "up2": false,
  "dn2": false,
  "source": "twelvedata_repo"
}