{
  "datetime": "2026-04-01 15:10:00",
  "open": 1.16108,
  "high": 1.16112,
  "low": 1.16068,
  "close": 1.16103,
  "rollH20": 1.16231,
  "rollL20": 1.15967,
  "up2": false,
  "dn2": false,
  "source": "twelvedata_repo"
}