{
  "datetime": "2026-06-06 01:00:00",
  "open": 1.15239,
  "high": 1.15246,
  "low": 1.15201,
  "close": 1.15245,
  "rollH20": 1.15262,
  "rollL20": 1.15205,
  "up2": false,
  "dn2": false,
  "source": "twelvedata_repo"
}