{
  "datetime": "2025-12-03 16:35:00",
  "open": 1.16671,
  "high": 1.16674,
  "low": 1.16637,
  "close": 1.16637,
  "rollH20": 1.16691,
  "rollL20": 1.16562,
  "up2": false,
  "dn2": false,
  "source": "twelvedata_repo"
}