{
  "datetime": "2025-12-09 12:10:00",
  "open": 1.16406,
  "high": 1.16406,
  "low": 1.16387,
  "close": 1.16391,
  "rollH20": 1.16575,
  "rollL20": 1.16395,
  "up2": false,
  "dn2": false,
  "source": "twelvedata_repo"
}