{
  "datetime": "2025-10-08 19:35:00",
  "open": 1.16145,
  "high": 1.16166,
  "low": 1.16145,
  "close": 1.16164,
  "rollH20": 1.16166,
  "rollL20": 1.15996,
  "up2": false,
  "dn2": false,
  "source": "twelvedata_repo"
}