{
  "datetime": "2026-02-10 06:45:00",
  "open": 1.19049,
  "high": 1.19056,
  "low": 1.19047,
  "close": 1.19053,
  "rollH20": 1.19118,
  "rollL20": 1.19041,
  "up2": false,
  "dn2": false,
  "source": "twelvedata_repo"
}