{
  "datetime": "2026-03-25 23:20:00",
  "open": 1.15567,
  "high": 1.15571,
  "low": 1.15567,
  "close": 1.15569,
  "rollH20": 1.15623,
  "rollL20": 1.15556,
  "up2": false,
  "dn2": false,
  "source": "twelvedata_repo"
}