{
  "datetime": "2025-12-26 00:25:00",
  "open": 1.17815,
  "high": 1.17829,
  "low": 1.17815,
  "close": 1.17823,
  "rollH20": 1.1792,
  "rollL20": 1.17802,
  "up2": false,
  "dn2": false,
  "source": "twelvedata_repo"
}