{
  "datetime": "2025-09-25 11:35:00",
  "open": 1.17501,
  "high": 1.17502,
  "low": 1.17485,
  "close": 1.1749,
  "rollH20": 1.17523,
  "rollL20": 1.1739,
  "up2": false,
  "dn2": false,
  "source": "twelvedata_repo"
}