{
  "datetime": "2026-02-05 07:15:00",
  "open": 1.17856,
  "high": 1.17863,
  "low": 1.17856,
  "close": 1.17863,
  "rollH20": 1.17916,
  "rollL20": 1.17845,
  "up2": false,
  "dn2": false,
  "source": "twelvedata_repo"
}