{
  "datetime": "2026-01-26 14:25:00",
  "open": 1.18448,
  "high": 1.18474,
  "low": 1.18448,
  "close": 1.18472,
  "rollH20": 1.18581,
  "rollL20": 1.18356,
  "up2": false,
  "dn2": false,
  "source": "twelvedata_repo"
}