{
  "datetime": "2026-01-20 06:50:00",
  "open": 1.1665,
  "high": 1.16654,
  "low": 1.1664,
  "close": 1.16645,
  "rollH20": 1.16731,
  "rollL20": 1.16582,
  "up2": false,
  "dn2": false,
  "source": "twelvedata_repo"
}