{
  "datetime": "2026-02-27 14:20:00",
  "open": 1.18021,
  "high": 1.18035,
  "low": 1.18017,
  "close": 1.18029,
  "rollH20": 1.18074,
  "rollL20": 1.17913,
  "up2": false,
  "dn2": false,
  "source": "twelvedata_repo"
}