{
  "datetime": "2025-10-24 00:25:00",
  "open": 1.16176,
  "high": 1.16176,
  "low": 1.16166,
  "close": 1.16166,
  "rollH20": 1.16219,
  "rollL20": 1.16143,
  "up2": false,
  "dn2": false,
  "source": "twelvedata_repo"
}