{
  "datetime": "2026-01-01 22:25:00",
  "open": 1.17491,
  "high": 1.17503,
  "low": 1.17477,
  "close": 1.175,
  "rollH20": 1.17504,
  "rollL20": 1.17424,
  "up2": false,
  "dn2": false,
  "source": "twelvedata_repo"
}