{
  "datetime": "2026-02-02 12:45:00",
  "open": 1.18624,
  "high": 1.18633,
  "low": 1.18621,
  "close": 1.18627,
  "rollH20": 1.18713,
  "rollL20": 1.18593,
  "up2": false,
  "dn2": false,
  "source": "twelvedata_repo"
}