{
  "datetime": "2025-10-17 12:10:00",
  "open": 1.16925,
  "high": 1.16954,
  "low": 1.16912,
  "close": 1.16952,
  "rollH20": 1.17042,
  "rollL20": 1.16875,
  "up2": false,
  "dn2": false,
  "source": "twelvedata_repo"
}