{
  "datetime": "2026-03-15 23:10:00",
  "open": 1.14329,
  "high": 1.1433,
  "low": 1.14321,
  "close": 1.14323,
  "rollH20": 1.14342,
  "rollL20": 1.14202,
  "up2": false,
  "dn2": false,
  "source": "twelvedata_repo"
}