{
  "datetime": "2026-01-31 00:55:00",
  "open": 1.18577,
  "high": 1.18579,
  "low": 1.18545,
  "close": 1.18567,
  "rollH20": 1.18586,
  "rollL20": 1.18527,
  "up2": false,
  "dn2": false,
  "source": "twelvedata_repo"
}