{
  "datetime": "2026-03-04 23:40:00",
  "open": 1.16345,
  "high": 1.16352,
  "low": 1.16341,
  "close": 1.16345,
  "rollH20": 1.16401,
  "rollL20": 1.16302,
  "up2": false,
  "dn2": false,
  "source": "twelvedata_repo"
}