{
  "datetime": "2025-12-23 14:55:00",
  "open": 1.17775,
  "high": 1.1778,
  "low": 1.17768,
  "close": 1.17778,
  "rollH20": 1.18021,
  "rollL20": 1.17778,
  "up2": false,
  "dn2": false,
  "source": "twelvedata_repo"
}