{
  "datetime": "2026-07-01 16:55:00",
  "open": 1.13861,
  "high": 1.13872,
  "low": 1.13851,
  "close": 1.13853,
  "rollH20": 1.14023,
  "rollL20": 1.13794,
  "up2": false,
  "dn2": false,
  "source": "twelvedata_repo"
}