{
  "datetime": "2026-04-30 21:40:00",
  "open": 1.17329,
  "high": 1.17352,
  "low": 1.17322,
  "close": 1.17332,
  "rollH20": 1.17405,
  "rollL20": 1.17302,
  "up2": false,
  "dn2": false,
  "source": "twelvedata_repo"
}