{
  "datetime": "2025-09-30 05:25:00",
  "open": 1.17189,
  "high": 1.17211,
  "low": 1.17189,
  "close": 1.17206,
  "rollH20": 1.17264,
  "rollL20": 1.17191,
  "up2": false,
  "dn2": false,
  "source": "twelvedata_repo"
}