{
  "datetime": "2026-05-29 23:45:00",
  "open": 1.16614,
  "high": 1.16617,
  "low": 1.16581,
  "close": 1.16593,
  "rollH20": 1.1662,
  "rollL20": 1.16579,
  "up2": false,
  "dn2": false,
  "source": "twelvedata_repo"
}