{
  "datetime": "2026-06-02 21:55:00",
  "open": 1.16312,
  "high": 1.16314,
  "low": 1.16305,
  "close": 1.16314,
  "rollH20": 1.16352,
  "rollL20": 1.16303,
  "up2": false,
  "dn2": false,
  "source": "twelvedata_repo"
}