{
  "datetime": "2026-01-26 22:25:00",
  "open": 1.18769,
  "high": 1.1877,
  "low": 1.18767,
  "close": 1.18768,
  "rollH20": 1.18858,
  "rollL20": 1.18744,
  "up2": false,
  "dn2": false,
  "source": "twelvedata_repo"
}