{
  "datetime": "2026-01-14 13:30:00",
  "open": 1.16467,
  "high": 1.16471,
  "low": 1.16456,
  "close": 1.16464,
  "rollH20": 1.16578,
  "rollL20": 1.16439,
  "up2": false,
  "dn2": false,
  "source": "twelvedata_repo"
}