{
  "datetime": "2026-03-26 15:40:00",
  "open": 1.15514,
  "high": 1.1555,
  "low": 1.15438,
  "close": 1.1548,
  "rollH20": 1.15534,
  "rollL20": 1.15338,
  "up2": false,
  "dn2": false,
  "source": "twelvedata_repo"
}