{
  "datetime": "2026-03-31 06:10:00",
  "open": 1.14696,
  "high": 1.14699,
  "low": 1.14641,
  "close": 1.14647,
  "rollH20": 1.14735,
  "rollL20": 1.14675,
  "up2": false,
  "dn2": false,
  "source": "twelvedata_repo"
}