{
  "datetime": "2026-07-23 05:45:00",
  "open": 1.14328,
  "high": 1.14328,
  "low": 1.1432,
  "close": 1.14328,
  "rollH20": 1.14363,
  "rollL20": 1.14236,
  "up2": false,
  "dn2": false,
  "source": "twelvedata_repo"
}