{
  "datetime": "2026-01-12 06:45:00",
  "open": 1.16693,
  "high": 1.16701,
  "low": 1.16689,
  "close": 1.16692,
  "rollH20": 1.1671,
  "rollL20": 1.16536,
  "up2": false,
  "dn2": false,
  "source": "twelvedata_repo"
}