{
  "datetime": "2025-10-14 13:25:00",
  "open": 1.15614,
  "high": 1.15626,
  "low": 1.15593,
  "close": 1.15626,
  "rollH20": 1.15651,
  "rollL20": 1.15462,
  "up2": false,
  "dn2": false,
  "source": "twelvedata_repo"
}