{
  "datetime": "2026-03-05 04:45:00",
  "open": 1.16085,
  "high": 1.16089,
  "low": 1.16059,
  "close": 1.16069,
  "rollH20": 1.16258,
  "rollL20": 1.16077,
  "up2": false,
  "dn2": false,
  "source": "twelvedata_repo"
}