{
  "datetime": "2026-04-04 09:40:00",
  "open": 1.15142,
  "high": 1.15145,
  "low": 1.15142,
  "close": 1.15142,
  "rollH20": 1.15209,
  "rollL20": 1.15141,
  "up2": false,
  "dn2": false,
  "source": "twelvedata_repo"
}