{
  "datetime": "2025-12-05 19:30:00",
  "open": 1.1644,
  "high": 1.16455,
  "low": 1.1644,
  "close": 1.16452,
  "rollH20": 1.16491,
  "rollL20": 1.16334,
  "up2": false,
  "dn2": false,
  "source": "twelvedata_repo"
}