{
  "datetime": "2025-11-11 21:45:00",
  "open": 1.15867,
  "high": 1.15867,
  "low": 1.15856,
  "close": 1.15856,
  "rollH20": 1.15931,
  "rollL20": 1.1584,
  "up2": false,
  "dn2": false,
  "source": "twelvedata_repo"
}