{
  "datetime": "2026-01-18 12:25:00",
  "open": 1.16061,
  "high": 1.16063,
  "low": 1.16061,
  "close": 1.16061,
  "rollH20": 1.16066,
  "rollL20": 1.16059,
  "up2": false,
  "dn2": false,
  "source": "twelvedata_repo"
}