{
  "datetime": "2026-03-06 07:40:00",
  "open": 1.16137,
  "high": 1.16151,
  "low": 1.16137,
  "close": 1.1614,
  "rollH20": 1.1618,
  "rollL20": 1.16033,
  "up2": false,
  "dn2": false,
  "source": "twelvedata_repo"
}