{
  "datetime": "2026-04-06 00:45:00",
  "open": 1.15094,
  "high": 1.15115,
  "low": 1.15094,
  "close": 1.15115,
  "rollH20": 1.15167,
  "rollL20": 1.15066,
  "up2": false,
  "dn2": false,
  "source": "twelvedata_repo"
}