{
  "datetime": "2026-01-23 02:50:00",
  "open": 1.17511,
  "high": 1.17521,
  "low": 1.17511,
  "close": 1.17518,
  "rollH20": 1.17539,
  "rollL20": 1.17474,
  "up2": false,
  "dn2": false,
  "source": "twelvedata_repo"
}