{
  "datetime": "2026-02-14 17:40:00",
  "open": 1.1856,
  "high": 1.18696,
  "low": 1.18558,
  "close": 1.1859,
  "rollH20": 1.18713,
  "rollL20": 1.18461,
  "up2": false,
  "dn2": false,
  "source": "twelvedata_repo"
}