{
  "datetime": "2026-02-09 16:50:00",
  "open": 1.19092,
  "high": 1.19146,
  "low": 1.19081,
  "close": 1.19117,
  "rollH20": 1.19262,
  "rollL20": 1.19043,
  "up2": false,
  "dn2": false,
  "source": "twelvedata_repo"
}