{
  "datetime": "2025-11-11 19:55:00",
  "open": 1.15942,
  "high": 1.15942,
  "low": 1.15938,
  "close": 1.15939,
  "rollH20": 1.15992,
  "rollL20": 1.15911,
  "up2": false,
  "dn2": false,
  "source": "twelvedata_repo"
}