{
  "datetime": "2026-04-13 14:45:00",
  "open": 1.17016,
  "high": 1.1702,
  "low": 1.17002,
  "close": 1.17012,
  "rollH20": 1.17018,
  "rollL20": 1.16822,
  "up2": false,
  "dn2": false,
  "source": "twelvedata_repo"
}