{
  "datetime": "2025-09-04 05:35:00",
  "open": 1.1652,
  "high": 1.16537,
  "low": 1.16516,
  "close": 1.16524,
  "rollH20": 1.16561,
  "rollL20": 1.16496,
  "up2": false,
  "dn2": false,
  "source": "twelvedata_repo"
}