{
  "datetime": "2026-05-12 07:35:00",
  "open": 1.17566,
  "high": 1.17586,
  "low": 1.17543,
  "close": 1.17585,
  "rollH20": 1.17637,
  "rollL20": 1.17528,
  "up2": false,
  "dn2": false,
  "source": "twelvedata_repo"
}