{
  "datetime": "2026-03-15 22:45:00",
  "open": 1.14221,
  "high": 1.14226,
  "low": 1.14221,
  "close": 1.14222,
  "rollH20": 1.14342,
  "rollL20": 1.14202,
  "up2": false,
  "dn2": false,
  "source": "twelvedata_repo"
}