{
  "datetime": "2026-01-27 19:20:00",
  "open": 1.19739,
  "high": 1.19743,
  "low": 1.19731,
  "close": 1.19738,
  "rollH20": 1.19908,
  "rollL20": 1.19604,
  "up2": false,
  "dn2": false,
  "source": "twelvedata_repo"
}