{
  "datetime": "2026-03-23 22:35:00",
  "open": 1.16141,
  "high": 1.16144,
  "low": 1.1614,
  "close": 1.16144,
  "rollH20": 1.16162,
  "rollL20": 1.16084,
  "up2": false,
  "dn2": false,
  "source": "twelvedata_repo"
}