{
  "datetime": "2026-03-19 15:40:00",
  "open": 1.15165,
  "high": 1.15174,
  "low": 1.15149,
  "close": 1.15149,
  "rollH20": 1.15358,
  "rollL20": 1.14953,
  "up2": false,
  "dn2": false,
  "source": "twelvedata_repo"
}