{
  "datetime": "2026-03-05 08:00:00",
  "open": 1.16062,
  "high": 1.16064,
  "low": 1.15987,
  "close": 1.15995,
  "rollH20": 1.16184,
  "rollL20": 1.15918,
  "up2": false,
  "dn2": false,
  "source": "twelvedata_repo"
}