{
  "datetime": "2026-02-13 14:40:00",
  "open": 1.18717,
  "high": 1.18721,
  "low": 1.18707,
  "close": 1.18711,
  "rollH20": 1.18862,
  "rollL20": 1.18559,
  "up2": false,
  "dn2": false,
  "source": "twelvedata_repo"
}