{
  "datetime": "2025-10-20 05:35:00",
  "open": 1.16697,
  "high": 1.16717,
  "low": 1.16696,
  "close": 1.16696,
  "rollH20": 1.16703,
  "rollL20": 1.1664,
  "up2": false,
  "dn2": false,
  "source": "twelvedata_repo"
}