{
  "datetime": "2026-01-02 09:50:00",
  "open": 1.17272,
  "high": 1.17295,
  "low": 1.17264,
  "close": 1.17274,
  "rollH20": 1.17476,
  "rollL20": 1.17252,
  "up2": false,
  "dn2": false,
  "source": "twelvedata_repo"
}