{
  "datetime": "2025-09-15 18:40:00",
  "open": 1.17691,
  "high": 1.17692,
  "low": 1.17686,
  "close": 1.17689,
  "rollH20": 1.17744,
  "rollL20": 1.17563,
  "up2": false,
  "dn2": false,
  "source": "twelvedata_repo"
}