{
  "datetime": "2026-01-27 08:40:00",
  "open": 1.18717,
  "high": 1.18744,
  "low": 1.18713,
  "close": 1.18735,
  "rollH20": 1.18817,
  "rollL20": 1.1869,
  "up2": false,
  "dn2": false,
  "source": "twelvedata_repo"
}