{
  "datetime": "2025-10-23 08:40:00",
  "open": 1.15931,
  "high": 1.15943,
  "low": 1.15927,
  "close": 1.1594,
  "rollH20": 1.16035,
  "rollL20": 1.15907,
  "up2": false,
  "dn2": false,
  "source": "twelvedata_repo"
}