{
  "datetime": "2025-11-20 12:45:00",
  "open": 1.15156,
  "high": 1.15163,
  "low": 1.15153,
  "close": 1.15163,
  "rollH20": 1.15294,
  "rollL20": 1.15149,
  "up2": false,
  "dn2": false,
  "source": "twelvedata_repo"
}