{
  "datetime": "2026-01-15 00:25:00",
  "open": 1.16468,
  "high": 1.1647,
  "low": 1.16457,
  "close": 1.16457,
  "rollH20": 1.16472,
  "rollL20": 1.16431,
  "up2": false,
  "dn2": false,
  "source": "twelvedata_repo"
}