{
  "datetime": "2025-10-29 06:45:00",
  "open": 1.16304,
  "high": 1.16325,
  "low": 1.16304,
  "close": 1.16314,
  "rollH20": 1.16376,
  "rollL20": 1.16278,
  "up2": false,
  "dn2": false,
  "source": "twelvedata_repo"
}