{
  "datetime": "2026-06-28 04:20:00",
  "open": 1.13909,
  "high": 1.13912,
  "low": 1.13909,
  "close": 1.13911,
  "rollH20": 1.1395,
  "rollL20": 1.13849,
  "up2": false,
  "dn2": false,
  "source": "twelvedata_repo"
}