{
  "datetime": "2025-09-24 09:55:00",
  "open": 1.17705,
  "high": 1.17714,
  "low": 1.17705,
  "close": 1.17711,
  "rollH20": 1.17946,
  "rollL20": 1.17663,
  "up2": false,
  "dn2": false,
  "source": "twelvedata_repo"
}