{
  "datetime": "2026-07-22 20:35:00",
  "open": 1.14112,
  "high": 1.14116,
  "low": 1.14107,
  "close": 1.14113,
  "rollH20": 1.14126,
  "rollL20": 1.14081,
  "up2": false,
  "dn2": false,
  "source": "twelvedata_repo"
}