{
  "datetime": "2025-09-16 16:45:00",
  "open": 1.18383,
  "high": 1.18383,
  "low": 1.18381,
  "close": 1.18381,
  "rollH20": 1.18531,
  "rollL20": 1.18311,
  "up2": false,
  "dn2": false,
  "source": "twelvedata_repo"
}