{
  "datetime": "2025-10-09 02:30:00",
  "open": 1.16449,
  "high": 1.16453,
  "low": 1.16408,
  "close": 1.16419,
  "rollH20": 1.16448,
  "rollL20": 1.1628,
  "up2": false,
  "dn2": false,
  "source": "twelvedata_repo"
}