{
  "datetime": "2026-03-09 05:55:00",
  "open": 1.15695,
  "high": 1.15699,
  "low": 1.1564,
  "close": 1.15666,
  "rollH20": 1.15705,
  "rollL20": 1.1521,
  "up2": false,
  "dn2": false,
  "source": "twelvedata_repo"
}