{
  "datetime": "2026-02-16 22:30:00",
  "open": 1.18514,
  "high": 1.18518,
  "low": 1.18514,
  "close": 1.18515,
  "rollH20": 1.18552,
  "rollL20": 1.18506,
  "up2": false,
  "dn2": false,
  "source": "twelvedata_repo"
}