{
  "datetime": "2026-05-25 20:35:00",
  "open": 1.16427,
  "high": 1.16438,
  "low": 1.16421,
  "close": 1.16424,
  "rollH20": 1.16443,
  "rollL20": 1.16417,
  "up2": false,
  "dn2": false,
  "source": "twelvedata_repo"
}