{
  "datetime": "2025-11-10 16:25:00",
  "open": 1.15631,
  "high": 1.15637,
  "low": 1.15604,
  "close": 1.15604,
  "rollH20": 1.15718,
  "rollL20": 1.15593,
  "up2": false,
  "dn2": false,
  "source": "twelvedata_repo"
}