{
  "datetime": "2025-10-15 23:15:00",
  "open": 1.16473,
  "high": 1.16477,
  "low": 1.16469,
  "close": 1.16477,
  "rollH20": 1.16478,
  "rollL20": 1.16417,
  "up2": false,
  "dn2": false,
  "source": "twelvedata_repo"
}