{
  "datetime": "2026-05-05 18:15:00",
  "open": 1.16983,
  "high": 1.16985,
  "low": 1.16978,
  "close": 1.16979,
  "rollH20": 1.17136,
  "rollL20": 1.16969,
  "up2": false,
  "dn2": false,
  "source": "twelvedata_repo"
}