{
  "datetime": "2026-03-22 22:10:00",
  "open": 1.1538,
  "high": 1.15402,
  "low": 1.15361,
  "close": 1.15361,
  "rollH20": 1.15557,
  "rollL20": 1.15352,
  "up2": false,
  "dn2": false,
  "source": "twelvedata_repo"
}