{
  "datetime": "2026-03-02 19:40:00",
  "open": 1.17111,
  "high": 1.17112,
  "low": 1.17099,
  "close": 1.17099,
  "rollH20": 1.17126,
  "rollL20": 1.1687,
  "up2": false,
  "dn2": false,
  "source": "twelvedata_repo"
}