{
  "datetime": "2026-02-01 17:25:00",
  "open": 1.18519,
  "high": 1.18523,
  "low": 1.18519,
  "close": 1.18519,
  "rollH20": 1.18578,
  "rollL20": 1.1849,
  "up2": false,
  "dn2": false,
  "source": "twelvedata_repo"
}