{
  "datetime": "2025-11-06 12:10:00",
  "open": 1.15124,
  "high": 1.15126,
  "low": 1.15121,
  "close": 1.15121,
  "rollH20": 1.15177,
  "rollL20": 1.15101,
  "up2": false,
  "dn2": false,
  "source": "twelvedata_repo"
}