{
  "datetime": "2026-03-23 01:30:00",
  "open": 1.15581,
  "high": 1.15583,
  "low": 1.15529,
  "close": 1.15538,
  "rollH20": 1.15644,
  "rollL20": 1.15562,
  "up2": false,
  "dn2": false,
  "source": "twelvedata_repo"
}