{
  "datetime": "2025-10-03 11:30:00",
  "open": 1.17357,
  "high": 1.1736,
  "low": 1.17347,
  "close": 1.17354,
  "rollH20": 1.17446,
  "rollL20": 1.17312,
  "up2": false,
  "dn2": false,
  "source": "twelvedata_repo"
}