{
  "datetime": "2026-02-04 22:00:00",
  "open": 1.18031,
  "high": 1.18038,
  "low": 1.18028,
  "close": 1.18029,
  "rollH20": 1.18098,
  "rollL20": 1.17961,
  "up2": false,
  "dn2": false,
  "source": "twelvedata_repo"
}