{
  "datetime": "2026-01-24 11:55:00",
  "open": 1.18234,
  "high": 1.18236,
  "low": 1.18233,
  "close": 1.18234,
  "rollH20": 1.18241,
  "rollL20": 1.1823,
  "up2": false,
  "dn2": false,
  "source": "twelvedata_repo"
}