{
  "datetime": "2026-06-26 07:15:00",
  "open": 1.13752,
  "high": 1.13761,
  "low": 1.13742,
  "close": 1.13745,
  "rollH20": 1.13823,
  "rollL20": 1.13685,
  "up2": false,
  "dn2": false,
  "source": "twelvedata_repo"
}