{
  "datetime": "2026-01-28 08:30:00",
  "open": 1.20046,
  "high": 1.20048,
  "low": 1.20011,
  "close": 1.20026,
  "rollH20": 1.20233,
  "rollL20": 1.19894,
  "up2": false,
  "dn2": false,
  "source": "twelvedata_repo"
}