{
  "datetime": "2026-02-03 00:15:00",
  "open": 1.17939,
  "high": 1.17949,
  "low": 1.17939,
  "close": 1.17948,
  "rollH20": 1.17942,
  "rollL20": 1.17874,
  "up2": false,
  "dn2": false,
  "source": "twelvedata_repo"
}