{
  "datetime": "2026-02-04 19:25:00",
  "open": 1.17969,
  "high": 1.17997,
  "low": 1.17969,
  "close": 1.17996,
  "rollH20": 1.18157,
  "rollL20": 1.17948,
  "up2": false,
  "dn2": false,
  "source": "twelvedata_repo"
}