{
  "datetime": "2026-01-29 20:20:00",
  "open": 1.19567,
  "high": 1.19582,
  "low": 1.19567,
  "close": 1.19577,
  "rollH20": 1.19634,
  "rollL20": 1.19484,
  "up2": false,
  "dn2": false,
  "source": "twelvedata_repo"
}