{
  "datetime": "2025-09-30 10:30:00",
  "open": 1.1746,
  "high": 1.17472,
  "low": 1.1746,
  "close": 1.17466,
  "rollH20": 1.17611,
  "rollL20": 1.17389,
  "up2": false,
  "dn2": false,
  "source": "twelvedata_repo"
}