{
  "datetime": "2026-01-17 00:30:00",
  "open": 1.16046,
  "high": 1.16047,
  "low": 1.15986,
  "close": 1.16007,
  "rollH20": 1.16065,
  "rollL20": 1.15983,
  "up2": false,
  "dn2": false,
  "source": "twelvedata_repo"
}