{
  "datetime": "2026-06-24 07:15:00",
  "open": 1.13745,
  "high": 1.13757,
  "low": 1.13667,
  "close": 1.13669,
  "rollH20": 1.13754,
  "rollL20": 1.13619,
  "up2": false,
  "dn2": false,
  "source": "twelvedata_repo"
}