{
  "datetime": "2026-06-07 11:55:00",
  "open": 1.15234,
  "high": 1.15239,
  "low": 1.15232,
  "close": 1.15233,
  "rollH20": 1.15239,
  "rollL20": 1.15232,
  "up2": false,
  "dn2": false,
  "source": "twelvedata_repo"
}