{
  "datetime": "2026-01-27 11:25:00",
  "open": 1.18826,
  "high": 1.1883,
  "low": 1.18818,
  "close": 1.1882,
  "rollH20": 1.18919,
  "rollL20": 1.18519,
  "up2": false,
  "dn2": false,
  "source": "twelvedata_repo"
}