{
  "datetime": "2025-11-18 20:45:00",
  "open": 1.15847,
  "high": 1.1585,
  "low": 1.15844,
  "close": 1.15847,
  "rollH20": 1.1586,
  "rollL20": 1.15755,
  "up2": false,
  "dn2": false,
  "source": "twelvedata_repo"
}