{
  "datetime": "2025-10-22 04:55:00",
  "open": 1.16068,
  "high": 1.16084,
  "low": 1.16068,
  "close": 1.16077,
  "rollH20": 1.16108,
  "rollL20": 1.16046,
  "up2": false,
  "dn2": false,
  "source": "twelvedata_repo"
}