{
  "datetime": "2026-03-15 04:30:00",
  "open": 1.14588,
  "high": 1.14593,
  "low": 1.14587,
  "close": 1.14588,
  "rollH20": 1.14707,
  "rollL20": 1.14587,
  "up2": false,
  "dn2": false,
  "source": "twelvedata_repo"
}