{
  "datetime": "2026-02-12 13:25:00",
  "open": 1.1882,
  "high": 1.18825,
  "low": 1.1882,
  "close": 1.18824,
  "rollH20": 1.18864,
  "rollL20": 1.1875,
  "up2": false,
  "dn2": false,
  "source": "twelvedata_repo"
}