{
  "datetime": "2025-12-25 22:55:00",
  "open": 1.17854,
  "high": 1.17882,
  "low": 1.1783,
  "close": 1.17863,
  "rollH20": 1.1792,
  "rollL20": 1.17738,
  "up2": false,
  "dn2": false,
  "source": "twelvedata_repo"
}