{
  "datetime": "2026-03-04 22:10:00",
  "open": 1.16314,
  "high": 1.1632,
  "low": 1.16311,
  "close": 1.16316,
  "rollH20": 1.16444,
  "rollL20": 1.16302,
  "up2": false,
  "dn2": false,
  "source": "twelvedata_repo"
}