{
  "datetime": "2026-01-29 19:10:00",
  "open": 1.19587,
  "high": 1.19589,
  "low": 1.19565,
  "close": 1.19572,
  "rollH20": 1.19607,
  "rollL20": 1.19295,
  "up2": false,
  "dn2": false,
  "source": "twelvedata_repo"
}