{
  "datetime": "2026-02-22 19:55:00",
  "open": 1.17854,
  "high": 1.17865,
  "low": 1.17854,
  "close": 1.17862,
  "rollH20": 1.17954,
  "rollL20": 1.17767,
  "up2": false,
  "dn2": false,
  "source": "twelvedata_repo"
}