{
  "datetime": "2026-06-02 00:10:00",
  "open": 1.16355,
  "high": 1.16357,
  "low": 1.16349,
  "close": 1.16355,
  "rollH20": 1.16368,
  "rollL20": 1.16316,
  "up2": false,
  "dn2": false,
  "source": "twelvedata_repo"
}