{
  "datetime": "2026-01-22 09:25:00",
  "open": 1.16936,
  "high": 1.16947,
  "low": 1.16909,
  "close": 1.16925,
  "rollH20": 1.16962,
  "rollL20": 1.16851,
  "up2": false,
  "dn2": false,
  "source": "twelvedata_repo"
}