{
  "datetime": "2025-12-04 21:25:00",
  "open": 1.16494,
  "high": 1.16495,
  "low": 1.16485,
  "close": 1.16485,
  "rollH20": 1.16598,
  "rollL20": 1.16472,
  "up2": false,
  "dn2": false,
  "source": "twelvedata_repo"
}