{
  "datetime": "2026-01-26 10:35:00",
  "open": 1.18624,
  "high": 1.1863,
  "low": 1.18624,
  "close": 1.1863,
  "rollH20": 1.18624,
  "rollL20": 1.1837,
  "up2": false,
  "dn2": false,
  "source": "twelvedata_repo"
}