{
  "datetime": "2026-04-17 18:10:00",
  "open": 1.17889,
  "high": 1.17907,
  "low": 1.17887,
  "close": 1.17901,
  "rollH20": 1.18095,
  "rollL20": 1.17857,
  "up2": false,
  "dn2": false,
  "source": "twelvedata_repo"
}