{
  "datetime": "2026-02-04 09:35:00",
  "open": 1.18261,
  "high": 1.18268,
  "low": 1.18254,
  "close": 1.1826,
  "rollH20": 1.18375,
  "rollL20": 1.18255,
  "up2": false,
  "dn2": false,
  "source": "twelvedata_repo"
}