{
  "datetime": "2025-11-26 14:50:00",
  "open": 1.15569,
  "high": 1.15569,
  "low": 1.15549,
  "close": 1.15557,
  "rollH20": 1.15832,
  "rollL20": 1.15566,
  "up2": false,
  "dn2": false,
  "source": "twelvedata_repo"
}