{
  "datetime": "2026-06-09 04:15:00",
  "open": 1.15395,
  "high": 1.15403,
  "low": 1.15387,
  "close": 1.15389,
  "rollH20": 1.15407,
  "rollL20": 1.15359,
  "up2": false,
  "dn2": false,
  "source": "twelvedata_repo"
}