{
  "datetime": "2025-10-17 09:25:00",
  "open": 1.16987,
  "high": 1.17007,
  "low": 1.16985,
  "close": 1.17003,
  "rollH20": 1.1716,
  "rollL20": 1.16943,
  "up2": false,
  "dn2": false,
  "source": "twelvedata_repo"
}