{
  "datetime": "2026-04-11 10:40:00",
  "open": 1.17184,
  "high": 1.17185,
  "low": 1.17183,
  "close": 1.17185,
  "rollH20": 1.17221,
  "rollL20": 1.17179,
  "up2": false,
  "dn2": false,
  "source": "twelvedata_repo"
}