{
  "datetime": "2026-04-10 19:30:00",
  "open": 1.17293,
  "high": 1.17313,
  "low": 1.17292,
  "close": 1.17313,
  "rollH20": 1.17298,
  "rollL20": 1.17155,
  "up2": false,
  "dn2": false,
  "source": "twelvedata_repo"
}