{
  "datetime": "2026-04-05 19:35:00",
  "open": 1.15141,
  "high": 1.15146,
  "low": 1.1514,
  "close": 1.15144,
  "rollH20": 1.15253,
  "rollL20": 1.15114,
  "up2": false,
  "dn2": false,
  "source": "twelvedata_repo"
}