{
  "datetime": "2026-01-11 15:25:00",
  "open": 1.16335,
  "high": 1.16339,
  "low": 1.16335,
  "close": 1.16335,
  "rollH20": 1.16345,
  "rollL20": 1.16332,
  "up2": false,
  "dn2": false,
  "source": "twelvedata_repo"
}