{
  "datetime": "2026-03-02 13:10:00",
  "open": 1.17004,
  "high": 1.17007,
  "low": 1.16973,
  "close": 1.16992,
  "rollH20": 1.17402,
  "rollL20": 1.16999,
  "up2": false,
  "dn2": false,
  "source": "twelvedata_repo"
}