{
  "datetime": "2025-12-30 20:55:00",
  "open": 1.17471,
  "high": 1.17471,
  "low": 1.17465,
  "close": 1.17466,
  "rollH20": 1.17593,
  "rollL20": 1.17459,
  "up2": false,
  "dn2": false,
  "source": "twelvedata_repo"
}