{
  "datetime": "2025-10-09 06:30:00",
  "open": 1.16445,
  "high": 1.16445,
  "low": 1.1644,
  "close": 1.16441,
  "rollH20": 1.1648,
  "rollL20": 1.16419,
  "up2": false,
  "dn2": false,
  "source": "twelvedata_repo"
}