{
  "datetime": "2025-10-07 21:30:00",
  "open": 1.16539,
  "high": 1.16544,
  "low": 1.1653,
  "close": 1.16531,
  "rollH20": 1.16619,
  "rollL20": 1.16477,
  "up2": false,
  "dn2": false,
  "source": "twelvedata_repo"
}