{
  "datetime": "2026-04-26 18:40:00",
  "open": 1.17173,
  "high": 1.17178,
  "low": 1.17173,
  "close": 1.17173,
  "rollH20": 1.17214,
  "rollL20": 1.17146,
  "up2": false,
  "dn2": false,
  "source": "twelvedata_repo"
}