{
  "datetime": "2026-01-15 00:40:00",
  "open": 1.16458,
  "high": 1.16463,
  "low": 1.16455,
  "close": 1.16457,
  "rollH20": 1.16472,
  "rollL20": 1.16431,
  "up2": false,
  "dn2": false,
  "source": "twelvedata_repo"
}