{
  "datetime": "2026-03-15 07:45:00",
  "open": 1.14674,
  "high": 1.14676,
  "low": 1.14674,
  "close": 1.14676,
  "rollH20": 1.1469,
  "rollL20": 1.14632,
  "up2": false,
  "dn2": false,
  "source": "twelvedata_repo"
}