{
  "datetime": "2026-01-08 13:55:00",
  "open": 1.16735,
  "high": 1.16735,
  "low": 1.16696,
  "close": 1.16718,
  "rollH20": 1.16792,
  "rollL20": 1.16711,
  "up2": false,
  "dn2": false,
  "source": "twelvedata_repo"
}