{
  "datetime": "2025-10-08 10:40:00",
  "open": 1.1618,
  "high": 1.16182,
  "low": 1.16127,
  "close": 1.16134,
  "rollH20": 1.16355,
  "rollL20": 1.16107,
  "up2": false,
  "dn2": false,
  "source": "twelvedata_repo"
}