{
  "datetime": "2026-02-05 05:55:00",
  "open": 1.17902,
  "high": 1.17905,
  "low": 1.179,
  "close": 1.17902,
  "rollH20": 1.17916,
  "rollL20": 1.17858,
  "up2": false,
  "dn2": false,
  "source": "twelvedata_repo"
}