{
  "datetime": "2026-03-10 14:05:00",
  "open": 1.16296,
  "high": 1.16301,
  "low": 1.16294,
  "close": 1.16299,
  "rollH20": 1.16473,
  "rollL20": 1.16246,
  "up2": false,
  "dn2": false,
  "source": "twelvedata_repo"
}