{
  "datetime": "2025-12-22 23:55:00",
  "open": 1.17606,
  "high": 1.17606,
  "low": 1.17605,
  "close": 1.17606,
  "rollH20": 1.17625,
  "rollL20": 1.17568,
  "up2": false,
  "dn2": false,
  "source": "twelvedata_repo"
}