{
  "datetime": "2025-10-03 10:25:00",
  "open": 1.17326,
  "high": 1.17346,
  "low": 1.17323,
  "close": 1.17334,
  "rollH20": 1.17446,
  "rollL20": 1.17281,
  "up2": false,
  "dn2": false,
  "source": "twelvedata_repo"
}