{
  "datetime": "2026-02-07 03:00:00",
  "open": 1.18085,
  "high": 1.18088,
  "low": 1.18085,
  "close": 1.18086,
  "rollH20": 1.18148,
  "rollL20": 1.18081,
  "up2": false,
  "dn2": false,
  "source": "twelvedata_repo"
}