{
  "datetime": "2026-05-09 22:00:00",
  "open": 1.17867,
  "high": 1.1787,
  "low": 1.17867,
  "close": 1.17867,
  "rollH20": 1.17925,
  "rollL20": 1.17801,
  "up2": false,
  "dn2": false,
  "source": "twelvedata_repo"
}