{
  "datetime": "2025-10-07 08:40:00",
  "open": 1.16759,
  "high": 1.1677,
  "low": 1.16747,
  "close": 1.1675,
  "rollH20": 1.16918,
  "rollL20": 1.16751,
  "up2": false,
  "dn2": false,
  "source": "twelvedata_repo"
}