{
  "datetime": "2025-12-30 22:30:00",
  "open": 1.17465,
  "high": 1.17467,
  "low": 1.17451,
  "close": 1.17458,
  "rollH20": 1.17503,
  "rollL20": 1.1744,
  "up2": false,
  "dn2": false,
  "source": "twelvedata_repo"
}