{
  "datetime": "2026-01-15 23:30:00",
  "open": 1.16089,
  "high": 1.16097,
  "low": 1.16082,
  "close": 1.16085,
  "rollH20": 1.16111,
  "rollL20": 1.16038,
  "up2": false,
  "dn2": false,
  "source": "twelvedata_repo"
}