{
  "datetime": "2026-07-14 12:05:00",
  "open": 1.13911,
  "high": 1.13933,
  "low": 1.13903,
  "close": 1.13931,
  "rollH20": 1.14028,
  "rollL20": 1.13903,
  "up2": false,
  "dn2": false,
  "source": "twelvedata_repo"
}