{
  "datetime": "2025-10-10 06:30:00",
  "open": 1.15748,
  "high": 1.15756,
  "low": 1.15742,
  "close": 1.15752,
  "rollH20": 1.15774,
  "rollL20": 1.15675,
  "up2": false,
  "dn2": false,
  "source": "twelvedata_repo"
}