{
  "datetime": "2026-03-03 07:45:00",
  "open": 1.16513,
  "high": 1.16586,
  "low": 1.16487,
  "close": 1.16506,
  "rollH20": 1.16715,
  "rollL20": 1.16487,
  "up2": false,
  "dn2": false,
  "source": "twelvedata_repo"
}