{
  "datetime": "2025-12-17 09:45:00",
  "open": 1.17165,
  "high": 1.17182,
  "low": 1.17165,
  "close": 1.17176,
  "rollH20": 1.17211,
  "rollL20": 1.17046,
  "up2": false,
  "dn2": false,
  "source": "twelvedata_repo"
}