{
  "datetime": "2025-10-21 03:55:00",
  "open": 1.16346,
  "high": 1.16351,
  "low": 1.16335,
  "close": 1.16338,
  "rollH20": 1.16518,
  "rollL20": 1.16327,
  "up2": false,
  "dn2": false,
  "source": "twelvedata_repo"
}