{
  "datetime": "2025-10-10 22:40:00",
  "open": 1.16131,
  "high": 1.16131,
  "low": 1.16131,
  "close": 1.16131,
  "rollH20": 1.16285,
  "rollL20": 1.16039,
  "up2": false,
  "dn2": false,
  "source": "twelvedata_repo"
}