{
  "datetime": "2026-01-29 07:10:00",
  "open": 1.19796,
  "high": 1.198,
  "low": 1.19765,
  "close": 1.19768,
  "rollH20": 1.19934,
  "rollL20": 1.19797,
  "up2": false,
  "dn2": false,
  "source": "twelvedata_repo"
}