{
  "datetime": "2026-04-25 23:55:00",
  "open": 1.17199,
  "high": 1.17204,
  "low": 1.17198,
  "close": 1.17198,
  "rollH20": 1.17229,
  "rollL20": 1.17176,
  "up2": false,
  "dn2": false,
  "source": "twelvedata_repo"
}