{
  "datetime": "2026-01-06 03:45:00",
  "open": 1.17274,
  "high": 1.17281,
  "low": 1.17274,
  "close": 1.17281,
  "rollH20": 1.17277,
  "rollL20": 1.17129,
  "up2": false,
  "dn2": false,
  "source": "twelvedata_repo"
}