{
  "datetime": "2026-01-10 23:50:00",
  "open": 1.16344,
  "high": 1.16347,
  "low": 1.16344,
  "close": 1.16347,
  "rollH20": 1.16351,
  "rollL20": 1.16341,
  "up2": false,
  "dn2": false,
  "source": "twelvedata_repo"
}