{
  "datetime": "2026-03-18 00:50:00",
  "open": 1.15358,
  "high": 1.15359,
  "low": 1.15356,
  "close": 1.15357,
  "rollH20": 1.15435,
  "rollL20": 1.15338,
  "up2": false,
  "dn2": false,
  "source": "twelvedata_repo"
}