{
  "datetime": "2025-10-27 06:10:00",
  "open": 1.16231,
  "high": 1.16231,
  "low": 1.16231,
  "close": 1.16231,
  "rollH20": 1.16316,
  "rollL20": 1.16212,
  "up2": false,
  "dn2": false,
  "source": "twelvedata_repo"
}