{
  "datetime": "2026-06-13 17:15:00",
  "open": 1.15686,
  "high": 1.1578,
  "low": 1.15684,
  "close": 1.15704,
  "rollH20": 1.15788,
  "rollL20": 1.15648,
  "up2": false,
  "dn2": false,
  "source": "twelvedata_repo"
}