{
  "datetime": "2026-01-27 12:20:00",
  "open": 1.18877,
  "high": 1.18881,
  "low": 1.18858,
  "close": 1.18867,
  "rollH20": 1.1892,
  "rollL20": 1.18687,
  "up2": false,
  "dn2": false,
  "source": "twelvedata_repo"
}