{
  "datetime": "2026-04-02 06:45:00",
  "open": 1.1536,
  "high": 1.1536,
  "low": 1.15359,
  "close": 1.15359,
  "rollH20": 1.15416,
  "rollL20": 1.15318,
  "up2": false,
  "dn2": false,
  "source": "twelvedata_repo"
}