{
  "datetime": "2026-05-31 19:20:00",
  "open": 1.16603,
  "high": 1.16608,
  "low": 1.16601,
  "close": 1.16602,
  "rollH20": 1.16611,
  "rollL20": 1.16583,
  "up2": false,
  "dn2": false,
  "source": "twelvedata_repo"
}