{
  "datetime": "2026-04-13 09:25:00",
  "open": 1.16935,
  "high": 1.16937,
  "low": 1.16913,
  "close": 1.16922,
  "rollH20": 1.16998,
  "rollL20": 1.16785,
  "up2": false,
  "dn2": false,
  "source": "twelvedata_repo"
}