{
  "datetime": "2025-12-15 12:35:00",
  "open": 1.17478,
  "high": 1.17481,
  "low": 1.17472,
  "close": 1.17477,
  "rollH20": 1.1749,
  "rollL20": 1.174,
  "up2": false,
  "dn2": false,
  "source": "twelvedata_repo"
}