{
  "datetime": "2026-07-20 18:55:00",
  "open": 1.14137,
  "high": 1.14149,
  "low": 1.14137,
  "close": 1.14147,
  "rollH20": 1.14171,
  "rollL20": 1.14099,
  "up2": false,
  "dn2": false,
  "source": "twelvedata_repo"
}