{
  "datetime": "2026-06-19 13:15:00",
  "open": 1.14672,
  "high": 1.14673,
  "low": 1.14654,
  "close": 1.14658,
  "rollH20": 1.14682,
  "rollL20": 1.14561,
  "up2": false,
  "dn2": false,
  "source": "twelvedata_repo"
}