{
  "datetime": "2026-05-27 15:30:00",
  "open": 1.16481,
  "high": 1.16496,
  "low": 1.16481,
  "close": 1.16493,
  "rollH20": 1.16556,
  "rollL20": 1.16374,
  "up2": false,
  "dn2": false,
  "source": "twelvedata_repo"
}