{
  "datetime": "2026-05-01 10:30:00",
  "open": 1.1734,
  "high": 1.17356,
  "low": 1.17339,
  "close": 1.17348,
  "rollH20": 1.17471,
  "rollL20": 1.17317,
  "up2": false,
  "dn2": false,
  "source": "twelvedata_repo"
}