{
  "datetime": "2026-01-10 15:40:00",
  "open": 1.16348,
  "high": 1.16353,
  "low": 1.16347,
  "close": 1.16347,
  "rollH20": 1.16363,
  "rollL20": 1.16346,
  "up2": false,
  "dn2": false,
  "source": "twelvedata_repo"
}