{
  "datetime": "2026-01-06 22:10:00",
  "open": 1.16879,
  "high": 1.1688,
  "low": 1.16878,
  "close": 1.16879,
  "rollH20": 1.16936,
  "rollL20": 1.16844,
  "up2": false,
  "dn2": false,
  "source": "twelvedata_repo"
}