{
  "datetime": "2025-10-24 16:35:00",
  "open": 1.16291,
  "high": 1.16294,
  "low": 1.16273,
  "close": 1.16273,
  "rollH20": 1.16357,
  "rollL20": 1.16193,
  "up2": false,
  "dn2": false,
  "source": "twelvedata_repo"
}