{
  "datetime": "2026-02-06 15:00:00",
  "open": 1.18102,
  "high": 1.18151,
  "low": 1.18102,
  "close": 1.18143,
  "rollH20": 1.18115,
  "rollL20": 1.17895,
  "up2": false,
  "dn2": false,
  "source": "twelvedata_repo"
}