{
  "datetime": "2025-12-03 07:50:00",
  "open": 1.16426,
  "high": 1.16441,
  "low": 1.16426,
  "close": 1.1644,
  "rollH20": 1.16476,
  "rollL20": 1.16413,
  "up2": false,
  "dn2": false,
  "source": "twelvedata_repo"
}