{
  "datetime": "2026-01-25 17:15:00",
  "open": 1.18126,
  "high": 1.18129,
  "low": 1.18125,
  "close": 1.18129,
  "rollH20": 1.18131,
  "rollL20": 1.18069,
  "up2": false,
  "dn2": false,
  "source": "twelvedata_repo"
}