{
  "datetime": "2026-01-24 00:30:00",
  "open": 1.18281,
  "high": 1.18282,
  "low": 1.18273,
  "close": 1.18273,
  "rollH20": 1.18298,
  "rollL20": 1.18232,
  "up2": false,
  "dn2": false,
  "source": "twelvedata_repo"
}