{
  "datetime": "2026-01-23 13:10:00",
  "open": 1.17381,
  "high": 1.17385,
  "low": 1.17376,
  "close": 1.1738,
  "rollH20": 1.17407,
  "rollL20": 1.17317,
  "up2": false,
  "dn2": false,
  "source": "twelvedata_repo"
}