{
  "datetime": "2025-12-18 17:55:00",
  "open": 1.1727,
  "high": 1.17275,
  "low": 1.17269,
  "close": 1.17269,
  "rollH20": 1.17454,
  "rollL20": 1.17198,
  "up2": false,
  "dn2": false,
  "source": "twelvedata_repo"
}