{
  "datetime": "2025-12-29 11:10:00",
  "open": 1.17748,
  "high": 1.17755,
  "low": 1.17745,
  "close": 1.17753,
  "rollH20": 1.17887,
  "rollL20": 1.17726,
  "up2": false,
  "dn2": false,
  "source": "twelvedata_repo"
}