{
  "datetime": "2025-10-06 23:45:00",
  "open": 1.17137,
  "high": 1.17137,
  "low": 1.17123,
  "close": 1.17123,
  "rollH20": 1.17206,
  "rollL20": 1.17079,
  "up2": false,
  "dn2": false,
  "source": "twelvedata_repo"
}