{
  "datetime": "2026-06-06 16:05:00",
  "open": 1.15235,
  "high": 1.15235,
  "low": 1.15209,
  "close": 1.15221,
  "rollH20": 1.15246,
  "rollL20": 1.15206,
  "up2": false,
  "dn2": false,
  "source": "twelvedata_repo"
}