{
  "datetime": "2025-10-08 22:15:00",
  "open": 1.16217,
  "high": 1.16259,
  "low": 1.16211,
  "close": 1.1625,
  "rollH20": 1.16322,
  "rollL20": 1.1623,
  "up2": false,
  "dn2": false,
  "source": "twelvedata_repo"
}