{
  "datetime": "2026-01-13 12:55:00",
  "open": 1.1667,
  "high": 1.16682,
  "low": 1.1667,
  "close": 1.1668,
  "rollH20": 1.16725,
  "rollL20": 1.16645,
  "up2": false,
  "dn2": false,
  "source": "twelvedata_repo"
}