{
  "datetime": "2026-03-04 20:25:00",
  "open": 1.16408,
  "high": 1.16414,
  "low": 1.16402,
  "close": 1.1641,
  "rollH20": 1.16423,
  "rollL20": 1.1624,
  "up2": false,
  "dn2": false,
  "source": "twelvedata_repo"
}