{
  "datetime": "2026-07-16 18:10:00",
  "open": 1.14321,
  "high": 1.14325,
  "low": 1.14314,
  "close": 1.14324,
  "rollH20": 1.14498,
  "rollL20": 1.14313,
  "up2": false,
  "dn2": false,
  "source": "twelvedata_repo"
}