{
  "datetime": "2026-06-25 21:45:00",
  "open": 1.13726,
  "high": 1.13726,
  "low": 1.13715,
  "close": 1.13722,
  "rollH20": 1.13801,
  "rollL20": 1.13688,
  "up2": false,
  "dn2": false,
  "source": "twelvedata_repo"
}