{
  "datetime": "2026-03-12 11:45:00",
  "open": 1.15627,
  "high": 1.15634,
  "low": 1.15617,
  "close": 1.15621,
  "rollH20": 1.15647,
  "rollL20": 1.15505,
  "up2": false,
  "dn2": false,
  "source": "twelvedata_repo"
}