{
  "datetime": "2025-12-30 09:10:00",
  "open": 1.17672,
  "high": 1.17689,
  "low": 1.1767,
  "close": 1.17678,
  "rollH20": 1.17801,
  "rollL20": 1.17669,
  "up2": false,
  "dn2": false,
  "source": "twelvedata_repo"
}