{
  "datetime": "2026-01-14 16:45:00",
  "open": 1.16522,
  "high": 1.16541,
  "low": 1.16522,
  "close": 1.16541,
  "rollH20": 1.16595,
  "rollL20": 1.16504,
  "up2": false,
  "dn2": false,
  "source": "twelvedata_repo"
}