{
  "datetime": "2026-02-19 15:40:00",
  "open": 1.17664,
  "high": 1.17669,
  "low": 1.17664,
  "close": 1.17668,
  "rollH20": 1.17715,
  "rollL20": 1.17428,
  "up2": false,
  "dn2": false,
  "source": "twelvedata_repo"
}