{
  "datetime": "2026-03-26 12:10:00",
  "open": 1.15571,
  "high": 1.15575,
  "low": 1.15533,
  "close": 1.15533,
  "rollH20": 1.15645,
  "rollL20": 1.15542,
  "up2": false,
  "dn2": false,
  "source": "twelvedata_repo"
}