{
  "datetime": "2026-03-07 13:30:00",
  "open": 1.16178,
  "high": 1.16183,
  "low": 1.16177,
  "close": 1.16177,
  "rollH20": 1.16188,
  "rollL20": 1.16169,
  "up2": false,
  "dn2": false,
  "source": "twelvedata_repo"
}