{
  "datetime": "2026-07-01 23:50:00",
  "open": 1.13789,
  "high": 1.13794,
  "low": 1.13789,
  "close": 1.13794,
  "rollH20": 1.13806,
  "rollL20": 1.13771,
  "up2": false,
  "dn2": false,
  "source": "twelvedata_repo"
}