{
  "datetime": "2026-02-21 02:40:00",
  "open": 1.17836,
  "high": 1.17841,
  "low": 1.17834,
  "close": 1.17838,
  "rollH20": 1.17858,
  "rollL20": 1.17832,
  "up2": false,
  "dn2": false,
  "source": "twelvedata_repo"
}