{
  "datetime": "2025-12-11 23:45:00",
  "open": 1.17396,
  "high": 1.17402,
  "low": 1.17387,
  "close": 1.17392,
  "rollH20": 1.1744,
  "rollL20": 1.17363,
  "up2": false,
  "dn2": false,
  "source": "twelvedata_repo"
}