{
  "datetime": "2025-12-09 01:50:00",
  "open": 1.1641,
  "high": 1.16415,
  "low": 1.16409,
  "close": 1.16409,
  "rollH20": 1.16431,
  "rollL20": 1.16372,
  "up2": false,
  "dn2": false,
  "source": "twelvedata_repo"
}