{
  "datetime": "2026-04-03 15:00:00",
  "open": 1.15354,
  "high": 1.15361,
  "low": 1.15322,
  "close": 1.15322,
  "rollH20": 1.15458,
  "rollL20": 1.15198,
  "up2": false,
  "dn2": false,
  "source": "twelvedata_repo"
}