{
  "datetime": "2026-07-17 09:50:00",
  "open": 1.14426,
  "high": 1.14432,
  "low": 1.14401,
  "close": 1.14408,
  "rollH20": 1.145,
  "rollL20": 1.14361,
  "up2": false,
  "dn2": false,
  "source": "twelvedata_repo"
}