{
  "datetime": "2025-10-29 08:40:00",
  "open": 1.16312,
  "high": 1.16315,
  "low": 1.16305,
  "close": 1.16315,
  "rollH20": 1.16372,
  "rollL20": 1.16254,
  "up2": false,
  "dn2": false,
  "source": "twelvedata_repo"
}