{
  "datetime": "2026-02-03 09:00:00",
  "open": 1.18167,
  "high": 1.18171,
  "low": 1.1815,
  "close": 1.18154,
  "rollH20": 1.18237,
  "rollL20": 1.18106,
  "up2": false,
  "dn2": false,
  "source": "twelvedata_repo"
}