{
  "datetime": "2026-04-22 00:20:00",
  "open": 1.17403,
  "high": 1.17411,
  "low": 1.17403,
  "close": 1.17411,
  "rollH20": 1.1745,
  "rollL20": 1.17379,
  "up2": false,
  "dn2": false,
  "source": "twelvedata_repo"
}