{
  "datetime": "2026-01-02 15:55:00",
  "open": 1.17267,
  "high": 1.17296,
  "low": 1.17267,
  "close": 1.1728,
  "rollH20": 1.17309,
  "rollL20": 1.17164,
  "up2": false,
  "dn2": false,
  "source": "twelvedata_repo"
}