{
  "datetime": "2025-12-10 08:15:00",
  "open": 1.16376,
  "high": 1.16385,
  "low": 1.16374,
  "close": 1.16377,
  "rollH20": 1.16388,
  "rollL20": 1.16285,
  "up2": false,
  "dn2": false,
  "source": "twelvedata_repo"
}