{
  "datetime": "2026-01-23 12:25:00",
  "open": 1.17383,
  "high": 1.17386,
  "low": 1.17375,
  "close": 1.17375,
  "rollH20": 1.17423,
  "rollL20": 1.17308,
  "up2": false,
  "dn2": false,
  "source": "twelvedata_repo"
}