{
  "datetime": "2025-10-17 08:25:00",
  "open": 1.16977,
  "high": 1.17038,
  "low": 1.16943,
  "close": 1.17033,
  "rollH20": 1.17283,
  "rollL20": 1.16952,
  "up2": false,
  "dn2": false,
  "source": "twelvedata_repo"
}