{
  "datetime": "2025-12-19 15:40:00",
  "open": 1.17344,
  "high": 1.17345,
  "low": 1.1733,
  "close": 1.17334,
  "rollH20": 1.17382,
  "rollL20": 1.17041,
  "up2": false,
  "dn2": false,
  "source": "twelvedata_repo"
}