{
  "datetime": "2026-06-06 13:05:00",
  "open": 1.15213,
  "high": 1.15221,
  "low": 1.15211,
  "close": 1.15218,
  "rollH20": 1.15243,
  "rollL20": 1.15205,
  "up2": false,
  "dn2": false,
  "source": "twelvedata_repo"
}