{
  "datetime": "2026-01-24 21:40:00",
  "open": 1.18236,
  "high": 1.18241,
  "low": 1.18235,
  "close": 1.18239,
  "rollH20": 1.1825,
  "rollL20": 1.18229,
  "up2": false,
  "dn2": false,
  "source": "twelvedata_repo"
}