{
  "datetime": "2025-11-06 09:40:00",
  "open": 1.15085,
  "high": 1.1509,
  "low": 1.15067,
  "close": 1.15067,
  "rollH20": 1.15152,
  "rollL20": 1.15067,
  "up2": false,
  "dn2": false,
  "source": "twelvedata_repo"
}