{
  "datetime": "2025-12-23 00:30:00",
  "open": 1.17645,
  "high": 1.17648,
  "low": 1.1764,
  "close": 1.17645,
  "rollH20": 1.17656,
  "rollL20": 1.17568,
  "up2": false,
  "dn2": false,
  "source": "twelvedata_repo"
}