{
  "datetime": "2026-06-12 22:30:00",
  "open": 1.15719,
  "high": 1.15762,
  "low": 1.15659,
  "close": 1.15726,
  "rollH20": 1.15786,
  "rollL20": 1.1563,
  "up2": false,
  "dn2": false,
  "source": "twelvedata_repo"
}