{
  "datetime": "2026-03-04 00:40:00",
  "open": 1.15982,
  "high": 1.15983,
  "low": 1.15967,
  "close": 1.15968,
  "rollH20": 1.16203,
  "rollL20": 1.15976,
  "up2": false,
  "dn2": false,
  "source": "twelvedata_repo"
}