{
  "datetime": "2025-12-30 11:25:00",
  "open": 1.17749,
  "high": 1.1775,
  "low": 1.17721,
  "close": 1.17734,
  "rollH20": 1.17788,
  "rollL20": 1.17649,
  "up2": false,
  "dn2": false,
  "source": "twelvedata_repo"
}