{
  "datetime": "2026-05-22 19:45:00",
  "open": 1.16119,
  "high": 1.16128,
  "low": 1.16119,
  "close": 1.16123,
  "rollH20": 1.16202,
  "rollL20": 1.1609,
  "up2": false,
  "dn2": false,
  "source": "twelvedata_repo"
}