{
  "datetime": "2026-02-27 16:05:00",
  "open": 1.18124,
  "high": 1.18168,
  "low": 1.18119,
  "close": 1.18168,
  "rollH20": 1.18162,
  "rollL20": 1.17967,
  "up2": false,
  "dn2": false,
  "source": "twelvedata_repo"
}