{
  "datetime": "2025-10-22 14:40:00",
  "open": 1.15964,
  "high": 1.15964,
  "low": 1.15947,
  "close": 1.15953,
  "rollH20": 1.15975,
  "rollL20": 1.15769,
  "up2": false,
  "dn2": false,
  "source": "twelvedata_repo"
}