{
  "datetime": "2026-01-09 23:10:00",
  "open": 1.16365,
  "high": 1.16367,
  "low": 1.16364,
  "close": 1.16366,
  "rollH20": 1.16375,
  "rollL20": 1.163,
  "up2": false,
  "dn2": false,
  "source": "twelvedata_repo"
}