{
  "datetime": "2026-02-22 21:10:00",
  "open": 1.17959,
  "high": 1.17974,
  "low": 1.17959,
  "close": 1.17974,
  "rollH20": 1.17995,
  "rollL20": 1.178,
  "up2": false,
  "dn2": false,
  "source": "twelvedata_repo"
}