{
  "datetime": "2025-12-29 11:55:00",
  "open": 1.17742,
  "high": 1.17745,
  "low": 1.17723,
  "close": 1.17731,
  "rollH20": 1.1788,
  "rollL20": 1.17732,
  "up2": false,
  "dn2": false,
  "source": "twelvedata_repo"
}