{
  "datetime": "2026-04-01 22:40:00",
  "open": 1.15875,
  "high": 1.15882,
  "low": 1.15875,
  "close": 1.15879,
  "rollH20": 1.15924,
  "rollL20": 1.1584,
  "up2": false,
  "dn2": false,
  "source": "twelvedata_repo"
}