{
  "datetime": "2026-04-11 22:45:00",
  "open": 1.17252,
  "high": 1.17255,
  "low": 1.17252,
  "close": 1.17252,
  "rollH20": 1.17263,
  "rollL20": 1.17241,
  "up2": false,
  "dn2": false,
  "source": "twelvedata_repo"
}