{
  "datetime": "2025-09-19 18:55:00",
  "open": 1.1753,
  "high": 1.17535,
  "low": 1.17516,
  "close": 1.17521,
  "rollH20": 1.1755,
  "rollL20": 1.17411,
  "up2": false,
  "dn2": false,
  "source": "twelvedata_repo"
}