{
  "datetime": "2026-03-02 16:35:00",
  "open": 1.1676,
  "high": 1.16808,
  "low": 1.1676,
  "close": 1.16788,
  "rollH20": 1.17205,
  "rollL20": 1.16731,
  "up2": false,
  "dn2": false,
  "source": "twelvedata_repo"
}