{
  "datetime": "2026-01-02 06:25:00",
  "open": 1.17563,
  "high": 1.1757,
  "low": 1.1756,
  "close": 1.1757,
  "rollH20": 1.17653,
  "rollL20": 1.1755,
  "up2": false,
  "dn2": false,
  "source": "twelvedata_repo"
}