{
  "datetime": "2026-04-16 00:55:00",
  "open": 1.18079,
  "high": 1.18083,
  "low": 1.1807,
  "close": 1.18072,
  "rollH20": 1.18081,
  "rollL20": 1.18006,
  "up2": false,
  "dn2": false,
  "source": "twelvedata_repo"
}