{
  "datetime": "2026-02-28 09:10:00",
  "open": 1.18057,
  "high": 1.1806,
  "low": 1.18056,
  "close": 1.1806,
  "rollH20": 1.18107,
  "rollL20": 1.18052,
  "up2": false,
  "dn2": false,
  "source": "twelvedata_repo"
}