{
  "datetime": "2025-10-24 19:55:00",
  "open": 1.16261,
  "high": 1.16274,
  "low": 1.16261,
  "close": 1.16274,
  "rollH20": 1.16307,
  "rollL20": 1.16248,
  "up2": false,
  "dn2": false,
  "source": "twelvedata_repo"
}