{
  "datetime": "2025-11-17 12:25:00",
  "open": 1.16,
  "high": 1.16,
  "low": 1.15989,
  "close": 1.16,
  "rollH20": 1.1608,
  "rollL20": 1.15952,
  "up2": false,
  "dn2": false,
  "source": "twelvedata_repo"
}