{
  "datetime": "2025-10-28 14:35:00",
  "open": 1.16321,
  "high": 1.16336,
  "low": 1.16317,
  "close": 1.16331,
  "rollH20": 1.16597,
  "rollL20": 1.1626,
  "up2": false,
  "dn2": false,
  "source": "twelvedata_repo"
}