{
  "datetime": "2025-11-18 08:05:00",
  "open": 1.15989,
  "high": 1.15998,
  "low": 1.15978,
  "close": 1.15989,
  "rollH20": 1.16009,
  "rollL20": 1.15935,
  "up2": false,
  "dn2": false,
  "source": "twelvedata_repo"
}