{
  "datetime": "2026-03-10 21:25:00",
  "open": 1.16095,
  "high": 1.16099,
  "low": 1.16091,
  "close": 1.16095,
  "rollH20": 1.16181,
  "rollL20": 1.16069,
  "up2": false,
  "dn2": false,
  "source": "twelvedata_repo"
}