{
  "datetime": "2026-05-07 11:05:00",
  "open": 1.17719,
  "high": 1.17746,
  "low": 1.17705,
  "close": 1.17733,
  "rollH20": 1.17781,
  "rollL20": 1.17661,
  "up2": false,
  "dn2": false,
  "source": "twelvedata_repo"
}