{
  "datetime": "2026-03-23 17:25:00",
  "open": 1.15817,
  "high": 1.1582,
  "low": 1.15792,
  "close": 1.15793,
  "rollH20": 1.16307,
  "rollL20": 1.15786,
  "up2": false,
  "dn2": false,
  "source": "twelvedata_repo"
}