{
  "datetime": "2025-10-14 19:55:00",
  "open": 1.16064,
  "high": 1.1607,
  "low": 1.16054,
  "close": 1.16057,
  "rollH20": 1.16144,
  "rollL20": 1.16018,
  "up2": false,
  "dn2": false,
  "source": "twelvedata_repo"
}