{
  "datetime": "2026-01-29 21:00:00",
  "open": 1.19524,
  "high": 1.19527,
  "low": 1.19505,
  "close": 1.19513,
  "rollH20": 1.19634,
  "rollL20": 1.19484,
  "up2": false,
  "dn2": false,
  "source": "twelvedata_repo"
}