{
  "datetime": "2026-01-06 23:20:00",
  "open": 1.16879,
  "high": 1.16886,
  "low": 1.16879,
  "close": 1.16886,
  "rollH20": 1.16936,
  "rollL20": 1.16852,
  "up2": false,
  "dn2": false,
  "source": "twelvedata_repo"
}