{
  "datetime": "2026-01-26 08:50:00",
  "open": 1.18457,
  "high": 1.18463,
  "low": 1.18436,
  "close": 1.18441,
  "rollH20": 1.18636,
  "rollL20": 1.18443,
  "up2": false,
  "dn2": false,
  "source": "twelvedata_repo"
}