{
  "datetime": "2026-03-31 07:50:00",
  "open": 1.14668,
  "high": 1.14684,
  "low": 1.14668,
  "close": 1.14684,
  "rollH20": 1.14711,
  "rollL20": 1.14616,
  "up2": false,
  "dn2": false,
  "source": "twelvedata_repo"
}