{
  "datetime": "2026-02-28 22:40:00",
  "open": 1.18168,
  "high": 1.18173,
  "low": 1.18166,
  "close": 1.1817,
  "rollH20": 1.18173,
  "rollL20": 1.18162,
  "up2": false,
  "dn2": false,
  "source": "twelvedata_repo"
}