{
  "datetime": "2025-12-18 00:30:00",
  "open": 1.17416,
  "high": 1.1742,
  "low": 1.17416,
  "close": 1.17417,
  "rollH20": 1.17442,
  "rollL20": 1.17397,
  "up2": false,
  "dn2": false,
  "source": "twelvedata_repo"
}