{
  "datetime": "2026-03-21 16:25:00",
  "open": 1.15889,
  "high": 1.15891,
  "low": 1.15889,
  "close": 1.1589,
  "rollH20": 1.15931,
  "rollL20": 1.15871,
  "up2": false,
  "dn2": false,
  "source": "twelvedata_repo"
}