{
  "datetime": "2026-04-12 19:00:00",
  "open": 1.17232,
  "high": 1.17257,
  "low": 1.17211,
  "close": 1.17257,
  "rollH20": 1.17293,
  "rollL20": 1.17194,
  "up2": false,
  "dn2": false,
  "source": "twelvedata_repo"
}