{
  "datetime": "2026-06-29 00:00:00",
  "open": 1.13855,
  "high": 1.13873,
  "low": 1.13849,
  "close": 1.13872,
  "rollH20": 1.13917,
  "rollL20": 1.13821,
  "up2": false,
  "dn2": false,
  "source": "twelvedata_repo"
}