{
  "datetime": "2026-06-27 02:10:00",
  "open": 1.13863,
  "high": 1.13866,
  "low": 1.13863,
  "close": 1.13866,
  "rollH20": 1.13955,
  "rollL20": 1.13847,
  "up2": false,
  "dn2": false,
  "source": "twelvedata_repo"
}