{
  "datetime": "2025-12-17 17:35:00",
  "open": 1.17522,
  "high": 1.17537,
  "low": 1.17522,
  "close": 1.17531,
  "rollH20": 1.17573,
  "rollL20": 1.17416,
  "up2": false,
  "dn2": false,
  "source": "twelvedata_repo"
}