{
  "datetime": "2026-04-02 18:30:00",
  "open": 1.15455,
  "high": 1.15457,
  "low": 1.1544,
  "close": 1.15443,
  "rollH20": 1.15498,
  "rollL20": 1.15374,
  "up2": false,
  "dn2": false,
  "source": "twelvedata_repo"
}