{
  "datetime": "2025-11-17 20:25:00",
  "open": 1.15932,
  "high": 1.15938,
  "low": 1.15932,
  "close": 1.15935,
  "rollH20": 1.15959,
  "rollL20": 1.15885,
  "up2": false,
  "dn2": false,
  "source": "twelvedata_repo"
}