{
  "datetime": "2026-07-23 19:05:00",
  "open": 1.13725,
  "high": 1.13737,
  "low": 1.13724,
  "close": 1.13725,
  "rollH20": 1.1381,
  "rollL20": 1.13711,
  "up2": false,
  "dn2": false,
  "source": "twelvedata_repo"
}