{
  "datetime": "2025-12-11 22:30:00",
  "open": 1.17415,
  "high": 1.17421,
  "low": 1.17412,
  "close": 1.17412,
  "rollH20": 1.17475,
  "rollL20": 1.17376,
  "up2": false,
  "dn2": false,
  "source": "twelvedata_repo"
}