{
  "datetime": "2026-01-15 06:25:00",
  "open": 1.16367,
  "high": 1.1637,
  "low": 1.1636,
  "close": 1.1637,
  "rollH20": 1.16418,
  "rollL20": 1.16347,
  "up2": false,
  "dn2": false,
  "source": "twelvedata_repo"
}