{
  "datetime": "2026-01-27 06:25:00",
  "open": 1.18763,
  "high": 1.18777,
  "low": 1.18762,
  "close": 1.18769,
  "rollH20": 1.18864,
  "rollL20": 1.18709,
  "up2": false,
  "dn2": false,
  "source": "twelvedata_repo"
}