{
  "datetime": "2026-05-11 14:20:00",
  "open": 1.1781,
  "high": 1.17823,
  "low": 1.17802,
  "close": 1.17806,
  "rollH20": 1.1785,
  "rollL20": 1.17649,
  "up2": false,
  "dn2": false,
  "source": "twelvedata_repo"
}