{
  "datetime": "2025-12-26 09:45:00",
  "open": 1.17715,
  "high": 1.17736,
  "low": 1.17711,
  "close": 1.17736,
  "rollH20": 1.17767,
  "rollL20": 1.17674,
  "up2": false,
  "dn2": false,
  "source": "twelvedata_repo"
}