{
  "datetime": "2025-11-21 12:55:00",
  "open": 1.15063,
  "high": 1.15071,
  "low": 1.15052,
  "close": 1.1507,
  "rollH20": 1.1523,
  "rollL20": 1.15052,
  "up2": false,
  "dn2": false,
  "source": "twelvedata_repo"
}