{
  "datetime": "2026-04-03 17:15:00",
  "open": 1.15213,
  "high": 1.15215,
  "low": 1.1521,
  "close": 1.15212,
  "rollH20": 1.15276,
  "rollL20": 1.15206,
  "up2": false,
  "dn2": false,
  "source": "twelvedata_repo"
}