{
  "datetime": "2026-03-01 11:40:00",
  "open": 1.18172,
  "high": 1.18177,
  "low": 1.18143,
  "close": 1.18147,
  "rollH20": 1.18177,
  "rollL20": 1.1817,
  "up2": false,
  "dn2": false,
  "source": "twelvedata_repo"
}