{
  "datetime": "2025-10-01 00:45:00",
  "open": 1.17358,
  "high": 1.17364,
  "low": 1.17358,
  "close": 1.1736,
  "rollH20": 1.17425,
  "rollL20": 1.17332,
  "up2": false,
  "dn2": false,
  "source": "twelvedata_repo"
}