{
  "datetime": "2025-10-02 22:55:00",
  "open": 1.17167,
  "high": 1.17168,
  "low": 1.17165,
  "close": 1.17167,
  "rollH20": 1.1722,
  "rollL20": 1.17137,
  "up2": false,
  "dn2": false,
  "source": "twelvedata_repo"
}