{
  "datetime": "2026-01-08 20:25:00",
  "open": 1.1646,
  "high": 1.16465,
  "low": 1.16459,
  "close": 1.16464,
  "rollH20": 1.16531,
  "rollL20": 1.16424,
  "up2": false,
  "dn2": false,
  "source": "twelvedata_repo"
}