{
  "datetime": "2026-03-17 23:05:00",
  "open": 1.15388,
  "high": 1.15395,
  "low": 1.15388,
  "close": 1.15391,
  "rollH20": 1.15443,
  "rollL20": 1.15372,
  "up2": false,
  "dn2": false,
  "source": "twelvedata_repo"
}