{
  "datetime": "2025-10-20 10:40:00",
  "open": 1.16662,
  "high": 1.16676,
  "low": 1.16653,
  "close": 1.16656,
  "rollH20": 1.16673,
  "rollL20": 1.16579,
  "up2": false,
  "dn2": false,
  "source": "twelvedata_repo"
}