{
  "datetime": "2025-11-18 08:25:00",
  "open": 1.15966,
  "high": 1.15973,
  "low": 1.15942,
  "close": 1.15942,
  "rollH20": 1.16009,
  "rollL20": 1.15935,
  "up2": false,
  "dn2": false,
  "source": "twelvedata_repo"
}