{
  "datetime": "2026-03-19 07:55:00",
  "open": 1.14591,
  "high": 1.14593,
  "low": 1.14528,
  "close": 1.14528,
  "rollH20": 1.1476,
  "rollL20": 1.14528,
  "up2": false,
  "dn2": false,
  "source": "twelvedata_repo"
}