{
  "datetime": "2025-12-11 18:25:00",
  "open": 1.17581,
  "high": 1.17585,
  "low": 1.17579,
  "close": 1.17585,
  "rollH20": 1.17625,
  "rollL20": 1.17463,
  "up2": false,
  "dn2": false,
  "source": "twelvedata_repo"
}