{
  "datetime": "2026-02-20 02:00:00",
  "open": 1.17591,
  "high": 1.17598,
  "low": 1.17581,
  "close": 1.17581,
  "rollH20": 1.17721,
  "rollL20": 1.17564,
  "up2": false,
  "dn2": false,
  "source": "twelvedata_repo"
}