{
  "datetime": "2026-01-19 19:50:00",
  "open": 1.16451,
  "high": 1.16455,
  "low": 1.16442,
  "close": 1.16445,
  "rollH20": 1.16494,
  "rollL20": 1.16401,
  "up2": false,
  "dn2": false,
  "source": "twelvedata_repo"
}