{
  "datetime": "2025-09-24 08:40:00",
  "open": 1.17922,
  "high": 1.17924,
  "low": 1.17915,
  "close": 1.17922,
  "rollH20": 1.18028,
  "rollL20": 1.17844,
  "up2": false,
  "dn2": false,
  "source": "twelvedata_repo"
}