{
  "datetime": "2026-05-01 08:20:00",
  "open": 1.1737,
  "high": 1.1737,
  "low": 1.17339,
  "close": 1.17366,
  "rollH20": 1.17441,
  "rollL20": 1.17193,
  "up2": false,
  "dn2": false,
  "source": "twelvedata_repo"
}