{
  "datetime": "2026-01-07 21:45:00",
  "open": 1.16817,
  "high": 1.16821,
  "low": 1.16805,
  "close": 1.16811,
  "rollH20": 1.16854,
  "rollL20": 1.16791,
  "up2": false,
  "dn2": false,
  "source": "twelvedata_repo"
}