{
  "datetime": "2026-03-07 08:40:00",
  "open": 1.16171,
  "high": 1.16176,
  "low": 1.1617,
  "close": 1.16171,
  "rollH20": 1.16185,
  "rollL20": 1.1617,
  "up2": false,
  "dn2": false,
  "source": "twelvedata_repo"
}