{
  "datetime": "2026-02-11 16:40:00",
  "open": 1.18568,
  "high": 1.18618,
  "low": 1.18563,
  "close": 1.18576,
  "rollH20": 1.18809,
  "rollL20": 1.18542,
  "up2": false,
  "dn2": false,
  "source": "twelvedata_repo"
}