{
  "datetime": "2026-05-14 06:50:00",
  "open": 1.17145,
  "high": 1.17158,
  "low": 1.17145,
  "close": 1.17156,
  "rollH20": 1.17174,
  "rollL20": 1.17121,
  "up2": false,
  "dn2": false,
  "source": "twelvedata_repo"
}