{
  "datetime": "2026-02-20 11:55:00",
  "open": 1.1769,
  "high": 1.17692,
  "low": 1.17687,
  "close": 1.1769,
  "rollH20": 1.17691,
  "rollL20": 1.17579,
  "up2": false,
  "dn2": false,
  "source": "twelvedata_repo"
}