{
  "datetime": "2025-12-12 10:10:00",
  "open": 1.1731,
  "high": 1.17313,
  "low": 1.17308,
  "close": 1.17308,
  "rollH20": 1.17432,
  "rollL20": 1.17271,
  "up2": false,
  "dn2": false,
  "source": "twelvedata_repo"
}