{
  "datetime": "2026-07-19 04:35:00",
  "open": 1.14378,
  "high": 1.14414,
  "low": 1.14378,
  "close": 1.14401,
  "rollH20": 1.14415,
  "rollL20": 1.1437,
  "up2": false,
  "dn2": false,
  "source": "twelvedata_repo"
}