{
  "datetime": "2025-11-20 10:45:00",
  "open": 1.15236,
  "high": 1.15244,
  "low": 1.15227,
  "close": 1.15233,
  "rollH20": 1.15261,
  "rollL20": 1.15125,
  "up2": false,
  "dn2": false,
  "source": "twelvedata_repo"
}