{
  "datetime": "2025-10-08 18:10:00",
  "open": 1.16059,
  "high": 1.16065,
  "low": 1.16043,
  "close": 1.16056,
  "rollH20": 1.16185,
  "rollL20": 1.15985,
  "up2": false,
  "dn2": false,
  "source": "twelvedata_repo"
}