{
  "datetime": "2026-01-19 08:20:00",
  "open": 1.16363,
  "high": 1.16364,
  "low": 1.1634,
  "close": 1.16348,
  "rollH20": 1.16397,
  "rollL20": 1.16259,
  "up2": false,
  "dn2": false,
  "source": "twelvedata_repo"
}