{
  "datetime": "2026-05-04 01:00:00",
  "open": 1.17254,
  "high": 1.17272,
  "low": 1.17248,
  "close": 1.17258,
  "rollH20": 1.17365,
  "rollL20": 1.17251,
  "up2": false,
  "dn2": false,
  "source": "twelvedata_repo"
}