{
  "datetime": "2025-11-13 09:15:00",
  "open": 1.16175,
  "high": 1.16176,
  "low": 1.16143,
  "close": 1.16145,
  "rollH20": 1.16196,
  "rollL20": 1.15814,
  "up2": false,
  "dn2": false,
  "source": "twelvedata_repo"
}