{
  "datetime": "2026-02-14 22:55:00",
  "open": 1.18939,
  "high": 1.18939,
  "low": 1.1875,
  "close": 1.18839,
  "rollH20": 1.18969,
  "rollL20": 1.18405,
  "up2": false,
  "dn2": false,
  "source": "twelvedata_repo"
}