{
  "datetime": "2026-04-20 19:55:00",
  "open": 1.17815,
  "high": 1.17819,
  "low": 1.17815,
  "close": 1.17819,
  "rollH20": 1.17901,
  "rollL20": 1.17814,
  "up2": false,
  "dn2": false,
  "source": "twelvedata_repo"
}