{
  "datetime": "2026-04-05 20:55:00",
  "open": 1.15148,
  "high": 1.15242,
  "low": 1.15144,
  "close": 1.15231,
  "rollH20": 1.15196,
  "rollL20": 1.144,
  "up2": false,
  "dn2": false,
  "source": "twelvedata_repo"
}