{
  "datetime": "2025-10-10 14:00:00",
  "open": 1.15719,
  "high": 1.15719,
  "low": 1.15695,
  "close": 1.15703,
  "rollH20": 1.1576,
  "rollL20": 1.15593,
  "up2": false,
  "dn2": false,
  "source": "twelvedata_repo"
}