{
  "datetime": "2026-03-06 09:55:00",
  "open": 1.15754,
  "high": 1.15774,
  "low": 1.15741,
  "close": 1.1576,
  "rollH20": 1.16135,
  "rollL20": 1.15719,
  "up2": false,
  "dn2": false,
  "source": "twelvedata_repo"
}