{
  "datetime": "2025-12-04 22:30:00",
  "open": 1.16433,
  "high": 1.16438,
  "low": 1.16433,
  "close": 1.16436,
  "rollH20": 1.16542,
  "rollL20": 1.16414,
  "up2": false,
  "dn2": false,
  "source": "twelvedata_repo"
}