{
  "datetime": "2026-01-17 02:20:00",
  "open": 1.15955,
  "high": 1.1596,
  "low": 1.15944,
  "close": 1.15945,
  "rollH20": 1.16067,
  "rollL20": 1.15937,
  "up2": false,
  "dn2": false,
  "source": "twelvedata_repo"
}