{
  "datetime": "2025-10-31 10:45:00",
  "open": 1.1568,
  "high": 1.15697,
  "low": 1.15675,
  "close": 1.15678,
  "rollH20": 1.15749,
  "rollL20": 1.15596,
  "up2": false,
  "dn2": false,
  "source": "twelvedata_repo"
}