{
  "datetime": "2025-11-27 06:25:00",
  "open": 1.16044,
  "high": 1.16053,
  "low": 1.16044,
  "close": 1.1605,
  "rollH20": 1.16053,
  "rollL20": 1.16002,
  "up2": false,
  "dn2": false,
  "source": "twelvedata_repo"
}