{
  "datetime": "2026-03-23 20:10:00",
  "open": 1.16284,
  "high": 1.16296,
  "low": 1.16284,
  "close": 1.16296,
  "rollH20": 1.16374,
  "rollL20": 1.1595,
  "up2": false,
  "dn2": false,
  "source": "twelvedata_repo"
}