{
  "datetime": "2026-02-01 12:30:00",
  "open": 1.18542,
  "high": 1.18548,
  "low": 1.18541,
  "close": 1.18542,
  "rollH20": 1.18548,
  "rollL20": 1.18541,
  "up2": false,
  "dn2": false,
  "source": "twelvedata_repo"
}