{
  "datetime": "2026-04-25 23:00:00",
  "open": 1.17206,
  "high": 1.1721,
  "low": 1.17176,
  "close": 1.17184,
  "rollH20": 1.17229,
  "rollL20": 1.17183,
  "up2": false,
  "dn2": false,
  "source": "twelvedata_repo"
}