{
  "datetime": "2025-10-22 17:50:00",
  "open": 1.16196,
  "high": 1.16212,
  "low": 1.16175,
  "close": 1.16187,
  "rollH20": 1.16222,
  "rollL20": 1.16131,
  "up2": false,
  "dn2": false,
  "source": "twelvedata_repo"
}