{
  "datetime": "2026-02-13 09:00:00",
  "open": 1.1859,
  "high": 1.18605,
  "low": 1.18584,
  "close": 1.18584,
  "rollH20": 1.18621,
  "rollL20": 1.18485,
  "up2": false,
  "dn2": false,
  "source": "twelvedata_repo"
}