{
  "datetime": "2025-10-24 18:10:00",
  "open": 1.16294,
  "high": 1.16301,
  "low": 1.16292,
  "close": 1.16301,
  "rollH20": 1.16357,
  "rollL20": 1.16216,
  "up2": false,
  "dn2": false,
  "source": "twelvedata_repo"
}