{
  "datetime": "2026-01-02 00:40:00",
  "open": 1.17488,
  "high": 1.17491,
  "low": 1.17488,
  "close": 1.17491,
  "rollH20": 1.17522,
  "rollL20": 1.17465,
  "up2": false,
  "dn2": false,
  "source": "twelvedata_repo"
}