{
  "datetime": "2025-11-03 19:35:00",
  "open": 1.1523,
  "high": 1.15237,
  "low": 1.15214,
  "close": 1.15226,
  "rollH20": 1.15376,
  "rollL20": 1.15229,
  "up2": false,
  "dn2": false,
  "source": "twelvedata_repo"
}