{
  "datetime": "2025-12-19 11:55:00",
  "open": 1.17152,
  "high": 1.1716,
  "low": 1.17152,
  "close": 1.1716,
  "rollH20": 1.17178,
  "rollL20": 1.17091,
  "up2": false,
  "dn2": false,
  "source": "twelvedata_repo"
}