{
  "datetime": "2025-12-17 08:25:00",
  "open": 1.17059,
  "high": 1.171,
  "low": 1.17054,
  "close": 1.17098,
  "rollH20": 1.17304,
  "rollL20": 1.17046,
  "up2": false,
  "dn2": false,
  "source": "twelvedata_repo"
}