{
  "datetime": "2026-05-02 19:55:00",
  "open": 1.17212,
  "high": 1.17217,
  "low": 1.17208,
  "close": 1.17209,
  "rollH20": 1.17254,
  "rollL20": 1.17195,
  "up2": false,
  "dn2": false,
  "source": "twelvedata_repo"
}