{
  "datetime": "2025-10-14 15:25:00",
  "open": 1.15807,
  "high": 1.1584,
  "low": 1.15804,
  "close": 1.15825,
  "rollH20": 1.15829,
  "rollL20": 1.1548,
  "up2": false,
  "dn2": false,
  "source": "twelvedata_repo"
}