{
  "datetime": "2026-03-03 06:25:00",
  "open": 1.16675,
  "high": 1.16679,
  "low": 1.16672,
  "close": 1.16673,
  "rollH20": 1.16875,
  "rollL20": 1.16627,
  "up2": false,
  "dn2": false,
  "source": "twelvedata_repo"
}