{
  "datetime": "2026-03-10 13:40:00",
  "open": 1.1638,
  "high": 1.16411,
  "low": 1.1638,
  "close": 1.16408,
  "rollH20": 1.16473,
  "rollL20": 1.16237,
  "up2": false,
  "dn2": false,
  "source": "twelvedata_repo"
}