{
  "datetime": "2025-12-30 13:00:00",
  "open": 1.17669,
  "high": 1.1767,
  "low": 1.17647,
  "close": 1.17651,
  "rollH20": 1.17768,
  "rollL20": 1.17663,
  "up2": false,
  "dn2": false,
  "source": "twelvedata_repo"
}