{
  "datetime": "2025-12-15 23:55:00",
  "open": 1.17525,
  "high": 1.17529,
  "low": 1.17515,
  "close": 1.17519,
  "rollH20": 1.17547,
  "rollL20": 1.17493,
  "up2": false,
  "dn2": false,
  "source": "twelvedata_repo"
}