{
  "datetime": "2026-07-15 06:15:00",
  "open": 1.14363,
  "high": 1.14372,
  "low": 1.14363,
  "close": 1.14371,
  "rollH20": 1.1441,
  "rollL20": 1.14343,
  "up2": false,
  "dn2": false,
  "source": "twelvedata_repo"
}