{
  "datetime": "2026-01-12 06:20:00",
  "open": 1.16625,
  "high": 1.16628,
  "low": 1.16625,
  "close": 1.16627,
  "rollH20": 1.16627,
  "rollL20": 1.16536,
  "up2": false,
  "dn2": false,
  "source": "twelvedata_repo"
}