{
  "datetime": "2025-09-03 14:40:00",
  "open": 1.16481,
  "high": 1.16492,
  "low": 1.16408,
  "close": 1.16464,
  "rollH20": 1.16596,
  "rollL20": 1.16417,
  "up2": false,
  "dn2": false,
  "source": "twelvedata_repo"
}