{
  "datetime": "2026-01-20 14:00:00",
  "open": 1.17271,
  "high": 1.17293,
  "low": 1.1727,
  "close": 1.17289,
  "rollH20": 1.17434,
  "rollL20": 1.17247,
  "up2": false,
  "dn2": false,
  "source": "twelvedata_repo"
}