{
  "datetime": "2025-11-03 12:25:00",
  "open": 1.15187,
  "high": 1.15197,
  "low": 1.15187,
  "close": 1.15196,
  "rollH20": 1.15199,
  "rollL20": 1.15078,
  "up2": false,
  "dn2": false,
  "source": "twelvedata_repo"
}