{
  "datetime": "2025-10-13 04:30:00",
  "open": 1.16161,
  "high": 1.16186,
  "low": 1.16161,
  "close": 1.16172,
  "rollH20": 1.16275,
  "rollL20": 1.16158,
  "up2": false,
  "dn2": false,
  "source": "twelvedata_repo"
}