{
  "datetime": "2025-11-10 00:30:00",
  "open": 1.1548,
  "high": 1.15481,
  "low": 1.15478,
  "close": 1.15479,
  "rollH20": 1.15661,
  "rollL20": 1.15462,
  "up2": false,
  "dn2": false,
  "source": "twelvedata_repo"
}