{
  "datetime": "2026-05-01 20:10:00",
  "open": 1.17255,
  "high": 1.17266,
  "low": 1.17251,
  "close": 1.17254,
  "rollH20": 1.17387,
  "rollL20": 1.17207,
  "up2": false,
  "dn2": false,
  "source": "twelvedata_repo"
}