{
  "datetime": "2025-11-19 13:15:00",
  "open": 1.15852,
  "high": 1.15857,
  "low": 1.15838,
  "close": 1.15847,
  "rollH20": 1.15895,
  "rollL20": 1.15694,
  "up2": false,
  "dn2": false,
  "source": "twelvedata_repo"
}