{
  "datetime": "2026-01-07 21:30:00",
  "open": 1.1681,
  "high": 1.16833,
  "low": 1.1681,
  "close": 1.16826,
  "rollH20": 1.16884,
  "rollL20": 1.16791,
  "up2": false,
  "dn2": false,
  "source": "twelvedata_repo"
}