{
  "datetime": "2026-07-21 14:40:00",
  "open": 1.14072,
  "high": 1.14088,
  "low": 1.1407,
  "close": 1.14086,
  "rollH20": 1.14203,
  "rollL20": 1.14065,
  "up2": false,
  "dn2": false,
  "source": "twelvedata_repo"
}