{
  "datetime": "2026-01-12 15:20:00",
  "open": 1.16829,
  "high": 1.16835,
  "low": 1.16827,
  "close": 1.16834,
  "rollH20": 1.16984,
  "rollL20": 1.16787,
  "up2": false,
  "dn2": false,
  "source": "twelvedata_repo"
}