{
  "datetime": "2025-11-25 12:40:00",
  "open": 1.15293,
  "high": 1.15295,
  "low": 1.15281,
  "close": 1.15287,
  "rollH20": 1.15413,
  "rollL20": 1.15292,
  "up2": false,
  "dn2": false,
  "source": "twelvedata_repo"
}