{
  "datetime": "2025-10-29 07:25:00",
  "open": 1.16311,
  "high": 1.16313,
  "low": 1.16298,
  "close": 1.16304,
  "rollH20": 1.16358,
  "rollL20": 1.16254,
  "up2": false,
  "dn2": false,
  "source": "twelvedata_repo"
}