{
  "datetime": "2026-01-12 18:40:00",
  "open": 1.16688,
  "high": 1.16707,
  "low": 1.1668,
  "close": 1.16703,
  "rollH20": 1.16821,
  "rollL20": 1.16676,
  "up2": false,
  "dn2": false,
  "source": "twelvedata_repo"
}