{
  "datetime": "2026-02-20 15:35:00",
  "open": 1.17943,
  "high": 1.17998,
  "low": 1.17884,
  "close": 1.17972,
  "rollH20": 1.18064,
  "rollL20": 1.17572,
  "up2": false,
  "dn2": false,
  "source": "twelvedata_repo"
}