{
  "datetime": "2026-04-28 12:15:00",
  "open": 1.16964,
  "high": 1.1697,
  "low": 1.16952,
  "close": 1.16963,
  "rollH20": 1.1702,
  "rollL20": 1.16874,
  "up2": false,
  "dn2": false,
  "source": "twelvedata_repo"
}