{
  "datetime": "2026-04-13 18:00:00",
  "open": 1.17253,
  "high": 1.17274,
  "low": 1.17253,
  "close": 1.17274,
  "rollH20": 1.17297,
  "rollL20": 1.17032,
  "up2": false,
  "dn2": false,
  "source": "twelvedata_repo"
}