{
  "datetime": "2026-01-06 19:40:00",
  "open": 1.1694,
  "high": 1.16941,
  "low": 1.16917,
  "close": 1.16933,
  "rollH20": 1.17023,
  "rollL20": 1.16878,
  "up2": false,
  "dn2": false,
  "source": "twelvedata_repo"
}