{
  "datetime": "2026-04-01 01:00:00",
  "open": 1.15745,
  "high": 1.15747,
  "low": 1.15708,
  "close": 1.15716,
  "rollH20": 1.15745,
  "rollL20": 1.15541,
  "up2": false,
  "dn2": false,
  "source": "twelvedata_repo"
}