{
  "datetime": "2026-01-26 00:00:00",
  "open": 1.18896,
  "high": 1.18899,
  "low": 1.18884,
  "close": 1.18889,
  "rollH20": 1.18907,
  "rollL20": 1.18462,
  "up2": false,
  "dn2": false,
  "source": "twelvedata_repo"
}