{
  "datetime": "2026-01-28 17:30:00",
  "open": 1.19291,
  "high": 1.19292,
  "low": 1.19225,
  "close": 1.19225,
  "rollH20": 1.19749,
  "rollL20": 1.19283,
  "up2": false,
  "dn2": false,
  "source": "twelvedata_repo"
}