{
  "datetime": "2026-02-17 07:15:00",
  "open": 1.18406,
  "high": 1.18407,
  "low": 1.18375,
  "close": 1.18379,
  "rollH20": 1.1846,
  "rollL20": 1.18378,
  "up2": false,
  "dn2": false,
  "source": "twelvedata_repo"
}