{
  "datetime": "2026-02-12 23:45:00",
  "open": 1.18692,
  "high": 1.18698,
  "low": 1.18689,
  "close": 1.18691,
  "rollH20": 1.18728,
  "rollL20": 1.18634,
  "up2": false,
  "dn2": false,
  "source": "twelvedata_repo"
}