{
  "datetime": "2026-02-08 23:10:00",
  "open": 1.18155,
  "high": 1.18157,
  "low": 1.18151,
  "close": 1.18151,
  "rollH20": 1.18196,
  "rollL20": 1.18125,
  "up2": false,
  "dn2": false,
  "source": "twelvedata_repo"
}