{
  "datetime": "2025-10-02 23:40:00",
  "open": 1.17233,
  "high": 1.17233,
  "low": 1.17233,
  "close": 1.17233,
  "rollH20": 1.17233,
  "rollL20": 1.17137,
  "up2": false,
  "dn2": false,
  "source": "twelvedata_repo"
}