{
  "datetime": "2026-06-12 02:25:00",
  "open": 1.15648,
  "high": 1.15648,
  "low": 1.1563,
  "close": 1.15634,
  "rollH20": 1.15773,
  "rollL20": 1.15635,
  "up2": false,
  "dn2": false,
  "source": "twelvedata_repo"
}