{
  "datetime": "2026-04-28 21:50:00",
  "open": 1.17147,
  "high": 1.17148,
  "low": 1.17135,
  "close": 1.17139,
  "rollH20": 1.17156,
  "rollL20": 1.17074,
  "up2": false,
  "dn2": false,
  "source": "twelvedata_repo"
}