{
  "datetime": "2026-04-07 19:25:00",
  "open": 1.15818,
  "high": 1.15823,
  "low": 1.15814,
  "close": 1.15815,
  "rollH20": 1.1582,
  "rollL20": 1.1567,
  "up2": false,
  "dn2": false,
  "source": "twelvedata_repo"
}