{
  "datetime": "2025-10-17 12:30:00",
  "open": 1.16855,
  "high": 1.16882,
  "low": 1.16849,
  "close": 1.16853,
  "rollH20": 1.17026,
  "rollL20": 1.16807,
  "up2": false,
  "dn2": false,
  "source": "twelvedata_repo"
}