{
  "datetime": "2026-03-22 16:35:00",
  "open": 1.15762,
  "high": 1.15764,
  "low": 1.15762,
  "close": 1.15763,
  "rollH20": 1.15869,
  "rollL20": 1.15719,
  "up2": false,
  "dn2": false,
  "source": "twelvedata_repo"
}