{
  "datetime": "2025-12-18 03:45:00",
  "open": 1.17383,
  "high": 1.17387,
  "low": 1.17378,
  "close": 1.17379,
  "rollH20": 1.17442,
  "rollL20": 1.17355,
  "up2": false,
  "dn2": false,
  "source": "twelvedata_repo"
}