{
  "datetime": "2025-12-12 02:20:00",
  "open": 1.17431,
  "high": 1.1745,
  "low": 1.17428,
  "close": 1.1744,
  "rollH20": 1.17447,
  "rollL20": 1.17382,
  "up2": false,
  "dn2": false,
  "source": "twelvedata_repo"
}