{
  "datetime": "2026-01-02 01:35:00",
  "open": 1.17523,
  "high": 1.17526,
  "low": 1.1752,
  "close": 1.17523,
  "rollH20": 1.17536,
  "rollL20": 1.17465,
  "up2": false,
  "dn2": false,
  "source": "twelvedata_repo"
}