{
  "datetime": "2026-01-28 19:30:00",
  "open": 1.19357,
  "high": 1.19357,
  "low": 1.19316,
  "close": 1.19317,
  "rollH20": 1.19429,
  "rollL20": 1.19293,
  "up2": false,
  "dn2": false,
  "source": "twelvedata_repo"
}