{
  "datetime": "2025-10-22 08:30:00",
  "open": 1.16015,
  "high": 1.16041,
  "low": 1.16011,
  "close": 1.16012,
  "rollH20": 1.16147,
  "rollL20": 1.15996,
  "up2": false,
  "dn2": false,
  "source": "twelvedata_repo"
}