{
  "datetime": "2026-04-23 21:55:00",
  "open": 1.16828,
  "high": 1.16835,
  "low": 1.16828,
  "close": 1.16835,
  "rollH20": 1.16887,
  "rollL20": 1.16816,
  "up2": false,
  "dn2": false,
  "source": "twelvedata_repo"
}