{
  "datetime": "2026-02-10 08:10:00",
  "open": 1.19039,
  "high": 1.19078,
  "low": 1.19039,
  "close": 1.19066,
  "rollH20": 1.19126,
  "rollL20": 1.19017,
  "up2": false,
  "dn2": false,
  "source": "twelvedata_repo"
}