{
  "datetime": "2026-01-29 11:55:00",
  "open": 1.19463,
  "high": 1.19472,
  "low": 1.19462,
  "close": 1.19471,
  "rollH20": 1.19715,
  "rollL20": 1.19443,
  "up2": false,
  "dn2": false,
  "source": "twelvedata_repo"
}