{
  "datetime": "2026-03-24 00:00:00",
  "open": 1.16165,
  "high": 1.16168,
  "low": 1.16147,
  "close": 1.16154,
  "rollH20": 1.16177,
  "rollL20": 1.16101,
  "up2": false,
  "dn2": false,
  "source": "twelvedata_repo"
}