{
  "datetime": "2026-04-10 22:05:00",
  "open": 1.17284,
  "high": 1.17285,
  "low": 1.17233,
  "close": 1.1726,
  "rollH20": 1.17312,
  "rollL20": 1.17235,
  "up2": false,
  "dn2": false,
  "source": "twelvedata_repo"
}