{
  "datetime": "2026-05-10 20:25:00",
  "open": 1.17895,
  "high": 1.17957,
  "low": 1.1785,
  "close": 1.179,
  "rollH20": 1.17969,
  "rollL20": 1.17785,
  "up2": false,
  "dn2": false,
  "source": "twelvedata_repo"
}