{
  "datetime": "2026-02-03 23:45:00",
  "open": 1.18204,
  "high": 1.18207,
  "low": 1.182,
  "close": 1.18202,
  "rollH20": 1.18255,
  "rollL20": 1.18159,
  "up2": false,
  "dn2": false,
  "source": "twelvedata_repo"
}