{
  "datetime": "2026-03-20 22:35:00",
  "open": 1.16053,
  "high": 1.16055,
  "low": 1.16042,
  "close": 1.16042,
  "rollH20": 1.16124,
  "rollL20": 1.15662,
  "up2": false,
  "dn2": false,
  "source": "twelvedata_repo"
}