{
  "datetime": "2025-10-02 08:25:00",
  "open": 1.17484,
  "high": 1.17502,
  "low": 1.17475,
  "close": 1.17479,
  "rollH20": 1.17538,
  "rollL20": 1.17335,
  "up2": false,
  "dn2": false,
  "source": "twelvedata_repo"
}