{
  "datetime": "2026-02-13 20:25:00",
  "open": 1.1874,
  "high": 1.18742,
  "low": 1.18733,
  "close": 1.18733,
  "rollH20": 1.18835,
  "rollL20": 1.18708,
  "up2": false,
  "dn2": false,
  "source": "twelvedata_repo"
}