{
  "datetime": "2026-03-07 15:20:00",
  "open": 1.16182,
  "high": 1.16183,
  "low": 1.16182,
  "close": 1.16183,
  "rollH20": 1.16196,
  "rollL20": 1.16176,
  "up2": false,
  "dn2": false,
  "source": "twelvedata_repo"
}