{
  "datetime": "2026-05-05 00:10:00",
  "open": 1.16913,
  "high": 1.16917,
  "low": 1.16911,
  "close": 1.16915,
  "rollH20": 1.16933,
  "rollL20": 1.16892,
  "up2": false,
  "dn2": false,
  "source": "twelvedata_repo"
}