{
  "datetime": "2026-01-23 08:40:00",
  "open": 1.17375,
  "high": 1.17411,
  "low": 1.17374,
  "close": 1.17409,
  "rollH20": 1.1753,
  "rollL20": 1.17357,
  "up2": false,
  "dn2": false,
  "source": "twelvedata_repo"
}