{
  "datetime": "2026-05-04 00:40:00",
  "open": 1.17303,
  "high": 1.17321,
  "low": 1.17295,
  "close": 1.173,
  "rollH20": 1.17433,
  "rollL20": 1.17276,
  "up2": false,
  "dn2": false,
  "source": "twelvedata_repo"
}