{
  "datetime": "2026-06-27 16:40:00",
  "open": 1.13907,
  "high": 1.13912,
  "low": 1.13905,
  "close": 1.1391,
  "rollH20": 1.13955,
  "rollL20": 1.13839,
  "up2": false,
  "dn2": false,
  "source": "twelvedata_repo"
}