{
  "datetime": "2026-03-31 09:30:00",
  "open": 1.14675,
  "high": 1.14704,
  "low": 1.14675,
  "close": 1.14697,
  "rollH20": 1.14754,
  "rollL20": 1.14643,
  "up2": false,
  "dn2": false,
  "source": "twelvedata_repo"
}