{
  "datetime": "2026-03-17 14:55:00",
  "open": 1.15368,
  "high": 1.15371,
  "low": 1.15348,
  "close": 1.15353,
  "rollH20": 1.15421,
  "rollL20": 1.15227,
  "up2": false,
  "dn2": false,
  "source": "twelvedata_repo"
}