{
  "datetime": "2025-12-30 07:55:00",
  "open": 1.17789,
  "high": 1.17793,
  "low": 1.17789,
  "close": 1.17791,
  "rollH20": 1.17801,
  "rollL20": 1.17729,
  "up2": false,
  "dn2": false,
  "source": "twelvedata_repo"
}