{
  "datetime": "2026-02-06 23:55:00",
  "open": 1.18206,
  "high": 1.18221,
  "low": 1.18206,
  "close": 1.18221,
  "rollH20": 1.18276,
  "rollL20": 1.1814,
  "up2": false,
  "dn2": false,
  "source": "twelvedata_repo"
}