{
  "datetime": "2026-05-16 02:05:00",
  "open": 1.16248,
  "high": 1.16252,
  "low": 1.16247,
  "close": 1.16248,
  "rollH20": 1.16256,
  "rollL20": 1.16225,
  "up2": false,
  "dn2": false,
  "source": "twelvedata_repo"
}