{
  "datetime": "2026-04-02 21:35:00",
  "open": 1.15379,
  "high": 1.15389,
  "low": 1.15377,
  "close": 1.15383,
  "rollH20": 1.15441,
  "rollL20": 1.15335,
  "up2": false,
  "dn2": false,
  "source": "twelvedata_repo"
}