{
  "datetime": "2025-12-30 15:40:00",
  "open": 1.17597,
  "high": 1.17614,
  "low": 1.17594,
  "close": 1.17614,
  "rollH20": 1.17659,
  "rollL20": 1.17564,
  "up2": false,
  "dn2": false,
  "source": "twelvedata_repo"
}