{
  "datetime": "2025-10-07 21:15:00",
  "open": 1.16523,
  "high": 1.1653,
  "low": 1.16521,
  "close": 1.1653,
  "rollH20": 1.16619,
  "rollL20": 1.16477,
  "up2": false,
  "dn2": false,
  "source": "twelvedata_repo"
}