{
  "datetime": "2025-09-04 08:45:00",
  "open": 1.16538,
  "high": 1.16552,
  "low": 1.16518,
  "close": 1.16539,
  "rollH20": 1.16614,
  "rollL20": 1.16436,
  "up2": false,
  "dn2": false,
  "source": "twelvedata_repo"
}