{
  "datetime": "2026-01-05 15:25:00",
  "open": 1.1681,
  "high": 1.16812,
  "low": 1.16792,
  "close": 1.16792,
  "rollH20": 1.16823,
  "rollL20": 1.16597,
  "up2": false,
  "dn2": false,
  "source": "twelvedata_repo"
}