{
  "datetime": "2025-09-30 17:55:00",
  "open": 1.17559,
  "high": 1.1759,
  "low": 1.17554,
  "close": 1.17583,
  "rollH20": 1.17569,
  "rollL20": 1.1726,
  "up2": false,
  "dn2": false,
  "source": "twelvedata_repo"
}