{
  "datetime": "2026-07-05 09:15:00",
  "open": 1.14422,
  "high": 1.14426,
  "low": 1.14421,
  "close": 1.14421,
  "rollH20": 1.14439,
  "rollL20": 1.1441,
  "up2": false,
  "dn2": false,
  "source": "twelvedata_repo"
}