{
  "datetime": "2026-05-22 16:40:00",
  "open": 1.16011,
  "high": 1.16011,
  "low": 1.15986,
  "close": 1.15992,
  "rollH20": 1.16048,
  "rollL20": 1.15888,
  "up2": false,
  "dn2": false,
  "source": "twelvedata_repo"
}