{
  "datetime": "2025-10-15 06:05:00",
  "open": 1.16203,
  "high": 1.16226,
  "low": 1.16202,
  "close": 1.16221,
  "rollH20": 1.16242,
  "rollL20": 1.16169,
  "up2": false,
  "dn2": false,
  "source": "twelvedata_repo"
}