{
  "datetime": "2026-05-16 06:20:00",
  "open": 1.16249,
  "high": 1.16253,
  "low": 1.16248,
  "close": 1.16248,
  "rollH20": 1.16254,
  "rollL20": 1.16237,
  "up2": false,
  "dn2": false,
  "source": "twelvedata_repo"
}