{
  "datetime": "2026-04-25 13:45:00",
  "open": 1.17203,
  "high": 1.17207,
  "low": 1.17201,
  "close": 1.17205,
  "rollH20": 1.17209,
  "rollL20": 1.1717,
  "up2": false,
  "dn2": false,
  "source": "twelvedata_repo"
}