{
  "datetime": "2025-10-27 19:35:00",
  "open": 1.16359,
  "high": 1.16359,
  "low": 1.16355,
  "close": 1.16355,
  "rollH20": 1.16413,
  "rollL20": 1.16351,
  "up2": false,
  "dn2": false,
  "source": "twelvedata_repo"
}