{
  "datetime": "2026-01-20 05:30:00",
  "open": 1.16624,
  "high": 1.16631,
  "low": 1.16618,
  "close": 1.16624,
  "rollH20": 1.16637,
  "rollL20": 1.16441,
  "up2": false,
  "dn2": false,
  "source": "twelvedata_repo"
}