{
  "datetime": "2025-11-03 14:55:00",
  "open": 1.15088,
  "high": 1.15108,
  "low": 1.15085,
  "close": 1.15108,
  "rollH20": 1.15219,
  "rollL20": 1.15061,
  "up2": false,
  "dn2": false,
  "source": "twelvedata_repo"
}