{
  "datetime": "2026-05-04 23:25:00",
  "open": 1.16905,
  "high": 1.16913,
  "low": 1.16898,
  "close": 1.16906,
  "rollH20": 1.16951,
  "rollL20": 1.16892,
  "up2": false,
  "dn2": false,
  "source": "twelvedata_repo"
}