{
  "datetime": "2026-06-14 20:55:00",
  "open": 1.15703,
  "high": 1.15713,
  "low": 1.15655,
  "close": 1.15662,
  "rollH20": 1.15802,
  "rollL20": 1.15645,
  "up2": false,
  "dn2": false,
  "source": "twelvedata_repo"
}