{
  "datetime": "2026-05-08 08:20:00",
  "open": 1.17456,
  "high": 1.17459,
  "low": 1.17449,
  "close": 1.17459,
  "rollH20": 1.17485,
  "rollL20": 1.17342,
  "up2": false,
  "dn2": false,
  "source": "twelvedata_repo"
}