{
  "datetime": "2026-01-06 23:40:00",
  "open": 1.16882,
  "high": 1.16887,
  "low": 1.16882,
  "close": 1.16885,
  "rollH20": 1.16892,
  "rollL20": 1.16852,
  "up2": false,
  "dn2": false,
  "source": "twelvedata_repo"
}