{
  "datetime": "2026-02-12 08:55:00",
  "open": 1.18724,
  "high": 1.18725,
  "low": 1.18711,
  "close": 1.18711,
  "rollH20": 1.1875,
  "rollL20": 1.18535,
  "up2": false,
  "dn2": false,
  "source": "twelvedata_repo"
}