{
  "datetime": "2025-12-26 03:15:00",
  "open": 1.17881,
  "high": 1.17882,
  "low": 1.17874,
  "close": 1.17874,
  "rollH20": 1.17918,
  "rollL20": 1.17827,
  "up2": false,
  "dn2": false,
  "source": "twelvedata_repo"
}