{
  "datetime": "2025-09-15 18:25:00",
  "open": 1.17595,
  "high": 1.17621,
  "low": 1.17585,
  "close": 1.17621,
  "rollH20": 1.17744,
  "rollL20": 1.17563,
  "up2": false,
  "dn2": false,
  "source": "twelvedata_repo"
}