{
  "datetime": "2026-02-28 10:50:00",
  "open": 1.18057,
  "high": 1.18091,
  "low": 1.18056,
  "close": 1.18071,
  "rollH20": 1.18141,
  "rollL20": 1.18053,
  "up2": false,
  "dn2": false,
  "source": "twelvedata_repo"
}