{
  "datetime": "2025-12-02 06:35:00",
  "open": 1.16084,
  "high": 1.16087,
  "low": 1.16083,
  "close": 1.16084,
  "rollH20": 1.16144,
  "rollL20": 1.16074,
  "up2": false,
  "dn2": false,
  "source": "twelvedata_repo"
}