{
  "datetime": "2025-10-10 12:35:00",
  "open": 1.15638,
  "high": 1.15645,
  "low": 1.15638,
  "close": 1.15643,
  "rollH20": 1.15834,
  "rollL20": 1.15623,
  "up2": false,
  "dn2": false,
  "source": "twelvedata_repo"
}