{
  "datetime": "2025-10-13 20:40:00",
  "open": 1.15695,
  "high": 1.15704,
  "low": 1.15694,
  "close": 1.15701,
  "rollH20": 1.15776,
  "rollL20": 1.15658,
  "up2": false,
  "dn2": false,
  "source": "twelvedata_repo"
}