{
  "datetime": "2026-02-03 19:55:00",
  "open": 1.18133,
  "high": 1.18144,
  "low": 1.18133,
  "close": 1.18143,
  "rollH20": 1.18282,
  "rollL20": 1.18114,
  "up2": false,
  "dn2": false,
  "source": "twelvedata_repo"
}