{
  "datetime": "2025-09-04 04:40:00",
  "open": 1.16539,
  "high": 1.16549,
  "low": 1.16525,
  "close": 1.16537,
  "rollH20": 1.16593,
  "rollL20": 1.16503,
  "up2": false,
  "dn2": false,
  "source": "twelvedata_repo"
}