{
  "datetime": "2026-01-08 06:25:00",
  "open": 1.16795,
  "high": 1.16797,
  "low": 1.16783,
  "close": 1.16785,
  "rollH20": 1.16817,
  "rollL20": 1.16778,
  "up2": false,
  "dn2": false,
  "source": "twelvedata_repo"
}