{
  "datetime": "2026-02-24 19:15:00",
  "open": 1.1781,
  "high": 1.17815,
  "low": 1.17808,
  "close": 1.17808,
  "rollH20": 1.17881,
  "rollL20": 1.17772,
  "up2": false,
  "dn2": false,
  "source": "twelvedata_repo"
}