{
  "datetime": "2026-04-01 08:25:00",
  "open": 1.15892,
  "high": 1.15894,
  "low": 1.15884,
  "close": 1.15884,
  "rollH20": 1.15943,
  "rollL20": 1.1562,
  "up2": false,
  "dn2": false,
  "source": "twelvedata_repo"
}