{
  "datetime": "2025-12-24 07:50:00",
  "open": 1.1802,
  "high": 1.18027,
  "low": 1.18018,
  "close": 1.18023,
  "rollH20": 1.18033,
  "rollL20": 1.17918,
  "up2": false,
  "dn2": false,
  "source": "twelvedata_repo"
}