{
  "datetime": "2026-06-19 04:50:00",
  "open": 1.14457,
  "high": 1.14461,
  "low": 1.14444,
  "close": 1.14447,
  "rollH20": 1.14581,
  "rollL20": 1.14433,
  "up2": false,
  "dn2": false,
  "source": "twelvedata_repo"
}