{
  "datetime": "2025-09-19 20:35:00",
  "open": 1.17461,
  "high": 1.17463,
  "low": 1.1746,
  "close": 1.17462,
  "rollH20": 1.17535,
  "rollL20": 1.17452,
  "up2": false,
  "dn2": false,
  "source": "twelvedata_repo"
}