{
  "datetime": "2025-12-22 22:10:00",
  "open": 1.17573,
  "high": 1.17596,
  "low": 1.17569,
  "close": 1.17584,
  "rollH20": 1.17592,
  "rollL20": 1.1752,
  "up2": false,
  "dn2": false,
  "source": "twelvedata_repo"
}