{
  "datetime": "2026-03-19 04:25:00",
  "open": 1.14724,
  "high": 1.14725,
  "low": 1.14711,
  "close": 1.14718,
  "rollH20": 1.14898,
  "rollL20": 1.14709,
  "up2": false,
  "dn2": false,
  "source": "twelvedata_repo"
}