{
  "datetime": "2026-02-25 10:10:00",
  "open": 1.17856,
  "high": 1.17873,
  "low": 1.17855,
  "close": 1.1787,
  "rollH20": 1.17948,
  "rollL20": 1.17842,
  "up2": false,
  "dn2": false,
  "source": "twelvedata_repo"
}