{
  "datetime": "2025-11-03 17:10:00",
  "open": 1.1527,
  "high": 1.15271,
  "low": 1.1525,
  "close": 1.15251,
  "rollH20": 1.15213,
  "rollL20": 1.15051,
  "up2": false,
  "dn2": false,
  "source": "twelvedata_repo"
}