{
  "datetime": "2025-12-18 22:40:00",
  "open": 1.17228,
  "high": 1.17234,
  "low": 1.17225,
  "close": 1.17233,
  "rollH20": 1.17281,
  "rollL20": 1.17211,
  "up2": false,
  "dn2": false,
  "source": "twelvedata_repo"
}