{
  "datetime": "2025-11-18 20:15:00",
  "open": 1.15847,
  "high": 1.1586,
  "low": 1.15841,
  "close": 1.15848,
  "rollH20": 1.1585,
  "rollL20": 1.15718,
  "up2": false,
  "dn2": false,
  "source": "twelvedata_repo"
}