{
  "datetime": "2025-09-17 16:40:00",
  "open": 1.1848,
  "high": 1.18498,
  "low": 1.18477,
  "close": 1.18484,
  "rollH20": 1.1859,
  "rollL20": 1.18441,
  "up2": false,
  "dn2": false,
  "source": "twelvedata_repo"
}