{
  "datetime": "2026-02-28 13:35:00",
  "open": 1.18121,
  "high": 1.18125,
  "low": 1.1812,
  "close": 1.18122,
  "rollH20": 1.18133,
  "rollL20": 1.18053,
  "up2": false,
  "dn2": false,
  "source": "twelvedata_repo"
}