{
  "datetime": "2026-06-07 06:10:00",
  "open": 1.15236,
  "high": 1.15241,
  "low": 1.15234,
  "close": 1.15236,
  "rollH20": 1.15242,
  "rollL20": 1.15221,
  "up2": false,
  "dn2": false,
  "source": "twelvedata_repo"
}