{
  "datetime": "2026-01-01 20:10:00",
  "open": 1.17464,
  "high": 1.17474,
  "low": 1.17464,
  "close": 1.17473,
  "rollH20": 1.17492,
  "rollL20": 1.17434,
  "up2": false,
  "dn2": false,
  "source": "twelvedata_repo"
}