{
  "datetime": "2025-10-23 11:45:00",
  "open": 1.15897,
  "high": 1.15897,
  "low": 1.15879,
  "close": 1.15891,
  "rollH20": 1.16001,
  "rollL20": 1.15901,
  "up2": false,
  "dn2": false,
  "source": "twelvedata_repo"
}