{
  "datetime": "2025-12-03 03:25:00",
  "open": 1.16362,
  "high": 1.1637,
  "low": 1.16362,
  "close": 1.1637,
  "rollH20": 1.16382,
  "rollL20": 1.163,
  "up2": false,
  "dn2": false,
  "source": "twelvedata_repo"
}