{
  "datetime": "2026-02-08 23:25:00",
  "open": 1.18144,
  "high": 1.18149,
  "low": 1.18141,
  "close": 1.18146,
  "rollH20": 1.18193,
  "rollL20": 1.18125,
  "up2": false,
  "dn2": false,
  "source": "twelvedata_repo"
}