{
  "datetime": "2025-12-29 00:45:00",
  "open": 1.17743,
  "high": 1.1776,
  "low": 1.17741,
  "close": 1.17758,
  "rollH20": 1.1778,
  "rollL20": 1.17701,
  "up2": false,
  "dn2": false,
  "source": "twelvedata_repo"
}