{
  "datetime": "2026-03-31 09:55:00",
  "open": 1.14716,
  "high": 1.1472,
  "low": 1.147,
  "close": 1.14701,
  "rollH20": 1.14752,
  "rollL20": 1.14643,
  "up2": false,
  "dn2": false,
  "source": "twelvedata_repo"
}