{
  "datetime": "2026-05-13 12:00:00",
  "open": 1.17128,
  "high": 1.17138,
  "low": 1.17125,
  "close": 1.17135,
  "rollH20": 1.17145,
  "rollL20": 1.16963,
  "up2": false,
  "dn2": false,
  "source": "twelvedata_repo"
}