{
  "datetime": "2026-01-25 10:40:00",
  "open": 1.18253,
  "high": 1.18258,
  "low": 1.18251,
  "close": 1.18255,
  "rollH20": 1.18258,
  "rollL20": 1.18242,
  "up2": false,
  "dn2": false,
  "source": "twelvedata_repo"
}