{
  "datetime": "2025-10-10 10:40:00",
  "open": 1.15714,
  "high": 1.15743,
  "low": 1.15712,
  "close": 1.15736,
  "rollH20": 1.15892,
  "rollL20": 1.15687,
  "up2": false,
  "dn2": false,
  "source": "twelvedata_repo"
}