{
  "datetime": "2026-01-16 00:25:00",
  "open": 1.16088,
  "high": 1.1609,
  "low": 1.16088,
  "close": 1.16089,
  "rollH20": 1.16111,
  "rollL20": 1.16073,
  "up2": false,
  "dn2": false,
  "source": "twelvedata_repo"
}