{
  "datetime": "2025-09-19 07:55:00",
  "open": 1.17695,
  "high": 1.177,
  "low": 1.17658,
  "close": 1.17658,
  "rollH20": 1.17777,
  "rollL20": 1.17633,
  "up2": false,
  "dn2": false,
  "source": "twelvedata_repo"
}