{
  "datetime": "2025-12-18 16:30:00",
  "open": 1.17245,
  "high": 1.17248,
  "low": 1.17219,
  "close": 1.17219,
  "rollH20": 1.17596,
  "rollL20": 1.17212,
  "up2": false,
  "dn2": false,
  "source": "twelvedata_repo"
}