{
  "datetime": "2026-01-02 02:05:00",
  "open": 1.17586,
  "high": 1.17609,
  "low": 1.17586,
  "close": 1.17599,
  "rollH20": 1.17589,
  "rollL20": 1.1747,
  "up2": false,
  "dn2": false,
  "source": "twelvedata_repo"
}