{
  "datetime": "2025-10-23 05:35:00",
  "open": 1.15957,
  "high": 1.15958,
  "low": 1.15957,
  "close": 1.15958,
  "rollH20": 1.15984,
  "rollL20": 1.15907,
  "up2": false,
  "dn2": false,
  "source": "twelvedata_repo"
}