{
  "datetime": "2025-10-23 15:25:00",
  "open": 1.16117,
  "high": 1.1612,
  "low": 1.16093,
  "close": 1.16096,
  "rollH20": 1.16147,
  "rollL20": 1.15984,
  "up2": false,
  "dn2": false,
  "source": "twelvedata_repo"
}