{
  "datetime": "2026-01-17 22:25:00",
  "open": 1.16058,
  "high": 1.16061,
  "low": 1.16045,
  "close": 1.16049,
  "rollH20": 1.16063,
  "rollL20": 1.16052,
  "up2": false,
  "dn2": false,
  "source": "twelvedata_repo"
}