{
  "datetime": "2026-03-21 20:55:00",
  "open": 1.15893,
  "high": 1.15904,
  "low": 1.15837,
  "close": 1.15839,
  "rollH20": 1.15932,
  "rollL20": 1.15853,
  "up2": false,
  "dn2": false,
  "source": "twelvedata_repo"
}