{
  "datetime": "2026-02-12 14:50:00",
  "open": 1.18832,
  "high": 1.18859,
  "low": 1.18828,
  "close": 1.18834,
  "rollH20": 1.18855,
  "rollL20": 1.18679,
  "up2": false,
  "dn2": false,
  "source": "twelvedata_repo"
}