{
  "datetime": "2026-01-02 00:20:00",
  "open": 1.17475,
  "high": 1.17489,
  "low": 1.17475,
  "close": 1.17489,
  "rollH20": 1.17522,
  "rollL20": 1.17465,
  "up2": false,
  "dn2": false,
  "source": "twelvedata_repo"
}