{
  "datetime": "2025-09-15 18:55:00",
  "open": 1.17711,
  "high": 1.17711,
  "low": 1.17686,
  "close": 1.17706,
  "rollH20": 1.17727,
  "rollL20": 1.17563,
  "up2": false,
  "dn2": false,
  "source": "twelvedata_repo"
}