{
  "datetime": "2026-04-06 11:40:00",
  "open": 1.15494,
  "high": 1.15499,
  "low": 1.15492,
  "close": 1.15499,
  "rollH20": 1.15586,
  "rollL20": 1.1547,
  "up2": false,
  "dn2": false,
  "source": "twelvedata_repo"
}