{
  "datetime": "2025-12-19 13:20:00",
  "open": 1.17112,
  "high": 1.17123,
  "low": 1.17092,
  "close": 1.17112,
  "rollH20": 1.17175,
  "rollL20": 1.17087,
  "up2": false,
  "dn2": false,
  "source": "twelvedata_repo"
}