{
  "datetime": "2026-05-09 13:50:00",
  "open": 1.17872,
  "high": 1.17876,
  "low": 1.1787,
  "close": 1.17871,
  "rollH20": 1.17925,
  "rollL20": 1.17847,
  "up2": false,
  "dn2": false,
  "source": "twelvedata_repo"
}