{
  "datetime": "2026-05-25 02:15:00",
  "open": 1.16391,
  "high": 1.16446,
  "low": 1.16391,
  "close": 1.1644,
  "rollH20": 1.16495,
  "rollL20": 1.16349,
  "up2": false,
  "dn2": false,
  "source": "twelvedata_repo"
}