{
  "datetime": "2025-10-17 05:35:00",
  "open": 1.17092,
  "high": 1.17093,
  "low": 1.17092,
  "close": 1.17093,
  "rollH20": 1.17121,
  "rollL20": 1.17039,
  "up2": false,
  "dn2": false,
  "source": "twelvedata_repo"
}