{
  "datetime": "2025-10-10 05:15:00",
  "open": 1.15683,
  "high": 1.15685,
  "low": 1.15678,
  "close": 1.15685,
  "rollH20": 1.1574,
  "rollL20": 1.15673,
  "up2": false,
  "dn2": false,
  "source": "twelvedata_repo"
}