{
  "datetime": "2026-04-23 00:45:00",
  "open": 1.1707,
  "high": 1.17076,
  "low": 1.17068,
  "close": 1.17074,
  "rollH20": 1.17081,
  "rollL20": 1.1705,
  "up2": false,
  "dn2": false,
  "source": "twelvedata_repo"
}