{
  "datetime": "2025-11-27 07:15:00",
  "open": 1.16037,
  "high": 1.16038,
  "low": 1.16029,
  "close": 1.16029,
  "rollH20": 1.16065,
  "rollL20": 1.16002,
  "up2": false,
  "dn2": false,
  "source": "twelvedata_repo"
}