{
  "datetime": "2026-04-27 18:15:00",
  "open": 1.17247,
  "high": 1.17253,
  "low": 1.17233,
  "close": 1.17233,
  "rollH20": 1.17349,
  "rollL20": 1.17222,
  "up2": false,
  "dn2": false,
  "source": "twelvedata_repo"
}