{
  "datetime": "2026-02-23 22:00:00",
  "open": 1.17853,
  "high": 1.17866,
  "low": 1.17851,
  "close": 1.17862,
  "rollH20": 1.17951,
  "rollL20": 1.17846,
  "up2": false,
  "dn2": false,
  "source": "twelvedata_repo"
}