{
  "datetime": "2026-07-11 17:05:00",
  "open": 1.14159,
  "high": 1.14164,
  "low": 1.14157,
  "close": 1.14162,
  "rollH20": 1.1419,
  "rollL20": 1.14137,
  "up2": false,
  "dn2": false,
  "source": "twelvedata_repo"
}