{
  "datetime": "2026-03-15 17:55:00",
  "open": 1.14161,
  "high": 1.14163,
  "low": 1.14161,
  "close": 1.14163,
  "rollH20": 1.14161,
  "rollL20": 1.13978,
  "up2": false,
  "dn2": false,
  "source": "twelvedata_repo"
}