{
  "datetime": "2025-12-01 03:15:00",
  "open": 1.16004,
  "high": 1.16019,
  "low": 1.1599,
  "close": 1.15997,
  "rollH20": 1.16157,
  "rollL20": 1.16003,
  "up2": false,
  "dn2": false,
  "source": "twelvedata_repo"
}