{
  "datetime": "2025-10-31 18:10:00",
  "open": 1.15275,
  "high": 1.15275,
  "low": 1.15274,
  "close": 1.15274,
  "rollH20": 1.15434,
  "rollL20": 1.15246,
  "up2": false,
  "dn2": false,
  "source": "twelvedata_repo"
}