{
  "datetime": "2025-11-14 08:45:00",
  "open": 1.16413,
  "high": 1.16419,
  "low": 1.16409,
  "close": 1.16418,
  "rollH20": 1.16464,
  "rollL20": 1.16335,
  "up2": false,
  "dn2": false,
  "source": "twelvedata_repo"
}