{
  "datetime": "2025-12-03 01:40:00",
  "open": 1.16317,
  "high": 1.16318,
  "low": 1.16306,
  "close": 1.16306,
  "rollH20": 1.1633,
  "rollL20": 1.16249,
  "up2": false,
  "dn2": false,
  "source": "twelvedata_repo"
}