{
  "datetime": "2026-06-30 09:15:00",
  "open": 1.13936,
  "high": 1.13936,
  "low": 1.13887,
  "close": 1.13893,
  "rollH20": 1.14094,
  "rollL20": 1.1389,
  "up2": false,
  "dn2": false,
  "source": "twelvedata_repo"
}