{
  "datetime": "2026-01-09 18:55:00",
  "open": 1.16325,
  "high": 1.16325,
  "low": 1.16323,
  "close": 1.16323,
  "rollH20": 1.16401,
  "rollL20": 1.16284,
  "up2": false,
  "dn2": false,
  "source": "twelvedata_repo"
}