{
  "datetime": "2026-04-02 22:25:00",
  "open": 1.1539,
  "high": 1.15407,
  "low": 1.1539,
  "close": 1.15405,
  "rollH20": 1.15407,
  "rollL20": 1.15335,
  "up2": false,
  "dn2": false,
  "source": "twelvedata_repo"
}