{
  "datetime": "2026-01-14 11:55:00",
  "open": 1.16569,
  "high": 1.16575,
  "low": 1.16546,
  "close": 1.16559,
  "rollH20": 1.1658,
  "rollL20": 1.16469,
  "up2": false,
  "dn2": false,
  "source": "twelvedata_repo"
}