{
  "datetime": "2025-11-05 18:40:00",
  "open": 1.148,
  "high": 1.14806,
  "low": 1.14793,
  "close": 1.14796,
  "rollH20": 1.1486,
  "rollL20": 1.14712,
  "up2": false,
  "dn2": false,
  "source": "twelvedata_repo"
}