{
  "datetime": "2026-06-19 21:05:00",
  "open": 1.14766,
  "high": 1.14767,
  "low": 1.1476,
  "close": 1.14761,
  "rollH20": 1.14812,
  "rollL20": 1.1475,
  "up2": false,
  "dn2": false,
  "source": "twelvedata_repo"
}