{
  "datetime": "2026-07-15 18:40:00",
  "open": 1.14662,
  "high": 1.14696,
  "low": 1.14653,
  "close": 1.1469,
  "rollH20": 1.1467,
  "rollL20": 1.14308,
  "up2": false,
  "dn2": false,
  "source": "twelvedata_repo"
}