{
  "datetime": "2025-12-12 08:30:00",
  "open": 1.17394,
  "high": 1.17419,
  "low": 1.17391,
  "close": 1.17417,
  "rollH20": 1.17421,
  "rollL20": 1.17343,
  "up2": false,
  "dn2": false,
  "source": "twelvedata_repo"
}