{
  "datetime": "2025-10-29 17:40:00",
  "open": 1.1661,
  "high": 1.1661,
  "low": 1.16596,
  "close": 1.16596,
  "rollH20": 1.16651,
  "rollL20": 1.16451,
  "up2": false,
  "dn2": false,
  "source": "twelvedata_repo"
}