{
  "datetime": "2026-02-09 16:30:00",
  "open": 1.19107,
  "high": 1.19116,
  "low": 1.19107,
  "close": 1.19115,
  "rollH20": 1.19262,
  "rollL20": 1.18955,
  "up2": false,
  "dn2": false,
  "source": "twelvedata_repo"
}