{
  "datetime": "2026-04-10 20:40:00",
  "open": 1.17294,
  "high": 1.17298,
  "low": 1.1728,
  "close": 1.17288,
  "rollH20": 1.17359,
  "rollL20": 1.17187,
  "up2": false,
  "dn2": false,
  "source": "twelvedata_repo"
}