{
  "datetime": "2026-05-08 18:25:00",
  "open": 1.17739,
  "high": 1.17751,
  "low": 1.17733,
  "close": 1.17745,
  "rollH20": 1.17789,
  "rollL20": 1.17707,
  "up2": false,
  "dn2": false,
  "source": "twelvedata_repo"
}