{
  "datetime": "2026-03-09 20:25:00",
  "open": 1.16162,
  "high": 1.16197,
  "low": 1.16161,
  "close": 1.16176,
  "rollH20": 1.16302,
  "rollL20": 1.15763,
  "up2": false,
  "dn2": false,
  "source": "twelvedata_repo"
}