{
  "datetime": "2026-01-30 12:55:00",
  "open": 1.19445,
  "high": 1.1949,
  "low": 1.19443,
  "close": 1.1949,
  "rollH20": 1.19481,
  "rollL20": 1.19142,
  "up2": false,
  "dn2": false,
  "source": "twelvedata_repo"
}