{
  "datetime": "2026-04-26 06:10:00",
  "open": 1.17219,
  "high": 1.17224,
  "low": 1.17217,
  "close": 1.17218,
  "rollH20": 1.17229,
  "rollL20": 1.17203,
  "up2": false,
  "dn2": false,
  "source": "twelvedata_repo"
}