{
  "datetime": "2026-01-05 12:30:00",
  "open": 1.16822,
  "high": 1.16839,
  "low": 1.16822,
  "close": 1.16838,
  "rollH20": 1.1691,
  "rollL20": 1.16754,
  "up2": false,
  "dn2": false,
  "source": "twelvedata_repo"
}