{
  "datetime": "2025-11-04 11:35:00",
  "open": 1.15081,
  "high": 1.15099,
  "low": 1.1508,
  "close": 1.15088,
  "rollH20": 1.15175,
  "rollL20": 1.14996,
  "up2": false,
  "dn2": false,
  "source": "twelvedata_repo"
}