{
  "datetime": "2025-12-04 22:40:00",
  "open": 1.16439,
  "high": 1.16447,
  "low": 1.16439,
  "close": 1.16446,
  "rollH20": 1.16529,
  "rollL20": 1.16414,
  "up2": false,
  "dn2": false,
  "source": "twelvedata_repo"
}