{
  "datetime": "2025-12-16 00:35:00",
  "open": 1.17546,
  "high": 1.17552,
  "low": 1.17544,
  "close": 1.17548,
  "rollH20": 1.17562,
  "rollL20": 1.17507,
  "up2": false,
  "dn2": false,
  "source": "twelvedata_repo"
}