{
  "datetime": "2025-11-18 17:25:00",
  "open": 1.1576,
  "high": 1.15773,
  "low": 1.15735,
  "close": 1.15738,
  "rollH20": 1.16081,
  "rollL20": 1.15734,
  "up2": false,
  "dn2": false,
  "source": "twelvedata_repo"
}