{
  "datetime": "2025-11-24 23:45:00",
  "open": 1.15239,
  "high": 1.15243,
  "low": 1.15238,
  "close": 1.15243,
  "rollH20": 1.15247,
  "rollL20": 1.15196,
  "up2": false,
  "dn2": false,
  "source": "twelvedata_repo"
}