{
  "datetime": "2026-03-05 12:00:00",
  "open": 1.16109,
  "high": 1.16115,
  "low": 1.16109,
  "close": 1.16115,
  "rollH20": 1.16242,
  "rollL20": 1.16047,
  "up2": false,
  "dn2": false,
  "source": "twelvedata_repo"
}