{
  "datetime": "2025-10-15 17:40:00",
  "open": 1.16359,
  "high": 1.16365,
  "low": 1.16359,
  "close": 1.16363,
  "rollH20": 1.16468,
  "rollL20": 1.16185,
  "up2": false,
  "dn2": false,
  "source": "twelvedata_repo"
}