{
  "datetime": "2026-05-13 06:50:00",
  "open": 1.17351,
  "high": 1.17351,
  "low": 1.1733,
  "close": 1.1733,
  "rollH20": 1.17373,
  "rollL20": 1.17328,
  "up2": false,
  "dn2": false,
  "source": "twelvedata_repo"
}