{
  "datetime": "2026-01-24 12:55:00",
  "open": 1.18231,
  "high": 1.18234,
  "low": 1.18231,
  "close": 1.18232,
  "rollH20": 1.18245,
  "rollL20": 1.18217,
  "up2": false,
  "dn2": false,
  "source": "twelvedata_repo"
}