{
  "datetime": "2025-11-25 20:55:00",
  "open": 1.15798,
  "high": 1.15836,
  "low": 1.15798,
  "close": 1.15836,
  "rollH20": 1.15852,
  "rollL20": 1.15746,
  "up2": false,
  "dn2": false,
  "source": "twelvedata_repo"
}