{
  "datetime": "2025-12-26 14:45:00",
  "open": 1.1795,
  "high": 1.17965,
  "low": 1.17947,
  "close": 1.17965,
  "rollH20": 1.1796,
  "rollL20": 1.17734,
  "up2": false,
  "dn2": false,
  "source": "twelvedata_repo"
}