{
  "datetime": "2026-03-11 17:25:00",
  "open": 1.15724,
  "high": 1.15745,
  "low": 1.15723,
  "close": 1.15743,
  "rollH20": 1.1576,
  "rollL20": 1.15644,
  "up2": false,
  "dn2": false,
  "source": "twelvedata_repo"
}