{
  "datetime": "2025-11-07 14:55:00",
  "open": 1.15678,
  "high": 1.15688,
  "low": 1.15665,
  "close": 1.15665,
  "rollH20": 1.15692,
  "rollL20": 1.15541,
  "up2": false,
  "dn2": false,
  "source": "twelvedata_repo"
}