{
  "datetime": "2026-06-05 16:50:00",
  "open": 1.15338,
  "high": 1.1535,
  "low": 1.15338,
  "close": 1.15347,
  "rollH20": 1.15686,
  "rollL20": 1.15331,
  "up2": false,
  "dn2": false,
  "source": "twelvedata_repo"
}