{
  "datetime": "2025-10-22 04:45:00",
  "open": 1.1608,
  "high": 1.16088,
  "low": 1.16078,
  "close": 1.16085,
  "rollH20": 1.16108,
  "rollL20": 1.16046,
  "up2": false,
  "dn2": false,
  "source": "twelvedata_repo"
}