{
  "datetime": "2026-02-22 16:00:00",
  "open": 1.17833,
  "high": 1.17837,
  "low": 1.17833,
  "close": 1.17836,
  "rollH20": 1.17839,
  "rollL20": 1.17832,
  "up2": false,
  "dn2": false,
  "source": "twelvedata_repo"
}