{
  "datetime": "2025-12-19 00:30:00",
  "open": 1.17255,
  "high": 1.1726,
  "low": 1.17255,
  "close": 1.17258,
  "rollH20": 1.17278,
  "rollL20": 1.17205,
  "up2": false,
  "dn2": false,
  "source": "twelvedata_repo"
}