{
  "datetime": "2025-11-05 09:40:00",
  "open": 1.14926,
  "high": 1.14929,
  "low": 1.14891,
  "close": 1.14909,
  "rollH20": 1.14956,
  "rollL20": 1.14834,
  "up2": false,
  "dn2": false,
  "source": "twelvedata_repo"
}