{
  "datetime": "2026-01-30 21:40:00",
  "open": 1.18585,
  "high": 1.1859,
  "low": 1.18576,
  "close": 1.18587,
  "rollH20": 1.1885,
  "rollL20": 1.18557,
  "up2": false,
  "dn2": false,
  "source": "twelvedata_repo"
}