{
  "datetime": "2026-05-23 21:00:00",
  "open": 1.16051,
  "high": 1.16056,
  "low": 1.1605,
  "close": 1.16053,
  "rollH20": 1.16074,
  "rollL20": 1.16016,
  "up2": false,
  "dn2": false,
  "source": "twelvedata_repo"
}