{
  "datetime": "2025-12-10 19:15:00",
  "open": 1.16576,
  "high": 1.16581,
  "low": 1.16569,
  "close": 1.16573,
  "rollH20": 1.16599,
  "rollL20": 1.1644,
  "up2": false,
  "dn2": false,
  "source": "twelvedata_repo"
}