{
  "datetime": "2026-01-25 17:30:00",
  "open": 1.18126,
  "high": 1.18128,
  "low": 1.18126,
  "close": 1.18128,
  "rollH20": 1.18131,
  "rollL20": 1.18069,
  "up2": false,
  "dn2": false,
  "source": "twelvedata_repo"
}