{
  "datetime": "2025-11-04 15:50:00",
  "open": 1.14794,
  "high": 1.14847,
  "low": 1.14793,
  "close": 1.14836,
  "rollH20": 1.14966,
  "rollL20": 1.14729,
  "up2": false,
  "dn2": false,
  "source": "twelvedata_repo"
}