{
  "datetime": "2026-05-23 14:05:00",
  "open": 1.16034,
  "high": 1.16038,
  "low": 1.16033,
  "close": 1.16037,
  "rollH20": 1.16063,
  "rollL20": 1.16009,
  "up2": false,
  "dn2": false,
  "source": "twelvedata_repo"
}