{
  "datetime": "2026-03-13 20:50:00",
  "open": 1.14136,
  "high": 1.14145,
  "low": 1.14136,
  "close": 1.14145,
  "rollH20": 1.14321,
  "rollL20": 1.14113,
  "up2": false,
  "dn2": false,
  "source": "twelvedata_repo"
}