{
  "datetime": "2026-04-22 21:25:00",
  "open": 1.17067,
  "high": 1.17069,
  "low": 1.17062,
  "close": 1.17069,
  "rollH20": 1.17126,
  "rollL20": 1.17035,
  "up2": false,
  "dn2": false,
  "source": "twelvedata_repo"
}