{
  "datetime": "2026-01-12 23:15:00",
  "open": 1.16697,
  "high": 1.16698,
  "low": 1.16694,
  "close": 1.16694,
  "rollH20": 1.16721,
  "rollL20": 1.16635,
  "up2": false,
  "dn2": false,
  "source": "twelvedata_repo"
}