{
  "datetime": "2026-01-19 11:10:00",
  "open": 1.16266,
  "high": 1.16284,
  "low": 1.16266,
  "close": 1.16274,
  "rollH20": 1.16294,
  "rollL20": 1.16123,
  "up2": false,
  "dn2": false,
  "source": "twelvedata_repo"
}