{
  "datetime": "2026-05-17 14:35:00",
  "open": 1.16244,
  "high": 1.16247,
  "low": 1.16243,
  "close": 1.16243,
  "rollH20": 1.16257,
  "rollL20": 1.16242,
  "up2": false,
  "dn2": false,
  "source": "twelvedata_repo"
}