{
  "datetime": "2026-02-05 08:30:00",
  "open": 1.17997,
  "high": 1.18001,
  "low": 1.17978,
  "close": 1.17987,
  "rollH20": 1.18036,
  "rollL20": 1.17845,
  "up2": false,
  "dn2": false,
  "source": "twelvedata_repo"
}