{
  "datetime": "2026-02-16 19:55:00",
  "open": 1.18531,
  "high": 1.18542,
  "low": 1.18526,
  "close": 1.18542,
  "rollH20": 1.18536,
  "rollL20": 1.18481,
  "up2": false,
  "dn2": false,
  "source": "twelvedata_repo"
}