{
  "datetime": "2026-03-08 19:00:00",
  "open": 1.15764,
  "high": 1.15786,
  "low": 1.15655,
  "close": 1.15655,
  "rollH20": 1.16208,
  "rollL20": 1.15587,
  "up2": false,
  "dn2": false,
  "source": "twelvedata_repo"
}