{
  "datetime": "2026-07-12 04:45:00",
  "open": 1.14171,
  "high": 1.14175,
  "low": 1.1417,
  "close": 1.1417,
  "rollH20": 1.1419,
  "rollL20": 1.14138,
  "up2": false,
  "dn2": false,
  "source": "twelvedata_repo"
}