{
  "datetime": "2025-10-27 20:30:00",
  "open": 1.16447,
  "high": 1.16454,
  "low": 1.16447,
  "close": 1.16453,
  "rollH20": 1.16514,
  "rollL20": 1.16351,
  "up2": false,
  "dn2": false,
  "source": "twelvedata_repo"
}