{
  "datetime": "2025-10-03 16:05:00",
  "open": 1.17401,
  "high": 1.17418,
  "low": 1.17376,
  "close": 1.17378,
  "rollH20": 1.17586,
  "rollL20": 1.17342,
  "up2": false,
  "dn2": false,
  "source": "twelvedata_repo"
}