{
  "datetime": "2025-09-12 20:35:00",
  "open": 1.17355,
  "high": 1.17355,
  "low": 1.17349,
  "close": 1.17349,
  "rollH20": 1.17417,
  "rollL20": 1.1732,
  "up2": false,
  "dn2": false,
  "source": "twelvedata_repo"
}