{
  "datetime": "2025-11-10 09:30:00",
  "open": 1.15772,
  "high": 1.15809,
  "low": 1.15763,
  "close": 1.15809,
  "rollH20": 1.15775,
  "rollL20": 1.15521,
  "up2": false,
  "dn2": false,
  "source": "twelvedata_repo"
}