{
  "datetime": "2025-11-11 22:55:00",
  "open": 1.15833,
  "high": 1.15833,
  "low": 1.15827,
  "close": 1.15827,
  "rollH20": 1.15892,
  "rollL20": 1.15817,
  "up2": false,
  "dn2": false,
  "source": "twelvedata_repo"
}