{
  "datetime": "2025-11-06 16:45:00",
  "open": 1.15296,
  "high": 1.15314,
  "low": 1.15295,
  "close": 1.15311,
  "rollH20": 1.15369,
  "rollL20": 1.15192,
  "up2": false,
  "dn2": false,
  "source": "twelvedata_repo"
}