{
  "datetime": "2026-06-03 21:00:00",
  "open": 1.15984,
  "high": 1.15991,
  "low": 1.1598,
  "close": 1.1599,
  "rollH20": 1.16008,
  "rollL20": 1.15957,
  "up2": false,
  "dn2": false,
  "source": "twelvedata_repo"
}