{
  "datetime": "2026-03-16 08:10:00",
  "open": 1.1433,
  "high": 1.14352,
  "low": 1.14291,
  "close": 1.14293,
  "rollH20": 1.14353,
  "rollL20": 1.14146,
  "up2": false,
  "dn2": false,
  "source": "twelvedata_repo"
}