{
  "datetime": "2025-10-16 11:45:00",
  "open": 1.16558,
  "high": 1.16568,
  "low": 1.16536,
  "close": 1.16566,
  "rollH20": 1.16637,
  "rollL20": 1.16523,
  "up2": false,
  "dn2": false,
  "source": "twelvedata_repo"
}