{
  "datetime": "2025-11-14 16:55:00",
  "open": 1.1608,
  "high": 1.16122,
  "low": 1.16068,
  "close": 1.16117,
  "rollH20": 1.16378,
  "rollL20": 1.16074,
  "up2": false,
  "dn2": false,
  "source": "twelvedata_repo"
}