{
  "datetime": "2026-06-06 00:35:00",
  "open": 1.15239,
  "high": 1.15241,
  "low": 1.15209,
  "close": 1.15241,
  "rollH20": 1.15262,
  "rollL20": 1.15205,
  "up2": false,
  "dn2": false,
  "source": "twelvedata_repo"
}