{
  "datetime": "2025-11-05 20:40:00",
  "open": 1.14848,
  "high": 1.14851,
  "low": 1.14843,
  "close": 1.14851,
  "rollH20": 1.14845,
  "rollL20": 1.1479,
  "up2": false,
  "dn2": false,
  "source": "twelvedata_repo"
}