{
  "datetime": "2025-10-23 05:10:00",
  "open": 1.15917,
  "high": 1.15932,
  "low": 1.15914,
  "close": 1.15931,
  "rollH20": 1.15984,
  "rollL20": 1.15907,
  "up2": false,
  "dn2": false,
  "source": "twelvedata_repo"
}