{
  "datetime": "2025-11-25 05:55:00",
  "open": 1.15159,
  "high": 1.1516,
  "low": 1.15156,
  "close": 1.15159,
  "rollH20": 1.15272,
  "rollL20": 1.15147,
  "up2": false,
  "dn2": false,
  "source": "twelvedata_repo"
}