{
  "datetime": "2026-07-16 22:35:00",
  "open": 1.14432,
  "high": 1.14432,
  "low": 1.14406,
  "close": 1.14427,
  "rollH20": 1.14446,
  "rollL20": 1.14385,
  "up2": false,
  "dn2": false,
  "source": "twelvedata_repo"
}