{
  "datetime": "2026-03-04 14:10:00",
  "open": 1.16311,
  "high": 1.16313,
  "low": 1.1631,
  "close": 1.1631,
  "rollH20": 1.16497,
  "rollL20": 1.16279,
  "up2": false,
  "dn2": false,
  "source": "twelvedata_repo"
}