{
  "datetime": "2026-02-24 21:15:00",
  "open": 1.17748,
  "high": 1.17758,
  "low": 1.17748,
  "close": 1.17756,
  "rollH20": 1.17843,
  "rollL20": 1.17743,
  "up2": false,
  "dn2": false,
  "source": "twelvedata_repo"
}