{
  "datetime": "2025-12-11 08:55:00",
  "open": 1.16953,
  "high": 1.16954,
  "low": 1.1694,
  "close": 1.16944,
  "rollH20": 1.17002,
  "rollL20": 1.16831,
  "up2": false,
  "dn2": false,
  "source": "twelvedata_repo"
}