{
  "datetime": "2026-03-30 00:45:00",
  "open": 1.14908,
  "high": 1.14915,
  "low": 1.14908,
  "close": 1.14915,
  "rollH20": 1.15016,
  "rollL20": 1.14877,
  "up2": false,
  "dn2": false,
  "source": "twelvedata_repo"
}