{
  "datetime": "2026-01-28 12:10:00",
  "open": 1.19739,
  "high": 1.19767,
  "low": 1.19739,
  "close": 1.19767,
  "rollH20": 1.19957,
  "rollL20": 1.19733,
  "up2": false,
  "dn2": false,
  "source": "twelvedata_repo"
}