{
  "datetime": "2026-02-17 01:35:00",
  "open": 1.18428,
  "high": 1.18441,
  "low": 1.18428,
  "close": 1.18437,
  "rollH20": 1.18519,
  "rollL20": 1.18414,
  "up2": false,
  "dn2": false,
  "source": "twelvedata_repo"
}