{
  "datetime": "2026-01-14 00:40:00",
  "open": 1.16456,
  "high": 1.16459,
  "low": 1.16436,
  "close": 1.16436,
  "rollH20": 1.16461,
  "rollL20": 1.16424,
  "up2": false,
  "dn2": false,
  "source": "twelvedata_repo"
}