{
  "datetime": "2026-04-23 12:20:00",
  "open": 1.16814,
  "high": 1.16834,
  "low": 1.16813,
  "close": 1.16821,
  "rollH20": 1.16966,
  "rollL20": 1.16805,
  "up2": false,
  "dn2": false,
  "source": "twelvedata_repo"
}