{
  "datetime": "2026-02-19 08:20:00",
  "open": 1.18024,
  "high": 1.18041,
  "low": 1.18011,
  "close": 1.18015,
  "rollH20": 1.18038,
  "rollL20": 1.17926,
  "up2": false,
  "dn2": false,
  "source": "twelvedata_repo"
}