{
  "datetime": "2026-02-28 11:25:00",
  "open": 1.18061,
  "high": 1.18063,
  "low": 1.1806,
  "close": 1.1806,
  "rollH20": 1.18101,
  "rollL20": 1.18053,
  "up2": false,
  "dn2": false,
  "source": "twelvedata_repo"
}