{
  "datetime": "2026-05-01 22:55:00",
  "open": 1.17225,
  "high": 1.17266,
  "low": 1.17203,
  "close": 1.17229,
  "rollH20": 1.17261,
  "rollL20": 1.1716,
  "up2": false,
  "dn2": false,
  "source": "twelvedata_repo"
}