{
  "datetime": "2026-01-26 20:35:00",
  "open": 1.1874,
  "high": 1.18741,
  "low": 1.18703,
  "close": 1.18736,
  "rollH20": 1.18899,
  "rollL20": 1.18721,
  "up2": false,
  "dn2": false,
  "source": "twelvedata_repo"
}