{
  "datetime": "2026-06-30 20:15:00",
  "open": 1.14219,
  "high": 1.14231,
  "low": 1.14197,
  "close": 1.142,
  "rollH20": 1.14275,
  "rollL20": 1.14125,
  "up2": false,
  "dn2": false,
  "source": "twelvedata_repo"
}