{
  "datetime": "2026-01-11 22:40:00",
  "open": 1.16338,
  "high": 1.16352,
  "low": 1.16336,
  "close": 1.16342,
  "rollH20": 1.1642,
  "rollL20": 1.16316,
  "up2": false,
  "dn2": false,
  "source": "twelvedata_repo"
}