{
  "datetime": "2025-10-09 14:35:00",
  "open": 1.16096,
  "high": 1.16098,
  "low": 1.16045,
  "close": 1.16062,
  "rollH20": 1.16224,
  "rollL20": 1.1605,
  "up2": false,
  "dn2": false,
  "source": "twelvedata_repo"
}