{
  "datetime": "2026-01-21 12:20:00",
  "open": 1.17074,
  "high": 1.17108,
  "low": 1.17069,
  "close": 1.17092,
  "rollH20": 1.17093,
  "rollL20": 1.17019,
  "up2": false,
  "dn2": false,
  "source": "twelvedata_repo"
}