{
  "datetime": "2025-12-18 06:35:00",
  "open": 1.17435,
  "high": 1.17439,
  "low": 1.17432,
  "close": 1.17439,
  "rollH20": 1.17448,
  "rollL20": 1.17382,
  "up2": false,
  "dn2": false,
  "source": "twelvedata_repo"
}