{
  "datetime": "2026-06-30 01:15:00",
  "open": 1.14183,
  "high": 1.14183,
  "low": 1.14172,
  "close": 1.14176,
  "rollH20": 1.14257,
  "rollL20": 1.14171,
  "up2": false,
  "dn2": false,
  "source": "twelvedata_repo"
}