{
  "datetime": "2026-02-28 19:55:00",
  "open": 1.18164,
  "high": 1.18168,
  "low": 1.18164,
  "close": 1.18164,
  "rollH20": 1.18169,
  "rollL20": 1.18146,
  "up2": false,
  "dn2": false,
  "source": "twelvedata_repo"
}