{
  "datetime": "2025-10-21 17:20:00",
  "open": 1.16138,
  "high": 1.16145,
  "low": 1.16133,
  "close": 1.16143,
  "rollH20": 1.16242,
  "rollL20": 1.15977,
  "up2": false,
  "dn2": false,
  "source": "twelvedata_repo"
}