{
  "datetime": "2025-10-28 06:35:00",
  "open": 1.1666,
  "high": 1.16661,
  "low": 1.1666,
  "close": 1.1666,
  "rollH20": 1.16679,
  "rollL20": 1.16593,
  "up2": false,
  "dn2": false,
  "source": "twelvedata_repo"
}