{
  "datetime": "2025-10-13 04:50:00",
  "open": 1.16196,
  "high": 1.16205,
  "low": 1.1618,
  "close": 1.16205,
  "rollH20": 1.16275,
  "rollL20": 1.16161,
  "up2": false,
  "dn2": false,
  "source": "twelvedata_repo"
}