{
  "datetime": "2026-01-01 19:10:00",
  "open": 1.1747,
  "high": 1.17475,
  "low": 1.17467,
  "close": 1.17472,
  "rollH20": 1.17506,
  "rollL20": 1.17429,
  "up2": false,
  "dn2": false,
  "source": "twelvedata_repo"
}