{
  "datetime": "2026-02-01 17:40:00",
  "open": 1.18519,
  "high": 1.18524,
  "low": 1.18501,
  "close": 1.18504,
  "rollH20": 1.18576,
  "rollL20": 1.1849,
  "up2": false,
  "dn2": false,
  "source": "twelvedata_repo"
}