{
  "datetime": "2026-03-22 17:10:00",
  "open": 1.15762,
  "high": 1.15767,
  "low": 1.15761,
  "close": 1.15761,
  "rollH20": 1.15869,
  "rollL20": 1.15719,
  "up2": false,
  "dn2": false,
  "source": "twelvedata_repo"
}