{
  "datetime": "2025-11-03 05:55:00",
  "open": 1.15328,
  "high": 1.15328,
  "low": 1.15322,
  "close": 1.15322,
  "rollH20": 1.15369,
  "rollL20": 1.15302,
  "up2": false,
  "dn2": false,
  "source": "twelvedata_repo"
}