{
  "datetime": "2025-12-15 00:25:00",
  "open": 1.174,
  "high": 1.17406,
  "low": 1.17391,
  "close": 1.17394,
  "rollH20": 1.1743,
  "rollL20": 1.17354,
  "up2": false,
  "dn2": false,
  "source": "twelvedata_repo"
}