{
  "datetime": "2026-01-10 21:25:00",
  "open": 1.16345,
  "high": 1.1635,
  "low": 1.16344,
  "close": 1.16344,
  "rollH20": 1.16356,
  "rollL20": 1.16343,
  "up2": false,
  "dn2": false,
  "source": "twelvedata_repo"
}