{
  "datetime": "2026-03-09 05:30:00",
  "open": 1.15547,
  "high": 1.15598,
  "low": 1.1554,
  "close": 1.1554,
  "rollH20": 1.15558,
  "rollL20": 1.15143,
  "up2": false,
  "dn2": false,
  "source": "twelvedata_repo"
}