{
  "datetime": "2026-04-13 17:00:00",
  "open": 1.17093,
  "high": 1.17105,
  "low": 1.17074,
  "close": 1.17084,
  "rollH20": 1.17194,
  "rollL20": 1.17032,
  "up2": false,
  "dn2": false,
  "source": "twelvedata_repo"
}