{
  "datetime": "2026-03-20 12:15:00",
  "open": 1.15737,
  "high": 1.15742,
  "low": 1.15737,
  "close": 1.1574,
  "rollH20": 1.15795,
  "rollL20": 1.15452,
  "up2": false,
  "dn2": false,
  "source": "twelvedata_repo"
}