{
  "datetime": "2026-02-01 16:00:00",
  "open": 1.18573,
  "high": 1.18576,
  "low": 1.18546,
  "close": 1.18547,
  "rollH20": 1.18578,
  "rollL20": 1.18497,
  "up2": false,
  "dn2": false,
  "source": "twelvedata_repo"
}