{
  "datetime": "2025-09-03 08:55:00",
  "open": 1.16322,
  "high": 1.16359,
  "low": 1.16302,
  "close": 1.16345,
  "rollH20": 1.16437,
  "rollL20": 1.1608,
  "up2": false,
  "dn2": false,
  "source": "twelvedata_repo"
}