{
  "datetime": "2026-05-06 02:40:00",
  "open": 1.1721,
  "high": 1.17233,
  "low": 1.17206,
  "close": 1.17229,
  "rollH20": 1.17249,
  "rollL20": 1.17123,
  "up2": false,
  "dn2": false,
  "source": "twelvedata_repo"
}