{
  "datetime": "2026-06-10 20:10:00",
  "open": 1.15466,
  "high": 1.15466,
  "low": 1.15448,
  "close": 1.15457,
  "rollH20": 1.15585,
  "rollL20": 1.15448,
  "up2": false,
  "dn2": false,
  "source": "twelvedata_repo"
}