{
  "datetime": "2026-01-06 20:15:00",
  "open": 1.1686,
  "high": 1.16871,
  "low": 1.16857,
  "close": 1.16868,
  "rollH20": 1.17023,
  "rollL20": 1.16842,
  "up2": false,
  "dn2": false,
  "source": "twelvedata_repo"
}