{
  "datetime": "2026-05-09 16:10:00",
  "open": 1.17871,
  "high": 1.17876,
  "low": 1.17869,
  "close": 1.17872,
  "rollH20": 1.17925,
  "rollL20": 1.17579,
  "up2": false,
  "dn2": false,
  "source": "twelvedata_repo"
}