{
  "datetime": "2025-11-12 20:55:00",
  "open": 1.15887,
  "high": 1.15888,
  "low": 1.1588,
  "close": 1.15888,
  "rollH20": 1.15945,
  "rollL20": 1.15847,
  "up2": false,
  "dn2": false,
  "source": "twelvedata_repo"
}