{
  "datetime": "2026-01-13 11:10:00",
  "open": 1.16725,
  "high": 1.16729,
  "low": 1.16721,
  "close": 1.16725,
  "rollH20": 1.16748,
  "rollL20": 1.16596,
  "up2": false,
  "dn2": false,
  "source": "twelvedata_repo"
}