{
  "datetime": "2026-01-06 10:45:00",
  "open": 1.17141,
  "high": 1.17184,
  "low": 1.17139,
  "close": 1.17182,
  "rollH20": 1.17382,
  "rollL20": 1.17086,
  "up2": false,
  "dn2": false,
  "source": "twelvedata_repo"
}