{
  "datetime": "2026-04-10 07:15:00",
  "open": 1.16891,
  "high": 1.16894,
  "low": 1.16869,
  "close": 1.16877,
  "rollH20": 1.16951,
  "rollL20": 1.16866,
  "up2": false,
  "dn2": false,
  "source": "twelvedata_repo"
}