{
  "datetime": "2026-06-19 15:30:00",
  "open": 1.14617,
  "high": 1.14633,
  "low": 1.14617,
  "close": 1.14631,
  "rollH20": 1.14747,
  "rollL20": 1.1457,
  "up2": false,
  "dn2": false,
  "source": "twelvedata_repo"
}