{
  "datetime": "2025-09-30 17:05:00",
  "open": 1.17366,
  "high": 1.17378,
  "low": 1.17348,
  "close": 1.17377,
  "rollH20": 1.17523,
  "rollL20": 1.1726,
  "up2": false,
  "dn2": false,
  "source": "twelvedata_repo"
}