{
  "datetime": "2026-05-07 19:55:00",
  "open": 1.17479,
  "high": 1.17483,
  "low": 1.17465,
  "close": 1.17469,
  "rollH20": 1.17596,
  "rollL20": 1.17374,
  "up2": false,
  "dn2": false,
  "source": "twelvedata_repo"
}