{
  "datetime": "2026-01-23 09:10:00",
  "open": 1.17341,
  "high": 1.17345,
  "low": 1.1733,
  "close": 1.17335,
  "rollH20": 1.17483,
  "rollL20": 1.17343,
  "up2": false,
  "dn2": false,
  "source": "twelvedata_repo"
}