{
  "datetime": "2026-03-04 09:25:00",
  "open": 1.16167,
  "high": 1.16175,
  "low": 1.16144,
  "close": 1.16144,
  "rollH20": 1.1625,
  "rollL20": 1.15948,
  "up2": false,
  "dn2": false,
  "source": "twelvedata_repo"
}