{
  "datetime": "2025-11-26 10:15:00",
  "open": 1.1578,
  "high": 1.15794,
  "low": 1.15777,
  "close": 1.15788,
  "rollH20": 1.15881,
  "rollL20": 1.15669,
  "up2": false,
  "dn2": false,
  "source": "twelvedata_repo"
}