{
  "datetime": "2026-01-09 00:25:00",
  "open": 1.16591,
  "high": 1.16594,
  "low": 1.16584,
  "close": 1.16586,
  "rollH20": 1.1663,
  "rollL20": 1.16546,
  "up2": false,
  "dn2": false,
  "source": "twelvedata_repo"
}