{
  "datetime": "2025-10-20 16:25:00",
  "open": 1.1663,
  "high": 1.16631,
  "low": 1.16626,
  "close": 1.16628,
  "rollH20": 1.16643,
  "rollL20": 1.16463,
  "up2": false,
  "dn2": false,
  "source": "twelvedata_repo"
}