{
  "datetime": "2026-04-25 15:05:00",
  "open": 1.17177,
  "high": 1.17181,
  "low": 1.17172,
  "close": 1.17172,
  "rollH20": 1.17217,
  "rollL20": 1.17178,
  "up2": false,
  "dn2": false,
  "source": "twelvedata_repo"
}