{
  "datetime": "2026-01-11 21:55:00",
  "open": 1.16363,
  "high": 1.16382,
  "low": 1.16362,
  "close": 1.16377,
  "rollH20": 1.16428,
  "rollL20": 1.16316,
  "up2": false,
  "dn2": false,
  "source": "twelvedata_repo"
}