{
  "datetime": "2026-02-17 04:20:00",
  "open": 1.18409,
  "high": 1.18431,
  "low": 1.18407,
  "close": 1.18427,
  "rollH20": 1.18442,
  "rollL20": 1.1839,
  "up2": false,
  "dn2": false,
  "source": "twelvedata_repo"
}