{
  "datetime": "2025-10-29 09:30:00",
  "open": 1.16329,
  "high": 1.16341,
  "low": 1.16311,
  "close": 1.16322,
  "rollH20": 1.16372,
  "rollL20": 1.16251,
  "up2": false,
  "dn2": false,
  "source": "twelvedata_repo"
}