{
  "datetime": "2026-03-08 19:45:00",
  "open": 1.15695,
  "high": 1.15698,
  "low": 1.15672,
  "close": 1.15672,
  "rollH20": 1.16094,
  "rollL20": 1.15557,
  "up2": false,
  "dn2": false,
  "source": "twelvedata_repo"
}