{
  "datetime": "2026-05-12 21:40:00",
  "open": 1.17391,
  "high": 1.17392,
  "low": 1.17382,
  "close": 1.17384,
  "rollH20": 1.17475,
  "rollL20": 1.17381,
  "up2": false,
  "dn2": false,
  "source": "twelvedata_repo"
}