{
  "datetime": "2026-03-30 21:25:00",
  "open": 1.14588,
  "high": 1.14592,
  "low": 1.14579,
  "close": 1.14583,
  "rollH20": 1.14657,
  "rollL20": 1.14551,
  "up2": false,
  "dn2": false,
  "source": "twelvedata_repo"
}