{
  "datetime": "2026-02-20 11:45:00",
  "open": 1.17673,
  "high": 1.17675,
  "low": 1.17667,
  "close": 1.17669,
  "rollH20": 1.17691,
  "rollL20": 1.17579,
  "up2": false,
  "dn2": false,
  "source": "twelvedata_repo"
}