{
  "datetime": "2026-01-16 20:25:00",
  "open": 1.15961,
  "high": 1.15964,
  "low": 1.15949,
  "close": 1.15953,
  "rollH20": 1.15996,
  "rollL20": 1.159,
  "up2": false,
  "dn2": false,
  "source": "twelvedata_repo"
}