{
  "datetime": "2026-04-27 10:00:00",
  "open": 1.17491,
  "high": 1.17492,
  "low": 1.17491,
  "close": 1.17491,
  "rollH20": 1.17507,
  "rollL20": 1.17305,
  "up2": false,
  "dn2": false,
  "source": "twelvedata_repo"
}