{
  "datetime": "2026-02-03 11:55:00",
  "open": 1.17893,
  "high": 1.17897,
  "low": 1.17878,
  "close": 1.17879,
  "rollH20": 1.1812,
  "rollL20": 1.17883,
  "up2": false,
  "dn2": false,
  "source": "twelvedata_repo"
}