{
  "datetime": "2026-01-14 10:55:00",
  "open": 1.1653,
  "high": 1.1654,
  "low": 1.16526,
  "close": 1.1653,
  "rollH20": 1.16534,
  "rollL20": 1.16417,
  "up2": false,
  "dn2": false,
  "source": "twelvedata_repo"
}