{
  "datetime": "2025-11-14 05:45:00",
  "open": 1.16408,
  "high": 1.16408,
  "low": 1.16404,
  "close": 1.16408,
  "rollH20": 1.16446,
  "rollL20": 1.16372,
  "up2": false,
  "dn2": false,
  "source": "twelvedata_repo"
}