{
  "datetime": "2026-01-15 06:10:00",
  "open": 1.16378,
  "high": 1.16384,
  "low": 1.16372,
  "close": 1.16375,
  "rollH20": 1.16418,
  "rollL20": 1.16347,
  "up2": false,
  "dn2": false,
  "source": "twelvedata_repo"
}