{
  "datetime": "2025-11-07 14:45:00",
  "open": 1.15684,
  "high": 1.15692,
  "low": 1.15647,
  "close": 1.15647,
  "rollH20": 1.15692,
  "rollL20": 1.15541,
  "up2": false,
  "dn2": false,
  "source": "twelvedata_repo"
}