{
  "datetime": "2026-06-25 12:45:00",
  "open": 1.13379,
  "high": 1.13388,
  "low": 1.13362,
  "close": 1.13367,
  "rollH20": 1.13596,
  "rollL20": 1.13336,
  "up2": false,
  "dn2": false,
  "source": "twelvedata_repo"
}