{
  "datetime": "2026-04-25 13:20:00",
  "open": 1.17195,
  "high": 1.17198,
  "low": 1.17194,
  "close": 1.17197,
  "rollH20": 1.17201,
  "rollL20": 1.1717,
  "up2": false,
  "dn2": false,
  "source": "twelvedata_repo"
}