{
  "datetime": "2026-07-16 23:50:00",
  "open": 1.14427,
  "high": 1.14432,
  "low": 1.14422,
  "close": 1.1443,
  "rollH20": 1.14456,
  "rollL20": 1.14399,
  "up2": false,
  "dn2": false,
  "source": "twelvedata_repo"
}