{
  "datetime": "2026-05-31 16:30:00",
  "open": 1.16591,
  "high": 1.16595,
  "low": 1.16591,
  "close": 1.16593,
  "rollH20": 1.16618,
  "rollL20": 1.16572,
  "up2": false,
  "dn2": false,
  "source": "twelvedata_repo"
}