{
  "datetime": "2026-01-11 19:40:00",
  "open": 1.1637,
  "high": 1.16393,
  "low": 1.1637,
  "close": 1.16388,
  "rollH20": 1.16562,
  "rollL20": 1.16321,
  "up2": false,
  "dn2": false,
  "source": "twelvedata_repo"
}