{
  "datetime": "2026-04-27 00:55:00",
  "open": 1.1707,
  "high": 1.17075,
  "low": 1.17068,
  "close": 1.17072,
  "rollH20": 1.17097,
  "rollL20": 1.17054,
  "up2": false,
  "dn2": false,
  "source": "twelvedata_repo"
}