{
  "datetime": "2026-01-06 09:55:00",
  "open": 1.17303,
  "high": 1.17307,
  "low": 1.17295,
  "close": 1.17295,
  "rollH20": 1.1739,
  "rollL20": 1.17265,
  "up2": false,
  "dn2": false,
  "source": "twelvedata_repo"
}