{
  "datetime": "2026-05-22 12:50:00",
  "open": 1.16013,
  "high": 1.16018,
  "low": 1.15977,
  "close": 1.15985,
  "rollH20": 1.16086,
  "rollL20": 1.15929,
  "up2": false,
  "dn2": false,
  "source": "twelvedata_repo"
}