{
  "datetime": "2026-03-10 09:40:00",
  "open": 1.16544,
  "high": 1.1655,
  "low": 1.1654,
  "close": 1.16548,
  "rollH20": 1.16598,
  "rollL20": 1.16431,
  "up2": false,
  "dn2": false,
  "source": "twelvedata_repo"
}