{
  "datetime": "2026-04-23 06:00:00",
  "open": 1.17003,
  "high": 1.17006,
  "low": 1.17001,
  "close": 1.17003,
  "rollH20": 1.17011,
  "rollL20": 1.16952,
  "up2": false,
  "dn2": false,
  "source": "twelvedata_repo"
}