{
  "datetime": "2025-10-27 08:55:00",
  "open": 1.16214,
  "high": 1.16226,
  "low": 1.1621,
  "close": 1.16223,
  "rollH20": 1.16322,
  "rollL20": 1.16212,
  "up2": false,
  "dn2": false,
  "source": "twelvedata_repo"
}