{
  "datetime": "2025-12-04 08:45:00",
  "open": 1.16577,
  "high": 1.16583,
  "low": 1.16577,
  "close": 1.16582,
  "rollH20": 1.16603,
  "rollL20": 1.16532,
  "up2": false,
  "dn2": false,
  "source": "twelvedata_repo"
}