{
  "datetime": "2026-07-17 17:50:00",
  "open": 1.14382,
  "high": 1.14391,
  "low": 1.14382,
  "close": 1.1439,
  "rollH20": 1.14444,
  "rollL20": 1.14348,
  "up2": false,
  "dn2": false,
  "source": "twelvedata_repo"
}