{
  "datetime": "2026-01-05 23:55:00",
  "open": 1.17211,
  "high": 1.17211,
  "low": 1.1721,
  "close": 1.17211,
  "rollH20": 1.17268,
  "rollL20": 1.172,
  "up2": false,
  "dn2": false,
  "source": "twelvedata_repo"
}