{
  "datetime": "2025-10-09 06:40:00",
  "open": 1.16439,
  "high": 1.1644,
  "low": 1.16416,
  "close": 1.16419,
  "rollH20": 1.1648,
  "rollL20": 1.16419,
  "up2": false,
  "dn2": false,
  "source": "twelvedata_repo"
}