{
  "datetime": "2026-04-27 13:45:00",
  "open": 1.1748,
  "high": 1.17485,
  "low": 1.17468,
  "close": 1.17482,
  "rollH20": 1.1755,
  "rollL20": 1.17386,
  "up2": false,
  "dn2": false,
  "source": "twelvedata_repo"
}