{
  "datetime": "2025-12-26 17:15:00",
  "open": 1.17727,
  "high": 1.1773,
  "low": 1.17716,
  "close": 1.17716,
  "rollH20": 1.17928,
  "rollL20": 1.17715,
  "up2": false,
  "dn2": false,
  "source": "twelvedata_repo"
}