{
  "datetime": "2025-10-08 12:20:00",
  "open": 1.16299,
  "high": 1.16305,
  "low": 1.16271,
  "close": 1.16286,
  "rollH20": 1.16361,
  "rollL20": 1.16059,
  "up2": false,
  "dn2": false,
  "source": "twelvedata_repo"
}