{
  "datetime": "2025-10-20 06:35:00",
  "open": 1.16744,
  "high": 1.16754,
  "low": 1.16734,
  "close": 1.16739,
  "rollH20": 1.16745,
  "rollL20": 1.16656,
  "up2": false,
  "dn2": false,
  "source": "twelvedata_repo"
}