{
  "datetime": "2026-05-12 21:05:00",
  "open": 1.17408,
  "high": 1.17409,
  "low": 1.174,
  "close": 1.17408,
  "rollH20": 1.17475,
  "rollL20": 1.17334,
  "up2": false,
  "dn2": false,
  "source": "twelvedata_repo"
}