{
  "datetime": "2026-06-07 23:10:00",
  "open": 1.15105,
  "high": 1.15105,
  "low": 1.15088,
  "close": 1.15092,
  "rollH20": 1.15249,
  "rollL20": 1.15087,
  "up2": false,
  "dn2": false,
  "source": "twelvedata_repo"
}