{
  "datetime": "2026-02-15 02:55:00",
  "open": 1.18693,
  "high": 1.187,
  "low": 1.18693,
  "close": 1.18696,
  "rollH20": 1.18705,
  "rollL20": 1.18652,
  "up2": false,
  "dn2": false,
  "source": "twelvedata_repo"
}