{
  "datetime": "2025-12-03 17:15:00",
  "open": 1.16638,
  "high": 1.1664,
  "low": 1.16629,
  "close": 1.16632,
  "rollH20": 1.16681,
  "rollL20": 1.16561,
  "up2": false,
  "dn2": false,
  "source": "twelvedata_repo"
}