{
  "datetime": "2026-01-02 10:15:00",
  "open": 1.17325,
  "high": 1.17345,
  "low": 1.17311,
  "close": 1.17343,
  "rollH20": 1.17396,
  "rollL20": 1.17252,
  "up2": false,
  "dn2": false,
  "source": "twelvedata_repo"
}