{
  "datetime": "2025-11-07 18:40:00",
  "open": 1.15783,
  "high": 1.15786,
  "low": 1.1578,
  "close": 1.15785,
  "rollH20": 1.1582,
  "rollL20": 1.15716,
  "up2": false,
  "dn2": false,
  "source": "twelvedata_repo"
}