{
  "datetime": "2025-11-11 15:55:00",
  "open": 1.16019,
  "high": 1.16033,
  "low": 1.16003,
  "close": 1.16003,
  "rollH20": 1.1605,
  "rollL20": 1.15768,
  "up2": false,
  "dn2": false,
  "source": "twelvedata_repo"
}