{
  "datetime": "2026-02-02 00:55:00",
  "open": 1.18515,
  "high": 1.18518,
  "low": 1.18482,
  "close": 1.18489,
  "rollH20": 1.18559,
  "rollL20": 1.18396,
  "up2": false,
  "dn2": false,
  "source": "twelvedata_repo"
}