{
  "datetime": "2026-04-25 23:35:00",
  "open": 1.17189,
  "high": 1.17201,
  "low": 1.17189,
  "close": 1.17201,
  "rollH20": 1.17229,
  "rollL20": 1.17176,
  "up2": false,
  "dn2": false,
  "source": "twelvedata_repo"
}