{
  "datetime": "2026-06-22 23:15:00",
  "open": 1.14285,
  "high": 1.14294,
  "low": 1.14278,
  "close": 1.14293,
  "rollH20": 1.14305,
  "rollL20": 1.14258,
  "up2": false,
  "dn2": false,
  "source": "twelvedata_repo"
}