{
  "datetime": "2025-09-25 12:55:00",
  "open": 1.17367,
  "high": 1.17381,
  "low": 1.17367,
  "close": 1.17381,
  "rollH20": 1.17539,
  "rollL20": 1.17346,
  "up2": false,
  "dn2": false,
  "source": "twelvedata_repo"
}