{
  "datetime": "2026-02-07 11:30:00",
  "open": 1.18097,
  "high": 1.18098,
  "low": 1.18087,
  "close": 1.18088,
  "rollH20": 1.18188,
  "rollL20": 1.18082,
  "up2": false,
  "dn2": false,
  "source": "twelvedata_repo"
}