{
  "datetime": "2026-02-16 21:40:00",
  "open": 1.18526,
  "high": 1.18527,
  "low": 1.18521,
  "close": 1.18523,
  "rollH20": 1.18558,
  "rollL20": 1.18524,
  "up2": false,
  "dn2": false,
  "source": "twelvedata_repo"
}