{
  "datetime": "2025-10-21 06:30:00",
  "open": 1.16303,
  "high": 1.16317,
  "low": 1.16296,
  "close": 1.16296,
  "rollH20": 1.16371,
  "rollL20": 1.16295,
  "up2": false,
  "dn2": false,
  "source": "twelvedata_repo"
}