{
  "datetime": "2025-10-14 11:55:00",
  "open": 1.15531,
  "high": 1.15535,
  "low": 1.1552,
  "close": 1.15532,
  "rollH20": 1.15631,
  "rollL20": 1.15512,
  "up2": false,
  "dn2": false,
  "source": "twelvedata_repo"
}