{
  "datetime": "2026-03-27 00:40:00",
  "open": 1.15397,
  "high": 1.15401,
  "low": 1.15366,
  "close": 1.15366,
  "rollH20": 1.15418,
  "rollL20": 1.15333,
  "up2": false,
  "dn2": false,
  "source": "twelvedata_repo"
}