{
  "datetime": "2026-02-13 07:55:00",
  "open": 1.18566,
  "high": 1.18571,
  "low": 1.18558,
  "close": 1.18569,
  "rollH20": 1.18653,
  "rollL20": 1.18545,
  "up2": false,
  "dn2": false,
  "source": "twelvedata_repo"
}