{
  "datetime": "2025-10-20 21:10:00",
  "open": 1.16432,
  "high": 1.16432,
  "low": 1.16427,
  "close": 1.1643,
  "rollH20": 1.16491,
  "rollL20": 1.16399,
  "up2": false,
  "dn2": false,
  "source": "twelvedata_repo"
}