{
  "datetime": "2026-06-20 09:00:00",
  "open": 1.14749,
  "high": 1.14749,
  "low": 1.14743,
  "close": 1.14746,
  "rollH20": 1.14787,
  "rollL20": 1.14717,
  "up2": false,
  "dn2": false,
  "source": "twelvedata_repo"
}