{
  "datetime": "2026-03-12 04:35:00",
  "open": 1.15367,
  "high": 1.15369,
  "low": 1.15343,
  "close": 1.15351,
  "rollH20": 1.15402,
  "rollL20": 1.15335,
  "up2": false,
  "dn2": false,
  "source": "twelvedata_repo"
}