{
  "datetime": "2026-05-16 11:15:00",
  "open": 1.16251,
  "high": 1.16256,
  "low": 1.16251,
  "close": 1.16251,
  "rollH20": 1.16261,
  "rollL20": 1.16232,
  "up2": false,
  "dn2": false,
  "source": "twelvedata_repo"
}