{
  "datetime": "2026-03-19 12:00:00",
  "open": 1.14785,
  "high": 1.14796,
  "low": 1.1476,
  "close": 1.14772,
  "rollH20": 1.14808,
  "rollL20": 1.14667,
  "up2": false,
  "dn2": false,
  "source": "twelvedata_repo"
}