{
  "datetime": "2026-01-06 12:45:00",
  "open": 1.17088,
  "high": 1.17098,
  "low": 1.17087,
  "close": 1.17095,
  "rollH20": 1.17168,
  "rollL20": 1.17061,
  "up2": false,
  "dn2": false,
  "source": "twelvedata_repo"
}