{
  "datetime": "2025-09-03 16:40:00",
  "open": 1.16788,
  "high": 1.16801,
  "low": 1.16744,
  "close": 1.16761,
  "rollH20": 1.16818,
  "rollL20": 1.16458,
  "up2": false,
  "dn2": false,
  "source": "twelvedata_repo"
}