{
  "datetime": "2026-01-17 18:40:00",
  "open": 1.16054,
  "high": 1.16058,
  "low": 1.16053,
  "close": 1.16057,
  "rollH20": 1.16059,
  "rollL20": 1.1604,
  "up2": false,
  "dn2": false,
  "source": "twelvedata_repo"
}