{
  "datetime": "2026-02-20 08:30:00",
  "open": 1.17555,
  "high": 1.17626,
  "low": 1.17555,
  "close": 1.17623,
  "rollH20": 1.17622,
  "rollL20": 1.17448,
  "up2": false,
  "dn2": false,
  "source": "twelvedata_repo"
}