{
  "datetime": "2026-04-19 12:55:00",
  "open": 1.17598,
  "high": 1.17602,
  "low": 1.17596,
  "close": 1.17599,
  "rollH20": 1.17754,
  "rollL20": 1.17479,
  "up2": false,
  "dn2": false,
  "source": "twelvedata_repo"
}