{
  "datetime": "2026-06-20 15:25:00",
  "open": 1.14746,
  "high": 1.14747,
  "low": 1.14721,
  "close": 1.14737,
  "rollH20": 1.14805,
  "rollL20": 1.14734,
  "up2": false,
  "dn2": false,
  "source": "twelvedata_repo"
}