{
  "datetime": "2026-03-11 12:40:00",
  "open": 1.15931,
  "high": 1.15978,
  "low": 1.15915,
  "close": 1.15915,
  "rollH20": 1.16092,
  "rollL20": 1.15859,
  "up2": false,
  "dn2": false,
  "source": "twelvedata_repo"
}