{
  "datetime": "2026-01-05 11:35:00",
  "open": 1.16828,
  "high": 1.16861,
  "low": 1.16828,
  "close": 1.16861,
  "rollH20": 1.16882,
  "rollL20": 1.16747,
  "up2": false,
  "dn2": false,
  "source": "twelvedata_repo"
}