{
  "datetime": "2025-12-25 22:40:00",
  "open": 1.1784,
  "high": 1.17843,
  "low": 1.17834,
  "close": 1.17836,
  "rollH20": 1.17915,
  "rollL20": 1.17738,
  "up2": false,
  "dn2": false,
  "source": "twelvedata_repo"
}