{
  "datetime": "2026-01-22 09:10:00",
  "open": 1.16899,
  "high": 1.16901,
  "low": 1.16862,
  "close": 1.16888,
  "rollH20": 1.16962,
  "rollL20": 1.16851,
  "up2": false,
  "dn2": false,
  "source": "twelvedata_repo"
}