{
  "datetime": "2026-05-25 14:25:00",
  "open": 1.16452,
  "high": 1.16462,
  "low": 1.16442,
  "close": 1.16461,
  "rollH20": 1.16531,
  "rollL20": 1.1643,
  "up2": false,
  "dn2": false,
  "source": "twelvedata_repo"
}