{
  "datetime": "2025-11-27 21:40:00",
  "open": 1.15962,
  "high": 1.15968,
  "low": 1.1596,
  "close": 1.1596,
  "rollH20": 1.15967,
  "rollL20": 1.15918,
  "up2": false,
  "dn2": false,
  "source": "twelvedata_repo"
}