{
  "datetime": "2026-06-14 22:35:00",
  "open": 1.15961,
  "high": 1.15987,
  "low": 1.15954,
  "close": 1.1598,
  "rollH20": 1.15978,
  "rollL20": 1.15576,
  "up2": false,
  "dn2": false,
  "source": "twelvedata_repo"
}