{
  "datetime": "2026-02-11 23:55:00",
  "open": 1.18759,
  "high": 1.18763,
  "low": 1.18752,
  "close": 1.18755,
  "rollH20": 1.18767,
  "rollL20": 1.18691,
  "up2": false,
  "dn2": false,
  "source": "twelvedata_repo"
}