{
  "datetime": "2026-02-07 15:25:00",
  "open": 1.18168,
  "high": 1.18172,
  "low": 1.18167,
  "close": 1.1817,
  "rollH20": 1.18173,
  "rollL20": 1.181,
  "up2": false,
  "dn2": false,
  "source": "twelvedata_repo"
}