{
  "datetime": "2026-05-08 10:45:00",
  "open": 1.17695,
  "high": 1.17715,
  "low": 1.1769,
  "close": 1.17711,
  "rollH20": 1.17737,
  "rollL20": 1.1743,
  "up2": false,
  "dn2": false,
  "source": "twelvedata_repo"
}