{
  "datetime": "2026-03-31 00:55:00",
  "open": 1.14555,
  "high": 1.14558,
  "low": 1.14554,
  "close": 1.14556,
  "rollH20": 1.14646,
  "rollL20": 1.14531,
  "up2": false,
  "dn2": false,
  "source": "twelvedata_repo"
}