{
  "datetime": "2026-02-20 23:55:00",
  "open": 1.1787,
  "high": 1.17879,
  "low": 1.1787,
  "close": 1.17879,
  "rollH20": 1.17888,
  "rollL20": 1.17854,
  "up2": false,
  "dn2": false,
  "source": "twelvedata_repo"
}