{
  "datetime": "2025-12-02 22:40:00",
  "open": 1.16228,
  "high": 1.16232,
  "low": 1.16227,
  "close": 1.16232,
  "rollH20": 1.16263,
  "rollL20": 1.16197,
  "up2": false,
  "dn2": false,
  "source": "twelvedata_repo"
}