{
  "datetime": "2026-05-16 19:15:00",
  "open": 1.16243,
  "high": 1.16248,
  "low": 1.16241,
  "close": 1.16246,
  "rollH20": 1.16257,
  "rollL20": 1.16225,
  "up2": false,
  "dn2": false,
  "source": "twelvedata_repo"
}