{
  "datetime": "2025-09-08 14:55:00",
  "open": 1.17522,
  "high": 1.17532,
  "low": 1.17506,
  "close": 1.1752,
  "rollH20": 1.1756,
  "rollL20": 1.17229,
  "up2": false,
  "dn2": false,
  "source": "twelvedata_repo"
}