{
  "datetime": "2026-05-26 23:50:00",
  "open": 1.16332,
  "high": 1.16334,
  "low": 1.16329,
  "close": 1.1633,
  "rollH20": 1.16351,
  "rollL20": 1.16284,
  "up2": false,
  "dn2": false,
  "source": "twelvedata_repo"
}