{
  "datetime": "2025-10-09 08:25:00",
  "open": 1.16167,
  "high": 1.16176,
  "low": 1.1614,
  "close": 1.16144,
  "rollH20": 1.16433,
  "rollL20": 1.16115,
  "up2": false,
  "dn2": false,
  "source": "twelvedata_repo"
}