{
  "datetime": "2026-04-09 00:35:00",
  "open": 1.16589,
  "high": 1.16601,
  "low": 1.16589,
  "close": 1.16597,
  "rollH20": 1.16674,
  "rollL20": 1.16589,
  "up2": false,
  "dn2": false,
  "source": "twelvedata_repo"
}