{
  "datetime": "2026-01-15 02:40:00",
  "open": 1.16374,
  "high": 1.16396,
  "low": 1.16374,
  "close": 1.16396,
  "rollH20": 1.16463,
  "rollL20": 1.16338,
  "up2": false,
  "dn2": false,
  "source": "twelvedata_repo"
}