{
  "datetime": "2025-09-11 22:35:00",
  "open": 1.1734,
  "high": 1.17341,
  "low": 1.17332,
  "close": 1.17338,
  "rollH20": 1.17395,
  "rollL20": 1.17323,
  "up2": false,
  "dn2": false,
  "source": "twelvedata_repo"
}