{
  "datetime": "2026-01-14 07:55:00",
  "open": 1.16466,
  "high": 1.16491,
  "low": 1.16466,
  "close": 1.1649,
  "rollH20": 1.16487,
  "rollL20": 1.16418,
  "up2": false,
  "dn2": false,
  "source": "twelvedata_repo"
}