{
  "datetime": "2026-04-24 14:00:00",
  "open": 1.17089,
  "high": 1.17121,
  "low": 1.17089,
  "close": 1.17117,
  "rollH20": 1.17184,
  "rollL20": 1.17029,
  "up2": false,
  "dn2": false,
  "source": "twelvedata_repo"
}