{
  "datetime": "2025-10-15 11:35:00",
  "open": 1.16238,
  "high": 1.16239,
  "low": 1.16221,
  "close": 1.16221,
  "rollH20": 1.1639,
  "rollL20": 1.16221,
  "up2": false,
  "dn2": false,
  "source": "twelvedata_repo"
}