{
  "datetime": "2025-10-10 16:55:00",
  "open": 1.16151,
  "high": 1.16164,
  "low": 1.16101,
  "close": 1.16111,
  "rollH20": 1.16305,
  "rollL20": 1.15649,
  "up2": false,
  "dn2": false,
  "source": "twelvedata_repo"
}