{
  "datetime": "2026-02-04 23:40:00",
  "open": 1.18057,
  "high": 1.18059,
  "low": 1.18051,
  "close": 1.18054,
  "rollH20": 1.18083,
  "rollL20": 1.18026,
  "up2": false,
  "dn2": false,
  "source": "twelvedata_repo"
}