{
  "datetime": "2025-11-04 23:35:00",
  "open": 1.14833,
  "high": 1.14833,
  "low": 1.14819,
  "close": 1.14819,
  "rollH20": 1.14847,
  "rollL20": 1.14785,
  "up2": false,
  "dn2": false,
  "source": "twelvedata_repo"
}