{
  "datetime": "2026-01-29 12:10:00",
  "open": 1.19437,
  "high": 1.19456,
  "low": 1.19437,
  "close": 1.19456,
  "rollH20": 1.19695,
  "rollL20": 1.19384,
  "up2": false,
  "dn2": false,
  "source": "twelvedata_repo"
}