{
  "datetime": "2026-01-22 18:15:00",
  "open": 1.17382,
  "high": 1.17382,
  "low": 1.17377,
  "close": 1.17377,
  "rollH20": 1.17503,
  "rollL20": 1.17248,
  "up2": false,
  "dn2": false,
  "source": "twelvedata_repo"
}