{
  "datetime": "2026-02-13 11:00:00",
  "open": 1.18614,
  "high": 1.18617,
  "low": 1.18601,
  "close": 1.18604,
  "rollH20": 1.18664,
  "rollL20": 1.18569,
  "up2": false,
  "dn2": false,
  "source": "twelvedata_repo"
}