{
  "datetime": "2026-04-02 10:00:00",
  "open": 1.15255,
  "high": 1.15265,
  "low": 1.15254,
  "close": 1.15265,
  "rollH20": 1.15373,
  "rollL20": 1.15199,
  "up2": false,
  "dn2": false,
  "source": "twelvedata_repo"
}