{
  "datetime": "2025-12-03 18:55:00",
  "open": 1.16701,
  "high": 1.16704,
  "low": 1.16685,
  "close": 1.16692,
  "rollH20": 1.16703,
  "rollL20": 1.16579,
  "up2": false,
  "dn2": false,
  "source": "twelvedata_repo"
}