{
  "datetime": "2025-09-02 11:55:00",
  "open": 1.16301,
  "high": 1.16349,
  "low": 1.16296,
  "close": 1.16324,
  "rollH20": 1.16422,
  "rollL20": 1.16237,
  "up2": false,
  "dn2": false,
  "source": "twelvedata_repo"
}