{
  "datetime": "2026-02-19 09:05:00",
  "open": 1.1803,
  "high": 1.18038,
  "low": 1.1803,
  "close": 1.18038,
  "rollH20": 1.18054,
  "rollL20": 1.17941,
  "up2": false,
  "dn2": false,
  "source": "twelvedata_repo"
}