{
  "datetime": "2025-11-17 00:45:00",
  "open": 1.16186,
  "high": 1.16186,
  "low": 1.16186,
  "close": 1.16186,
  "rollH20": 1.1625,
  "rollL20": 1.16154,
  "up2": false,
  "dn2": false,
  "source": "twelvedata_repo"
}