{
  "datetime": "2026-02-12 12:25:00",
  "open": 1.18841,
  "high": 1.18845,
  "low": 1.18822,
  "close": 1.18822,
  "rollH20": 1.18876,
  "rollL20": 1.1875,
  "up2": false,
  "dn2": false,
  "source": "twelvedata_repo"
}