{
  "datetime": "2025-10-22 20:05:00",
  "open": 1.16081,
  "high": 1.161,
  "low": 1.16077,
  "close": 1.16081,
  "rollH20": 1.16186,
  "rollL20": 1.16061,
  "up2": false,
  "dn2": false,
  "source": "twelvedata_repo"
}