{
  "datetime": "2025-12-28 23:55:00",
  "open": 1.17729,
  "high": 1.17731,
  "low": 1.17711,
  "close": 1.17713,
  "rollH20": 1.17748,
  "rollL20": 1.1767,
  "up2": false,
  "dn2": false,
  "source": "twelvedata_repo"
}