{
  "datetime": "2025-12-12 08:10:00",
  "open": 1.17389,
  "high": 1.17392,
  "low": 1.17385,
  "close": 1.17392,
  "rollH20": 1.17421,
  "rollL20": 1.17341,
  "up2": false,
  "dn2": false,
  "source": "twelvedata_repo"
}