{
  "datetime": "2025-11-13 19:35:00",
  "open": 1.16474,
  "high": 1.16474,
  "low": 1.16465,
  "close": 1.16467,
  "rollH20": 1.16553,
  "rollL20": 1.16435,
  "up2": false,
  "dn2": false,
  "source": "twelvedata_repo"
}