{
  "datetime": "2025-10-10 17:45:00",
  "open": 1.16089,
  "high": 1.16089,
  "low": 1.16081,
  "close": 1.16084,
  "rollH20": 1.16305,
  "rollL20": 1.15948,
  "up2": false,
  "dn2": false,
  "source": "twelvedata_repo"
}