{
  "datetime": "2026-06-15 02:25:00",
  "open": 1.15988,
  "high": 1.15993,
  "low": 1.1598,
  "close": 1.15992,
  "rollH20": 1.16117,
  "rollL20": 1.1595,
  "up2": false,
  "dn2": false,
  "source": "twelvedata_repo"
}