{
  "datetime": "2026-01-19 05:55:00",
  "open": 1.16332,
  "high": 1.16337,
  "low": 1.16331,
  "close": 1.16331,
  "rollH20": 1.16335,
  "rollL20": 1.16166,
  "up2": false,
  "dn2": false,
  "source": "twelvedata_repo"
}