{
  "datetime": "2026-06-12 23:45:00",
  "open": 1.15723,
  "high": 1.15754,
  "low": 1.15664,
  "close": 1.15748,
  "rollH20": 1.15786,
  "rollL20": 1.1563,
  "up2": false,
  "dn2": false,
  "source": "twelvedata_repo"
}