{
  "datetime": "2026-06-11 01:10:00",
  "open": 1.15395,
  "high": 1.15397,
  "low": 1.15371,
  "close": 1.15386,
  "rollH20": 1.15403,
  "rollL20": 1.1526,
  "up2": false,
  "dn2": false,
  "source": "twelvedata_repo"
}