{
  "datetime": "2026-01-08 08:10:00",
  "open": 1.16809,
  "high": 1.16811,
  "low": 1.16799,
  "close": 1.16803,
  "rollH20": 1.16838,
  "rollL20": 1.16757,
  "up2": false,
  "dn2": false,
  "source": "twelvedata_repo"
}