{
  "datetime": "2026-03-12 08:20:00",
  "open": 1.15552,
  "high": 1.15556,
  "low": 1.15511,
  "close": 1.15514,
  "rollH20": 1.15562,
  "rollL20": 1.15404,
  "up2": false,
  "dn2": false,
  "source": "twelvedata_repo"
}