{
  "datetime": "2026-02-26 17:50:00",
  "open": 1.17751,
  "high": 1.17765,
  "low": 1.17751,
  "close": 1.17765,
  "rollH20": 1.17957,
  "rollL20": 1.17752,
  "up2": false,
  "dn2": false,
  "source": "twelvedata_repo"
}