{
  "datetime": "2026-03-26 02:30:00",
  "open": 1.15642,
  "high": 1.15653,
  "low": 1.1564,
  "close": 1.1565,
  "rollH20": 1.15663,
  "rollL20": 1.15546,
  "up2": false,
  "dn2": false,
  "source": "twelvedata_repo"
}