{
  "datetime": "2026-01-18 05:40:00",
  "open": 1.16056,
  "high": 1.1606,
  "low": 1.16055,
  "close": 1.16058,
  "rollH20": 1.16064,
  "rollL20": 1.16054,
  "up2": false,
  "dn2": false,
  "source": "twelvedata_repo"
}