{
  "datetime": "2025-10-23 00:30:00",
  "open": 1.16104,
  "high": 1.16117,
  "low": 1.16104,
  "close": 1.16117,
  "rollH20": 1.16184,
  "rollL20": 1.16117,
  "up2": false,
  "dn2": false,
  "source": "twelvedata_repo"
}