{
  "datetime": "2026-04-29 19:50:00",
  "open": 1.16662,
  "high": 1.16696,
  "low": 1.16651,
  "close": 1.16666,
  "rollH20": 1.16887,
  "rollL20": 0.85595,
  "up2": false,
  "dn2": false,
  "source": "twelvedata_repo"
}