{
  "datetime": "2025-10-01 10:40:00",
  "open": 1.17423,
  "high": 1.17428,
  "low": 1.17411,
  "close": 1.17417,
  "rollH20": 1.17656,
  "rollL20": 1.17402,
  "up2": false,
  "dn2": false,
  "source": "twelvedata_repo"
}