{
  "datetime": "2026-04-28 10:50:00",
  "open": 1.16968,
  "high": 1.16974,
  "low": 1.16967,
  "close": 1.16974,
  "rollH20": 1.17075,
  "rollL20": 1.16874,
  "up2": false,
  "dn2": false,
  "source": "twelvedata_repo"
}