{
  "datetime": "2026-03-09 17:10:00",
  "open": 1.15846,
  "high": 1.15876,
  "low": 1.15846,
  "close": 1.15853,
  "rollH20": 1.16,
  "rollL20": 1.15839,
  "up2": false,
  "dn2": false,
  "source": "twelvedata_repo"
}