{
  "datetime": "2026-01-19 10:30:00",
  "open": 1.16149,
  "high": 1.16157,
  "low": 1.16149,
  "close": 1.16155,
  "rollH20": 1.16294,
  "rollL20": 1.16123,
  "up2": false,
  "dn2": false,
  "source": "twelvedata_repo"
}