{
  "datetime": "2025-09-03 06:40:00",
  "open": 1.16319,
  "high": 1.16322,
  "low": 1.163,
  "close": 1.16305,
  "rollH20": 1.16356,
  "rollL20": 1.16217,
  "up2": false,
  "dn2": false,
  "source": "twelvedata_repo"
}