{
  "datetime": "2026-07-16 16:40:00",
  "open": 1.14444,
  "high": 1.14456,
  "low": 1.14444,
  "close": 1.14454,
  "rollH20": 1.14538,
  "rollL20": 1.14373,
  "up2": false,
  "dn2": false,
  "source": "twelvedata_repo"
}