{
  "datetime": "2025-08-29 04:55:00",
  "open": 1.1664,
  "high": 1.16648,
  "low": 1.16634,
  "close": 1.1664,
  "rollH20": 1.16657,
  "rollL20": 1.1659,
  "up2": false,
  "dn2": false,
  "source": "twelvedata_repo"
}