{
  "datetime": "2026-06-20 20:50:00",
  "open": 1.14755,
  "high": 1.14756,
  "low": 1.14755,
  "close": 1.14756,
  "rollH20": 1.14813,
  "rollL20": 1.14708,
  "up2": false,
  "dn2": false,
  "source": "twelvedata_repo"
}