{
  "datetime": "2026-05-21 13:30:00",
  "open": 1.15953,
  "high": 1.15988,
  "low": 1.15943,
  "close": 1.15984,
  "rollH20": 1.1616,
  "rollL20": 1.15938,
  "up2": false,
  "dn2": false,
  "source": "twelvedata_repo"
}