{
  "datetime": "2026-03-29 11:15:00",
  "open": 1.15383,
  "high": 1.15388,
  "low": 1.15382,
  "close": 1.15386,
  "rollH20": 1.15418,
  "rollL20": 1.15315,
  "up2": false,
  "dn2": false,
  "source": "twelvedata_repo"
}