{
  "datetime": "2025-11-19 10:45:00",
  "open": 1.15698,
  "high": 1.15701,
  "low": 1.1569,
  "close": 1.15691,
  "rollH20": 1.15845,
  "rollL20": 1.15698,
  "up2": false,
  "dn2": false,
  "source": "twelvedata_repo"
}