{
  "datetime": "2025-11-24 17:30:00",
  "open": 1.15223,
  "high": 1.15229,
  "low": 1.15204,
  "close": 1.15221,
  "rollH20": 1.15311,
  "rollL20": 1.15177,
  "up2": false,
  "dn2": false,
  "source": "twelvedata_repo"
}