{
  "datetime": "2026-01-02 11:45:00",
  "open": 1.1717,
  "high": 1.17175,
  "low": 1.17168,
  "close": 1.17175,
  "rollH20": 1.1737,
  "rollL20": 1.17139,
  "up2": false,
  "dn2": false,
  "source": "twelvedata_repo"
}