{
  "datetime": "2026-04-24 02:40:00",
  "open": 1.16854,
  "high": 1.16862,
  "low": 1.16854,
  "close": 1.16857,
  "rollH20": 1.16887,
  "rollL20": 1.16821,
  "up2": false,
  "dn2": false,
  "source": "twelvedata_repo"
}