{
  "datetime": "2026-01-15 02:00:00",
  "open": 1.16369,
  "high": 1.16401,
  "low": 1.16369,
  "close": 1.16387,
  "rollH20": 1.16474,
  "rollL20": 1.16358,
  "up2": false,
  "dn2": false,
  "source": "twelvedata_repo"
}