{
  "datetime": "2026-04-17 03:35:00",
  "open": 1.17755,
  "high": 1.17773,
  "low": 1.17755,
  "close": 1.17769,
  "rollH20": 1.17808,
  "rollL20": 1.17737,
  "up2": false,
  "dn2": false,
  "source": "twelvedata_repo"
}