{
  "datetime": "2026-06-20 19:40:00",
  "open": 1.14747,
  "high": 1.14747,
  "low": 1.14708,
  "close": 1.14723,
  "rollH20": 1.14801,
  "rollL20": 1.14721,
  "up2": false,
  "dn2": false,
  "source": "twelvedata_repo"
}