{
  "datetime": "2025-10-08 06:10:00",
  "open": 1.16127,
  "high": 1.1614,
  "low": 1.1612,
  "close": 1.16138,
  "rollH20": 1.1625,
  "rollL20": 1.16127,
  "up2": false,
  "dn2": false,
  "source": "twelvedata_repo"
}