{
  "datetime": "2026-01-25 22:25:00",
  "open": 1.186,
  "high": 1.18694,
  "low": 1.18519,
  "close": 1.18674,
  "rollH20": 1.1883,
  "rollL20": 1.18384,
  "up2": false,
  "dn2": false,
  "source": "twelvedata_repo"
}