{
  "datetime": "2026-01-13 12:40:00",
  "open": 1.16692,
  "high": 1.16697,
  "low": 1.1669,
  "close": 1.16693,
  "rollH20": 1.16748,
  "rollL20": 1.16645,
  "up2": false,
  "dn2": false,
  "source": "twelvedata_repo"
}