{
  "datetime": "2025-12-28 23:35:00",
  "open": 1.1772,
  "high": 1.17724,
  "low": 1.17709,
  "close": 1.17715,
  "rollH20": 1.17766,
  "rollL20": 1.1767,
  "up2": false,
  "dn2": false,
  "source": "twelvedata_repo"
}