{
  "datetime": "2026-02-23 11:55:00",
  "open": 1.17864,
  "high": 1.17866,
  "low": 1.17848,
  "close": 1.17848,
  "rollH20": 1.18004,
  "rollL20": 1.17817,
  "up2": false,
  "dn2": false,
  "source": "twelvedata_repo"
}