{
  "datetime": "2026-04-18 23:50:00",
  "open": 1.17694,
  "high": 1.17698,
  "low": 1.17693,
  "close": 1.17693,
  "rollH20": 1.17731,
  "rollL20": 1.1766,
  "up2": false,
  "dn2": false,
  "source": "twelvedata_repo"
}