{
  "datetime": "2025-12-24 08:45:00",
  "open": 1.17891,
  "high": 1.17893,
  "low": 1.17883,
  "close": 1.17883,
  "rollH20": 1.18033,
  "rollL20": 1.17885,
  "up2": false,
  "dn2": false,
  "source": "twelvedata_repo"
}