{
  "datetime": "2026-01-22 21:15:00",
  "open": 1.17469,
  "high": 1.17489,
  "low": 1.17469,
  "close": 1.17484,
  "rollH20": 1.17489,
  "rollL20": 1.17419,
  "up2": false,
  "dn2": false,
  "source": "twelvedata_repo"
}