{
  "datetime": "2025-12-15 13:50:00",
  "open": 1.17562,
  "high": 1.17578,
  "low": 1.1756,
  "close": 1.17578,
  "rollH20": 1.17561,
  "rollL20": 1.17444,
  "up2": false,
  "dn2": false,
  "source": "twelvedata_repo"
}