{
  "datetime": "2026-03-29 20:15:00",
  "open": 1.15115,
  "high": 1.15137,
  "low": 1.15099,
  "close": 1.1511,
  "rollH20": 1.15197,
  "rollL20": 1.14874,
  "up2": false,
  "dn2": false,
  "source": "twelvedata_repo"
}