{
  "datetime": "2026-03-12 00:40:00",
  "open": 1.15444,
  "high": 1.15462,
  "low": 1.15443,
  "close": 1.15458,
  "rollH20": 1.1552,
  "rollL20": 1.15329,
  "up2": false,
  "dn2": false,
  "source": "twelvedata_repo"
}