{
  "datetime": "2025-10-02 15:45:00",
  "open": 1.17105,
  "high": 1.17115,
  "low": 1.17094,
  "close": 1.17103,
  "rollH20": 1.17437,
  "rollL20": 1.17059,
  "up2": false,
  "dn2": false,
  "source": "twelvedata_repo"
}