{
  "datetime": "2026-05-12 22:45:00",
  "open": 1.17379,
  "high": 1.17386,
  "low": 1.17372,
  "close": 1.17373,
  "rollH20": 1.17429,
  "rollL20": 1.17354,
  "up2": false,
  "dn2": false,
  "source": "twelvedata_repo"
}