{
  "datetime": "2026-04-25 11:05:00",
  "open": 1.17182,
  "high": 1.17187,
  "low": 1.17182,
  "close": 1.17182,
  "rollH20": 1.17216,
  "rollL20": 1.1717,
  "up2": false,
  "dn2": false,
  "source": "twelvedata_repo"
}