{
  "datetime": "2025-12-23 22:30:00",
  "open": 1.17897,
  "high": 1.17923,
  "low": 1.17897,
  "close": 1.17918,
  "rollH20": 1.17941,
  "rollL20": 1.17873,
  "up2": false,
  "dn2": false,
  "source": "twelvedata_repo"
}