{
  "datetime": "2026-06-15 12:30:00",
  "open": 1.16081,
  "high": 1.16105,
  "low": 1.1607,
  "close": 1.161,
  "rollH20": 1.16146,
  "rollL20": 1.16038,
  "up2": false,
  "dn2": false,
  "source": "twelvedata_repo"
}