{
  "datetime": "2026-07-06 09:45:00",
  "open": 1.14179,
  "high": 1.14179,
  "low": 1.14159,
  "close": 1.14162,
  "rollH20": 1.14287,
  "rollL20": 1.14163,
  "up2": false,
  "dn2": false,
  "source": "twelvedata_repo"
}