{
  "datetime": "2026-02-23 07:15:00",
  "open": 1.18244,
  "high": 1.18251,
  "low": 1.18235,
  "close": 1.1824,
  "rollH20": 1.18345,
  "rollL20": 1.18175,
  "up2": false,
  "dn2": false,
  "source": "twelvedata_repo"
}