{
  "datetime": "2026-06-25 22:20:00",
  "open": 1.13726,
  "high": 1.13746,
  "low": 1.13684,
  "close": 1.1374,
  "rollH20": 1.13801,
  "rollL20": 1.13682,
  "up2": false,
  "dn2": false,
  "source": "twelvedata_repo"
}