{
  "datetime": "2025-11-19 15:45:00",
  "open": 1.1561,
  "high": 1.1561,
  "low": 1.15582,
  "close": 1.156,
  "rollH20": 1.15905,
  "rollL20": 1.15573,
  "up2": false,
  "dn2": false,
  "source": "twelvedata_repo"
}