{
  "datetime": "2025-11-14 06:45:00",
  "open": 1.16431,
  "high": 1.16434,
  "low": 1.16423,
  "close": 1.16426,
  "rollH20": 1.16448,
  "rollL20": 1.16379,
  "up2": false,
  "dn2": false,
  "source": "twelvedata_repo"
}