{
  "datetime": "2026-01-13 23:45:00",
  "open": 1.16435,
  "high": 1.16438,
  "low": 1.16431,
  "close": 1.16433,
  "rollH20": 1.16473,
  "rollL20": 1.16424,
  "up2": false,
  "dn2": false,
  "source": "twelvedata_repo"
}