{
  "datetime": "2026-02-09 08:15:00",
  "open": 1.18533,
  "high": 1.18542,
  "low": 1.18515,
  "close": 1.18518,
  "rollH20": 1.18569,
  "rollL20": 1.18327,
  "up2": false,
  "dn2": false,
  "source": "twelvedata_repo"
}