{
  "datetime": "2026-04-23 11:20:00",
  "open": 1.16854,
  "high": 1.16858,
  "low": 1.16852,
  "close": 1.16857,
  "rollH20": 1.17024,
  "rollL20": 1.16834,
  "up2": false,
  "dn2": false,
  "source": "twelvedata_repo"
}