{
  "datetime": "2026-01-24 02:45:00",
  "open": 1.18234,
  "high": 1.18238,
  "low": 1.18232,
  "close": 1.18235,
  "rollH20": 1.18256,
  "rollL20": 1.18225,
  "up2": false,
  "dn2": false,
  "source": "twelvedata_repo"
}