{
  "datetime": "2026-02-26 10:25:00",
  "open": 1.17968,
  "high": 1.1797,
  "low": 1.17962,
  "close": 1.17969,
  "rollH20": 1.18077,
  "rollL20": 1.17966,
  "up2": false,
  "dn2": false,
  "source": "twelvedata_repo"
}