{
  "datetime": "2026-06-08 20:50:00",
  "open": 1.15311,
  "high": 1.15322,
  "low": 1.15305,
  "close": 1.15321,
  "rollH20": 1.15425,
  "rollL20": 1.1528,
  "up2": false,
  "dn2": false,
  "source": "twelvedata_repo"
}