{
  "datetime": "2025-11-13 10:55:00",
  "open": 1.16207,
  "high": 1.16207,
  "low": 1.16178,
  "close": 1.16183,
  "rollH20": 1.16347,
  "rollL20": 1.16105,
  "up2": false,
  "dn2": false,
  "source": "twelvedata_repo"
}