{
  "datetime": "2026-01-12 09:45:00",
  "open": 1.16842,
  "high": 1.16844,
  "low": 1.16815,
  "close": 1.16827,
  "rollH20": 1.16886,
  "rollL20": 1.16711,
  "up2": false,
  "dn2": false,
  "source": "twelvedata_repo"
}