{
  "datetime": "2026-02-19 23:10:00",
  "open": 1.17751,
  "high": 1.1776,
  "low": 1.17749,
  "close": 1.17753,
  "rollH20": 1.17785,
  "rollL20": 1.17713,
  "up2": false,
  "dn2": false,
  "source": "twelvedata_repo"
}