{
  "datetime": "2025-12-09 20:25:00",
  "open": 1.16252,
  "high": 1.16264,
  "low": 1.1625,
  "close": 1.16264,
  "rollH20": 1.16264,
  "rollL20": 1.1618,
  "up2": false,
  "dn2": false,
  "source": "twelvedata_repo"
}