{
  "datetime": "2025-12-25 15:20:00",
  "open": 1.17843,
  "high": 1.17846,
  "low": 1.17821,
  "close": 1.17836,
  "rollH20": 1.17907,
  "rollL20": 1.17808,
  "up2": false,
  "dn2": false,
  "source": "twelvedata_repo"
}