{
  "datetime": "2026-01-16 15:20:00",
  "open": 1.1614,
  "high": 1.16157,
  "low": 1.16138,
  "close": 1.16155,
  "rollH20": 1.16209,
  "rollL20": 1.16123,
  "up2": false,
  "dn2": false,
  "source": "twelvedata_repo"
}