{
  "datetime": "2026-02-28 16:35:00",
  "open": 1.18133,
  "high": 1.18138,
  "low": 1.18132,
  "close": 1.18136,
  "rollH20": 1.18138,
  "rollL20": 1.18104,
  "up2": false,
  "dn2": false,
  "source": "twelvedata_repo"
}