{
  "datetime": "2026-03-15 15:10:00",
  "open": 1.14124,
  "high": 1.14128,
  "low": 1.14124,
  "close": 1.14125,
  "rollH20": 1.14253,
  "rollL20": 1.14063,
  "up2": false,
  "dn2": false,
  "source": "twelvedata_repo"
}