{
  "datetime": "2026-01-15 11:55:00",
  "open": 1.16368,
  "high": 1.1637,
  "low": 1.16363,
  "close": 1.16363,
  "rollH20": 1.16404,
  "rollL20": 1.16312,
  "up2": false,
  "dn2": false,
  "source": "twelvedata_repo"
}