{
  "datetime": "2025-09-29 21:55:00",
  "open": 1.1727,
  "high": 1.1727,
  "low": 1.17266,
  "close": 1.17266,
  "rollH20": 1.17316,
  "rollL20": 1.17235,
  "up2": false,
  "dn2": false,
  "source": "twelvedata_repo"
}