{
  "datetime": "2026-07-17 13:30:00",
  "open": 1.14339,
  "high": 1.14347,
  "low": 1.14313,
  "close": 1.14317,
  "rollH20": 1.1436,
  "rollL20": 1.14254,
  "up2": false,
  "dn2": false,
  "source": "twelvedata_repo"
}