{
  "datetime": "2025-09-11 14:45:00",
  "open": 1.17336,
  "high": 1.17336,
  "low": 1.17263,
  "close": 1.17272,
  "rollH20": 1.17388,
  "rollL20": 1.16601,
  "up2": false,
  "dn2": false,
  "source": "twelvedata_repo"
}