{
  "datetime": "2026-01-25 07:55:00",
  "open": 1.18236,
  "high": 1.18246,
  "low": 1.18235,
  "close": 1.18243,
  "rollH20": 1.18249,
  "rollL20": 1.18215,
  "up2": false,
  "dn2": false,
  "source": "twelvedata_repo"
}