{
  "datetime": "2025-10-17 10:30:00",
  "open": 1.17023,
  "high": 1.17042,
  "low": 1.17016,
  "close": 1.17022,
  "rollH20": 1.1716,
  "rollL20": 1.16916,
  "up2": false,
  "dn2": false,
  "source": "twelvedata_repo"
}