{
  "datetime": "2026-01-12 11:55:00",
  "open": 1.16837,
  "high": 1.16864,
  "low": 1.16837,
  "close": 1.16853,
  "rollH20": 1.16954,
  "rollL20": 1.16773,
  "up2": false,
  "dn2": false,
  "source": "twelvedata_repo"
}