{
  "datetime": "2026-01-26 18:35:00",
  "open": 1.18796,
  "high": 1.18818,
  "low": 1.18792,
  "close": 1.18804,
  "rollH20": 1.19084,
  "rollL20": 1.18773,
  "up2": false,
  "dn2": false,
  "source": "twelvedata_repo"
}