{
  "datetime": "2026-01-10 10:30:00",
  "open": 1.16407,
  "high": 1.1641,
  "low": 1.16407,
  "close": 1.16409,
  "rollH20": 1.16413,
  "rollL20": 1.16351,
  "up2": false,
  "dn2": false,
  "source": "twelvedata_repo"
}