{
  "datetime": "2026-03-29 08:40:00",
  "open": 1.154,
  "high": 1.15405,
  "low": 1.15399,
  "close": 1.15399,
  "rollH20": 1.1541,
  "rollL20": 1.15327,
  "up2": false,
  "dn2": false,
  "source": "twelvedata_repo"
}