{
  "datetime": "2025-12-12 22:40:00",
  "open": 1.1742,
  "high": 1.17421,
  "low": 1.17419,
  "close": 1.17421,
  "rollH20": 1.17468,
  "rollL20": 1.1739,
  "up2": false,
  "dn2": false,
  "source": "twelvedata_repo"
}