{
  "datetime": "2026-01-10 18:20:00",
  "open": 1.16345,
  "high": 1.16347,
  "low": 1.16345,
  "close": 1.16347,
  "rollH20": 1.16355,
  "rollL20": 1.1634,
  "up2": false,
  "dn2": false,
  "source": "twelvedata_repo"
}