{
  "datetime": "2025-09-08 05:55:00",
  "open": 1.17134,
  "high": 1.17135,
  "low": 1.17128,
  "close": 1.17135,
  "rollH20": 1.17153,
  "rollL20": 1.1706,
  "up2": false,
  "dn2": false,
  "source": "twelvedata_repo"
}