{
  "datetime": "2025-10-02 18:55:00",
  "open": 1.17177,
  "high": 1.17178,
  "low": 1.17171,
  "close": 1.17172,
  "rollH20": 1.17204,
  "rollL20": 1.17027,
  "up2": false,
  "dn2": false,
  "source": "twelvedata_repo"
}