{
  "datetime": "2026-01-14 15:15:00",
  "open": 1.16555,
  "high": 1.16556,
  "low": 1.16545,
  "close": 1.16545,
  "rollH20": 1.16614,
  "rollL20": 1.16457,
  "up2": false,
  "dn2": false,
  "source": "twelvedata_repo"
}