{
  "datetime": "2025-12-01 12:30:00",
  "open": 1.16297,
  "high": 1.16319,
  "low": 1.16295,
  "close": 1.16311,
  "rollH20": 1.16317,
  "rollL20": 1.16196,
  "up2": false,
  "dn2": false,
  "source": "twelvedata_repo"
}