{
  "datetime": "2026-02-26 15:20:00",
  "open": 1.18021,
  "high": 1.18024,
  "low": 1.1794,
  "close": 1.17956,
  "rollH20": 1.1815,
  "rollL20": 1.1801,
  "up2": false,
  "dn2": false,
  "source": "twelvedata_repo"
}