{
  "datetime": "2025-12-29 23:55:00",
  "open": 1.17713,
  "high": 1.17713,
  "low": 1.17709,
  "close": 1.17709,
  "rollH20": 1.17752,
  "rollL20": 1.17676,
  "up2": false,
  "dn2": false,
  "source": "twelvedata_repo"
}