{
  "datetime": "2026-01-23 08:30:00",
  "open": 1.17369,
  "high": 1.17382,
  "low": 1.17369,
  "close": 1.17381,
  "rollH20": 1.1753,
  "rollL20": 1.17363,
  "up2": false,
  "dn2": false,
  "source": "twelvedata_repo"
}