{
  "datetime": "2026-04-15 10:30:00",
  "open": 1.17849,
  "high": 1.17854,
  "low": 1.17848,
  "close": 1.17848,
  "rollH20": 1.1796,
  "rollL20": 1.17767,
  "up2": false,
  "dn2": false,
  "source": "twelvedata_repo"
}