{
  "datetime": "2026-05-02 08:20:00",
  "open": 1.17198,
  "high": 1.17203,
  "low": 1.17197,
  "close": 1.17198,
  "rollH20": 1.17236,
  "rollL20": 1.17189,
  "up2": false,
  "dn2": false,
  "source": "twelvedata_repo"
}