{
  "datetime": "2025-10-27 20:55:00",
  "open": 1.1646,
  "high": 1.16474,
  "low": 1.1646,
  "close": 1.16474,
  "rollH20": 1.16514,
  "rollL20": 1.16351,
  "up2": false,
  "dn2": false,
  "source": "twelvedata_repo"
}