{
  "datetime": "2026-03-19 21:55:00",
  "open": 1.15871,
  "high": 1.15871,
  "low": 1.15835,
  "close": 1.15837,
  "rollH20": 1.15895,
  "rollL20": 1.15819,
  "up2": false,
  "dn2": false,
  "source": "twelvedata_repo"
}