{
  "datetime": "2026-07-15 15:15:00",
  "open": 1.14323,
  "high": 1.1435,
  "low": 1.14314,
  "close": 1.14343,
  "rollH20": 1.14359,
  "rollL20": 1.1418,
  "up2": false,
  "dn2": false,
  "source": "twelvedata_repo"
}