{
  "datetime": "2025-11-11 12:55:00",
  "open": 1.15721,
  "high": 1.15742,
  "low": 1.15721,
  "close": 1.15731,
  "rollH20": 1.15779,
  "rollL20": 1.15654,
  "up2": false,
  "dn2": false,
  "source": "twelvedata_repo"
}