{
  "datetime": "2026-05-03 10:20:00",
  "open": 1.17239,
  "high": 1.17244,
  "low": 1.17238,
  "close": 1.17242,
  "rollH20": 1.17254,
  "rollL20": 1.17224,
  "up2": false,
  "dn2": false,
  "source": "twelvedata_repo"
}