{
  "datetime": "2026-03-05 10:55:00",
  "open": 1.16102,
  "high": 1.16132,
  "low": 1.16102,
  "close": 1.16124,
  "rollH20": 1.16396,
  "rollL20": 1.16071,
  "up2": false,
  "dn2": false,
  "source": "twelvedata_repo"
}