{
  "datetime": "2025-11-18 18:40:00",
  "open": 1.15749,
  "high": 1.15752,
  "low": 1.15725,
  "close": 1.15728,
  "rollH20": 1.15841,
  "rollL20": 1.15721,
  "up2": false,
  "dn2": false,
  "source": "twelvedata_repo"
}