{
  "datetime": "2025-10-08 20:05:00",
  "open": 1.16243,
  "high": 1.16254,
  "low": 1.16243,
  "close": 1.16248,
  "rollH20": 1.16256,
  "rollL20": 1.15996,
  "up2": false,
  "dn2": false,
  "source": "twelvedata_repo"
}