{
  "datetime": "2026-04-18 22:30:00",
  "open": 1.17726,
  "high": 1.17731,
  "low": 1.17724,
  "close": 1.17728,
  "rollH20": 1.17731,
  "rollL20": 1.17687,
  "up2": false,
  "dn2": false,
  "source": "twelvedata_repo"
}