{
  "datetime": "2025-09-23 20:35:00",
  "open": 1.18128,
  "high": 1.1813,
  "low": 1.18119,
  "close": 1.18128,
  "rollH20": 1.18167,
  "rollL20": 1.18069,
  "up2": false,
  "dn2": false,
  "source": "twelvedata_repo"
}