{
  "datetime": "2025-10-08 18:40:00",
  "open": 1.16046,
  "high": 1.16075,
  "low": 1.16045,
  "close": 1.16075,
  "rollH20": 1.16072,
  "rollL20": 1.15985,
  "up2": false,
  "dn2": false,
  "source": "twelvedata_repo"
}