{
  "datetime": "2026-07-14 10:10:00",
  "open": 1.14016,
  "high": 1.14018,
  "low": 1.14008,
  "close": 1.1401,
  "rollH20": 1.14063,
  "rollL20": 1.13894,
  "up2": false,
  "dn2": false,
  "source": "twelvedata_repo"
}