{
  "datetime": "2026-06-08 22:20:00",
  "open": 1.15348,
  "high": 1.15354,
  "low": 1.15347,
  "close": 1.15347,
  "rollH20": 1.15413,
  "rollL20": 1.15296,
  "up2": false,
  "dn2": false,
  "source": "twelvedata_repo"
}