{
  "datetime": "2026-03-22 01:20:00",
  "open": 1.15892,
  "high": 1.15896,
  "low": 1.15891,
  "close": 1.15893,
  "rollH20": 1.15912,
  "rollL20": 1.15834,
  "up2": false,
  "dn2": false,
  "source": "twelvedata_repo"
}