{
  "datetime": "2025-10-03 12:40:00",
  "open": 1.17392,
  "high": 1.17399,
  "low": 1.17389,
  "close": 1.17397,
  "rollH20": 1.17423,
  "rollL20": 1.17311,
  "up2": false,
  "dn2": false,
  "source": "twelvedata_repo"
}