{
  "datetime": "2025-12-15 08:45:00",
  "open": 1.17332,
  "high": 1.17334,
  "low": 1.17317,
  "close": 1.17323,
  "rollH20": 1.1738,
  "rollL20": 1.17295,
  "up2": false,
  "dn2": false,
  "source": "twelvedata_repo"
}