{
  "datetime": "2026-01-23 01:35:00",
  "open": 1.17512,
  "high": 1.17516,
  "low": 1.17503,
  "close": 1.17507,
  "rollH20": 1.17596,
  "rollL20": 1.17492,
  "up2": false,
  "dn2": false,
  "source": "twelvedata_repo"
}