{
  "datetime": "2026-01-07 03:30:00",
  "open": 1.16974,
  "high": 1.16992,
  "low": 1.16972,
  "close": 1.1699,
  "rollH20": 1.17024,
  "rollL20": 1.16901,
  "up2": false,
  "dn2": false,
  "source": "twelvedata_repo"
}