{
  "datetime": "2025-09-29 07:10:00",
  "open": 1.17219,
  "high": 1.17249,
  "low": 1.17215,
  "close": 1.1723,
  "rollH20": 1.17332,
  "rollL20": 1.17218,
  "up2": false,
  "dn2": false,
  "source": "twelvedata_repo"
}