{
  "datetime": "2026-06-03 18:25:00",
  "open": 1.1598,
  "high": 1.15984,
  "low": 1.1597,
  "close": 1.15981,
  "rollH20": 1.16071,
  "rollL20": 1.15951,
  "up2": false,
  "dn2": false,
  "source": "twelvedata_repo"
}