{
  "datetime": "2026-01-19 11:55:00",
  "open": 1.16256,
  "high": 1.16264,
  "low": 1.16256,
  "close": 1.16257,
  "rollH20": 1.16288,
  "rollL20": 1.16123,
  "up2": false,
  "dn2": false,
  "source": "twelvedata_repo"
}