{
  "datetime": "2026-01-26 12:45:00",
  "open": 1.18559,
  "high": 1.18566,
  "low": 1.18559,
  "close": 1.18562,
  "rollH20": 1.1865,
  "rollL20": 1.18498,
  "up2": false,
  "dn2": false,
  "source": "twelvedata_repo"
}