{
  "datetime": "2025-11-05 12:30:00",
  "open": 1.14875,
  "high": 1.14875,
  "low": 1.14857,
  "close": 1.14863,
  "rollH20": 1.14885,
  "rollL20": 1.1476,
  "up2": false,
  "dn2": false,
  "source": "twelvedata_repo"
}