{
  "datetime": "2025-11-20 18:05:00",
  "open": 1.15342,
  "high": 1.15342,
  "low": 1.15316,
  "close": 1.15316,
  "rollH20": 1.1541,
  "rollL20": 1.152,
  "up2": false,
  "dn2": false,
  "source": "twelvedata_repo"
}