{
  "datetime": "2026-01-25 23:00:00",
  "open": 1.1858,
  "high": 1.18656,
  "low": 1.1858,
  "close": 1.18656,
  "rollH20": 1.1883,
  "rollL20": 1.18384,
  "up2": false,
  "dn2": false,
  "source": "twelvedata_repo"
}