{
  "datetime": "2026-02-12 12:05:00",
  "open": 1.18777,
  "high": 1.18794,
  "low": 1.18768,
  "close": 1.18792,
  "rollH20": 1.18876,
  "rollL20": 1.1875,
  "up2": false,
  "dn2": false,
  "source": "twelvedata_repo"
}