{
  "datetime": "2025-11-10 04:55:00",
  "open": 1.15537,
  "high": 1.1555,
  "low": 1.15537,
  "close": 1.1555,
  "rollH20": 1.15609,
  "rollL20": 1.15513,
  "up2": false,
  "dn2": false,
  "source": "twelvedata_repo"
}