{
  "datetime": "2026-03-20 15:40:00",
  "open": 1.15479,
  "high": 1.15481,
  "low": 1.15444,
  "close": 1.15445,
  "rollH20": 1.15511,
  "rollL20": 1.15257,
  "up2": false,
  "dn2": false,
  "source": "twelvedata_repo"
}