{
  "datetime": "2025-11-06 11:25:00",
  "open": 1.15156,
  "high": 1.15166,
  "low": 1.15145,
  "close": 1.15153,
  "rollH20": 1.15232,
  "rollL20": 1.15061,
  "up2": false,
  "dn2": false,
  "source": "twelvedata_repo"
}