{
  "datetime": "2026-03-21 23:45:00",
  "open": 1.15902,
  "high": 1.15907,
  "low": 1.15901,
  "close": 1.15901,
  "rollH20": 1.15908,
  "rollL20": 1.15822,
  "up2": false,
  "dn2": false,
  "source": "twelvedata_repo"
}