{
  "datetime": "2025-11-21 08:35:00",
  "open": 1.15453,
  "high": 1.15453,
  "low": 1.15446,
  "close": 1.15447,
  "rollH20": 1.15475,
  "rollL20": 1.15346,
  "up2": false,
  "dn2": false,
  "source": "twelvedata_repo"
}