{
  "datetime": "2025-11-27 11:40:00",
  "open": 1.15834,
  "high": 1.15836,
  "low": 1.15829,
  "close": 1.15831,
  "rollH20": 1.15937,
  "rollL20": 1.15768,
  "up2": false,
  "dn2": false,
  "source": "twelvedata_repo"
}