{
  "datetime": "2025-11-26 11:30:00",
  "open": 1.15747,
  "high": 1.15749,
  "low": 1.15747,
  "close": 1.15748,
  "rollH20": 1.15797,
  "rollL20": 1.15669,
  "up2": false,
  "dn2": false,
  "source": "twelvedata_repo"
}