{
  "datetime": "2026-04-02 06:05:00",
  "open": 1.15377,
  "high": 1.15379,
  "low": 1.15371,
  "close": 1.15372,
  "rollH20": 1.15493,
  "rollL20": 1.1533,
  "up2": false,
  "dn2": false,
  "source": "twelvedata_repo"
}