{
  "datetime": "2025-12-18 08:40:00",
  "open": 1.17425,
  "high": 1.17428,
  "low": 1.17403,
  "close": 1.17409,
  "rollH20": 1.17496,
  "rollL20": 1.17395,
  "up2": false,
  "dn2": false,
  "source": "twelvedata_repo"
}