{
  "datetime": "2025-10-14 19:30:00",
  "open": 1.16048,
  "high": 1.16059,
  "low": 1.16046,
  "close": 1.16052,
  "rollH20": 1.16147,
  "rollL20": 1.16018,
  "up2": false,
  "dn2": false,
  "source": "twelvedata_repo"
}