{
  "datetime": "2026-04-29 13:55:00",
  "open": 1.16971,
  "high": 1.16972,
  "low": 1.16964,
  "close": 1.16966,
  "rollH20": 1.17091,
  "rollL20": 1.16952,
  "up2": false,
  "dn2": false,
  "source": "twelvedata_repo"
}