{
  "datetime": "2025-09-01 22:45:00",
  "open": 1.17089,
  "high": 1.17122,
  "low": 1.17056,
  "close": 1.17089,
  "rollH20": 1.17142,
  "rollL20": 1.1704,
  "up2": false,
  "dn2": false,
  "source": "twelvedata_repo"
}