{
  "datetime": "2025-12-05 03:05:00",
  "open": 1.16529,
  "high": 1.16532,
  "low": 1.16522,
  "close": 1.16522,
  "rollH20": 1.16552,
  "rollL20": 1.16475,
  "up2": false,
  "dn2": false,
  "source": "twelvedata_repo"
}