{
  "datetime": "2026-05-30 18:55:00",
  "open": 1.16593,
  "high": 1.16599,
  "low": 1.1659,
  "close": 1.16597,
  "rollH20": 1.16602,
  "rollL20": 1.16584,
  "up2": false,
  "dn2": false,
  "source": "twelvedata_repo"
}