{
  "datetime": "2026-03-12 09:00:00",
  "open": 1.15477,
  "high": 1.15482,
  "low": 1.15456,
  "close": 1.1548,
  "rollH20": 1.15562,
  "rollL20": 1.15404,
  "up2": false,
  "dn2": false,
  "source": "twelvedata_repo"
}