{
  "datetime": "2026-01-14 01:35:00",
  "open": 1.16414,
  "high": 1.1643,
  "low": 1.16414,
  "close": 1.1643,
  "rollH20": 1.1646,
  "rollL20": 1.16377,
  "up2": false,
  "dn2": false,
  "source": "twelvedata_repo"
}