{
  "datetime": "2026-02-24 02:05:00",
  "open": 1.17826,
  "high": 1.17837,
  "low": 1.17826,
  "close": 1.17837,
  "rollH20": 1.17963,
  "rollL20": 1.17724,
  "up2": false,
  "dn2": false,
  "source": "twelvedata_repo"
}