{
  "datetime": "2026-06-24 13:00:00",
  "open": 1.13392,
  "high": 1.13458,
  "low": 1.13385,
  "close": 1.1345,
  "rollH20": 1.13491,
  "rollL20": 1.13376,
  "up2": false,
  "dn2": false,
  "source": "twelvedata_repo"
}