{
  "datetime": "2026-04-21 14:45:00",
  "open": 1.17671,
  "high": 1.17677,
  "low": 1.17671,
  "close": 1.17674,
  "rollH20": 1.17703,
  "rollL20": 1.17573,
  "up2": false,
  "dn2": false,
  "source": "twelvedata_repo"
}