{
  "datetime": "2026-02-17 09:25:00",
  "open": 1.18459,
  "high": 1.18465,
  "low": 1.18456,
  "close": 1.18465,
  "rollH20": 1.18464,
  "rollL20": 1.18293,
  "up2": false,
  "dn2": false,
  "source": "twelvedata_repo"
}