{
  "datetime": "2025-11-21 00:30:00",
  "open": 1.15269,
  "high": 1.15283,
  "low": 1.15267,
  "close": 1.1528,
  "rollH20": 1.15308,
  "rollL20": 1.15239,
  "up2": false,
  "dn2": false,
  "source": "twelvedata_repo"
}