{
  "datetime": "2026-06-16 01:00:00",
  "open": 1.1592,
  "high": 1.15921,
  "low": 1.1591,
  "close": 1.15917,
  "rollH20": 1.1594,
  "rollL20": 1.15855,
  "up2": false,
  "dn2": false,
  "source": "twelvedata_repo"
}