{
  "datetime": "2025-12-31 09:10:00",
  "open": 1.17375,
  "high": 1.17376,
  "low": 1.17362,
  "close": 1.17365,
  "rollH20": 1.174,
  "rollL20": 1.17306,
  "up2": false,
  "dn2": false,
  "source": "twelvedata_repo"
}