{
  "datetime": "2025-10-01 08:40:00",
  "open": 1.17573,
  "high": 1.17573,
  "low": 1.17456,
  "close": 1.17457,
  "rollH20": 1.17786,
  "rollL20": 1.17481,
  "up2": false,
  "dn2": false,
  "source": "twelvedata_repo"
}