{
  "datetime": "2026-01-09 12:40:00",
  "open": 1.16439,
  "high": 1.16462,
  "low": 1.16437,
  "close": 1.1646,
  "rollH20": 1.1647,
  "rollL20": 1.16383,
  "up2": false,
  "dn2": false,
  "source": "twelvedata_repo"
}