{
  "datetime": "2025-12-09 15:55:00",
  "open": 1.16355,
  "high": 1.16378,
  "low": 1.16355,
  "close": 1.16375,
  "rollH20": 1.16383,
  "rollL20": 1.16301,
  "up2": false,
  "dn2": false,
  "source": "twelvedata_repo"
}