{
  "datetime": "2026-03-28 22:40:00",
  "open": 1.15377,
  "high": 1.1538,
  "low": 1.15377,
  "close": 1.15378,
  "rollH20": 1.15395,
  "rollL20": 1.15296,
  "up2": false,
  "dn2": false,
  "source": "twelvedata_repo"
}