{
  "datetime": "2025-10-13 21:30:00",
  "open": 1.15671,
  "high": 1.15671,
  "low": 1.1567,
  "close": 1.15671,
  "rollH20": 1.15736,
  "rollL20": 1.1565,
  "up2": false,
  "dn2": false,
  "source": "twelvedata_repo"
}