{
  "datetime": "2025-12-25 20:20:00",
  "open": 1.17836,
  "high": 1.17844,
  "low": 1.17831,
  "close": 1.17834,
  "rollH20": 1.17906,
  "rollL20": 1.1779,
  "up2": false,
  "dn2": false,
  "source": "twelvedata_repo"
}