{
  "datetime": "2025-10-07 21:40:00",
  "open": 1.16554,
  "high": 1.16556,
  "low": 1.16548,
  "close": 1.16556,
  "rollH20": 1.16582,
  "rollL20": 1.16477,
  "up2": false,
  "dn2": false,
  "source": "twelvedata_repo"
}