{
  "datetime": "2025-10-29 16:50:00",
  "open": 1.16603,
  "high": 1.16607,
  "low": 1.16575,
  "close": 1.16579,
  "rollH20": 1.16607,
  "rollL20": 1.16351,
  "up2": false,
  "dn2": false,
  "source": "twelvedata_repo"
}