{
  "datetime": "2025-09-23 22:45:00",
  "open": 1.18135,
  "high": 1.18137,
  "low": 1.18133,
  "close": 1.18134,
  "rollH20": 1.18183,
  "rollL20": 1.18102,
  "up2": false,
  "dn2": false,
  "source": "twelvedata_repo"
}