{
  "datetime": "2026-06-27 23:45:00",
  "open": 1.13911,
  "high": 1.13912,
  "low": 1.13911,
  "close": 1.13911,
  "rollH20": 1.13952,
  "rollL20": 1.13851,
  "up2": false,
  "dn2": false,
  "source": "twelvedata_repo"
}