{
  "datetime": "2025-11-24 20:05:00",
  "open": 1.15286,
  "high": 1.15288,
  "low": 1.1527,
  "close": 1.15272,
  "rollH20": 1.15292,
  "rollL20": 1.15149,
  "up2": false,
  "dn2": false,
  "source": "twelvedata_repo"
}