{
  "datetime": "2025-11-24 22:10:00",
  "open": 1.15213,
  "high": 1.15217,
  "low": 1.15213,
  "close": 1.15217,
  "rollH20": 1.15284,
  "rollL20": 1.15211,
  "up2": false,
  "dn2": false,
  "source": "twelvedata_repo"
}