{
  "datetime": "2026-04-16 11:05:00",
  "open": 1.17765,
  "high": 1.17775,
  "low": 1.17758,
  "close": 1.17774,
  "rollH20": 1.17884,
  "rollL20": 1.17767,
  "up2": false,
  "dn2": false,
  "source": "twelvedata_repo"
}