{
  "datetime": "2026-06-08 14:10:00",
  "open": 1.15437,
  "high": 1.15451,
  "low": 1.15419,
  "close": 1.15445,
  "rollH20": 1.15461,
  "rollL20": 1.15338,
  "up2": false,
  "dn2": false,
  "source": "twelvedata_repo"
}