{
  "datetime": "2026-04-20 16:10:00",
  "open": 1.17695,
  "high": 1.17721,
  "low": 1.17694,
  "close": 1.17721,
  "rollH20": 1.17815,
  "rollL20": 1.17677,
  "up2": false,
  "dn2": false,
  "source": "twelvedata_repo"
}