{
  "datetime": "2025-08-29 00:25:00",
  "open": 1.16797,
  "high": 1.16805,
  "low": 1.16792,
  "close": 1.16802,
  "rollH20": 1.16837,
  "rollL20": 1.16732,
  "up2": false,
  "dn2": false,
  "source": "twelvedata_repo"
}