{
  "datetime": "2026-01-08 22:25:00",
  "open": 1.16532,
  "high": 1.1654,
  "low": 1.16528,
  "close": 1.1654,
  "rollH20": 1.1655,
  "rollL20": 1.16466,
  "up2": false,
  "dn2": false,
  "source": "twelvedata_repo"
}