{
  "datetime": "2026-01-12 22:50:00",
  "open": 1.16685,
  "high": 1.16692,
  "low": 1.1668,
  "close": 1.1668,
  "rollH20": 1.16727,
  "rollL20": 1.16635,
  "up2": false,
  "dn2": false,
  "source": "twelvedata_repo"
}