{
  "datetime": "2025-10-13 21:40:00",
  "open": 1.15672,
  "high": 1.15681,
  "low": 1.15672,
  "close": 1.15676,
  "rollH20": 1.15736,
  "rollL20": 1.1565,
  "up2": false,
  "dn2": false,
  "source": "twelvedata_repo"
}