{
  "datetime": "2026-04-19 10:10:00",
  "open": 1.17734,
  "high": 1.1774,
  "low": 1.17733,
  "close": 1.17737,
  "rollH20": 1.17744,
  "rollL20": 1.1772,
  "up2": false,
  "dn2": false,
  "source": "twelvedata_repo"
}