{
  "datetime": "2026-04-09 05:15:00",
  "open": 1.16688,
  "high": 1.16702,
  "low": 1.16682,
  "close": 1.16686,
  "rollH20": 1.16695,
  "rollL20": 1.16616,
  "up2": false,
  "dn2": false,
  "source": "twelvedata_repo"
}