{
  "datetime": "2026-06-03 19:50:00",
  "open": 1.15992,
  "high": 1.15997,
  "low": 1.15988,
  "close": 1.15994,
  "rollH20": 1.16031,
  "rollL20": 1.15957,
  "up2": false,
  "dn2": false,
  "source": "twelvedata_repo"
}