{
  "datetime": "2026-06-04 21:05:00",
  "open": 1.16127,
  "high": 1.16133,
  "low": 1.16113,
  "close": 1.16115,
  "rollH20": 1.16199,
  "rollL20": 1.16106,
  "up2": false,
  "dn2": false,
  "source": "twelvedata_repo"
}