{
  "datetime": "2026-01-28 18:25:00",
  "open": 1.19332,
  "high": 1.19335,
  "low": 1.19325,
  "close": 1.19328,
  "rollH20": 1.19568,
  "rollL20": 1.1922,
  "up2": false,
  "dn2": false,
  "source": "twelvedata_repo"
}