{
  "datetime": "2026-06-13 14:35:00",
  "open": 1.15701,
  "high": 1.15706,
  "low": 1.15699,
  "close": 1.157,
  "rollH20": 1.15793,
  "rollL20": 1.15662,
  "up2": false,
  "dn2": false,
  "source": "twelvedata_repo"
}