{
  "datetime": "2026-02-17 11:10:00",
  "open": 1.18438,
  "high": 1.18438,
  "low": 1.18432,
  "close": 1.18432,
  "rollH20": 1.18504,
  "rollL20": 1.18419,
  "up2": false,
  "dn2": false,
  "source": "twelvedata_repo"
}