{
  "datetime": "2025-09-30 21:40:00",
  "open": 1.17362,
  "high": 1.17365,
  "low": 1.17356,
  "close": 1.17358,
  "rollH20": 1.17411,
  "rollL20": 1.1734,
  "up2": false,
  "dn2": false,
  "source": "twelvedata_repo"
}