{
  "datetime": "2026-01-13 06:10:00",
  "open": 1.16639,
  "high": 1.16641,
  "low": 1.1663,
  "close": 1.16639,
  "rollH20": 1.1666,
  "rollL20": 1.16577,
  "up2": false,
  "dn2": false,
  "source": "twelvedata_repo"
}