{
  "datetime": "2025-11-26 16:40:00",
  "open": 1.15849,
  "high": 1.15876,
  "low": 1.15849,
  "close": 1.15876,
  "rollH20": 1.15945,
  "rollL20": 1.15495,
  "up2": false,
  "dn2": false,
  "source": "twelvedata_repo"
}