{
  "datetime": "2025-11-11 09:25:00",
  "open": 1.15661,
  "high": 1.1567,
  "low": 1.15647,
  "close": 1.15657,
  "rollH20": 1.15671,
  "rollL20": 1.15501,
  "up2": false,
  "dn2": false,
  "source": "twelvedata_repo"
}