{
  "datetime": "2025-11-13 20:20:00",
  "open": 1.16413,
  "high": 1.16413,
  "low": 1.16389,
  "close": 1.1639,
  "rollH20": 1.16545,
  "rollL20": 1.16369,
  "up2": false,
  "dn2": false,
  "source": "twelvedata_repo"
}