{
  "datetime": "2026-03-24 20:50:00",
  "open": 1.15877,
  "high": 1.1588,
  "low": 1.15877,
  "close": 1.1588,
  "rollH20": 1.15928,
  "rollL20": 1.15682,
  "up2": false,
  "dn2": false,
  "source": "twelvedata_repo"
}