{
  "datetime": "2026-05-29 19:20:00",
  "open": 1.16636,
  "high": 1.16653,
  "low": 1.16636,
  "close": 1.1665,
  "rollH20": 1.16736,
  "rollL20": 1.16617,
  "up2": false,
  "dn2": false,
  "source": "twelvedata_repo"
}