{
  "datetime": "2026-03-08 21:10:00",
  "open": 1.15527,
  "high": 1.15586,
  "low": 1.15527,
  "close": 1.15559,
  "rollH20": 1.15909,
  "rollL20": 1.15381,
  "up2": false,
  "dn2": false,
  "source": "twelvedata_repo"
}