{
  "datetime": "2026-02-17 11:25:00",
  "open": 1.18435,
  "high": 1.18443,
  "low": 1.18435,
  "close": 1.18438,
  "rollH20": 1.18479,
  "rollL20": 1.18418,
  "up2": false,
  "dn2": false,
  "source": "twelvedata_repo"
}