{
  "datetime": "2026-04-15 13:10:00",
  "open": 1.17814,
  "high": 1.17816,
  "low": 1.1779,
  "close": 1.178,
  "rollH20": 1.1784,
  "rollL20": 1.17734,
  "up2": false,
  "dn2": false,
  "source": "twelvedata_repo"
}