{
  "datetime": "2026-06-16 06:35:00",
  "open": 1.15798,
  "high": 1.15805,
  "low": 1.15792,
  "close": 1.15805,
  "rollH20": 1.15881,
  "rollL20": 1.15762,
  "up2": false,
  "dn2": false,
  "source": "twelvedata_repo"
}