{
  "datetime": "2025-10-01 08:30:00",
  "open": 1.17535,
  "high": 1.17535,
  "low": 1.17504,
  "close": 1.17514,
  "rollH20": 1.17786,
  "rollL20": 1.17507,
  "up2": false,
  "dn2": false,
  "source": "twelvedata_repo"
}