{
  "datetime": "2026-03-08 22:55:00",
  "open": 1.15375,
  "high": 1.1539,
  "low": 1.15373,
  "close": 1.1539,
  "rollH20": 1.15562,
  "rollL20": 1.15298,
  "up2": false,
  "dn2": false,
  "source": "twelvedata_repo"
}