{
  "datetime": "2026-01-20 23:30:00",
  "open": 1.17242,
  "high": 1.17252,
  "low": 1.1724,
  "close": 1.17252,
  "rollH20": 1.17271,
  "rollL20": 1.17178,
  "up2": false,
  "dn2": false,
  "source": "twelvedata_repo"
}