{
  "datetime": "2026-07-22 01:00:00",
  "open": 1.14022,
  "high": 1.14025,
  "low": 1.14019,
  "close": 1.14025,
  "rollH20": 1.14031,
  "rollL20": 1.13982,
  "up2": false,
  "dn2": false,
  "source": "twelvedata_repo"
}