{
  "datetime": "2026-02-19 05:45:00",
  "open": 1.17925,
  "high": 1.1793,
  "low": 1.17925,
  "close": 1.17927,
  "rollH20": 1.17928,
  "rollL20": 1.17853,
  "up2": false,
  "dn2": false,
  "source": "twelvedata_repo"
}