{
  "datetime": "2026-04-18 13:45:00",
  "open": 1.17688,
  "high": 1.17693,
  "low": 1.17687,
  "close": 1.17687,
  "rollH20": 1.17754,
  "rollL20": 1.17632,
  "up2": false,
  "dn2": false,
  "source": "twelvedata_repo"
}