{
  "datetime": "2026-04-17 01:55:00",
  "open": 1.17804,
  "high": 1.17808,
  "low": 1.17797,
  "close": 1.17798,
  "rollH20": 1.17864,
  "rollL20": 1.1778,
  "up2": false,
  "dn2": false,
  "source": "twelvedata_repo"
}