{
  "datetime": "2026-01-30 08:25:00",
  "open": 1.19224,
  "high": 1.19295,
  "low": 1.19224,
  "close": 1.19275,
  "rollH20": 1.1934,
  "rollL20": 1.19144,
  "up2": false,
  "dn2": false,
  "source": "twelvedata_repo"
}