{
  "datetime": "2026-01-07 08:35:00",
  "open": 1.16865,
  "high": 1.1687,
  "low": 1.16833,
  "close": 1.16834,
  "rollH20": 1.17008,
  "rollL20": 1.16867,
  "up2": false,
  "dn2": true,
  "source": "twelvedata_repo"
}