{
  "datetime": "2025-12-05 00:55:00",
  "open": 1.16419,
  "high": 1.16433,
  "low": 1.16419,
  "close": 1.16431,
  "rollH20": 1.16467,
  "rollL20": 1.16416,
  "up2": false,
  "dn2": false,
  "source": "twelvedata_repo"
}