{
  "datetime": "2026-06-25 19:30:00",
  "open": 1.13788,
  "high": 1.13792,
  "low": 1.13764,
  "close": 1.13767,
  "rollH20": 1.13802,
  "rollL20": 1.13706,
  "up2": false,
  "dn2": false,
  "source": "twelvedata_repo"
}