{
  "datetime": "2026-01-12 18:15:00",
  "open": 1.16737,
  "high": 1.16737,
  "low": 1.16714,
  "close": 1.16719,
  "rollH20": 1.16865,
  "rollL20": 1.16709,
  "up2": false,
  "dn2": false,
  "source": "twelvedata_repo"
}