{
  "datetime": "2026-05-29 15:45:00",
  "open": 1.16452,
  "high": 1.16509,
  "low": 1.16452,
  "close": 1.16507,
  "rollH20": 1.16533,
  "rollL20": 1.16409,
  "up2": false,
  "dn2": false,
  "source": "twelvedata_repo"
}