{
  "datetime": "2025-10-20 12:25:00",
  "open": 1.16511,
  "high": 1.16533,
  "low": 1.16507,
  "close": 1.16528,
  "rollH20": 1.16673,
  "rollL20": 1.16505,
  "up2": false,
  "dn2": false,
  "source": "twelvedata_repo"
}