{
  "datetime": "2026-06-29 21:50:00",
  "open": 1.14237,
  "high": 1.14243,
  "low": 1.14232,
  "close": 1.14241,
  "rollH20": 1.14274,
  "rollL20": 1.1422,
  "up2": false,
  "dn2": false,
  "source": "twelvedata_repo"
}