{
  "datetime": "2026-04-14 00:40:00",
  "open": 1.1765,
  "high": 1.17655,
  "low": 1.1765,
  "close": 1.17655,
  "rollH20": 1.17658,
  "rollL20": 1.17558,
  "up2": false,
  "dn2": false,
  "source": "twelvedata_repo"
}