{
  "datetime": "2026-05-21 04:25:00",
  "open": 1.16228,
  "high": 1.16228,
  "low": 1.16217,
  "close": 1.16222,
  "rollH20": 1.16331,
  "rollL20": 1.16166,
  "up2": false,
  "dn2": false,
  "source": "twelvedata_repo"
}