{
  "datetime": "2026-02-23 14:55:00",
  "open": 1.18009,
  "high": 1.18049,
  "low": 1.18009,
  "close": 1.18047,
  "rollH20": 1.18055,
  "rollL20": 1.17849,
  "up2": false,
  "dn2": false,
  "source": "twelvedata_repo"
}