{
  "datetime": "2025-12-22 21:25:00",
  "open": 1.17567,
  "high": 1.1757,
  "low": 1.17567,
  "close": 1.17569,
  "rollH20": 1.17569,
  "rollL20": 1.17486,
  "up2": false,
  "dn2": false,
  "source": "twelvedata_repo"
}