{
  "datetime": "2026-04-08 18:40:00",
  "open": 1.16705,
  "high": 1.16748,
  "low": 1.16705,
  "close": 1.1674,
  "rollH20": 1.16884,
  "rollL20": 1.16706,
  "up2": false,
  "dn2": false,
  "source": "twelvedata_repo"
}