{
  "datetime": "2026-02-25 04:50:00",
  "open": 1.17924,
  "high": 1.17949,
  "low": 1.17924,
  "close": 1.17948,
  "rollH20": 1.17946,
  "rollL20": 1.17866,
  "up2": false,
  "dn2": false,
  "source": "twelvedata_repo"
}