{
  "datetime": "2025-12-04 21:40:00",
  "open": 1.16437,
  "high": 1.16446,
  "low": 1.16437,
  "close": 1.16443,
  "rollH20": 1.16561,
  "rollL20": 1.16414,
  "up2": false,
  "dn2": false,
  "source": "twelvedata_repo"
}