{
  "datetime": "2025-12-30 06:45:00",
  "open": 1.1775,
  "high": 1.17751,
  "low": 1.17729,
  "close": 1.17737,
  "rollH20": 1.17792,
  "rollL20": 1.17724,
  "up2": false,
  "dn2": false,
  "source": "twelvedata_repo"
}