{
  "datetime": "2026-06-28 02:15:00",
  "open": 1.13916,
  "high": 1.1392,
  "low": 1.13916,
  "close": 1.13916,
  "rollH20": 1.13958,
  "rollL20": 1.13879,
  "up2": false,
  "dn2": false,
  "source": "twelvedata_repo"
}