{
  "datetime": "2026-06-19 11:50:00",
  "open": 1.14607,
  "high": 1.14617,
  "low": 1.14582,
  "close": 1.14589,
  "rollH20": 1.14651,
  "rollL20": 1.14525,
  "up2": false,
  "dn2": false,
  "source": "twelvedata_repo"
}