{
  "datetime": "2025-12-02 19:15:00",
  "open": 1.16113,
  "high": 1.16123,
  "low": 1.16108,
  "close": 1.16123,
  "rollH20": 1.1613,
  "rollL20": 1.15931,
  "up2": false,
  "dn2": false,
  "source": "twelvedata_repo"
}