{
  "datetime": "2026-01-21 01:35:00",
  "open": 1.17208,
  "high": 1.17213,
  "low": 1.17208,
  "close": 1.17213,
  "rollH20": 1.1729,
  "rollL20": 1.17194,
  "up2": false,
  "dn2": false,
  "source": "twelvedata_repo"
}