{
  "datetime": "2026-03-10 06:25:00",
  "open": 1.16298,
  "high": 1.16303,
  "low": 1.16298,
  "close": 1.16303,
  "rollH20": 1.163,
  "rollL20": 1.1611,
  "up2": false,
  "dn2": false,
  "source": "twelvedata_repo"
}