{
  "datetime": "2026-01-08 10:50:00",
  "open": 1.16708,
  "high": 1.16747,
  "low": 1.16708,
  "close": 1.16741,
  "rollH20": 1.16784,
  "rollL20": 1.16697,
  "up2": false,
  "dn2": false,
  "source": "twelvedata_repo"
}