{
  "datetime": "2026-03-01 20:30:00",
  "open": 1.1768,
  "high": 1.17891,
  "low": 1.1768,
  "close": 1.17858,
  "rollH20": 1.17961,
  "rollL20": 1.17502,
  "up2": false,
  "dn2": false,
  "source": "twelvedata_repo"
}