{
  "datetime": "2025-12-04 06:55:00",
  "open": 1.16612,
  "high": 1.16613,
  "low": 1.16592,
  "close": 1.16597,
  "rollH20": 1.16622,
  "rollL20": 1.16561,
  "up2": false,
  "dn2": false,
  "source": "twelvedata_repo"
}