{
  "datetime": "2025-10-24 11:10:00",
  "open": 1.16149,
  "high": 1.16158,
  "low": 1.16133,
  "close": 1.16145,
  "rollH20": 1.16151,
  "rollL20": 1.16054,
  "up2": false,
  "dn2": false,
  "source": "twelvedata_repo"
}