{
  "datetime": "2025-11-20 11:40:00",
  "open": 1.1528,
  "high": 1.1528,
  "low": 1.15271,
  "close": 1.15277,
  "rollH20": 1.15294,
  "rollL20": 1.15179,
  "up2": false,
  "dn2": false,
  "source": "twelvedata_repo"
}