{
  "datetime": "2026-02-18 07:00:00",
  "open": 1.18456,
  "high": 1.18458,
  "low": 1.18445,
  "close": 1.18454,
  "rollH20": 1.18469,
  "rollL20": 1.18405,
  "up2": false,
  "dn2": false,
  "source": "twelvedata_repo"
}