{
  "datetime": "2026-03-25 15:50:00",
  "open": 1.15852,
  "high": 1.15874,
  "low": 1.15841,
  "close": 1.15863,
  "rollH20": 1.15959,
  "rollL20": 1.1567,
  "up2": false,
  "dn2": false,
  "source": "twelvedata_repo"
}