{
  "datetime": "2026-05-19 23:45:00",
  "open": 1.16073,
  "high": 1.16077,
  "low": 1.16067,
  "close": 1.16073,
  "rollH20": 1.16093,
  "rollL20": 1.16031,
  "up2": false,
  "dn2": false,
  "source": "twelvedata_repo"
}