{
  "datetime": "2026-01-11 16:25:00",
  "open": 1.1636,
  "high": 1.16363,
  "low": 1.1636,
  "close": 1.1636,
  "rollH20": 1.16385,
  "rollL20": 1.16331,
  "up2": false,
  "dn2": false,
  "source": "twelvedata_repo"
}