{
  "datetime": "2025-12-11 10:55:00",
  "open": 1.17008,
  "high": 1.17029,
  "low": 1.17007,
  "close": 1.17022,
  "rollH20": 1.17062,
  "rollL20": 1.16879,
  "up2": false,
  "dn2": false,
  "source": "twelvedata_repo"
}