{
  "datetime": "2026-05-31 23:25:00",
  "open": 1.16558,
  "high": 1.16558,
  "low": 1.16539,
  "close": 1.16547,
  "rollH20": 1.16626,
  "rollL20": 1.16516,
  "up2": false,
  "dn2": false,
  "source": "twelvedata_repo"
}