{
  "datetime": "2025-10-24 00:55:00",
  "open": 1.16185,
  "high": 1.16185,
  "low": 1.1617,
  "close": 1.16172,
  "rollH20": 1.16218,
  "rollL20": 1.16152,
  "up2": false,
  "dn2": false,
  "source": "twelvedata_repo"
}