{
  "datetime": "2026-03-09 12:30:00",
  "open": 1.1563,
  "high": 1.15645,
  "low": 1.1563,
  "close": 1.15632,
  "rollH20": 1.15684,
  "rollL20": 1.1553,
  "up2": false,
  "dn2": false,
  "source": "twelvedata_repo"
}