{
  "datetime": "2026-01-09 02:50:00",
  "open": 1.16511,
  "high": 1.16514,
  "low": 1.1651,
  "close": 1.16514,
  "rollH20": 1.16579,
  "rollL20": 1.16492,
  "up2": false,
  "dn2": false,
  "source": "twelvedata_repo"
}