{
  "datetime": "2025-10-30 14:05:00",
  "open": 1.15522,
  "high": 1.15548,
  "low": 1.15522,
  "close": 1.15547,
  "rollH20": 1.16112,
  "rollL20": 1.15502,
  "up2": false,
  "dn2": false,
  "source": "twelvedata_repo"
}