{
  "datetime": "2026-06-20 16:50:00",
  "open": 1.14742,
  "high": 1.14747,
  "low": 1.14741,
  "close": 1.14741,
  "rollH20": 1.14808,
  "rollL20": 1.14721,
  "up2": false,
  "dn2": false,
  "source": "twelvedata_repo"
}