{
  "datetime": "2026-05-07 13:55:00",
  "open": 1.17772,
  "high": 1.17779,
  "low": 1.17738,
  "close": 1.17758,
  "rollH20": 1.17779,
  "rollL20": 1.17628,
  "up2": false,
  "dn2": false,
  "source": "twelvedata_repo"
}