{
  "datetime": "2025-12-05 11:55:00",
  "open": 1.16501,
  "high": 1.16503,
  "low": 1.16501,
  "close": 1.16503,
  "rollH20": 1.16572,
  "rollL20": 1.16485,
  "up2": false,
  "dn2": false,
  "source": "twelvedata_repo"
}