{
  "datetime": "2026-04-30 00:25:00",
  "open": 1.1679,
  "high": 1.16798,
  "low": 1.16787,
  "close": 1.16796,
  "rollH20": 1.16798,
  "rollL20": 1.16711,
  "up2": false,
  "dn2": false,
  "source": "twelvedata_repo"
}