{
  "datetime": "2025-10-30 21:55:00",
  "open": 1.15697,
  "high": 1.15701,
  "low": 1.15697,
  "close": 1.15698,
  "rollH20": 1.15719,
  "rollL20": 1.15622,
  "up2": false,
  "dn2": false,
  "source": "twelvedata_repo"
}