{
  "datetime": "2026-01-25 16:45:00",
  "open": 1.18101,
  "high": 1.18106,
  "low": 1.181,
  "close": 1.18104,
  "rollH20": 1.18186,
  "rollL20": 1.18056,
  "up2": false,
  "dn2": false,
  "source": "twelvedata_repo"
}