{
  "datetime": "2025-12-30 03:30:00",
  "open": 1.17728,
  "high": 1.17732,
  "low": 1.17726,
  "close": 1.17732,
  "rollH20": 1.17768,
  "rollL20": 1.17699,
  "up2": false,
  "dn2": false,
  "source": "twelvedata_repo"
}