{
  "datetime": "2026-01-25 06:10:00",
  "open": 1.18236,
  "high": 1.1824,
  "low": 1.18236,
  "close": 1.18238,
  "rollH20": 1.18249,
  "rollL20": 1.18215,
  "up2": false,
  "dn2": false,
  "source": "twelvedata_repo"
}