{
  "datetime": "2025-10-08 00:15:00",
  "open": 1.16604,
  "high": 1.16604,
  "low": 1.16604,
  "close": 1.16604,
  "rollH20": 1.16645,
  "rollL20": 1.1655,
  "up2": false,
  "dn2": false,
  "source": "twelvedata_repo"
}