{
  "datetime": "2026-02-16 16:00:00",
  "open": 1.18544,
  "high": 1.18549,
  "low": 1.1853,
  "close": 1.18546,
  "rollH20": 1.18631,
  "rollL20": 1.18524,
  "up2": false,
  "dn2": false,
  "source": "twelvedata_repo"
}