{
  "datetime": "2025-10-09 23:15:00",
  "open": 1.15637,
  "high": 1.15637,
  "low": 1.15629,
  "close": 1.15633,
  "rollH20": 1.15669,
  "rollL20": 1.15596,
  "up2": false,
  "dn2": false,
  "source": "twelvedata_repo"
}