{
  "datetime": "2026-01-16 20:55:00",
  "open": 1.15977,
  "high": 1.15978,
  "low": 1.15953,
  "close": 1.15966,
  "rollH20": 1.15996,
  "rollL20": 1.15906,
  "up2": false,
  "dn2": false,
  "source": "twelvedata_repo"
}