{
  "datetime": "2026-07-15 00:20:00",
  "open": 1.1421,
  "high": 1.1422,
  "low": 1.14206,
  "close": 1.14219,
  "rollH20": 1.14227,
  "rollL20": 1.14177,
  "up2": false,
  "dn2": false,
  "source": "twelvedata_repo"
}