{
  "datetime": "2025-10-29 08:55:00",
  "open": 1.16325,
  "high": 1.16341,
  "low": 1.16322,
  "close": 1.16338,
  "rollH20": 1.16372,
  "rollL20": 1.16285,
  "up2": false,
  "dn2": false,
  "source": "twelvedata_repo"
}