{
  "datetime": "2025-11-21 06:40:00",
  "open": 1.15373,
  "high": 1.15387,
  "low": 1.15373,
  "close": 1.15383,
  "rollH20": 1.15417,
  "rollL20": 1.15362,
  "up2": false,
  "dn2": false,
  "source": "twelvedata_repo"
}