{
  "datetime": "2026-03-04 22:45:00",
  "open": 1.16342,
  "high": 1.16345,
  "low": 1.16342,
  "close": 1.16342,
  "rollH20": 1.1642,
  "rollL20": 1.16302,
  "up2": false,
  "dn2": false,
  "source": "twelvedata_repo"
}