{
  "datetime": "2025-12-15 18:55:00",
  "open": 1.17457,
  "high": 1.17465,
  "low": 1.17457,
  "close": 1.1746,
  "rollH20": 1.1764,
  "rollL20": 1.17452,
  "up2": false,
  "dn2": false,
  "source": "twelvedata_repo"
}