{
  "datetime": "2025-10-01 23:10:00",
  "open": 1.17334,
  "high": 1.17334,
  "low": 1.17318,
  "close": 1.1733,
  "rollH20": 1.17373,
  "rollL20": 1.17237,
  "up2": false,
  "dn2": false,
  "source": "twelvedata_repo"
}