{
  "datetime": "2026-02-07 21:35:00",
  "open": 1.18194,
  "high": 1.18199,
  "low": 1.18194,
  "close": 1.18195,
  "rollH20": 1.18204,
  "rollL20": 1.18184,
  "up2": false,
  "dn2": false,
  "source": "twelvedata_repo"
}