{
  "datetime": "2026-02-18 02:50:00",
  "open": 1.18459,
  "high": 1.18463,
  "low": 1.18449,
  "close": 1.18461,
  "rollH20": 1.18479,
  "rollL20": 1.18417,
  "up2": false,
  "dn2": false,
  "source": "twelvedata_repo"
}