{
  "datetime": "2025-12-12 16:40:00",
  "open": 1.17384,
  "high": 1.17386,
  "low": 1.17379,
  "close": 1.17385,
  "rollH20": 1.1745,
  "rollL20": 1.17238,
  "up2": false,
  "dn2": false,
  "source": "twelvedata_repo"
}