{
  "datetime": "2026-05-31 20:20:00",
  "open": 1.16589,
  "high": 1.16609,
  "low": 1.16587,
  "close": 1.16604,
  "rollH20": 1.1667,
  "rollL20": 1.16583,
  "up2": false,
  "dn2": false,
  "source": "twelvedata_repo"
}