{
  "datetime": "2026-04-07 11:55:00",
  "open": 1.15493,
  "high": 1.15538,
  "low": 1.15493,
  "close": 1.15538,
  "rollH20": 1.15735,
  "rollL20": 1.15476,
  "up2": false,
  "dn2": false,
  "source": "twelvedata_repo"
}