{
  "datetime": "2025-09-05 18:40:00",
  "open": 1.1732,
  "high": 1.17328,
  "low": 1.17317,
  "close": 1.1732,
  "rollH20": 1.17596,
  "rollL20": 1.17258,
  "up2": false,
  "dn2": false,
  "source": "twelvedata_repo"
}