{
  "datetime": "2025-11-14 13:50:00",
  "open": 1.16423,
  "high": 1.16489,
  "low": 1.16423,
  "close": 1.16484,
  "rollH20": 1.16462,
  "rollL20": 1.1609,
  "up2": false,
  "dn2": false,
  "source": "twelvedata_repo"
}