{
  "datetime": "2026-06-02 16:45:00",
  "open": 1.16391,
  "high": 1.16405,
  "low": 1.16391,
  "close": 1.16405,
  "rollH20": 1.16499,
  "rollL20": 1.1636,
  "up2": false,
  "dn2": false,
  "source": "twelvedata_repo"
}