{
  "datetime": "2025-10-21 16:05:00",
  "open": 1.16097,
  "high": 1.16097,
  "low": 1.1608,
  "close": 1.16083,
  "rollH20": 1.16179,
  "rollL20": 1.15977,
  "up2": false,
  "dn2": false,
  "source": "twelvedata_repo"
}