{
  "datetime": "2025-10-24 19:30:00",
  "open": 1.16256,
  "high": 1.16261,
  "low": 1.1625,
  "close": 1.16261,
  "rollH20": 1.16315,
  "rollL20": 1.16243,
  "up2": false,
  "dn2": false,
  "source": "twelvedata_repo"
}