{
  "datetime": "2026-01-26 17:50:00",
  "open": 1.18872,
  "high": 1.18873,
  "low": 1.18846,
  "close": 1.18869,
  "rollH20": 1.19084,
  "rollL20": 1.18719,
  "up2": false,
  "dn2": false,
  "source": "twelvedata_repo"
}