{
  "datetime": "2025-10-07 18:55:00",
  "open": 1.16724,
  "high": 1.16724,
  "low": 1.16691,
  "close": 1.16691,
  "rollH20": 1.16792,
  "rollL20": 1.16699,
  "up2": false,
  "dn2": false,
  "source": "twelvedata_repo"
}