{
  "datetime": "2026-04-08 23:35:00",
  "open": 1.16632,
  "high": 1.16644,
  "low": 1.16632,
  "close": 1.16635,
  "rollH20": 1.16674,
  "rollL20": 1.16607,
  "up2": false,
  "dn2": false,
  "source": "twelvedata_repo"
}