{
  "datetime": "2025-12-11 21:30:00",
  "open": 1.17436,
  "high": 1.17444,
  "low": 1.17427,
  "close": 1.17444,
  "rollH20": 1.17557,
  "rollL20": 1.17376,
  "up2": false,
  "dn2": false,
  "source": "twelvedata_repo"
}