{
  "datetime": "2025-09-08 22:55:00",
  "open": 1.17591,
  "high": 1.17614,
  "low": 1.17563,
  "close": 1.17588,
  "rollH20": 1.17656,
  "rollL20": 1.17559,
  "up2": false,
  "dn2": false,
  "source": "twelvedata_repo"
}