{
  "datetime": "2026-04-30 13:15:00",
  "open": 1.1703,
  "high": 1.17035,
  "low": 1.16931,
  "close": 1.16935,
  "rollH20": 1.17206,
  "rollL20": 1.16989,
  "up2": false,
  "dn2": false,
  "source": "twelvedata_repo"
}