{
  "datetime": "2026-07-20 13:20:00",
  "open": 1.14212,
  "high": 1.14212,
  "low": 1.14179,
  "close": 1.1418,
  "rollH20": 1.14392,
  "rollL20": 1.14202,
  "up2": false,
  "dn2": false,
  "source": "twelvedata_repo"
}