{
  "datetime": "2026-06-26 22:30:00",
  "open": 1.13906,
  "high": 1.13927,
  "low": 1.13856,
  "close": 1.1391,
  "rollH20": 1.13951,
  "rollL20": 1.13816,
  "up2": false,
  "dn2": false,
  "source": "twelvedata_repo"
}