{
  "datetime": "2026-01-14 12:10:00",
  "open": 1.16525,
  "high": 1.1653,
  "low": 1.16524,
  "close": 1.16526,
  "rollH20": 1.1658,
  "rollL20": 1.16478,
  "up2": false,
  "dn2": false,
  "source": "twelvedata_repo"
}