{
  "datetime": "2026-03-26 12:55:00",
  "open": 1.15284,
  "high": 1.15288,
  "low": 1.15276,
  "close": 1.15276,
  "rollH20": 1.15645,
  "rollL20": 1.15277,
  "up2": false,
  "dn2": false,
  "source": "twelvedata_repo"
}