{
  "datetime": "2026-01-28 20:40:00",
  "open": 1.19247,
  "high": 1.1927,
  "low": 1.19229,
  "close": 1.19237,
  "rollH20": 1.19417,
  "rollL20": 1.18966,
  "up2": false,
  "dn2": false,
  "source": "twelvedata_repo"
}