{
  "datetime": "2026-01-08 23:40:00",
  "open": 1.16593,
  "high": 1.16597,
  "low": 1.16593,
  "close": 1.16595,
  "rollH20": 1.16626,
  "rollL20": 1.16511,
  "up2": false,
  "dn2": false,
  "source": "twelvedata_repo"
}