{
  "datetime": "2026-04-19 17:25:00",
  "open": 1.17651,
  "high": 1.17655,
  "low": 1.1765,
  "close": 1.17653,
  "rollH20": 1.17673,
  "rollL20": 1.17521,
  "up2": false,
  "dn2": false,
  "source": "twelvedata_repo"
}