{
  "datetime": "2026-04-28 00:55:00",
  "open": 1.17229,
  "high": 1.17234,
  "low": 1.17228,
  "close": 1.17228,
  "rollH20": 1.17239,
  "rollL20": 1.17215,
  "up2": false,
  "dn2": false,
  "source": "twelvedata_repo"
}