{
  "datetime": "2026-01-12 22:25:00",
  "open": 1.16675,
  "high": 1.16688,
  "low": 1.16664,
  "close": 1.16673,
  "rollH20": 1.16738,
  "rollL20": 1.16635,
  "up2": false,
  "dn2": false,
  "source": "twelvedata_repo"
}