{
  "datetime": "2025-12-10 08:35:00",
  "open": 1.16398,
  "high": 1.164,
  "low": 1.16359,
  "close": 1.16369,
  "rollH20": 1.16405,
  "rollL20": 1.16288,
  "up2": false,
  "dn2": false,
  "source": "twelvedata_repo"
}