{
  "datetime": "2026-02-02 00:45:00",
  "open": 1.18546,
  "high": 1.18559,
  "low": 1.18502,
  "close": 1.18504,
  "rollH20": 1.18553,
  "rollL20": 1.18396,
  "up2": false,
  "dn2": false,
  "source": "twelvedata_repo"
}