{
  "datetime": "2025-11-28 05:40:00",
  "open": 1.15896,
  "high": 1.15903,
  "low": 1.1589,
  "close": 1.15892,
  "rollH20": 1.15911,
  "rollL20": 1.15836,
  "up2": false,
  "dn2": false,
  "source": "twelvedata_repo"
}