{
  "datetime": "2026-05-22 10:50:00",
  "open": 1.16031,
  "high": 1.16051,
  "low": 1.16031,
  "close": 1.16048,
  "rollH20": 1.16149,
  "rollL20": 1.15965,
  "up2": false,
  "dn2": false,
  "source": "twelvedata_repo"
}