{
  "datetime": "2026-04-03 04:30:00",
  "open": 1.15364,
  "high": 1.15366,
  "low": 1.15362,
  "close": 1.15366,
  "rollH20": 1.15394,
  "rollL20": 1.1532,
  "up2": false,
  "dn2": false,
  "source": "twelvedata_repo"
}