{
  "datetime": "2025-12-08 08:25:00",
  "open": 1.16657,
  "high": 1.16661,
  "low": 1.16653,
  "close": 1.16654,
  "rollH20": 1.16731,
  "rollL20": 1.16548,
  "up2": false,
  "dn2": false,
  "source": "twelvedata_repo"
}