{
  "datetime": "2026-03-20 18:25:00",
  "open": 1.15524,
  "high": 1.15699,
  "low": 1.15524,
  "close": 1.15699,
  "rollH20": 1.15707,
  "rollL20": 1.15466,
  "up2": false,
  "dn2": false,
  "source": "twelvedata_repo"
}