{
  "datetime": "2026-04-29 02:50:00",
  "open": 1.17115,
  "high": 1.17119,
  "low": 1.17105,
  "close": 1.17108,
  "rollH20": 1.17193,
  "rollL20": 1.17069,
  "up2": false,
  "dn2": false,
  "source": "twelvedata_repo"
}