{
  "datetime": "2026-05-03 20:25:00",
  "open": 1.1738,
  "high": 1.17417,
  "low": 1.17324,
  "close": 1.17379,
  "rollH20": 1.17403,
  "rollL20": 1.17175,
  "up2": false,
  "dn2": false,
  "source": "twelvedata_repo"
}