{
  "datetime": "2025-10-13 17:10:00",
  "open": 1.15757,
  "high": 1.15765,
  "low": 1.15756,
  "close": 1.15759,
  "rollH20": 1.15763,
  "rollL20": 1.15574,
  "up2": false,
  "dn2": false,
  "source": "twelvedata_repo"
}