{
  "datetime": "2026-01-05 19:30:00",
  "open": 1.17198,
  "high": 1.17209,
  "low": 1.17198,
  "close": 1.17202,
  "rollH20": 1.17214,
  "rollL20": 1.17104,
  "up2": false,
  "dn2": false,
  "source": "twelvedata_repo"
}