{
  "datetime": "2026-04-05 18:45:00",
  "open": 1.15238,
  "high": 1.15243,
  "low": 1.15236,
  "close": 1.15238,
  "rollH20": 1.15275,
  "rollL20": 1.15204,
  "up2": false,
  "dn2": false,
  "source": "twelvedata_repo"
}