{
  "datetime": "2025-10-29 16:35:00",
  "open": 1.16502,
  "high": 1.16552,
  "low": 1.16502,
  "close": 1.16545,
  "rollH20": 1.16528,
  "rollL20": 1.16328,
  "up2": false,
  "dn2": false,
  "source": "twelvedata_repo"
}