{
  "datetime": "2026-03-13 21:45:00",
  "open": 1.14587,
  "high": 1.1463,
  "low": 1.14587,
  "close": 1.14622,
  "rollH20": 1.14634,
  "rollL20": 1.14113,
  "up2": false,
  "dn2": false,
  "source": "twelvedata_repo"
}