{
  "datetime": "2025-12-30 10:40:00",
  "open": 1.17769,
  "high": 1.17788,
  "low": 1.17738,
  "close": 1.17766,
  "rollH20": 1.17775,
  "rollL20": 1.17649,
  "up2": false,
  "dn2": false,
  "source": "twelvedata_repo"
}