{
  "datetime": "2026-04-12 07:10:00",
  "open": 1.17251,
  "high": 1.17255,
  "low": 1.1725,
  "close": 1.17252,
  "rollH20": 1.17269,
  "rollL20": 1.17245,
  "up2": false,
  "dn2": false,
  "source": "twelvedata_repo"
}