{
  "datetime": "2026-02-14 13:25:00",
  "open": 1.1861,
  "high": 1.18615,
  "low": 1.18608,
  "close": 1.18613,
  "rollH20": 1.18652,
  "rollL20": 1.18607,
  "up2": false,
  "dn2": false,
  "source": "twelvedata_repo"
}