{
  "datetime": "2026-02-04 10:40:00",
  "open": 1.18192,
  "high": 1.18193,
  "low": 1.18192,
  "close": 1.18193,
  "rollH20": 1.18375,
  "rollL20": 1.18179,
  "up2": false,
  "dn2": false,
  "source": "twelvedata_repo"
}