{
  "datetime": "2025-10-24 08:25:00",
  "open": 1.16038,
  "high": 1.16064,
  "low": 1.16038,
  "close": 1.16061,
  "rollH20": 1.16169,
  "rollL20": 1.16015,
  "up2": false,
  "dn2": false,
  "source": "twelvedata_repo"
}