{
  "datetime": "2026-06-18 20:30:00",
  "open": 1.14527,
  "high": 1.14546,
  "low": 1.14525,
  "close": 1.14545,
  "rollH20": 1.14659,
  "rollL20": 1.14513,
  "up2": false,
  "dn2": false,
  "source": "twelvedata_repo"
}