{
  "datetime": "2025-11-26 14:35:00",
  "open": 1.15747,
  "high": 1.15748,
  "low": 1.15642,
  "close": 1.15642,
  "rollH20": 1.15832,
  "rollL20": 1.15692,
  "up2": false,
  "dn2": false,
  "source": "twelvedata_repo"
}