{
  "datetime": "2026-04-08 05:40:00",
  "open": 1.16798,
  "high": 1.16799,
  "low": 1.16772,
  "close": 1.16772,
  "rollH20": 1.16815,
  "rollL20": 1.16667,
  "up2": false,
  "dn2": false,
  "source": "twelvedata_repo"
}