{
  "datetime": "2026-04-13 13:00:00",
  "open": 1.16831,
  "high": 1.1686,
  "low": 1.16828,
  "close": 1.16839,
  "rollH20": 1.16999,
  "rollL20": 1.16817,
  "up2": false,
  "dn2": false,
  "source": "twelvedata_repo"
}