{
  "datetime": "2026-06-11 04:35:00",
  "open": 1.15473,
  "high": 1.15479,
  "low": 1.1546,
  "close": 1.15468,
  "rollH20": 1.15548,
  "rollL20": 1.15445,
  "up2": false,
  "dn2": false,
  "source": "twelvedata_repo"
}