{
  "datetime": "2025-11-20 21:10:00",
  "open": 1.15349,
  "high": 1.15358,
  "low": 1.15349,
  "close": 1.15358,
  "rollH20": 1.15404,
  "rollL20": 1.1531,
  "up2": false,
  "dn2": false,
  "source": "twelvedata_repo"
}