{
  "datetime": "2026-03-13 07:50:00",
  "open": 1.1457,
  "high": 1.14571,
  "low": 1.14565,
  "close": 1.14567,
  "rollH20": 1.1503,
  "rollL20": 1.14543,
  "up2": false,
  "dn2": false,
  "source": "twelvedata_repo"
}