{
  "datetime": "2026-03-13 01:20:00",
  "open": 1.15271,
  "high": 1.15274,
  "low": 1.15268,
  "close": 1.1527,
  "rollH20": 1.15292,
  "rollL20": 1.15174,
  "up2": false,
  "dn2": false,
  "source": "twelvedata_repo"
}