{
  "datetime": "2026-01-15 14:35:00",
  "open": 1.16129,
  "high": 1.16129,
  "low": 1.16075,
  "close": 1.1608,
  "rollH20": 1.16352,
  "rollL20": 1.16086,
  "up2": false,
  "dn2": false,
  "source": "twelvedata_repo"
}