{
  "datetime": "2025-10-22 05:40:00",
  "open": 1.16071,
  "high": 1.16084,
  "low": 1.16071,
  "close": 1.16081,
  "rollH20": 1.16088,
  "rollL20": 1.16046,
  "up2": false,
  "dn2": false,
  "source": "twelvedata_repo"
}