{
  "datetime": "2026-04-11 15:15:00",
  "open": 1.17254,
  "high": 1.17258,
  "low": 1.17251,
  "close": 1.17253,
  "rollH20": 1.1726,
  "rollL20": 1.17246,
  "up2": false,
  "dn2": false,
  "source": "twelvedata_repo"
}