{
  "datetime": "2026-03-20 11:10:00",
  "open": 1.15656,
  "high": 1.15681,
  "low": 1.15656,
  "close": 1.15675,
  "rollH20": 1.15661,
  "rollL20": 1.15364,
  "up2": false,
  "dn2": false,
  "source": "twelvedata_repo"
}