{
  "datetime": "2025-10-03 18:20:00",
  "open": 1.17398,
  "high": 1.17406,
  "low": 1.17392,
  "close": 1.17397,
  "rollH20": 1.17488,
  "rollL20": 1.17376,
  "up2": false,
  "dn2": false,
  "source": "twelvedata_repo"
}