{
  "datetime": "2026-01-16 17:05:00",
  "open": 1.15996,
  "high": 1.16001,
  "low": 1.15972,
  "close": 1.15979,
  "rollH20": 1.16275,
  "rollL20": 1.15851,
  "up2": false,
  "dn2": false,
  "source": "twelvedata_repo"
}