{
  "datetime": "2026-07-05 02:20:00",
  "open": 1.14409,
  "high": 1.14411,
  "low": 1.14409,
  "close": 1.14411,
  "rollH20": 1.14453,
  "rollL20": 1.14368,
  "up2": false,
  "dn2": false,
  "source": "twelvedata_repo"
}