{
  "datetime": "2026-01-12 20:00:00",
  "open": 1.16694,
  "high": 1.16696,
  "low": 1.16684,
  "close": 1.16687,
  "rollH20": 1.16726,
  "rollL20": 1.16657,
  "up2": false,
  "dn2": false,
  "source": "twelvedata_repo"
}