{
  "datetime": "2025-09-16 22:45:00",
  "open": 1.18622,
  "high": 1.18628,
  "low": 1.1862,
  "close": 1.18627,
  "rollH20": 1.18686,
  "rollL20": 1.18545,
  "up2": false,
  "dn2": false,
  "source": "twelvedata_repo"
}