{
  "datetime": "2026-01-20 17:10:00",
  "open": 1.1734,
  "high": 1.17368,
  "low": 1.1734,
  "close": 1.17351,
  "rollH20": 1.17373,
  "rollL20": 1.17172,
  "up2": false,
  "dn2": false,
  "source": "twelvedata_repo"
}