{
  "datetime": "2025-10-27 23:30:00",
  "open": 1.16469,
  "high": 1.16485,
  "low": 1.16469,
  "close": 1.16483,
  "rollH20": 1.16474,
  "rollL20": 1.16437,
  "up2": false,
  "dn2": false,
  "source": "twelvedata_repo"
}