{
  "datetime": "2025-11-20 12:05:00",
  "open": 1.1525,
  "high": 1.1527,
  "low": 1.15237,
  "close": 1.1526,
  "rollH20": 1.15294,
  "rollL20": 1.15219,
  "up2": false,
  "dn2": false,
  "source": "twelvedata_repo"
}