{
  "datetime": "2025-12-23 21:30:00",
  "open": 1.17909,
  "high": 1.17928,
  "low": 1.17909,
  "close": 1.17917,
  "rollH20": 1.17933,
  "rollL20": 1.1779,
  "up2": false,
  "dn2": false,
  "source": "twelvedata_repo"
}