{
  "datetime": "2025-12-17 03:55:00",
  "open": 1.17386,
  "high": 1.17391,
  "low": 1.17384,
  "close": 1.17391,
  "rollH20": 1.17519,
  "rollL20": 1.17378,
  "up2": false,
  "dn2": false,
  "source": "twelvedata_repo"
}