{
  "datetime": "2025-10-15 18:05:00",
  "open": 1.1636,
  "high": 1.164,
  "low": 1.16346,
  "close": 1.16377,
  "rollH20": 1.16468,
  "rollL20": 1.16285,
  "up2": false,
  "dn2": false,
  "source": "twelvedata_repo"
}