{
  "datetime": "2026-03-08 00:45:00",
  "open": 1.16195,
  "high": 1.162,
  "low": 1.16194,
  "close": 1.16195,
  "rollH20": 1.16206,
  "rollL20": 1.16177,
  "up2": false,
  "dn2": false,
  "source": "twelvedata_repo"
}