{
  "datetime": "2026-02-22 20:50:00",
  "open": 1.17897,
  "high": 1.17901,
  "low": 1.17897,
  "close": 1.17897,
  "rollH20": 1.17921,
  "rollL20": 1.178,
  "up2": false,
  "dn2": false,
  "source": "twelvedata_repo"
}