{
  "datetime": "2026-01-01 17:35:00",
  "open": 1.17464,
  "high": 1.17475,
  "low": 1.17461,
  "close": 1.1747,
  "rollH20": 1.17488,
  "rollL20": 1.17446,
  "up2": false,
  "dn2": false,
  "source": "twelvedata_repo"
}