{
  "datetime": "2026-06-03 01:00:00",
  "open": 1.16221,
  "high": 1.16223,
  "low": 1.1621,
  "close": 1.16213,
  "rollH20": 1.16297,
  "rollL20": 1.16198,
  "up2": false,
  "dn2": false,
  "source": "twelvedata_repo"
}