{
  "datetime": "2025-12-12 18:45:00",
  "open": 1.17474,
  "high": 1.1749,
  "low": 1.1746,
  "close": 1.17466,
  "rollH20": 1.17472,
  "rollL20": 1.17269,
  "up2": false,
  "dn2": false,
  "source": "twelvedata_repo"
}