{
  "datetime": "2025-12-22 08:55:00",
  "open": 1.17299,
  "high": 1.17302,
  "low": 1.17299,
  "close": 1.173,
  "rollH20": 1.17301,
  "rollL20": 1.17133,
  "up2": false,
  "dn2": false,
  "source": "twelvedata_repo"
}