{
  "datetime": "2026-04-01 00:45:00",
  "open": 1.15665,
  "high": 1.15676,
  "low": 1.15659,
  "close": 1.15673,
  "rollH20": 1.15689,
  "rollL20": 1.1553,
  "up2": false,
  "dn2": false,
  "source": "twelvedata_repo"
}