{
  "datetime": "2026-05-27 04:25:00",
  "open": 1.16389,
  "high": 1.16396,
  "low": 1.16386,
  "close": 1.16393,
  "rollH20": 1.16424,
  "rollL20": 1.16333,
  "up2": false,
  "dn2": false,
  "source": "twelvedata_repo"
}