{
  "datetime": "2026-01-26 11:25:00",
  "open": 1.18621,
  "high": 1.18625,
  "low": 1.18616,
  "close": 1.18622,
  "rollH20": 1.18665,
  "rollL20": 1.18436,
  "up2": false,
  "dn2": false,
  "source": "twelvedata_repo"
}