{
  "datetime": "2026-03-20 09:20:00",
  "open": 1.15669,
  "high": 1.15671,
  "low": 1.15655,
  "close": 1.1566,
  "rollH20": 1.15804,
  "rollL20": 1.15643,
  "up2": false,
  "dn2": false,
  "source": "twelvedata_repo"
}