{
  "datetime": "2026-04-18 23:00:00",
  "open": 1.17705,
  "high": 1.17709,
  "low": 1.17704,
  "close": 1.17707,
  "rollH20": 1.17731,
  "rollL20": 1.1766,
  "up2": false,
  "dn2": false,
  "source": "twelvedata_repo"
}