{
  "datetime": "2026-01-01 20:40:00",
  "open": 1.17468,
  "high": 1.17479,
  "low": 1.17467,
  "close": 1.17473,
  "rollH20": 1.17492,
  "rollL20": 1.17455,
  "up2": false,
  "dn2": false,
  "source": "twelvedata_repo"
}