{
  "datetime": "2025-10-20 17:25:00",
  "open": 1.16519,
  "high": 1.16523,
  "low": 1.16518,
  "close": 1.16519,
  "rollH20": 1.16644,
  "rollL20": 1.16518,
  "up2": false,
  "dn2": false,
  "source": "twelvedata_repo"
}