{
  "datetime": "2026-05-07 06:25:00",
  "open": 1.17505,
  "high": 1.17515,
  "low": 1.17504,
  "close": 1.17515,
  "rollH20": 1.17535,
  "rollL20": 1.17483,
  "up2": false,
  "dn2": false,
  "source": "twelvedata_repo"
}