{
  "datetime": "2025-11-20 06:40:00",
  "open": 1.15155,
  "high": 1.15167,
  "low": 1.15155,
  "close": 1.15165,
  "rollH20": 1.15207,
  "rollL20": 1.15128,
  "up2": false,
  "dn2": false,
  "source": "twelvedata_repo"
}