{
  "datetime": "2026-03-05 06:45:00",
  "open": 1.15995,
  "high": 1.16,
  "low": 1.15995,
  "close": 1.16,
  "rollH20": 1.16141,
  "rollL20": 1.1588,
  "up2": false,
  "dn2": false,
  "source": "twelvedata_repo"
}