{
  "datetime": "2026-01-23 13:25:00",
  "open": 1.17387,
  "high": 1.17391,
  "low": 1.17381,
  "close": 1.17391,
  "rollH20": 1.17407,
  "rollL20": 1.17317,
  "up2": false,
  "dn2": false,
  "source": "twelvedata_repo"
}