{
  "datetime": "2025-11-21 00:45:00",
  "open": 1.15321,
  "high": 1.15334,
  "low": 1.15321,
  "close": 1.15334,
  "rollH20": 1.15331,
  "rollL20": 1.15239,
  "up2": false,
  "dn2": false,
  "source": "twelvedata_repo"
}