{
  "datetime": "2026-01-10 02:55:00",
  "open": 1.16406,
  "high": 1.16408,
  "low": 1.16406,
  "close": 1.16407,
  "rollH20": 1.16413,
  "rollL20": 1.16379,
  "up2": false,
  "dn2": false,
  "source": "twelvedata_repo"
}