{
  "datetime": "2026-06-09 11:00:00",
  "open": 1.15622,
  "high": 1.15629,
  "low": 1.15612,
  "close": 1.15628,
  "rollH20": 1.15634,
  "rollL20": 1.15405,
  "up2": false,
  "dn2": false,
  "source": "twelvedata_repo"
}