{
  "datetime": "2025-09-05 21:40:00",
  "open": 1.17183,
  "high": 1.17221,
  "low": 1.17173,
  "close": 1.17216,
  "rollH20": 1.17236,
  "rollL20": 1.17127,
  "up2": false,
  "dn2": false,
  "source": "twelvedata_repo"
}