{
  "datetime": "2026-02-20 15:55:00",
  "open": 1.17867,
  "high": 1.17872,
  "low": 1.17867,
  "close": 1.17868,
  "rollH20": 1.18064,
  "rollL20": 1.17572,
  "up2": false,
  "dn2": false,
  "source": "twelvedata_repo"
}