{
  "datetime": "2026-01-17 14:35:00",
  "open": 1.16023,
  "high": 1.16026,
  "low": 1.16023,
  "close": 1.16025,
  "rollH20": 1.16028,
  "rollL20": 1.15939,
  "up2": false,
  "dn2": false,
  "source": "twelvedata_repo"
}