{
  "datetime": "2026-01-31 18:50:00",
  "open": 1.18542,
  "high": 1.18546,
  "low": 1.1854,
  "close": 1.18543,
  "rollH20": 1.18548,
  "rollL20": 1.18531,
  "up2": false,
  "dn2": false,
  "source": "twelvedata_repo"
}