{
  "datetime": "2026-07-23 22:50:00",
  "open": 1.13802,
  "high": 1.13807,
  "low": 1.13789,
  "close": 1.13802,
  "rollH20": 1.13807,
  "rollL20": 1.13745,
  "up2": false,
  "dn2": false,
  "source": "twelvedata_repo"
}