{
  "datetime": "2025-11-04 11:10:00",
  "open": 1.15077,
  "high": 1.15078,
  "low": 1.15064,
  "close": 1.15065,
  "rollH20": 1.15275,
  "rollL20": 1.14996,
  "up2": false,
  "dn2": false,
  "source": "twelvedata_repo"
}