{
  "datetime": "2026-04-15 12:00:00",
  "open": 1.17777,
  "high": 1.1778,
  "low": 1.1777,
  "close": 1.1777,
  "rollH20": 1.17877,
  "rollL20": 1.17734,
  "up2": false,
  "dn2": false,
  "source": "twelvedata_repo"
}