{
  "datetime": "2026-03-24 12:40:00",
  "open": 1.15939,
  "high": 1.15957,
  "low": 1.15931,
  "close": 1.15957,
  "rollH20": 1.15993,
  "rollL20": 1.15837,
  "up2": false,
  "dn2": false,
  "source": "twelvedata_repo"
}