{
  "datetime": "2026-03-11 19:50:00",
  "open": 1.15717,
  "high": 1.15747,
  "low": 1.15717,
  "close": 1.15742,
  "rollH20": 1.1574,
  "rollL20": 1.15651,
  "up2": false,
  "dn2": false,
  "source": "twelvedata_repo"
}