{
  "datetime": "2025-09-30 16:40:00",
  "open": 1.17278,
  "high": 1.17319,
  "low": 1.17276,
  "close": 1.17318,
  "rollH20": 1.17523,
  "rollL20": 1.17235,
  "up2": false,
  "dn2": false,
  "source": "twelvedata_repo"
}