{
  "datetime": "2025-10-31 22:30:00",
  "open": 1.1535,
  "high": 1.1535,
  "low": 1.1535,
  "close": 1.1535,
  "rollH20": 1.15394,
  "rollL20": 1.15248,
  "up2": false,
  "dn2": false,
  "source": "twelvedata_repo"
}