{
  "datetime": "2026-07-08 19:10:00",
  "open": 1.14231,
  "high": 1.14248,
  "low": 1.14231,
  "close": 1.14247,
  "rollH20": 1.14268,
  "rollL20": 1.14008,
  "up2": false,
  "dn2": false,
  "source": "twelvedata_repo"
}