{
  "datetime": "2026-04-08 23:00:00",
  "open": 1.16662,
  "high": 1.16667,
  "low": 1.16648,
  "close": 1.16651,
  "rollH20": 1.16673,
  "rollL20": 1.1661,
  "up2": false,
  "dn2": false,
  "source": "twelvedata_repo"
}