{
  "datetime": "2026-02-04 14:10:00",
  "open": 1.18212,
  "high": 1.18213,
  "low": 1.18196,
  "close": 1.182,
  "rollH20": 1.18248,
  "rollL20": 1.1809,
  "up2": false,
  "dn2": false,
  "source": "twelvedata_repo"
}