{
  "datetime": "2025-12-03 18:00:00",
  "open": 1.16597,
  "high": 1.16601,
  "low": 1.16596,
  "close": 1.16601,
  "rollH20": 1.16681,
  "rollL20": 1.16561,
  "up2": false,
  "dn2": false,
  "source": "twelvedata_repo"
}