{
  "datetime": "2026-02-15 19:40:00",
  "open": 1.1877,
  "high": 1.1877,
  "low": 1.1872,
  "close": 1.18726,
  "rollH20": 1.18776,
  "rollL20": 1.18623,
  "up2": false,
  "dn2": false,
  "source": "twelvedata_repo"
}