{
  "datetime": "2026-04-21 11:10:00",
  "open": 1.1761,
  "high": 1.17614,
  "low": 1.17609,
  "close": 1.17611,
  "rollH20": 1.17666,
  "rollL20": 1.17572,
  "up2": false,
  "dn2": false,
  "source": "twelvedata_repo"
}