{
  "datetime": "2026-01-23 22:15:00",
  "open": 1.18284,
  "high": 1.18302,
  "low": 1.18284,
  "close": 1.18296,
  "rollH20": 1.18297,
  "rollL20": 1.17956,
  "up2": false,
  "dn2": false,
  "source": "twelvedata_repo"
}