{
  "datetime": "2026-01-26 11:40:00",
  "open": 1.18549,
  "high": 1.18598,
  "low": 1.18547,
  "close": 1.18598,
  "rollH20": 1.18665,
  "rollL20": 1.18436,
  "up2": false,
  "dn2": false,
  "source": "twelvedata_repo"
}