{
  "datetime": "2026-04-13 05:00:00",
  "open": 1.16884,
  "high": 1.16885,
  "low": 1.16882,
  "close": 1.16884,
  "rollH20": 1.16897,
  "rollL20": 1.16858,
  "up2": false,
  "dn2": false,
  "source": "twelvedata_repo"
}