{
  "datetime": "2026-07-17 02:25:00",
  "open": 1.14459,
  "high": 1.14459,
  "low": 1.14452,
  "close": 1.14453,
  "rollH20": 1.14484,
  "rollL20": 1.14414,
  "up2": false,
  "dn2": false,
  "source": "twelvedata_repo"
}