{
  "datetime": "2026-07-14 21:35:00",
  "open": 1.14205,
  "high": 1.14205,
  "low": 1.14193,
  "close": 1.14201,
  "rollH20": 1.14264,
  "rollL20": 1.14184,
  "up2": false,
  "dn2": false,
  "source": "twelvedata_repo"
}