{
  "datetime": "2026-04-13 20:35:00",
  "open": 1.17601,
  "high": 1.17609,
  "low": 1.17601,
  "close": 1.17609,
  "rollH20": 1.17654,
  "rollL20": 1.17335,
  "up2": false,
  "dn2": false,
  "source": "twelvedata_repo"
}