{
  "datetime": "2025-09-02 16:45:00",
  "open": 1.16555,
  "high": 1.16579,
  "low": 1.16544,
  "close": 1.16563,
  "rollH20": 1.16827,
  "rollL20": 1.16486,
  "up2": false,
  "dn2": false,
  "source": "twelvedata_repo"
}