{
  "datetime": "2026-07-21 23:00:00",
  "open": 1.14012,
  "high": 1.14025,
  "low": 1.13991,
  "close": 1.14005,
  "rollH20": 1.14039,
  "rollL20": 1.13976,
  "up2": false,
  "dn2": false,
  "source": "twelvedata_repo"
}