{
  "datetime": "2026-01-07 06:55:00",
  "open": 1.16932,
  "high": 1.16943,
  "low": 1.16932,
  "close": 1.16941,
  "rollH20": 1.17004,
  "rollL20": 1.16911,
  "up2": false,
  "dn2": false,
  "source": "twelvedata_repo"
}