{
  "datetime": "2026-04-03 08:15:00",
  "open": 1.15409,
  "high": 1.15421,
  "low": 1.15409,
  "close": 1.15413,
  "rollH20": 1.15415,
  "rollL20": 1.15319,
  "up2": false,
  "dn2": false,
  "source": "twelvedata_repo"
}