{
  "datetime": "2026-06-20 07:45:00",
  "open": 1.14746,
  "high": 1.1475,
  "low": 1.14744,
  "close": 1.14747,
  "rollH20": 1.14783,
  "rollL20": 1.14717,
  "up2": false,
  "dn2": false,
  "source": "twelvedata_repo"
}