{
  "datetime": "2025-11-06 18:45:00",
  "open": 1.15427,
  "high": 1.15427,
  "low": 1.15363,
  "close": 1.15376,
  "rollH20": 1.15431,
  "rollL20": 1.15314,
  "up2": false,
  "dn2": false,
  "source": "twelvedata_repo"
}