{
  "datetime": "2026-05-31 14:00:00",
  "open": 1.1658,
  "high": 1.16582,
  "low": 1.1658,
  "close": 1.16582,
  "rollH20": 1.16598,
  "rollL20": 1.16575,
  "up2": false,
  "dn2": false,
  "source": "twelvedata_repo"
}