{
  "datetime": "2025-08-29 00:35:00",
  "open": 1.16789,
  "high": 1.16801,
  "low": 1.16785,
  "close": 1.16795,
  "rollH20": 1.16837,
  "rollL20": 1.16732,
  "up2": false,
  "dn2": false,
  "source": "twelvedata_repo"
}