{
  "datetime": "2025-12-16 12:35:00",
  "open": 1.17575,
  "high": 1.17578,
  "low": 1.17566,
  "close": 1.17568,
  "rollH20": 1.1761,
  "rollL20": 1.17528,
  "up2": false,
  "dn2": false,
  "source": "twelvedata_repo"
}