{
  "datetime": "2026-01-25 19:40:00",
  "open": 1.18347,
  "high": 1.18356,
  "low": 1.1833,
  "close": 1.18343,
  "rollH20": 1.18438,
  "rollL20": 1.18089,
  "up2": false,
  "dn2": false,
  "source": "twelvedata_repo"
}