{
  "datetime": "2025-11-14 15:30:00",
  "open": 1.16332,
  "high": 1.16375,
  "low": 1.16326,
  "close": 1.16372,
  "rollH20": 1.16536,
  "rollL20": 1.16289,
  "up2": false,
  "dn2": false,
  "source": "twelvedata_repo"
}