{
  "datetime": "2026-02-05 19:35:00",
  "open": 1.18015,
  "high": 1.18029,
  "low": 1.18015,
  "close": 1.18016,
  "rollH20": 1.18041,
  "rollL20": 1.17969,
  "up2": false,
  "dn2": false,
  "source": "twelvedata_repo"
}