{
  "datetime": "2026-03-20 23:25:00",
  "open": 1.15999,
  "high": 1.16034,
  "low": 1.15995,
  "close": 1.16007,
  "rollH20": 1.16124,
  "rollL20": 1.15809,
  "up2": false,
  "dn2": false,
  "source": "twelvedata_repo"
}