{
  "datetime": "2025-09-02 10:45:00",
  "open": 1.16311,
  "high": 1.16316,
  "low": 1.1629,
  "close": 1.16294,
  "rollH20": 1.16564,
  "rollL20": 1.16237,
  "up2": false,
  "dn2": false,
  "source": "twelvedata_repo"
}