{
  "datetime": "2026-01-31 09:25:00",
  "open": 1.18595,
  "high": 1.18598,
  "low": 1.18595,
  "close": 1.18595,
  "rollH20": 1.18614,
  "rollL20": 1.18558,
  "up2": false,
  "dn2": false,
  "source": "twelvedata_repo"
}