{
  "datetime": "2026-05-01 18:00:00",
  "open": 1.17388,
  "high": 1.17407,
  "low": 1.17388,
  "close": 1.17393,
  "rollH20": 1.17724,
  "rollL20": 1.17396,
  "up2": false,
  "dn2": false,
  "source": "twelvedata_repo"
}