{
  "datetime": "2026-04-19 18:35:00",
  "open": 1.17495,
  "high": 1.17498,
  "low": 1.17459,
  "close": 1.17464,
  "rollH20": 1.17673,
  "rollL20": 1.17483,
  "up2": false,
  "dn2": false,
  "source": "twelvedata_repo"
}