{
  "datetime": "2026-01-31 21:10:00",
  "open": 1.18545,
  "high": 1.18547,
  "low": 1.18543,
  "close": 1.18547,
  "rollH20": 1.18552,
  "rollL20": 1.18535,
  "up2": false,
  "dn2": false,
  "source": "twelvedata_repo"
}