{
  "datetime": "2026-04-17 00:55:00",
  "open": 1.1782,
  "high": 1.17825,
  "low": 1.17813,
  "close": 1.17813,
  "rollH20": 1.17872,
  "rollL20": 1.1782,
  "up2": false,
  "dn2": false,
  "source": "twelvedata_repo"
}