{
  "datetime": "2025-09-22 23:55:00",
  "open": 1.18004,
  "high": 1.1801,
  "low": 1.17999,
  "close": 1.1801,
  "rollH20": 1.18036,
  "rollL20": 1.1789,
  "up2": false,
  "dn2": false,
  "source": "twelvedata_repo"
}