{
  "datetime": "2026-01-12 08:00:00",
  "open": 1.16699,
  "high": 1.16719,
  "low": 1.16696,
  "close": 1.16717,
  "rollH20": 1.16734,
  "rollL20": 1.16625,
  "up2": false,
  "dn2": false,
  "source": "twelvedata_repo"
}