{
  "datetime": "2026-03-04 22:55:00",
  "open": 1.16339,
  "high": 1.16347,
  "low": 1.16338,
  "close": 1.16347,
  "rollH20": 1.1642,
  "rollL20": 1.16302,
  "up2": false,
  "dn2": false,
  "source": "twelvedata_repo"
}