{
  "datetime": "2026-02-25 22:40:00",
  "open": 1.18097,
  "high": 1.18102,
  "low": 1.18094,
  "close": 1.18095,
  "rollH20": 1.18128,
  "rollL20": 1.18037,
  "up2": false,
  "dn2": false,
  "source": "twelvedata_repo"
}