{
  "datetime": "2026-01-01 21:55:00",
  "open": 1.17437,
  "high": 1.17438,
  "low": 1.17433,
  "close": 1.17437,
  "rollH20": 1.1748,
  "rollL20": 1.17424,
  "up2": false,
  "dn2": false,
  "source": "twelvedata_repo"
}