{
  "datetime": "2025-09-01 00:45:00",
  "open": 1.1689,
  "high": 1.16898,
  "low": 1.16875,
  "close": 1.16887,
  "rollH20": 1.1691,
  "rollL20": 1.1683,
  "up2": false,
  "dn2": false,
  "source": "twelvedata_repo"
}