{
  "datetime": "2026-01-10 06:05:00",
  "open": 1.16387,
  "high": 1.16405,
  "low": 1.16385,
  "close": 1.16402,
  "rollH20": 1.16413,
  "rollL20": 1.16372,
  "up2": false,
  "dn2": false,
  "source": "twelvedata_repo"
}