{
  "datetime": "2026-01-22 07:45:00",
  "open": 1.16882,
  "high": 1.16883,
  "low": 1.16865,
  "close": 1.16879,
  "rollH20": 1.16922,
  "rollL20": 1.16845,
  "up2": false,
  "dn2": false,
  "source": "twelvedata_repo"
}