{
  "datetime": "2026-05-07 07:25:00",
  "open": 1.17492,
  "high": 1.17515,
  "low": 1.17483,
  "close": 1.17508,
  "rollH20": 1.17543,
  "rollL20": 1.1748,
  "up2": false,
  "dn2": false,
  "source": "twelvedata_repo"
}