{
  "datetime": "2026-01-17 20:55:00",
  "open": 1.16053,
  "high": 1.16058,
  "low": 1.16053,
  "close": 1.16053,
  "rollH20": 1.16061,
  "rollL20": 1.16041,
  "up2": false,
  "dn2": false,
  "source": "twelvedata_repo"
}