{
  "datetime": "2025-11-28 12:40:00",
  "open": 1.15584,
  "high": 1.156,
  "low": 1.15584,
  "close": 1.15595,
  "rollH20": 1.15711,
  "rollL20": 1.15554,
  "up2": false,
  "dn2": false,
  "source": "twelvedata_repo"
}