{
  "datetime": "2025-11-10 18:40:00",
  "open": 1.15525,
  "high": 1.15528,
  "low": 1.15518,
  "close": 1.15524,
  "rollH20": 1.15552,
  "rollL20": 1.15409,
  "up2": false,
  "dn2": false,
  "source": "twelvedata_repo"
}