{
  "datetime": "2026-05-17 09:20:00",
  "open": 1.16235,
  "high": 1.1624,
  "low": 1.16235,
  "close": 1.16237,
  "rollH20": 1.16245,
  "rollL20": 1.16225,
  "up2": false,
  "dn2": false,
  "source": "twelvedata_repo"
}