{
  "datetime": "2026-06-17 13:10:00",
  "open": 1.15931,
  "high": 1.15931,
  "low": 1.1591,
  "close": 1.1592,
  "rollH20": 1.16011,
  "rollL20": 1.15855,
  "up2": false,
  "dn2": false,
  "source": "twelvedata_repo"
}