{
  "datetime": "2026-07-21 07:40:00",
  "open": 1.14212,
  "high": 1.14216,
  "low": 1.142,
  "close": 1.14214,
  "rollH20": 1.14222,
  "rollL20": 1.1416,
  "up2": false,
  "dn2": false,
  "source": "twelvedata_repo"
}