{
  "datetime": "2025-10-30 07:55:00",
  "open": 1.16205,
  "high": 1.16205,
  "low": 1.16196,
  "close": 1.16199,
  "rollH20": 1.16308,
  "rollL20": 1.16187,
  "up2": false,
  "dn2": false,
  "source": "twelvedata_repo"
}