{
  "datetime": "2026-03-01 07:45:00",
  "open": 1.18169,
  "high": 1.18172,
  "low": 1.18163,
  "close": 1.18164,
  "rollH20": 1.18174,
  "rollL20": 1.18161,
  "up2": false,
  "dn2": false,
  "source": "twelvedata_repo"
}