{
  "datetime": "2025-12-26 08:45:00",
  "open": 1.17728,
  "high": 1.17729,
  "low": 1.17715,
  "close": 1.17715,
  "rollH20": 1.17863,
  "rollL20": 1.17723,
  "up2": false,
  "dn2": false,
  "source": "twelvedata_repo"
}