{
  "datetime": "2026-03-12 03:55:00",
  "open": 1.15382,
  "high": 1.15383,
  "low": 1.15375,
  "close": 1.15381,
  "rollH20": 1.1551,
  "rollL20": 1.15334,
  "up2": false,
  "dn2": false,
  "source": "twelvedata_repo"
}