{
  "datetime": "2026-05-12 11:25:00",
  "open": 1.17481,
  "high": 1.17484,
  "low": 1.17473,
  "close": 1.17475,
  "rollH20": 1.17507,
  "rollL20": 1.17409,
  "up2": false,
  "dn2": false,
  "source": "twelvedata_repo"
}