{
  "datetime": "2026-01-22 21:35:00",
  "open": 1.17466,
  "high": 1.17473,
  "low": 1.17466,
  "close": 1.17471,
  "rollH20": 1.17489,
  "rollL20": 1.17419,
  "up2": false,
  "dn2": false,
  "source": "twelvedata_repo"
}