{
  "datetime": "2026-02-26 03:55:00",
  "open": 1.1817,
  "high": 1.18185,
  "low": 1.18164,
  "close": 1.1818,
  "rollH20": 1.18271,
  "rollL20": 1.18141,
  "up2": false,
  "dn2": false,
  "source": "twelvedata_repo"
}