{
  "datetime": "2025-11-25 06:35:00",
  "open": 1.15123,
  "high": 1.15127,
  "low": 1.1512,
  "close": 1.15123,
  "rollH20": 1.152,
  "rollL20": 1.15122,
  "up2": false,
  "dn2": false,
  "source": "twelvedata_repo"
}