{
  "datetime": "2026-02-05 15:10:00",
  "open": 1.18086,
  "high": 1.18113,
  "low": 1.18084,
  "close": 1.18106,
  "rollH20": 1.18151,
  "rollL20": 1.17917,
  "up2": false,
  "dn2": false,
  "source": "twelvedata_repo"
}