{
  "datetime": "2026-07-19 03:20:00",
  "open": 1.14377,
  "high": 1.14415,
  "low": 1.14377,
  "close": 1.14402,
  "rollH20": 1.14415,
  "rollL20": 1.14375,
  "up2": false,
  "dn2": false,
  "source": "twelvedata_repo"
}