{
  "datetime": "2026-07-11 18:10:00",
  "open": 1.14156,
  "high": 1.14165,
  "low": 1.14156,
  "close": 1.14162,
  "rollH20": 1.1419,
  "rollL20": 1.14137,
  "up2": false,
  "dn2": false,
  "source": "twelvedata_repo"
}