{
  "datetime": "2026-01-02 08:45:00",
  "open": 1.17367,
  "high": 1.17367,
  "low": 1.17362,
  "close": 1.17362,
  "rollH20": 1.17495,
  "rollL20": 1.17333,
  "up2": false,
  "dn2": false,
  "source": "twelvedata_repo"
}