{
  "datetime": "2026-02-24 11:20:00",
  "open": 1.17821,
  "high": 1.17825,
  "low": 1.17805,
  "close": 1.17815,
  "rollH20": 1.17919,
  "rollL20": 1.17803,
  "up2": false,
  "dn2": false,
  "source": "twelvedata_repo"
}