{
  "datetime": "2026-06-05 17:45:00",
  "open": 1.15234,
  "high": 1.15277,
  "low": 1.15234,
  "close": 1.15276,
  "rollH20": 1.15569,
  "rollL20": 1.15226,
  "up2": false,
  "dn2": false,
  "source": "twelvedata_repo"
}