{
  "datetime": "2026-01-16 02:10:00",
  "open": 1.16054,
  "high": 1.16054,
  "low": 1.16053,
  "close": 1.16053,
  "rollH20": 1.16103,
  "rollL20": 1.16027,
  "up2": false,
  "dn2": false,
  "source": "twelvedata_repo"
}