{
  "datetime": "2026-01-29 23:40:00",
  "open": 1.19671,
  "high": 1.19678,
  "low": 1.19671,
  "close": 1.19677,
  "rollH20": 1.19718,
  "rollL20": 1.19623,
  "up2": false,
  "dn2": false,
  "source": "twelvedata_repo"
}