{
  "datetime": "2025-10-31 12:55:00",
  "open": 1.15663,
  "high": 1.15667,
  "low": 1.15663,
  "close": 1.15663,
  "rollH20": 1.15738,
  "rollL20": 1.15585,
  "up2": false,
  "dn2": false,
  "source": "twelvedata_repo"
}