{
  "datetime": "2026-03-09 20:10:00",
  "open": 1.16138,
  "high": 1.16149,
  "low": 1.16137,
  "close": 1.16148,
  "rollH20": 1.16302,
  "rollL20": 1.15763,
  "up2": false,
  "dn2": false,
  "source": "twelvedata_repo"
}