{
  "datetime": "2026-02-01 04:35:00",
  "open": 1.18549,
  "high": 1.18553,
  "low": 1.18545,
  "close": 1.18549,
  "rollH20": 1.18559,
  "rollL20": 1.18547,
  "up2": false,
  "dn2": false,
  "source": "twelvedata_repo"
}