{
  "datetime": "2026-04-08 15:50:00",
  "open": 1.17011,
  "high": 1.17012,
  "low": 1.16995,
  "close": 1.17001,
  "rollH20": 1.17173,
  "rollL20": 1.16886,
  "up2": false,
  "dn2": false,
  "source": "twelvedata_repo"
}