{
  "datetime": "2026-02-13 01:35:00",
  "open": 1.18689,
  "high": 1.18706,
  "low": 1.18689,
  "close": 1.18703,
  "rollH20": 1.18723,
  "rollL20": 1.18676,
  "up2": false,
  "dn2": false,
  "source": "twelvedata_repo"
}