{
  "datetime": "2025-10-28 19:30:00",
  "open": 1.1658,
  "high": 1.16582,
  "low": 1.16562,
  "close": 1.16582,
  "rollH20": 1.16681,
  "rollL20": 1.16548,
  "up2": false,
  "dn2": false,
  "source": "twelvedata_repo"
}