{
  "datetime": "2025-10-22 10:40:00",
  "open": 1.15954,
  "high": 1.15962,
  "low": 1.15952,
  "close": 1.1596,
  "rollH20": 1.16019,
  "rollL20": 1.15899,
  "up2": false,
  "dn2": false,
  "source": "twelvedata_repo"
}