{
  "datetime": "2026-03-03 21:30:00",
  "open": 1.16155,
  "high": 1.16159,
  "low": 1.16144,
  "close": 1.1615,
  "rollH20": 1.16241,
  "rollL20": 1.16127,
  "up2": false,
  "dn2": false,
  "source": "twelvedata_repo"
}