{
  "datetime": "2026-01-15 11:05:00",
  "open": 1.16355,
  "high": 1.16375,
  "low": 1.16346,
  "close": 1.16351,
  "rollH20": 1.16399,
  "rollL20": 1.16309,
  "up2": false,
  "dn2": false,
  "source": "twelvedata_repo"
}