{
  "datetime": "2026-02-26 14:10:00",
  "open": 1.18049,
  "high": 1.18101,
  "low": 1.18045,
  "close": 1.18077,
  "rollH20": 1.18171,
  "rollL20": 1.18028,
  "up2": false,
  "dn2": false,
  "source": "twelvedata_repo"
}