{
  "datetime": "2026-01-17 13:30:00",
  "open": 1.15942,
  "high": 1.15947,
  "low": 1.15941,
  "close": 1.15945,
  "rollH20": 1.16006,
  "rollL20": 1.15939,
  "up2": false,
  "dn2": false,
  "source": "twelvedata_repo"
}