{
  "datetime": "2026-04-13 20:00:00",
  "open": 1.17629,
  "high": 1.17635,
  "low": 1.17595,
  "close": 1.17597,
  "rollH20": 1.17654,
  "rollL20": 1.17335,
  "up2": false,
  "dn2": false,
  "source": "twelvedata_repo"
}