{
  "datetime": "2026-01-16 07:25:00",
  "open": 1.16081,
  "high": 1.16086,
  "low": 1.16067,
  "close": 1.16074,
  "rollH20": 1.16131,
  "rollL20": 1.16066,
  "up2": false,
  "dn2": false,
  "source": "twelvedata_repo"
}