{
  "datetime": "2026-07-22 19:30:00",
  "open": 1.14102,
  "high": 1.14105,
  "low": 1.14091,
  "close": 1.14099,
  "rollH20": 1.14134,
  "rollL20": 1.14081,
  "up2": false,
  "dn2": false,
  "source": "twelvedata_repo"
}