{
  "datetime": "2026-07-19 17:35:00",
  "open": 1.14382,
  "high": 1.14385,
  "low": 1.14382,
  "close": 1.14382,
  "rollH20": 1.14393,
  "rollL20": 1.14372,
  "up2": false,
  "dn2": false,
  "source": "twelvedata_repo"
}