{
  "datetime": "2026-05-11 19:45:00",
  "open": 1.17777,
  "high": 1.1779,
  "low": 1.17751,
  "close": 1.17753,
  "rollH20": 1.17808,
  "rollL20": 1.17723,
  "up2": false,
  "dn2": false,
  "source": "twelvedata_repo"
}