{
  "datetime": "2026-02-12 16:00:00",
  "open": 1.18822,
  "high": 1.18837,
  "low": 1.18822,
  "close": 1.18837,
  "rollH20": 1.1887,
  "rollL20": 1.18756,
  "up2": false,
  "dn2": false,
  "source": "twelvedata_repo"
}