{
  "datetime": "2025-11-20 02:40:00",
  "open": 1.15285,
  "high": 1.15288,
  "low": 1.15279,
  "close": 1.15285,
  "rollH20": 1.15394,
  "rollL20": 1.15278,
  "up2": false,
  "dn2": false,
  "source": "twelvedata_repo"
}