{
  "datetime": "2025-10-17 15:40:00",
  "open": 1.16686,
  "high": 1.16715,
  "low": 1.16669,
  "close": 1.16686,
  "rollH20": 1.16822,
  "rollL20": 1.16568,
  "up2": false,
  "dn2": false,
  "source": "twelvedata_repo"
}