{
  "datetime": "2026-01-23 17:15:00",
  "open": 1.1749,
  "high": 1.17511,
  "low": 1.17477,
  "close": 1.17505,
  "rollH20": 1.17621,
  "rollL20": 1.17419,
  "up2": false,
  "dn2": false,
  "source": "twelvedata_repo"
}