{
  "datetime": "2025-10-24 15:45:00",
  "open": 1.16271,
  "high": 1.16281,
  "low": 1.16254,
  "close": 1.16254,
  "rollH20": 1.16426,
  "rollL20": 1.16216,
  "up2": false,
  "dn2": false,
  "source": "twelvedata_repo"
}