{
  "datetime": "2025-10-08 22:40:00",
  "open": 1.1632,
  "high": 1.1632,
  "low": 1.16306,
  "close": 1.16306,
  "rollH20": 1.1636,
  "rollL20": 1.16211,
  "up2": false,
  "dn2": false,
  "source": "twelvedata_repo"
}