{
  "datetime": "2026-02-19 13:15:00",
  "open": 1.17575,
  "high": 1.17589,
  "low": 1.17567,
  "close": 1.17581,
  "rollH20": 1.17818,
  "rollL20": 1.17523,
  "up2": false,
  "dn2": false,
  "source": "twelvedata_repo"
}