{
  "datetime": "2026-01-08 01:45:00",
  "open": 1.16775,
  "high": 1.16777,
  "low": 1.16764,
  "close": 1.16773,
  "rollH20": 1.16786,
  "rollL20": 1.16751,
  "up2": false,
  "dn2": false,
  "source": "twelvedata_repo"
}