{
  "datetime": "2025-10-29 00:25:00",
  "open": 1.16524,
  "high": 1.16526,
  "low": 1.16505,
  "close": 1.16505,
  "rollH20": 1.16542,
  "rollL20": 1.16503,
  "up2": false,
  "dn2": false,
  "source": "twelvedata_repo"
}