{
  "datetime": "2025-09-25 08:40:00",
  "open": 1.17431,
  "high": 1.17436,
  "low": 1.17414,
  "close": 1.17432,
  "rollH20": 1.17523,
  "rollL20": 1.17383,
  "up2": false,
  "dn2": false,
  "source": "twelvedata_repo"
}