{
  "datetime": "2026-05-03 23:00:00",
  "open": 1.17409,
  "high": 1.17433,
  "low": 1.17373,
  "close": 1.17382,
  "rollH20": 1.17511,
  "rollL20": 1.17199,
  "up2": false,
  "dn2": false,
  "source": "twelvedata_repo"
}