{
  "datetime": "2025-10-15 15:50:00",
  "open": 1.1622,
  "high": 1.16226,
  "low": 1.16215,
  "close": 1.16221,
  "rollH20": 1.16319,
  "rollL20": 1.1612,
  "up2": false,
  "dn2": false,
  "source": "twelvedata_repo"
}