{
  "datetime": "2026-06-27 02:55:00",
  "open": 1.13863,
  "high": 1.13868,
  "low": 1.13863,
  "close": 1.13865,
  "rollH20": 1.13955,
  "rollL20": 1.1385,
  "up2": false,
  "dn2": false,
  "source": "twelvedata_repo"
}