{
  "datetime": "2026-03-16 20:40:00",
  "open": 1.15058,
  "high": 1.15064,
  "low": 1.15057,
  "close": 1.1506,
  "rollH20": 1.15235,
  "rollL20": 1.15036,
  "up2": false,
  "dn2": false,
  "source": "twelvedata_repo"
}