{
  "datetime": "2026-03-19 21:15:00",
  "open": 1.15887,
  "high": 1.15888,
  "low": 1.15877,
  "close": 1.15877,
  "rollH20": 1.15933,
  "rollL20": 1.15792,
  "up2": false,
  "dn2": false,
  "source": "twelvedata_repo"
}