{
  "datetime": "2025-10-24 07:10:00",
  "open": 1.16024,
  "high": 1.1603,
  "low": 1.16024,
  "close": 1.16029,
  "rollH20": 1.1608,
  "rollL20": 1.16023,
  "up2": false,
  "dn2": false,
  "source": "twelvedata_repo"
}