{
  "datetime": "2026-05-31 11:45:00",
  "open": 1.16591,
  "high": 1.16593,
  "low": 1.1659,
  "close": 1.16593,
  "rollH20": 1.16596,
  "rollL20": 1.16589,
  "up2": false,
  "dn2": false,
  "source": "twelvedata_repo"
}