{
  "datetime": "2025-09-15 05:35:00",
  "open": 1.17319,
  "high": 1.1732,
  "low": 1.17308,
  "close": 1.17312,
  "rollH20": 1.17354,
  "rollL20": 1.17269,
  "up2": false,
  "dn2": false,
  "source": "twelvedata_repo"
}