{
  "datetime": "2026-06-09 00:05:00",
  "open": 1.15339,
  "high": 1.15355,
  "low": 1.15336,
  "close": 1.1534,
  "rollH20": 1.15382,
  "rollL20": 1.15326,
  "up2": false,
  "dn2": false,
  "source": "twelvedata_repo"
}