{
  "datetime": "2026-05-24 13:45:00",
  "open": 1.16038,
  "high": 1.1604,
  "low": 1.16037,
  "close": 1.1604,
  "rollH20": 1.16117,
  "rollL20": 1.16035,
  "up2": false,
  "dn2": false,
  "source": "twelvedata_repo"
}