{
  "datetime": "2026-03-19 01:40:00",
  "open": 1.14826,
  "high": 1.1483,
  "low": 1.14816,
  "close": 1.14825,
  "rollH20": 1.14833,
  "rollL20": 1.14638,
  "up2": false,
  "dn2": false,
  "source": "twelvedata_repo"
}