{
  "datetime": "2026-01-15 23:40:00",
  "open": 1.16086,
  "high": 1.16091,
  "low": 1.16086,
  "close": 1.16087,
  "rollH20": 1.16111,
  "rollL20": 1.16039,
  "up2": false,
  "dn2": false,
  "source": "twelvedata_repo"
}