{
  "datetime": "2026-03-12 23:40:00",
  "open": 1.15187,
  "high": 1.15201,
  "low": 1.15177,
  "close": 1.15177,
  "rollH20": 1.15223,
  "rollL20": 1.15127,
  "up2": false,
  "dn2": false,
  "source": "twelvedata_repo"
}