{
  "datetime": "2025-10-21 00:20:00",
  "open": 1.16496,
  "high": 1.16496,
  "low": 1.16469,
  "close": 1.16469,
  "rollH20": 1.16509,
  "rollL20": 1.16469,
  "up2": false,
  "dn2": false,
  "source": "twelvedata_repo"
}