{
  "datetime": "2025-12-26 06:00:00",
  "open": 1.17832,
  "high": 1.17837,
  "low": 1.17832,
  "close": 1.17834,
  "rollH20": 1.17921,
  "rollL20": 1.17806,
  "up2": false,
  "dn2": false,
  "source": "twelvedata_repo"
}