{
  "datetime": "2026-02-26 11:10:00",
  "open": 1.18037,
  "high": 1.18039,
  "low": 1.18033,
  "close": 1.18034,
  "rollH20": 1.18041,
  "rollL20": 1.1794,
  "up2": false,
  "dn2": false,
  "source": "twelvedata_repo"
}