{
  "datetime": "2026-03-14 09:45:00",
  "open": 1.14179,
  "high": 1.14183,
  "low": 1.1417,
  "close": 1.14174,
  "rollH20": 1.14381,
  "rollL20": 1.14122,
  "up2": false,
  "dn2": false,
  "source": "twelvedata_repo"
}