{
  "datetime": "2026-02-12 23:55:00",
  "open": 1.1869,
  "high": 1.18707,
  "low": 1.18687,
  "close": 1.18707,
  "rollH20": 1.18728,
  "rollL20": 1.18634,
  "up2": false,
  "dn2": false,
  "source": "twelvedata_repo"
}