{
  "datetime": "2025-12-30 15:20:00",
  "open": 1.17589,
  "high": 1.1761,
  "low": 1.17586,
  "close": 1.17605,
  "rollH20": 1.17682,
  "rollL20": 1.17564,
  "up2": false,
  "dn2": false,
  "source": "twelvedata_repo"
}