{
  "datetime": "2025-12-12 22:55:00",
  "open": 1.17392,
  "high": 1.17405,
  "low": 1.17386,
  "close": 1.174,
  "rollH20": 1.1746,
  "rollL20": 1.1739,
  "up2": false,
  "dn2": false,
  "source": "twelvedata_repo"
}