{
  "datetime": "2026-06-01 01:05:00",
  "open": 1.16496,
  "high": 1.16531,
  "low": 1.16484,
  "close": 1.16524,
  "rollH20": 1.16562,
  "rollL20": 1.16478,
  "up2": false,
  "dn2": false,
  "source": "twelvedata_repo"
}