{
  "datetime": "2026-01-05 17:15:00",
  "open": 1.17105,
  "high": 1.1711,
  "low": 1.17105,
  "close": 1.1711,
  "rollH20": 1.17105,
  "rollL20": 1.16764,
  "up2": false,
  "dn2": false,
  "source": "twelvedata_repo"
}