{
  "datetime": "2025-12-30 14:45:00",
  "open": 1.17601,
  "high": 1.17631,
  "low": 1.17596,
  "close": 1.176,
  "rollH20": 1.17683,
  "rollL20": 1.17564,
  "up2": false,
  "dn2": false,
  "source": "twelvedata_repo"
}