{
  "datetime": "2025-12-12 19:55:00",
  "open": 1.17465,
  "high": 1.17469,
  "low": 1.17461,
  "close": 1.17463,
  "rollH20": 1.17502,
  "rollL20": 1.17321,
  "up2": false,
  "dn2": false,
  "source": "twelvedata_repo"
}