{
  "datetime": "2025-09-04 21:40:00",
  "open": 1.16515,
  "high": 1.16524,
  "low": 1.16506,
  "close": 1.16511,
  "rollH20": 1.16528,
  "rollL20": 1.16436,
  "up2": false,
  "dn2": false,
  "source": "twelvedata_repo"
}