{
  "datetime": "2026-03-27 16:00:00",
  "open": 1.15306,
  "high": 1.15308,
  "low": 1.15302,
  "close": 1.15306,
  "rollH20": 1.15346,
  "rollL20": 1.15194,
  "up2": false,
  "dn2": false,
  "source": "twelvedata_repo"
}