{
  "datetime": "2026-03-08 11:30:00",
  "open": 1.16204,
  "high": 1.16209,
  "low": 1.16203,
  "close": 1.16207,
  "rollH20": 1.16209,
  "rollL20": 1.16203,
  "up2": false,
  "dn2": false,
  "source": "twelvedata_repo"
}