{
  "datetime": "2026-03-08 17:55:00",
  "open": 1.16196,
  "high": 1.16198,
  "low": 1.16183,
  "close": 1.16187,
  "rollH20": 1.16208,
  "rollL20": 1.16148,
  "up2": false,
  "dn2": false,
  "source": "twelvedata_repo"
}