{
  "datetime": "2026-05-27 21:30:00",
  "open": 1.16291,
  "high": 1.16292,
  "low": 1.16279,
  "close": 1.1629,
  "rollH20": 1.1632,
  "rollL20": 1.16271,
  "up2": false,
  "dn2": false,
  "source": "twelvedata_repo"
}