{
  "datetime": "2026-01-28 19:15:00",
  "open": 1.19329,
  "high": 1.19332,
  "low": 1.19313,
  "close": 1.19313,
  "rollH20": 1.19429,
  "rollL20": 1.1925,
  "up2": false,
  "dn2": false,
  "source": "twelvedata_repo"
}