{
  "datetime": "2026-02-23 21:35:00",
  "open": 1.17891,
  "high": 1.17905,
  "low": 1.17891,
  "close": 1.179,
  "rollH20": 1.17951,
  "rollL20": 1.17862,
  "up2": false,
  "dn2": false,
  "source": "twelvedata_repo"
}