{
  "datetime": "2026-03-09 03:25:00",
  "open": 1.1524,
  "high": 1.15254,
  "low": 1.15238,
  "close": 1.15243,
  "rollH20": 1.15284,
  "rollL20": 1.15085,
  "up2": false,
  "dn2": false,
  "source": "twelvedata_repo"
}