{
  "datetime": "2025-10-23 20:05:00",
  "open": 1.16189,
  "high": 1.16195,
  "low": 1.16183,
  "close": 1.16185,
  "rollH20": 1.16191,
  "rollL20": 1.1606,
  "up2": false,
  "dn2": false,
  "source": "twelvedata_repo"
}