{
  "datetime": "2026-01-05 18:20:00",
  "open": 1.17145,
  "high": 1.17179,
  "low": 1.1714,
  "close": 1.1717,
  "rollH20": 1.1718,
  "rollL20": 1.16948,
  "up2": false,
  "dn2": false,
  "source": "twelvedata_repo"
}