{
  "datetime": "2026-01-14 16:05:00",
  "open": 1.16539,
  "high": 1.1655,
  "low": 1.16539,
  "close": 1.16539,
  "rollH20": 1.16595,
  "rollL20": 1.16458,
  "up2": false,
  "dn2": false,
  "source": "twelvedata_repo"
}