{
  "datetime": "2026-01-26 02:10:00",
  "open": 1.18583,
  "high": 1.18603,
  "low": 1.18579,
  "close": 1.18603,
  "rollH20": 1.18682,
  "rollL20": 1.18448,
  "up2": false,
  "dn2": false,
  "source": "twelvedata_repo"
}