{
  "datetime": "2026-01-13 10:25:00",
  "open": 1.1667,
  "high": 1.16687,
  "low": 1.16668,
  "close": 1.16686,
  "rollH20": 1.16698,
  "rollL20": 1.16596,
  "up2": false,
  "dn2": false,
  "source": "twelvedata_repo"
}