{
  "datetime": "2025-09-11 18:45:00",
  "open": 1.17326,
  "high": 1.17327,
  "low": 1.17309,
  "close": 1.17311,
  "rollH20": 1.17397,
  "rollL20": 1.17323,
  "up2": false,
  "dn2": false,
  "source": "twelvedata_repo"
}