{
  "datetime": "2026-05-31 21:15:00",
  "open": 1.16558,
  "high": 1.16626,
  "low": 1.16557,
  "close": 1.16601,
  "rollH20": 1.1667,
  "rollL20": 1.1655,
  "up2": false,
  "dn2": false,
  "source": "twelvedata_repo"
}