{
  "datetime": "2026-06-08 19:10:00",
  "open": 1.15412,
  "high": 1.15425,
  "low": 1.15412,
  "close": 1.15424,
  "rollH20": 1.15438,
  "rollL20": 1.15358,
  "up2": false,
  "dn2": false,
  "source": "twelvedata_repo"
}