{
  "datetime": "2025-10-27 08:05:00",
  "open": 1.16264,
  "high": 1.16268,
  "low": 1.1623,
  "close": 1.16247,
  "rollH20": 1.16322,
  "rollL20": 1.1622,
  "up2": false,
  "dn2": false,
  "source": "twelvedata_repo"
}