{
  "datetime": "2025-10-30 11:20:00",
  "open": 1.16183,
  "high": 1.16186,
  "low": 1.16136,
  "close": 1.16166,
  "rollH20": 1.16281,
  "rollL20": 1.16108,
  "up2": false,
  "dn2": false,
  "source": "twelvedata_repo"
}