{
  "datetime": "2025-09-08 09:55:00",
  "open": 1.1726,
  "high": 1.17285,
  "low": 1.17258,
  "close": 1.17285,
  "rollH20": 1.17427,
  "rollL20": 1.17235,
  "up2": false,
  "dn2": false,
  "source": "twelvedata_repo"
}