{
  "datetime": "2026-01-14 17:20:00",
  "open": 1.166,
  "high": 1.16612,
  "low": 1.16554,
  "close": 1.16581,
  "rollH20": 1.16619,
  "rollL20": 1.16504,
  "up2": false,
  "dn2": false,
  "source": "twelvedata_repo"
}