{
  "datetime": "2025-10-10 08:55:00",
  "open": 1.15767,
  "high": 1.15778,
  "low": 1.15757,
  "close": 1.15776,
  "rollH20": 1.15774,
  "rollL20": 1.1561,
  "up2": false,
  "dn2": false,
  "source": "twelvedata_repo"
}