{
  "datetime": "2026-02-16 22:00:00",
  "open": 1.18516,
  "high": 1.1852,
  "low": 1.18509,
  "close": 1.18516,
  "rollH20": 1.18558,
  "rollL20": 1.18506,
  "up2": false,
  "dn2": false,
  "source": "twelvedata_repo"
}