{
  "datetime": "2025-10-14 17:35:00",
  "open": 1.16063,
  "high": 1.16093,
  "low": 1.16056,
  "close": 1.1607,
  "rollH20": 1.16147,
  "rollL20": 1.15866,
  "up2": false,
  "dn2": false,
  "source": "twelvedata_repo"
}