{
  "datetime": "2025-09-11 08:35:00",
  "open": 1.16908,
  "high": 1.16936,
  "low": 1.16905,
  "close": 1.16908,
  "rollH20": 1.16965,
  "rollL20": 1.16837,
  "up2": false,
  "dn2": false,
  "source": "twelvedata_repo"
}