{
  "datetime": "2025-10-22 06:40:00",
  "open": 1.16154,
  "high": 1.16154,
  "low": 1.16125,
  "close": 1.16125,
  "rollH20": 1.16156,
  "rollL20": 1.16049,
  "up2": false,
  "dn2": false,
  "source": "twelvedata_repo"
}