{
  "datetime": "2026-05-02 16:50:00",
  "open": 1.17202,
  "high": 1.17207,
  "low": 1.172,
  "close": 1.17201,
  "rollH20": 1.17254,
  "rollL20": 1.17191,
  "up2": false,
  "dn2": false,
  "source": "twelvedata_repo"
}