{
  "datetime": "2026-02-28 23:40:00",
  "open": 1.18163,
  "high": 1.18168,
  "low": 1.18162,
  "close": 1.18165,
  "rollH20": 1.18173,
  "rollL20": 1.18162,
  "up2": false,
  "dn2": false,
  "source": "twelvedata_repo"
}