{
  "datetime": "2026-02-26 17:25:00",
  "open": 1.17805,
  "high": 1.17814,
  "low": 1.17785,
  "close": 1.17786,
  "rollH20": 1.17992,
  "rollL20": 1.17796,
  "up2": false,
  "dn2": false,
  "source": "twelvedata_repo"
}