{
  "datetime": "2026-07-20 00:35:00",
  "open": 1.14255,
  "high": 1.14264,
  "low": 1.14241,
  "close": 1.14259,
  "rollH20": 1.14379,
  "rollL20": 1.14237,
  "up2": false,
  "dn2": false,
  "source": "twelvedata_repo"
}