{
  "datetime": "2026-06-07 18:35:00",
  "open": 1.15213,
  "high": 1.15219,
  "low": 1.15213,
  "close": 1.15214,
  "rollH20": 1.15241,
  "rollL20": 1.15167,
  "up2": false,
  "dn2": false,
  "source": "twelvedata_repo"
}