{
  "datetime": "2026-01-05 08:30:00",
  "open": 1.169,
  "high": 1.16901,
  "low": 1.16896,
  "close": 1.16896,
  "rollH20": 1.16926,
  "rollL20": 1.16786,
  "up2": false,
  "dn2": false,
  "source": "twelvedata_repo"
}