{
  "datetime": "2025-11-10 18:30:00",
  "open": 1.15479,
  "high": 1.15491,
  "low": 1.15477,
  "close": 1.1549,
  "rollH20": 1.15552,
  "rollL20": 1.15409,
  "up2": false,
  "dn2": false,
  "source": "twelvedata_repo"
}