{
  "datetime": "2026-03-15 14:45:00",
  "open": 1.14248,
  "high": 1.14253,
  "low": 1.14246,
  "close": 1.14247,
  "rollH20": 1.1445,
  "rollL20": 1.14246,
  "up2": false,
  "dn2": false,
  "source": "twelvedata_repo"
}