{
  "datetime": "2026-01-17 00:20:00",
  "open": 1.16051,
  "high": 1.16054,
  "low": 1.16017,
  "close": 1.16032,
  "rollH20": 1.16065,
  "rollL20": 1.15983,
  "up2": false,
  "dn2": false,
  "source": "twelvedata_repo"
}