{
  "datetime": "2026-06-29 22:55:00",
  "open": 1.14264,
  "high": 1.1427,
  "low": 1.14249,
  "close": 1.14254,
  "rollH20": 1.14274,
  "rollL20": 1.14218,
  "up2": false,
  "dn2": false,
  "source": "twelvedata_repo"
}