{
  "datetime": "2026-01-21 12:05:00",
  "open": 1.17066,
  "high": 1.17069,
  "low": 1.17061,
  "close": 1.17063,
  "rollH20": 1.1713,
  "rollL20": 1.17019,
  "up2": false,
  "dn2": false,
  "source": "twelvedata_repo"
}