{
  "datetime": "2026-01-08 20:40:00",
  "open": 1.16485,
  "high": 1.16487,
  "low": 1.16469,
  "close": 1.16472,
  "rollH20": 1.16531,
  "rollL20": 1.16424,
  "up2": false,
  "dn2": false,
  "source": "twelvedata_repo"
}