{
  "datetime": "2026-02-26 04:40:00",
  "open": 1.18159,
  "high": 1.18163,
  "low": 1.18159,
  "close": 1.18162,
  "rollH20": 1.18219,
  "rollL20": 1.18132,
  "up2": false,
  "dn2": false,
  "source": "twelvedata_repo"
}