{
  "datetime": "2025-09-29 08:55:00",
  "open": 1.17294,
  "high": 1.1732,
  "low": 1.17264,
  "close": 1.17269,
  "rollH20": 1.1733,
  "rollL20": 1.17176,
  "up2": false,
  "dn2": false,
  "source": "twelvedata_repo"
}