{
  "datetime": "2026-07-04 22:35:00",
  "open": 1.14387,
  "high": 1.14387,
  "low": 1.14379,
  "close": 1.1438,
  "rollH20": 1.14454,
  "rollL20": 1.14366,
  "up2": false,
  "dn2": false,
  "source": "twelvedata_repo"
}