{
  "datetime": "2026-03-22 23:10:00",
  "open": 1.15521,
  "high": 1.15555,
  "low": 1.15521,
  "close": 1.15555,
  "rollH20": 1.15541,
  "rollL20": 1.1535,
  "up2": false,
  "dn2": false,
  "source": "twelvedata_repo"
}