{
  "datetime": "2026-01-31 23:20:00",
  "open": 1.18535,
  "high": 1.18539,
  "low": 1.18534,
  "close": 1.18537,
  "rollH20": 1.18549,
  "rollL20": 1.18527,
  "up2": false,
  "dn2": false,
  "source": "twelvedata_repo"
}