{
  "datetime": "2026-05-12 13:00:00",
  "open": 1.17451,
  "high": 1.17451,
  "low": 1.17427,
  "close": 1.17428,
  "rollH20": 1.17489,
  "rollL20": 1.17344,
  "up2": false,
  "dn2": false,
  "source": "twelvedata_repo"
}