{
  "datetime": "2026-01-12 06:55:00",
  "open": 1.16697,
  "high": 1.16705,
  "low": 1.16697,
  "close": 1.167,
  "rollH20": 1.1671,
  "rollL20": 1.16536,
  "up2": false,
  "dn2": false,
  "source": "twelvedata_repo"
}