{
  "datetime": "2026-01-09 10:15:00",
  "open": 1.16488,
  "high": 1.16492,
  "low": 1.16481,
  "close": 1.16486,
  "rollH20": 1.16519,
  "rollL20": 1.16405,
  "up2": false,
  "dn2": false,
  "source": "twelvedata_repo"
}