{
  "datetime": "2026-02-11 14:55:00",
  "open": 1.18688,
  "high": 1.1869,
  "low": 1.18664,
  "close": 1.18664,
  "rollH20": 1.19076,
  "rollL20": 1.18387,
  "up2": false,
  "dn2": false,
  "source": "twelvedata_repo"
}