{
  "datetime": "2025-10-02 20:45:00",
  "open": 1.17193,
  "high": 1.17195,
  "low": 1.1719,
  "close": 1.17191,
  "rollH20": 1.17266,
  "rollL20": 1.1714,
  "up2": false,
  "dn2": false,
  "source": "twelvedata_repo"
}