{
  "datetime": "2026-01-02 12:55:00",
  "open": 1.1719,
  "high": 1.17198,
  "low": 1.1719,
  "close": 1.17198,
  "rollH20": 1.17238,
  "rollL20": 1.17139,
  "up2": false,
  "dn2": false,
  "source": "twelvedata_repo"
}