{
  "datetime": "2025-09-30 06:30:00",
  "open": 1.17311,
  "high": 1.17316,
  "low": 1.17311,
  "close": 1.17314,
  "rollH20": 1.17338,
  "rollL20": 1.17189,
  "up2": false,
  "dn2": false,
  "source": "twelvedata_repo"
}