{
  "datetime": "2026-05-01 12:10:00",
  "open": 1.17463,
  "high": 1.17464,
  "low": 1.17448,
  "close": 1.17456,
  "rollH20": 1.17468,
  "rollL20": 1.17315,
  "up2": false,
  "dn2": false,
  "source": "twelvedata_repo"
}