{
  "datetime": "2026-02-11 07:10:00",
  "open": 1.19251,
  "high": 1.19254,
  "low": 1.19202,
  "close": 1.19205,
  "rollH20": 1.19255,
  "rollL20": 1.19067,
  "up2": false,
  "dn2": false,
  "source": "twelvedata_repo"
}