{
  "datetime": "2026-05-13 20:05:00",
  "open": 1.17095,
  "high": 1.17099,
  "low": 1.17086,
  "close": 1.1709,
  "rollH20": 1.17111,
  "rollL20": 1.17041,
  "up2": false,
  "dn2": false,
  "source": "twelvedata_repo"
}