{
  "datetime": "2026-03-23 22:15:00",
  "open": 1.16138,
  "high": 1.16142,
  "low": 1.16135,
  "close": 1.16142,
  "rollH20": 1.16188,
  "rollL20": 1.16084,
  "up2": false,
  "dn2": false,
  "source": "twelvedata_repo"
}