{
  "datetime": "2026-07-08 10:25:00",
  "open": 1.14064,
  "high": 1.14064,
  "low": 1.14017,
  "close": 1.14049,
  "rollH20": 1.14301,
  "rollL20": 1.13968,
  "up2": false,
  "dn2": false,
  "source": "twelvedata_repo"
}