{
  "datetime": "2025-10-27 23:40:00",
  "open": 1.16477,
  "high": 1.16478,
  "low": 1.16475,
  "close": 1.16475,
  "rollH20": 1.16485,
  "rollL20": 1.16439,
  "up2": false,
  "dn2": false,
  "source": "twelvedata_repo"
}