{
  "datetime": "2025-12-17 10:40:00",
  "open": 1.1717,
  "high": 1.17175,
  "low": 1.17158,
  "close": 1.17172,
  "rollH20": 1.17211,
  "rollL20": 1.17068,
  "up2": false,
  "dn2": false,
  "source": "twelvedata_repo"
}