{
  "datetime": "2025-09-23 10:40:00",
  "open": 1.18081,
  "high": 1.18089,
  "low": 1.18031,
  "close": 1.18031,
  "rollH20": 1.18122,
  "rollL20": 1.1784,
  "up2": false,
  "dn2": false,
  "source": "twelvedata_repo"
}