{
  "datetime": "2026-01-07 10:30:00",
  "open": 1.16833,
  "high": 1.16845,
  "low": 1.16833,
  "close": 1.16845,
  "rollH20": 1.1687,
  "rollL20": 1.1674,
  "up2": false,
  "dn2": false,
  "source": "twelvedata_repo"
}