{
  "datetime": "2026-02-06 00:00:00",
  "open": 1.17819,
  "high": 1.1782,
  "low": 1.17813,
  "close": 1.17816,
  "rollH20": 1.17837,
  "rollL20": 1.17751,
  "up2": false,
  "dn2": false,
  "source": "twelvedata_repo"
}