{
  "datetime": "2026-01-16 21:40:00",
  "open": 1.15998,
  "high": 1.16002,
  "low": 1.15962,
  "close": 1.15962,
  "rollH20": 1.16009,
  "rollL20": 1.15923,
  "up2": false,
  "dn2": false,
  "source": "twelvedata_repo"
}