{
  "datetime": "2026-05-08 09:40:00",
  "open": 1.17578,
  "high": 1.17591,
  "low": 1.1757,
  "close": 1.17591,
  "rollH20": 1.1759,
  "rollL20": 1.17425,
  "up2": false,
  "dn2": false,
  "source": "twelvedata_repo"
}