{
  "datetime": "2025-09-11 14:55:00",
  "open": 1.17349,
  "high": 1.17381,
  "low": 1.17343,
  "close": 1.17381,
  "rollH20": 1.17388,
  "rollL20": 1.16601,
  "up2": false,
  "dn2": false,
  "source": "twelvedata_repo"
}