{
  "datetime": "2025-12-05 06:10:00",
  "open": 1.16543,
  "high": 1.16546,
  "low": 1.16541,
  "close": 1.16544,
  "rollH20": 1.16563,
  "rollL20": 1.1647,
  "up2": false,
  "dn2": false,
  "source": "twelvedata_repo"
}