{
  "datetime": "2026-01-02 17:35:00",
  "open": 1.17457,
  "high": 1.17458,
  "low": 1.17432,
  "close": 1.17438,
  "rollH20": 1.17527,
  "rollL20": 1.17267,
  "up2": false,
  "dn2": false,
  "source": "twelvedata_repo"
}