{
  "datetime": "2025-09-25 18:55:00",
  "open": 1.16591,
  "high": 1.16591,
  "low": 1.16577,
  "close": 1.16584,
  "rollH20": 1.16807,
  "rollL20": 1.16522,
  "up2": false,
  "dn2": false,
  "source": "twelvedata_repo"
}