{
  "datetime": "2025-10-28 05:05:00",
  "open": 1.16613,
  "high": 1.16617,
  "low": 1.16606,
  "close": 1.16616,
  "rollH20": 1.16624,
  "rollL20": 1.16545,
  "up2": false,
  "dn2": false,
  "source": "twelvedata_repo"
}