{
  "datetime": "2026-01-09 17:55:00",
  "open": 1.16336,
  "high": 1.16346,
  "low": 1.16335,
  "close": 1.16344,
  "rollH20": 1.16421,
  "rollL20": 1.16191,
  "up2": false,
  "dn2": false,
  "source": "twelvedata_repo"
}