{
  "datetime": "2025-12-19 07:30:00",
  "open": 1.172,
  "high": 1.17207,
  "low": 1.17186,
  "close": 1.17201,
  "rollH20": 1.17222,
  "rollL20": 1.17159,
  "up2": false,
  "dn2": false,
  "source": "twelvedata_repo"
}