{
  "datetime": "2026-05-10 07:40:00",
  "open": 1.17904,
  "high": 1.17908,
  "low": 1.17903,
  "close": 1.17907,
  "rollH20": 1.17925,
  "rollL20": 1.17858,
  "up2": false,
  "dn2": false,
  "source": "twelvedata_repo"
}