{
  "datetime": "2025-12-16 13:40:00",
  "open": 1.17654,
  "high": 1.17657,
  "low": 1.17652,
  "close": 1.17653,
  "rollH20": 1.17698,
  "rollL20": 1.17528,
  "up2": false,
  "dn2": false,
  "source": "twelvedata_repo"
}