{
  "datetime": "2025-12-03 23:50:00",
  "open": 1.16717,
  "high": 1.16721,
  "low": 1.16717,
  "close": 1.16719,
  "rollH20": 1.16756,
  "rollL20": 1.16646,
  "up2": false,
  "dn2": false,
  "source": "twelvedata_repo"
}