{
  "datetime": "2026-02-17 20:45:00",
  "open": 1.18489,
  "high": 1.18492,
  "low": 1.18486,
  "close": 1.18487,
  "rollH20": 1.18516,
  "rollL20": 1.18438,
  "up2": false,
  "dn2": false,
  "source": "twelvedata_repo"
}