{
  "datetime": "2026-03-26 10:10:00",
  "open": 1.15604,
  "high": 1.15647,
  "low": 1.15604,
  "close": 1.15619,
  "rollH20": 1.15656,
  "rollL20": 1.15483,
  "up2": false,
  "dn2": false,
  "source": "twelvedata_repo"
}