{
  "datetime": "2026-04-03 20:20:00",
  "open": 1.15148,
  "high": 1.15153,
  "low": 1.15147,
  "close": 1.15148,
  "rollH20": 1.1522,
  "rollL20": 1.15141,
  "up2": false,
  "dn2": false,
  "source": "twelvedata_repo"
}