{
  "datetime": "2026-01-16 10:20:00",
  "open": 1.16125,
  "high": 1.16145,
  "low": 1.16122,
  "close": 1.1614,
  "rollH20": 1.16145,
  "rollL20": 1.16087,
  "up2": false,
  "dn2": false,
  "source": "twelvedata_repo"
}