{
  "datetime": "2025-10-07 12:40:00",
  "open": 1.16597,
  "high": 1.16615,
  "low": 1.16594,
  "close": 1.16611,
  "rollH20": 1.16758,
  "rollL20": 1.16567,
  "up2": false,
  "dn2": false,
  "source": "twelvedata_repo"
}