{
  "datetime": "2026-06-28 22:55:00",
  "open": 1.13835,
  "high": 1.13856,
  "low": 1.13829,
  "close": 1.13848,
  "rollH20": 1.13958,
  "rollL20": 1.13822,
  "up2": false,
  "dn2": false,
  "source": "twelvedata_repo"
}