{
  "datetime": "2026-03-18 03:20:00",
  "open": 1.15331,
  "high": 1.15336,
  "low": 1.1533,
  "close": 1.15334,
  "rollH20": 1.15377,
  "rollL20": 1.15324,
  "up2": false,
  "dn2": false,
  "source": "twelvedata_repo"
}