{
  "datetime": "2025-11-25 14:00:00",
  "open": 1.15463,
  "high": 1.15465,
  "low": 1.1543,
  "close": 1.15462,
  "rollH20": 1.15517,
  "rollL20": 1.1525,
  "up2": false,
  "dn2": false,
  "source": "twelvedata_repo"
}