{
  "datetime": "2026-01-24 01:35:00",
  "open": 1.18233,
  "high": 1.18237,
  "low": 1.18232,
  "close": 1.18233,
  "rollH20": 1.18293,
  "rollL20": 1.18225,
  "up2": false,
  "dn2": false,
  "source": "twelvedata_repo"
}