{
  "datetime": "2026-04-16 20:45:00",
  "open": 1.17837,
  "high": 1.17839,
  "low": 1.17827,
  "close": 1.17831,
  "rollH20": 1.1786,
  "rollL20": 1.17751,
  "up2": false,
  "dn2": false,
  "source": "twelvedata_repo"
}