{
  "datetime": "2025-10-13 12:45:00",
  "open": 1.15746,
  "high": 1.15765,
  "low": 1.15743,
  "close": 1.15748,
  "rollH20": 1.15957,
  "rollL20": 1.15729,
  "up2": false,
  "dn2": false,
  "source": "twelvedata_repo"
}