{
  "datetime": "2026-01-13 06:25:00",
  "open": 1.16668,
  "high": 1.16675,
  "low": 1.16666,
  "close": 1.1667,
  "rollH20": 1.16666,
  "rollL20": 1.16577,
  "up2": false,
  "dn2": false,
  "source": "twelvedata_repo"
}