{
  "datetime": "2026-04-10 01:30:00",
  "open": 1.1687,
  "high": 1.16874,
  "low": 1.16869,
  "close": 1.16874,
  "rollH20": 1.16964,
  "rollL20": 1.16869,
  "up2": false,
  "dn2": false,
  "source": "twelvedata_repo"
}