{
  "datetime": "2026-01-25 15:30:00",
  "open": 1.18075,
  "high": 1.18077,
  "low": 1.18075,
  "close": 1.18076,
  "rollH20": 1.18219,
  "rollL20": 1.18056,
  "up2": false,
  "dn2": false,
  "source": "twelvedata_repo"
}