{
  "datetime": "2026-02-09 11:00:00",
  "open": 1.18617,
  "high": 1.18628,
  "low": 1.18617,
  "close": 1.18624,
  "rollH20": 1.18693,
  "rollL20": 1.18518,
  "up2": false,
  "dn2": false,
  "source": "twelvedata_repo"
}