{
  "datetime": "2025-11-14 11:55:00",
  "open": 1.16172,
  "high": 1.16173,
  "low": 1.16156,
  "close": 1.16156,
  "rollH20": 1.16315,
  "rollL20": 1.16128,
  "up2": false,
  "dn2": false,
  "source": "twelvedata_repo"
}