{
  "datetime": "2026-03-10 11:30:00",
  "open": 1.16424,
  "high": 1.16426,
  "low": 1.16397,
  "close": 1.16399,
  "rollH20": 1.16558,
  "rollL20": 1.1622,
  "up2": false,
  "dn2": false,
  "source": "twelvedata_repo"
}