{
  "datetime": "2026-02-05 14:45:00",
  "open": 1.18067,
  "high": 1.18069,
  "low": 1.18037,
  "close": 1.18057,
  "rollH20": 1.18113,
  "rollL20": 1.17867,
  "up2": false,
  "dn2": false,
  "source": "twelvedata_repo"
}