{
  "datetime": "2025-11-12 16:35:00",
  "open": 1.15783,
  "high": 1.15814,
  "low": 1.15777,
  "close": 1.15799,
  "rollH20": 1.1583,
  "rollL20": 1.15634,
  "up2": false,
  "dn2": false,
  "source": "twelvedata_repo"
}