{
  "datetime": "2026-04-07 11:05:00",
  "open": 1.15616,
  "high": 1.15631,
  "low": 1.15583,
  "close": 1.15583,
  "rollH20": 1.15759,
  "rollL20": 1.15575,
  "up2": false,
  "dn2": false,
  "source": "twelvedata_repo"
}