{
  "datetime": "2026-05-08 08:55:00",
  "open": 1.17431,
  "high": 1.17439,
  "low": 1.17427,
  "close": 1.17428,
  "rollH20": 1.17485,
  "rollL20": 1.17407,
  "up2": false,
  "dn2": false,
  "source": "twelvedata_repo"
}