{
  "datetime": "2026-02-23 20:55:00",
  "open": 1.17883,
  "high": 1.17892,
  "low": 1.17883,
  "close": 1.17892,
  "rollH20": 1.18,
  "rollL20": 1.17882,
  "up2": false,
  "dn2": false,
  "source": "twelvedata_repo"
}