{
  "datetime": "2026-03-01 17:30:00",
  "open": 1.18099,
  "high": 1.18102,
  "low": 1.18098,
  "close": 1.18101,
  "rollH20": 1.1811,
  "rollL20": 1.1808,
  "up2": false,
  "dn2": false,
  "source": "twelvedata_repo"
}