{
  "datetime": "2026-03-03 18:45:00",
  "open": 1.16178,
  "high": 1.1619,
  "low": 1.16172,
  "close": 1.16188,
  "rollH20": 1.162,
  "rollL20": 1.15885,
  "up2": false,
  "dn2": false,
  "source": "twelvedata_repo"
}