{
  "datetime": "2026-05-02 12:50:00",
  "open": 1.17228,
  "high": 1.1723,
  "low": 1.17228,
  "close": 1.1723,
  "rollH20": 1.17254,
  "rollL20": 1.17185,
  "up2": false,
  "dn2": false,
  "source": "twelvedata_repo"
}