{
  "datetime": "2025-09-01 23:40:00",
  "open": 1.17104,
  "high": 1.17128,
  "low": 1.17099,
  "close": 1.17121,
  "rollH20": 1.17148,
  "rollL20": 1.1704,
  "up2": false,
  "dn2": false,
  "source": "twelvedata_repo"
}