{
  "datetime": "2025-11-04 23:45:00",
  "open": 1.14826,
  "high": 1.14827,
  "low": 1.14826,
  "close": 1.14827,
  "rollH20": 1.14847,
  "rollL20": 1.14797,
  "up2": false,
  "dn2": false,
  "source": "twelvedata_repo"
}