{
  "datetime": "2025-10-13 09:30:00",
  "open": 1.15904,
  "high": 1.15917,
  "low": 1.15862,
  "close": 1.15885,
  "rollH20": 1.16204,
  "rollL20": 1.159,
  "up2": false,
  "dn2": false,
  "source": "twelvedata_repo"
}