{
  "datetime": "2026-03-24 09:20:00",
  "open": 1.15995,
  "high": 1.15995,
  "low": 1.15948,
  "close": 1.15952,
  "rollH20": 1.16139,
  "rollL20": 1.15821,
  "up2": false,
  "dn2": false,
  "source": "twelvedata_repo"
}