{
  "datetime": "2026-03-15 19:15:00",
  "open": 1.14213,
  "high": 1.14306,
  "low": 1.14198,
  "close": 1.14238,
  "rollH20": 1.14261,
  "rollL20": 1.13515,
  "up2": false,
  "dn2": false,
  "source": "twelvedata_repo"
}