{
  "datetime": "2026-03-13 21:55:00",
  "open": 1.14547,
  "high": 1.14559,
  "low": 1.14503,
  "close": 1.14531,
  "rollH20": 1.14706,
  "rollL20": 1.14113,
  "up2": false,
  "dn2": false,
  "source": "twelvedata_repo"
}