{
  "datetime": "2026-04-19 13:20:00",
  "open": 1.17624,
  "high": 1.17627,
  "low": 1.17624,
  "close": 1.17626,
  "rollH20": 1.17754,
  "rollL20": 1.17479,
  "up2": false,
  "dn2": false,
  "source": "twelvedata_repo"
}