{
  "datetime": "2025-10-23 20:55:00",
  "open": 1.16176,
  "high": 1.16176,
  "low": 1.16153,
  "close": 1.16153,
  "rollH20": 1.16195,
  "rollL20": 1.16118,
  "up2": false,
  "dn2": false,
  "source": "twelvedata_repo"
}