{
  "datetime": "2025-08-29 00:45:00",
  "open": 1.1681,
  "high": 1.16813,
  "low": 1.16796,
  "close": 1.16803,
  "rollH20": 1.1682,
  "rollL20": 1.16732,
  "up2": false,
  "dn2": false,
  "source": "twelvedata_repo"
}