{
  "datetime": "2026-06-16 08:30:00",
  "open": 1.15898,
  "high": 1.1592,
  "low": 1.15894,
  "close": 1.15919,
  "rollH20": 1.15902,
  "rollL20": 1.15746,
  "up2": false,
  "dn2": false,
  "source": "twelvedata_repo"
}