{
  "datetime": "2025-10-01 12:25:00",
  "open": 1.17329,
  "high": 1.17335,
  "low": 1.17321,
  "close": 1.17332,
  "rollH20": 1.17416,
  "rollL20": 1.17159,
  "up2": false,
  "dn2": false,
  "source": "twelvedata_repo"
}