{
  "datetime": "2025-09-10 00:20:00",
  "open": 1.1705,
  "high": 1.17064,
  "low": 1.1698,
  "close": 1.1701,
  "rollH20": 1.17154,
  "rollL20": 1.1704,
  "up2": false,
  "dn2": false,
  "source": "twelvedata_repo"
}