{
  "datetime": "2026-02-15 03:10:00",
  "open": 1.18705,
  "high": 1.1871,
  "low": 1.18705,
  "close": 1.18705,
  "rollH20": 1.1871,
  "rollL20": 1.18652,
  "up2": false,
  "dn2": false,
  "source": "twelvedata_repo"
}