{
  "datetime": "2026-01-08 08:25:00",
  "open": 1.16795,
  "high": 1.16795,
  "low": 1.1679,
  "close": 1.16792,
  "rollH20": 1.16835,
  "rollL20": 1.16757,
  "up2": false,
  "dn2": false,
  "source": "twelvedata_repo"
}