{
  "datetime": "2026-01-07 01:35:00",
  "open": 1.16909,
  "high": 1.16942,
  "low": 1.16908,
  "close": 1.16931,
  "rollH20": 1.16914,
  "rollL20": 1.16861,
  "up2": false,
  "dn2": false,
  "source": "twelvedata_repo"
}