{
  "datetime": "2025-11-24 07:10:00",
  "open": 1.15236,
  "high": 1.15238,
  "low": 1.15228,
  "close": 1.15236,
  "rollH20": 1.15281,
  "rollL20": 1.15182,
  "up2": false,
  "dn2": false,
  "source": "twelvedata_repo"
}