{
  "datetime": "2026-04-14 23:25:00",
  "open": 1.1797,
  "high": 1.17971,
  "low": 1.17966,
  "close": 1.17966,
  "rollH20": 1.17989,
  "rollL20": 1.17908,
  "up2": false,
  "dn2": false,
  "source": "twelvedata_repo"
}