{
  "datetime": "2025-12-23 00:15:00",
  "open": 1.17638,
  "high": 1.17642,
  "low": 1.17637,
  "close": 1.1764,
  "rollH20": 1.17645,
  "rollL20": 1.17568,
  "up2": false,
  "dn2": false,
  "source": "twelvedata_repo"
}