{
  "datetime": "2025-10-13 12:25:00",
  "open": 1.1587,
  "high": 1.15871,
  "low": 1.15827,
  "close": 1.15834,
  "rollH20": 1.15962,
  "rollL20": 1.15815,
  "up2": false,
  "dn2": false,
  "source": "twelvedata_repo"
}