{
  "datetime": "2025-12-31 11:35:00",
  "open": 1.1737,
  "high": 1.17377,
  "low": 1.1737,
  "close": 1.17377,
  "rollH20": 1.17389,
  "rollL20": 1.1721,
  "up2": false,
  "dn2": false,
  "source": "twelvedata_repo"
}