{
  "datetime": "2026-02-06 16:00:00",
  "open": 1.18201,
  "high": 1.18211,
  "low": 1.18189,
  "close": 1.18193,
  "rollH20": 1.18255,
  "rollL20": 1.17949,
  "up2": false,
  "dn2": false,
  "source": "twelvedata_repo"
}