{
  "datetime": "2026-02-15 23:25:00",
  "open": 1.18644,
  "high": 1.18658,
  "low": 1.18642,
  "close": 1.18653,
  "rollH20": 1.18752,
  "rollL20": 1.18641,
  "up2": false,
  "dn2": false,
  "source": "twelvedata_repo"
}