{
  "datetime": "2026-01-13 02:05:00",
  "open": 1.16639,
  "high": 1.16641,
  "low": 1.16627,
  "close": 1.16628,
  "rollH20": 1.16698,
  "rollL20": 1.16615,
  "up2": false,
  "dn2": false,
  "source": "twelvedata_repo"
}