{
  "datetime": "2026-04-03 20:40:00",
  "open": 1.15153,
  "high": 1.15156,
  "low": 1.15151,
  "close": 1.15151,
  "rollH20": 1.15213,
  "rollL20": 1.15141,
  "up2": false,
  "dn2": false,
  "source": "twelvedata_repo"
}