{
  "datetime": "2026-04-11 00:40:00",
  "open": 1.17243,
  "high": 1.17248,
  "low": 1.17241,
  "close": 1.17242,
  "rollH20": 1.17284,
  "rollL20": 1.17222,
  "up2": false,
  "dn2": false,
  "source": "twelvedata_repo"
}