{
  "datetime": "2026-07-04 18:25:00",
  "open": 1.1438,
  "high": 1.14385,
  "low": 1.14379,
  "close": 1.14383,
  "rollH20": 1.14453,
  "rollL20": 1.14352,
  "up2": false,
  "dn2": false,
  "source": "twelvedata_repo"
}