{
  "datetime": "2026-02-27 23:10:00",
  "open": 1.18168,
  "high": 1.18169,
  "low": 1.18125,
  "close": 1.18144,
  "rollH20": 1.18187,
  "rollL20": 1.18115,
  "up2": false,
  "dn2": false,
  "source": "twelvedata_repo"
}