{
  "datetime": "2026-04-20 14:55:00",
  "open": 1.17762,
  "high": 1.17779,
  "low": 1.17758,
  "close": 1.17768,
  "rollH20": 1.17815,
  "rollL20": 1.17568,
  "up2": false,
  "dn2": false,
  "source": "twelvedata_repo"
}