{
  "datetime": "2026-01-27 13:15:00",
  "open": 1.19071,
  "high": 1.19091,
  "low": 1.19068,
  "close": 1.19089,
  "rollH20": 1.19104,
  "rollL20": 1.18792,
  "up2": false,
  "dn2": false,
  "source": "twelvedata_repo"
}