{
  "datetime": "2025-11-05 04:50:00",
  "open": 1.14873,
  "high": 1.14873,
  "low": 1.14873,
  "close": 1.14873,
  "rollH20": 1.14919,
  "rollL20": 1.1485,
  "up2": false,
  "dn2": false,
  "source": "twelvedata_repo"
}