{
  "datetime": "2026-02-03 15:25:00",
  "open": 1.17845,
  "high": 1.17905,
  "low": 1.17845,
  "close": 1.17893,
  "rollH20": 1.18067,
  "rollL20": 1.178,
  "up2": false,
  "dn2": false,
  "source": "twelvedata_repo"
}