{
  "datetime": "2026-04-17 08:00:00",
  "open": 1.17756,
  "high": 1.17786,
  "low": 1.17751,
  "close": 1.17783,
  "rollH20": 1.17849,
  "rollL20": 1.17727,
  "up2": false,
  "dn2": false,
  "source": "twelvedata_repo"
}