{
  "datetime": "2026-04-12 09:50:00",
  "open": 1.17261,
  "high": 1.17266,
  "low": 1.1726,
  "close": 1.1726,
  "rollH20": 1.17267,
  "rollL20": 1.17246,
  "up2": false,
  "dn2": false,
  "source": "twelvedata_repo"
}