{
  "datetime": "2025-11-05 05:45:00",
  "open": 1.14918,
  "high": 1.14918,
  "low": 1.14914,
  "close": 1.14917,
  "rollH20": 1.14922,
  "rollL20": 1.14864,
  "up2": false,
  "dn2": false,
  "source": "twelvedata_repo"
}