{
  "datetime": "2025-12-09 09:25:00",
  "open": 1.16396,
  "high": 1.16439,
  "low": 1.16396,
  "close": 1.16433,
  "rollH20": 1.16459,
  "rollL20": 1.16333,
  "up2": false,
  "dn2": false,
  "source": "twelvedata_repo"
}