{
  "datetime": "2025-12-05 05:00:00",
  "open": 1.16492,
  "high": 1.16508,
  "low": 1.1649,
  "close": 1.16504,
  "rollH20": 1.16543,
  "rollL20": 1.1647,
  "up2": false,
  "dn2": false,
  "source": "twelvedata_repo"
}