{
  "datetime": "2025-12-23 20:00:00",
  "open": 1.17826,
  "high": 1.17842,
  "low": 1.17822,
  "close": 1.17835,
  "rollH20": 1.17826,
  "rollL20": 1.17698,
  "up2": false,
  "dn2": false,
  "source": "twelvedata_repo"
}