{
  "datetime": "2026-04-13 10:10:00",
  "open": 1.1686,
  "high": 1.16864,
  "low": 1.1685,
  "close": 1.16854,
  "rollH20": 1.16998,
  "rollL20": 1.16846,
  "up2": false,
  "dn2": false,
  "source": "twelvedata_repo"
}