{
  "datetime": "2026-04-19 01:20:00",
  "open": 1.17685,
  "high": 1.17687,
  "low": 1.17685,
  "close": 1.17685,
  "rollH20": 1.1775,
  "rollL20": 1.17629,
  "up2": false,
  "dn2": false,
  "source": "twelvedata_repo"
}