{
  "datetime": "2026-06-09 09:40:00",
  "open": 1.1547,
  "high": 1.15475,
  "low": 1.15455,
  "close": 1.15466,
  "rollH20": 1.15473,
  "rollL20": 1.1537,
  "up2": false,
  "dn2": false,
  "source": "twelvedata_repo"
}