{
  "datetime": "2025-11-28 06:15:00",
  "open": 1.15918,
  "high": 1.15919,
  "low": 1.15909,
  "close": 1.15909,
  "rollH20": 1.15919,
  "rollL20": 1.15852,
  "up2": false,
  "dn2": false,
  "source": "twelvedata_repo"
}