{
  "datetime": "2026-06-04 19:25:00",
  "open": 1.16199,
  "high": 1.16199,
  "low": 1.16186,
  "close": 1.16193,
  "rollH20": 1.16271,
  "rollL20": 1.16187,
  "up2": false,
  "dn2": false,
  "source": "twelvedata_repo"
}