{
  "datetime": "2026-04-13 21:00:00",
  "open": 1.1761,
  "high": 1.17625,
  "low": 1.17606,
  "close": 1.17625,
  "rollH20": 1.17654,
  "rollL20": 1.17356,
  "up2": false,
  "dn2": false,
  "source": "twelvedata_repo"
}