{
  "datetime": "2026-02-22 18:30:00",
  "open": 1.17899,
  "high": 1.17902,
  "low": 1.1789,
  "close": 1.1789,
  "rollH20": 1.17954,
  "rollL20": 1.17752,
  "up2": false,
  "dn2": false,
  "source": "twelvedata_repo"
}