{
  "datetime": "2026-04-22 14:40:00",
  "open": 1.17353,
  "high": 1.17379,
  "low": 1.17351,
  "close": 1.17374,
  "rollH20": 1.1738,
  "rollL20": 1.17254,
  "up2": false,
  "dn2": false,
  "source": "twelvedata_repo"
}