{
  "datetime": "2026-07-17 23:10:00",
  "open": 1.14404,
  "high": 1.14407,
  "low": 1.14381,
  "close": 1.14389,
  "rollH20": 1.14411,
  "rollL20": 1.14368,
  "up2": false,
  "dn2": false,
  "source": "twelvedata_repo"
}