{
  "datetime": "2026-01-02 06:40:00",
  "open": 1.1757,
  "high": 1.17575,
  "low": 1.17569,
  "close": 1.17569,
  "rollH20": 1.17652,
  "rollL20": 1.1755,
  "up2": false,
  "dn2": false,
  "source": "twelvedata_repo"
}