{
  "datetime": "2026-05-04 21:05:00",
  "open": 1.16938,
  "high": 1.16943,
  "low": 1.16934,
  "close": 1.16941,
  "rollH20": 1.17015,
  "rollL20": 1.16897,
  "up2": false,
  "dn2": false,
  "source": "twelvedata_repo"
}