{
  "datetime": "2026-05-02 09:00:00",
  "open": 1.17201,
  "high": 1.17206,
  "low": 1.17199,
  "close": 1.17204,
  "rollH20": 1.17239,
  "rollL20": 1.17191,
  "up2": false,
  "dn2": false,
  "source": "twelvedata_repo"
}