{
  "datetime": "2025-11-26 06:35:00",
  "open": 1.15878,
  "high": 1.1588,
  "low": 1.1585,
  "close": 1.15858,
  "rollH20": 1.15919,
  "rollL20": 1.15823,
  "up2": false,
  "dn2": false,
  "source": "twelvedata_repo"
}