{
  "datetime": "2026-01-14 21:55:00",
  "open": 1.16443,
  "high": 1.16446,
  "low": 1.16423,
  "close": 1.16427,
  "rollH20": 1.16476,
  "rollL20": 1.16361,
  "up2": false,
  "dn2": false,
  "source": "twelvedata_repo"
}