{
  "datetime": "2025-10-29 21:35:00",
  "open": 1.16016,
  "high": 1.16067,
  "low": 1.16016,
  "close": 1.16044,
  "rollH20": 1.16016,
  "rollL20": 1.15782,
  "up2": false,
  "dn2": false,
  "source": "twelvedata_repo"
}