{
  "datetime": "2026-01-26 00:10:00",
  "open": 1.18844,
  "high": 1.18925,
  "low": 1.18834,
  "close": 1.18895,
  "rollH20": 1.18907,
  "rollL20": 1.18462,
  "up2": false,
  "dn2": false,
  "source": "twelvedata_repo"
}