{
  "datetime": "2026-03-14 16:00:00",
  "open": 1.14618,
  "high": 1.1462,
  "low": 1.14616,
  "close": 1.1462,
  "rollH20": 1.14636,
  "rollL20": 1.14447,
  "up2": false,
  "dn2": false,
  "source": "twelvedata_repo"
}