{
  "datetime": "2026-01-16 21:20:00",
  "open": 1.15992,
  "high": 1.15997,
  "low": 1.15992,
  "close": 1.15997,
  "rollH20": 1.16003,
  "rollL20": 1.15923,
  "up2": false,
  "dn2": false,
  "source": "twelvedata_repo"
}