{
  "datetime": "2026-03-13 10:30:00",
  "open": 1.14544,
  "high": 1.14555,
  "low": 1.14539,
  "close": 1.14544,
  "rollH20": 1.14645,
  "rollL20": 1.14409,
  "up2": false,
  "dn2": false,
  "source": "twelvedata_repo"
}