{
  "datetime": "2026-04-03 12:55:00",
  "open": 1.15441,
  "high": 1.15447,
  "low": 1.15441,
  "close": 1.15447,
  "rollH20": 1.15482,
  "rollL20": 1.15413,
  "up2": false,
  "dn2": false,
  "source": "twelvedata_repo"
}