{
  "datetime": "2025-10-07 22:40:00",
  "open": 1.16591,
  "high": 1.16604,
  "low": 1.16591,
  "close": 1.16604,
  "rollH20": 1.16645,
  "rollL20": 1.16489,
  "up2": false,
  "dn2": false,
  "source": "twelvedata_repo"
}