{
  "datetime": "2026-03-24 02:15:00",
  "open": 1.15951,
  "high": 1.15953,
  "low": 1.15941,
  "close": 1.15941,
  "rollH20": 1.16119,
  "rollL20": 1.15839,
  "up2": false,
  "dn2": false,
  "source": "twelvedata_repo"
}