{
  "datetime": "2026-04-28 09:55:00",
  "open": 1.17027,
  "high": 1.17029,
  "low": 1.17024,
  "close": 1.17024,
  "rollH20": 1.17075,
  "rollL20": 1.16927,
  "up2": false,
  "dn2": false,
  "source": "twelvedata_repo"
}