{
  "datetime": "2026-01-05 16:50:00",
  "open": 1.16966,
  "high": 1.1697,
  "low": 1.16948,
  "close": 1.16959,
  "rollH20": 1.16989,
  "rollL20": 1.16764,
  "up2": false,
  "dn2": false,
  "source": "twelvedata_repo"
}