{
  "datetime": "2025-10-22 16:30:00",
  "open": 1.16144,
  "high": 1.16158,
  "low": 1.16131,
  "close": 1.16144,
  "rollH20": 1.16198,
  "rollL20": 1.15923,
  "up2": false,
  "dn2": false,
  "source": "twelvedata_repo"
}