{
  "datetime": "2025-12-26 16:40:00",
  "open": 1.17872,
  "high": 1.17874,
  "low": 1.17851,
  "close": 1.17854,
  "rollH20": 1.17943,
  "rollL20": 1.1782,
  "up2": false,
  "dn2": false,
  "source": "twelvedata_repo"
}