{
  "datetime": "2025-10-27 05:00:00",
  "open": 1.16282,
  "high": 1.16282,
  "low": 1.16256,
  "close": 1.16256,
  "rollH20": 1.1633,
  "rollL20": 1.16273,
  "up2": false,
  "dn2": false,
  "source": "twelvedata_repo"
}