{
  "datetime": "2026-03-18 22:30:00",
  "open": 1.14542,
  "high": 1.14544,
  "low": 1.1454,
  "close": 1.14541,
  "rollH20": 1.14735,
  "rollL20": 1.14499,
  "up2": false,
  "dn2": false,
  "source": "twelvedata_repo"
}