{
  "datetime": "2026-04-22 04:50:00",
  "open": 1.17393,
  "high": 1.17398,
  "low": 1.17388,
  "close": 1.17394,
  "rollH20": 1.17484,
  "rollL20": 1.17387,
  "up2": false,
  "dn2": false,
  "source": "twelvedata_repo"
}