{
  "datetime": "2026-02-11 18:50:00",
  "open": 1.18861,
  "high": 1.18881,
  "low": 1.1885,
  "close": 1.18872,
  "rollH20": 1.18946,
  "rollL20": 1.18545,
  "up2": false,
  "dn2": false,
  "source": "twelvedata_repo"
}