{
  "datetime": "2025-10-24 08:10:00",
  "open": 1.16095,
  "high": 1.16118,
  "low": 1.16094,
  "close": 1.16095,
  "rollH20": 1.16169,
  "rollL20": 1.16015,
  "up2": false,
  "dn2": false,
  "source": "twelvedata_repo"
}