{
  "datetime": "2025-12-19 15:15:00",
  "open": 1.17324,
  "high": 1.17336,
  "low": 1.17324,
  "close": 1.17336,
  "rollH20": 1.17342,
  "rollL20": 1.17041,
  "up2": false,
  "dn2": false,
  "source": "twelvedata_repo"
}