{
  "datetime": "2025-12-10 01:40:00",
  "open": 1.16257,
  "high": 1.16275,
  "low": 1.16255,
  "close": 1.16275,
  "rollH20": 1.16292,
  "rollL20": 1.16245,
  "up2": false,
  "dn2": false,
  "source": "twelvedata_repo"
}