{
  "datetime": "2026-07-24 07:05:00",
  "open": 1.13786,
  "high": 1.1379,
  "low": 1.13779,
  "close": 1.13789,
  "rollH20": 1.13835,
  "rollL20": 1.13769,
  "up2": false,
  "dn2": false,
  "source": "twelvedata_repo"
}