{
  "datetime": "2026-01-30 21:55:00",
  "open": 1.18589,
  "high": 1.18592,
  "low": 1.18569,
  "close": 1.18573,
  "rollH20": 1.18794,
  "rollL20": 1.18557,
  "up2": false,
  "dn2": false,
  "source": "twelvedata_repo"
}