{
  "datetime": "2025-12-10 19:55:00",
  "open": 1.16591,
  "high": 1.16595,
  "low": 1.16557,
  "close": 1.16557,
  "rollH20": 1.16609,
  "rollL20": 1.1651,
  "up2": false,
  "dn2": false,
  "source": "twelvedata_repo"
}