{
  "datetime": "2026-01-29 10:20:00",
  "open": 1.19666,
  "high": 1.19666,
  "low": 1.19665,
  "close": 1.19665,
  "rollH20": 1.19859,
  "rollL20": 1.19632,
  "up2": false,
  "dn2": false,
  "source": "twelvedata_repo"
}