{
  "datetime": "2026-02-25 05:25:00",
  "open": 1.17969,
  "high": 1.17983,
  "low": 1.17968,
  "close": 1.17979,
  "rollH20": 1.17982,
  "rollL20": 1.17882,
  "up2": false,
  "dn2": false,
  "source": "twelvedata_repo"
}