{
  "datetime": "2025-12-09 03:25:00",
  "open": 1.16464,
  "high": 1.16468,
  "low": 1.16459,
  "close": 1.16461,
  "rollH20": 1.16489,
  "rollL20": 1.16368,
  "up2": false,
  "dn2": false,
  "source": "twelvedata_repo"
}