{
  "datetime": "2026-02-13 23:45:00",
  "open": 1.18735,
  "high": 1.18798,
  "low": 1.18702,
  "close": 1.18728,
  "rollH20": 1.18772,
  "rollL20": 1.18649,
  "up2": false,
  "dn2": false,
  "source": "twelvedata_repo"
}