{
  "datetime": "2025-10-03 15:10:00",
  "open": 1.17486,
  "high": 1.17515,
  "low": 1.17486,
  "close": 1.17507,
  "rollH20": 1.17586,
  "rollL20": 1.17281,
  "up2": false,
  "dn2": false,
  "source": "twelvedata_repo"
}