{
  "datetime": "2026-01-07 11:55:00",
  "open": 1.16906,
  "high": 1.16908,
  "low": 1.16875,
  "close": 1.16883,
  "rollH20": 1.16941,
  "rollL20": 1.16809,
  "up2": false,
  "dn2": false,
  "source": "twelvedata_repo"
}