{
  "datetime": "2025-10-15 00:55:00",
  "open": 1.16063,
  "high": 1.16063,
  "low": 1.16063,
  "close": 1.16063,
  "rollH20": 1.16117,
  "rollL20": 1.16063,
  "up2": false,
  "dn2": false,
  "source": "twelvedata_repo"
}