{
  "datetime": "2026-03-05 23:30:00",
  "open": 1.16091,
  "high": 1.16094,
  "low": 1.1608,
  "close": 1.16082,
  "rollH20": 1.16102,
  "rollL20": 1.16049,
  "up2": false,
  "dn2": false,
  "source": "twelvedata_repo"
}