{
  "datetime": "2026-02-25 12:15:00",
  "open": 1.17813,
  "high": 1.17817,
  "low": 1.1781,
  "close": 1.17816,
  "rollH20": 1.17841,
  "rollL20": 1.17712,
  "up2": false,
  "dn2": false,
  "source": "twelvedata_repo"
}