{
  "datetime": "2026-04-03 21:30:00",
  "open": 1.15191,
  "high": 1.15203,
  "low": 1.15189,
  "close": 1.15201,
  "rollH20": 1.15256,
  "rollL20": 1.15141,
  "up2": false,
  "dn2": false,
  "source": "twelvedata_repo"
}