{
  "datetime": "2026-03-31 00:40:00",
  "open": 1.14557,
  "high": 1.14562,
  "low": 1.14557,
  "close": 1.14557,
  "rollH20": 1.14662,
  "rollL20": 1.14531,
  "up2": false,
  "dn2": false,
  "source": "twelvedata_repo"
}