{
  "datetime": "2026-03-15 08:35:00",
  "open": 1.14689,
  "high": 1.14693,
  "low": 1.14688,
  "close": 1.14688,
  "rollH20": 1.14696,
  "rollL20": 1.14671,
  "up2": false,
  "dn2": false,
  "source": "twelvedata_repo"
}