{
  "datetime": "2025-11-17 18:05:00",
  "open": 1.15972,
  "high": 1.15972,
  "low": 1.15949,
  "close": 1.15952,
  "rollH20": 1.16017,
  "rollL20": 1.15867,
  "up2": false,
  "dn2": false,
  "source": "twelvedata_repo"
}