{
  "datetime": "2025-11-24 16:35:00",
  "open": 1.15244,
  "high": 1.15288,
  "low": 1.15237,
  "close": 1.15288,
  "rollH20": 1.15427,
  "rollL20": 1.15177,
  "up2": false,
  "dn2": false,
  "source": "twelvedata_repo"
}