{
  "datetime": "2026-06-09 16:20:00",
  "open": 1.15618,
  "high": 1.15618,
  "low": 1.15587,
  "close": 1.15615,
  "rollH20": 1.15737,
  "rollL20": 1.15584,
  "up2": false,
  "dn2": false,
  "source": "twelvedata_repo"
}