{
  "datetime": "2026-01-25 19:25:00",
  "open": 1.18358,
  "high": 1.18375,
  "low": 1.18358,
  "close": 1.18375,
  "rollH20": 1.18438,
  "rollL20": 1.18089,
  "up2": false,
  "dn2": false,
  "source": "twelvedata_repo"
}