{
  "datetime": "2025-11-17 22:25:00",
  "open": 1.15897,
  "high": 1.15905,
  "low": 1.15894,
  "close": 1.15899,
  "rollH20": 1.15907,
  "rollL20": 1.1583,
  "up2": false,
  "dn2": false,
  "source": "twelvedata_repo"
}