{
  "datetime": "2026-06-30 00:05:00",
  "open": 1.1425,
  "high": 1.14252,
  "low": 1.14243,
  "close": 1.14244,
  "rollH20": 1.1427,
  "rollL20": 1.14219,
  "up2": false,
  "dn2": false,
  "source": "twelvedata_repo"
}