{
  "datetime": "2026-05-25 23:10:00",
  "open": 1.16403,
  "high": 1.16416,
  "low": 1.16397,
  "close": 1.16414,
  "rollH20": 1.1645,
  "rollL20": 1.16368,
  "up2": false,
  "dn2": false,
  "source": "twelvedata_repo"
}