{
  "datetime": "2026-04-03 00:15:00",
  "open": 1.15405,
  "high": 1.15411,
  "low": 1.15405,
  "close": 1.15407,
  "rollH20": 1.15426,
  "rollL20": 1.15383,
  "up2": false,
  "dn2": false,
  "source": "twelvedata_repo"
}