{
  "datetime": "2025-11-06 20:25:00",
  "open": 1.15495,
  "high": 1.15495,
  "low": 1.15491,
  "close": 1.15494,
  "rollH20": 1.15498,
  "rollL20": 1.15363,
  "up2": false,
  "dn2": false,
  "source": "twelvedata_repo"
}