{
  "datetime": "2025-10-22 07:55:00",
  "open": 1.16126,
  "high": 1.16126,
  "low": 1.16076,
  "close": 1.16076,
  "rollH20": 1.16156,
  "rollL20": 1.16043,
  "up2": false,
  "dn2": false,
  "source": "twelvedata_repo"
}