{
  "datetime": "2026-02-14 11:35:00",
  "open": 1.18613,
  "high": 1.18618,
  "low": 1.1861,
  "close": 1.18613,
  "rollH20": 1.18677,
  "rollL20": 1.18607,
  "up2": false,
  "dn2": false,
  "source": "twelvedata_repo"
}