{
  "datetime": "2025-12-23 20:40:00",
  "open": 1.17872,
  "high": 1.17876,
  "low": 1.17865,
  "close": 1.17866,
  "rollH20": 1.17895,
  "rollL20": 1.17702,
  "up2": false,
  "dn2": false,
  "source": "twelvedata_repo"
}