{
  "datetime": "2026-02-24 18:25:00",
  "open": 1.17832,
  "high": 1.17868,
  "low": 1.1783,
  "close": 1.17851,
  "rollH20": 1.17904,
  "rollL20": 1.17818,
  "up2": false,
  "dn2": false,
  "source": "twelvedata_repo"
}