{
  "datetime": "2025-09-05 00:45:00",
  "open": 1.16559,
  "high": 1.1657,
  "low": 1.16551,
  "close": 1.16559,
  "rollH20": 1.16577,
  "rollL20": 1.16484,
  "up2": false,
  "dn2": false,
  "source": "twelvedata_repo"
}