{
  "datetime": "2026-02-27 23:55:00",
  "open": 1.18147,
  "high": 1.18168,
  "low": 1.18147,
  "close": 1.18147,
  "rollH20": 1.18187,
  "rollL20": 1.18125,
  "up2": false,
  "dn2": false,
  "source": "twelvedata_repo"
}