{
  "datetime": "2026-01-18 06:35:00",
  "open": 1.16059,
  "high": 1.16064,
  "low": 1.16057,
  "close": 1.16061,
  "rollH20": 1.16064,
  "rollL20": 1.16054,
  "up2": false,
  "dn2": false,
  "source": "twelvedata_repo"
}