{
  "datetime": "2026-06-10 10:25:00",
  "open": 1.15527,
  "high": 1.15531,
  "low": 1.15523,
  "close": 1.15531,
  "rollH20": 1.15575,
  "rollL20": 1.15485,
  "up2": false,
  "dn2": false,
  "source": "twelvedata_repo"
}