{
  "datetime": "2026-04-20 22:05:00",
  "open": 1.17877,
  "high": 1.17877,
  "low": 1.17853,
  "close": 1.17858,
  "rollH20": 1.17893,
  "rollL20": 1.17834,
  "up2": false,
  "dn2": false,
  "source": "twelvedata_repo"
}