{
  "datetime": "2026-02-13 16:00:00",
  "open": 1.186,
  "high": 1.18633,
  "low": 1.1859,
  "close": 1.18624,
  "rollH20": 1.18862,
  "rollL20": 1.18579,
  "up2": false,
  "dn2": false,
  "source": "twelvedata_repo"
}