{
  "datetime": "2026-04-12 08:15:00",
  "open": 1.17259,
  "high": 1.17264,
  "low": 1.17258,
  "close": 1.17262,
  "rollH20": 1.17269,
  "rollL20": 1.17245,
  "up2": false,
  "dn2": false,
  "source": "twelvedata_repo"
}