{
  "datetime": "2025-11-03 10:35:00",
  "open": 1.15203,
  "high": 1.1521,
  "low": 1.15177,
  "close": 1.15177,
  "rollH20": 1.15406,
  "rollL20": 1.15098,
  "up2": false,
  "dn2": false,
  "source": "twelvedata_repo"
}