{
  "datetime": "2026-03-04 22:25:00",
  "open": 1.16328,
  "high": 1.16334,
  "low": 1.16328,
  "close": 1.16333,
  "rollH20": 1.16439,
  "rollL20": 1.16302,
  "up2": false,
  "dn2": false,
  "source": "twelvedata_repo"
}