{
  "datetime": "2026-05-26 04:15:00",
  "open": 1.1635,
  "high": 1.1636,
  "low": 1.16347,
  "close": 1.16358,
  "rollH20": 1.16359,
  "rollL20": 1.16303,
  "up2": false,
  "dn2": false,
  "source": "twelvedata_repo"
}