{
  "datetime": "2026-07-11 07:20:00",
  "open": 1.14117,
  "high": 1.14172,
  "low": 1.14095,
  "close": 1.14097,
  "rollH20": 1.1418,
  "rollL20": 1.14077,
  "up2": false,
  "dn2": false,
  "source": "twelvedata_repo"
}