{
  "datetime": "2026-05-30 09:05:00",
  "open": 1.16599,
  "high": 1.16607,
  "low": 1.16598,
  "close": 1.16605,
  "rollH20": 1.1661,
  "rollL20": 1.16587,
  "up2": false,
  "dn2": false,
  "source": "twelvedata_repo"
}