{
  "datetime": "2025-09-15 22:25:00",
  "open": 1.17632,
  "high": 1.17632,
  "low": 1.17632,
  "close": 1.17632,
  "rollH20": 1.17717,
  "rollL20": 1.176,
  "up2": false,
  "dn2": false,
  "source": "twelvedata_repo"
}