{
  "datetime": "2025-12-19 14:05:00",
  "open": 1.1709,
  "high": 1.17091,
  "low": 1.17086,
  "close": 1.17089,
  "rollH20": 1.17151,
  "rollL20": 1.17079,
  "up2": false,
  "dn2": false,
  "source": "twelvedata_repo"
}