{
  "datetime": "2026-01-20 19:30:00",
  "open": 1.17319,
  "high": 1.17321,
  "low": 1.17319,
  "close": 1.17321,
  "rollH20": 1.17436,
  "rollL20": 1.173,
  "up2": false,
  "dn2": false,
  "source": "twelvedata_repo"
}