{
  "datetime": "2025-09-12 14:35:00",
  "open": 1.17077,
  "high": 1.171,
  "low": 1.17033,
  "close": 1.17095,
  "rollH20": 1.17243,
  "rollL20": 1.17014,
  "up2": false,
  "dn2": false,
  "source": "twelvedata_repo"
}