{
  "datetime": "2026-03-01 12:15:00",
  "open": 1.18144,
  "high": 1.18148,
  "low": 1.18144,
  "close": 1.18146,
  "rollH20": 1.18177,
  "rollL20": 1.18143,
  "up2": false,
  "dn2": false,
  "source": "twelvedata_repo"
}