{
  "datetime": "2025-11-14 00:10:00",
  "open": 1.16295,
  "high": 1.16296,
  "low": 1.1628,
  "close": 1.1628,
  "rollH20": 1.16393,
  "rollL20": 1.1629,
  "up2": false,
  "dn2": false,
  "source": "twelvedata_repo"
}