{
  "datetime": "2026-05-09 18:55:00",
  "open": 1.17863,
  "high": 1.17867,
  "low": 1.17862,
  "close": 1.17864,
  "rollH20": 1.17925,
  "rollL20": 1.17836,
  "up2": false,
  "dn2": false,
  "source": "twelvedata_repo"
}