{
  "datetime": "2025-10-07 22:15:00",
  "open": 1.16541,
  "high": 1.16558,
  "low": 1.16541,
  "close": 1.16549,
  "rollH20": 1.16584,
  "rollL20": 1.16477,
  "up2": false,
  "dn2": false,
  "source": "twelvedata_repo"
}