{
  "datetime": "2026-04-07 10:10:00",
  "open": 1.15716,
  "high": 1.1572,
  "low": 1.15708,
  "close": 1.15708,
  "rollH20": 1.15759,
  "rollL20": 1.15391,
  "up2": false,
  "dn2": false,
  "source": "twelvedata_repo"
}