{
  "datetime": "2026-05-24 08:15:00",
  "open": 1.16075,
  "high": 1.16079,
  "low": 1.16074,
  "close": 1.16078,
  "rollH20": 1.16084,
  "rollL20": 1.15997,
  "up2": false,
  "dn2": false,
  "source": "twelvedata_repo"
}