{
  "datetime": "2026-05-14 02:05:00",
  "open": 1.17155,
  "high": 1.17172,
  "low": 1.1715,
  "close": 1.17171,
  "rollH20": 1.17186,
  "rollL20": 1.17145,
  "up2": false,
  "dn2": false,
  "source": "twelvedata_repo"
}