{
  "datetime": "2026-05-24 10:45:00",
  "open": 1.16088,
  "high": 1.16089,
  "low": 1.16088,
  "close": 1.16089,
  "rollH20": 1.16093,
  "rollL20": 1.16083,
  "up2": false,
  "dn2": false,
  "source": "twelvedata_repo"
}