{
  "datetime": "2025-09-30 18:40:00",
  "open": 1.17573,
  "high": 1.17574,
  "low": 1.17557,
  "close": 1.17564,
  "rollH20": 1.17615,
  "rollL20": 1.17339,
  "up2": false,
  "dn2": false,
  "source": "twelvedata_repo"
}