{
  "datetime": "2025-10-06 15:45:00",
  "open": 1.17083,
  "high": 1.17088,
  "low": 1.17066,
  "close": 1.17088,
  "rollH20": 1.17084,
  "rollL20": 1.16838,
  "up2": false,
  "dn2": false,
  "source": "twelvedata_repo"
}