{
  "datetime": "2026-01-12 08:30:00",
  "open": 1.16828,
  "high": 1.16831,
  "low": 1.1681,
  "close": 1.16811,
  "rollH20": 1.16855,
  "rollL20": 1.16648,
  "up2": false,
  "dn2": false,
  "source": "twelvedata_repo"
}