{
  "datetime": "2026-03-24 11:15:00",
  "open": 1.15945,
  "high": 1.15947,
  "low": 1.15911,
  "close": 1.15939,
  "rollH20": 1.15993,
  "rollL20": 1.15796,
  "up2": false,
  "dn2": false,
  "source": "twelvedata_repo"
}