{
  "datetime": "2026-05-24 21:00:00",
  "open": 1.16422,
  "high": 1.16535,
  "low": 1.1593,
  "close": 1.16074,
  "rollH20": 1.16629,
  "rollL20": 1.15864,
  "up2": false,
  "dn2": false,
  "source": "twelvedata_repo"
}