{
  "datetime": "2026-04-21 08:00:00",
  "open": 1.17755,
  "high": 1.17761,
  "low": 1.17742,
  "close": 1.17745,
  "rollH20": 1.17827,
  "rollL20": 1.17726,
  "up2": false,
  "dn2": false,
  "source": "twelvedata_repo"
}