{
  "datetime": "2025-12-19 22:05:00",
  "open": 1.17135,
  "high": 1.17137,
  "low": 1.1712,
  "close": 1.17121,
  "rollH20": 1.17258,
  "rollL20": 1.1708,
  "up2": false,
  "dn2": false,
  "source": "twelvedata_repo"
}