{
  "datetime": "2026-02-15 17:55:00",
  "open": 1.18645,
  "high": 1.18676,
  "low": 1.18645,
  "close": 1.18676,
  "rollH20": 1.18704,
  "rollL20": 1.18553,
  "up2": false,
  "dn2": false,
  "source": "twelvedata_repo"
}