{
  "datetime": "2025-10-22 12:45:00",
  "open": 1.15844,
  "high": 1.15844,
  "low": 1.15825,
  "close": 1.15838,
  "rollH20": 1.15949,
  "rollL20": 1.15825,
  "up2": false,
  "dn2": false,
  "source": "twelvedata_repo"
}