{
  "datetime": "2025-09-30 12:45:00",
  "open": 1.17389,
  "high": 1.17391,
  "low": 1.17385,
  "close": 1.17386,
  "rollH20": 1.17514,
  "rollL20": 1.17365,
  "up2": false,
  "dn2": false,
  "source": "twelvedata_repo"
}