{
  "datetime": "2025-11-17 00:05:00",
  "open": 1.16235,
  "high": 1.1625,
  "low": 1.16229,
  "close": 1.16238,
  "rollH20": 1.16249,
  "rollL20": 1.16154,
  "up2": false,
  "dn2": false,
  "source": "twelvedata_repo"
}