{
  "datetime": "2026-02-06 22:30:00",
  "open": 1.18226,
  "high": 1.18228,
  "low": 1.18218,
  "close": 1.18218,
  "rollH20": 1.1824,
  "rollL20": 1.1818,
  "up2": false,
  "dn2": false,
  "source": "twelvedata_repo"
}