{
  "datetime": "2025-11-17 14:15:00",
  "open": 1.15941,
  "high": 1.15951,
  "low": 1.15932,
  "close": 1.15949,
  "rollH20": 1.16046,
  "rollL20": 1.15926,
  "up2": false,
  "dn2": false,
  "source": "twelvedata_repo"
}