{
  "datetime": "2025-11-03 05:45:00",
  "open": 1.15327,
  "high": 1.15338,
  "low": 1.15326,
  "close": 1.15337,
  "rollH20": 1.15369,
  "rollL20": 1.15302,
  "up2": false,
  "dn2": false,
  "source": "twelvedata_repo"
}