{
  "datetime": "2026-03-06 07:05:00",
  "open": 1.16109,
  "high": 1.16111,
  "low": 1.16087,
  "close": 1.16096,
  "rollH20": 1.16174,
  "rollL20": 1.16033,
  "up2": false,
  "dn2": false,
  "source": "twelvedata_repo"
}