{
  "datetime": "2026-03-14 10:40:00",
  "open": 1.14169,
  "high": 1.14172,
  "low": 1.14163,
  "close": 1.14167,
  "rollH20": 1.14377,
  "rollL20": 1.14121,
  "up2": false,
  "dn2": false,
  "source": "twelvedata_repo"
}