{
  "datetime": "2026-05-28 19:40:00",
  "open": 1.16481,
  "high": 1.16481,
  "low": 1.1647,
  "close": 1.16477,
  "rollH20": 1.16578,
  "rollL20": 1.16473,
  "up2": false,
  "dn2": false,
  "source": "twelvedata_repo"
}