{
  "datetime": "2025-11-19 17:20:00",
  "open": 1.15379,
  "high": 1.15389,
  "low": 1.15366,
  "close": 1.15366,
  "rollH20": 1.1563,
  "rollL20": 1.1537,
  "up2": false,
  "dn2": false,
  "source": "twelvedata_repo"
}