{
  "datetime": "2026-03-10 11:55:00",
  "open": 1.16459,
  "high": 1.1646,
  "low": 1.16379,
  "close": 1.16394,
  "rollH20": 1.16555,
  "rollL20": 1.1622,
  "up2": false,
  "dn2": false,
  "source": "twelvedata_repo"
}