{
  "datetime": "2025-11-12 07:35:00",
  "open": 1.15795,
  "high": 1.1581,
  "low": 1.15793,
  "close": 1.15809,
  "rollH20": 1.15807,
  "rollL20": 1.15715,
  "up2": false,
  "dn2": false,
  "source": "twelvedata_repo"
}