{
  "datetime": "2025-12-04 23:40:00",
  "open": 1.16446,
  "high": 1.16453,
  "low": 1.16445,
  "close": 1.16448,
  "rollH20": 1.16462,
  "rollL20": 1.16417,
  "up2": false,
  "dn2": false,
  "source": "twelvedata_repo"
}