{
  "datetime": "2025-09-29 14:15:00",
  "open": 1.17416,
  "high": 1.17428,
  "low": 1.17408,
  "close": 1.17418,
  "rollH20": 1.17513,
  "rollL20": 1.17119,
  "up2": false,
  "dn2": false,
  "source": "twelvedata_repo"
}