{
  "datetime": "2025-11-25 18:05:00",
  "open": 1.156,
  "high": 1.15657,
  "low": 1.156,
  "close": 1.15619,
  "rollH20": 1.15842,
  "rollL20": 1.15512,
  "up2": false,
  "dn2": false,
  "source": "twelvedata_repo"
}