{
  "datetime": "2025-12-29 08:30:00",
  "open": 1.1772,
  "high": 1.17738,
  "low": 1.17717,
  "close": 1.17724,
  "rollH20": 1.17734,
  "rollL20": 1.17544,
  "up2": false,
  "dn2": false,
  "source": "twelvedata_repo"
}