{
  "datetime": "2026-03-11 03:50:00",
  "open": 1.16292,
  "high": 1.16295,
  "low": 1.16284,
  "close": 1.16287,
  "rollH20": 1.16325,
  "rollL20": 1.16191,
  "up2": false,
  "dn2": false,
  "source": "twelvedata_repo"
}