{
  "datetime": "2026-04-18 09:20:00",
  "open": 1.17633,
  "high": 1.17638,
  "low": 1.17631,
  "close": 1.17632,
  "rollH20": 1.17694,
  "rollL20": 1.17629,
  "up2": false,
  "dn2": false,
  "source": "twelvedata_repo"
}