{
  "datetime": "2025-10-01 10:25:00",
  "open": 1.17457,
  "high": 1.17472,
  "low": 1.17443,
  "close": 1.17456,
  "rollH20": 1.17656,
  "rollL20": 1.17422,
  "up2": false,
  "dn2": false,
  "source": "twelvedata_repo"
}