{
  "datetime": "2026-03-02 14:00:00",
  "open": 1.16979,
  "high": 1.16986,
  "low": 1.1695,
  "close": 1.16975,
  "rollH20": 1.17229,
  "rollL20": 1.16972,
  "up2": false,
  "dn2": false,
  "source": "twelvedata_repo"
}