{
  "datetime": "2026-02-22 00:45:00",
  "open": 1.17835,
  "high": 1.17837,
  "low": 1.17835,
  "close": 1.17836,
  "rollH20": 1.1784,
  "rollL20": 1.17833,
  "up2": false,
  "dn2": false,
  "source": "twelvedata_repo"
}