{
  "datetime": "2026-02-21 04:10:00",
  "open": 1.17834,
  "high": 1.17857,
  "low": 1.17833,
  "close": 1.17844,
  "rollH20": 1.17858,
  "rollL20": 1.17832,
  "up2": false,
  "dn2": false,
  "source": "twelvedata_repo"
}