{
  "datetime": "2026-04-29 03:50:00",
  "open": 1.17104,
  "high": 1.17112,
  "low": 1.17094,
  "close": 1.17095,
  "rollH20": 1.17172,
  "rollL20": 1.17076,
  "up2": false,
  "dn2": false,
  "source": "twelvedata_repo"
}