{
  "datetime": "2026-03-26 17:15:00",
  "open": 1.1541,
  "high": 1.15418,
  "low": 1.15409,
  "close": 1.15418,
  "rollH20": 1.1555,
  "rollL20": 1.15326,
  "up2": false,
  "dn2": false,
  "source": "twelvedata_repo"
}