{
  "datetime": "2026-04-01 11:00:00",
  "open": 1.15951,
  "high": 1.15967,
  "low": 1.1595,
  "close": 1.15957,
  "rollH20": 1.16111,
  "rollL20": 1.15821,
  "up2": false,
  "dn2": false,
  "source": "twelvedata_repo"
}