{
  "datetime": "2026-03-13 08:55:00",
  "open": 1.14441,
  "high": 1.1446,
  "low": 1.14409,
  "close": 1.14457,
  "rollH20": 1.14755,
  "rollL20": 1.14347,
  "up2": false,
  "dn2": false,
  "source": "twelvedata_repo"
}