{
  "datetime": "2026-05-06 21:30:00",
  "open": 1.17489,
  "high": 1.1749,
  "low": 1.17481,
  "close": 1.17482,
  "rollH20": 1.17555,
  "rollL20": 1.1746,
  "up2": false,
  "dn2": false,
  "source": "twelvedata_repo"
}