{
  "datetime": "2026-01-19 07:50:00",
  "open": 1.1627,
  "high": 1.16291,
  "low": 1.1627,
  "close": 1.1629,
  "rollH20": 1.16375,
  "rollL20": 1.16259,
  "up2": false,
  "dn2": false,
  "source": "twelvedata_repo"
}