{
  "datetime": "2026-03-08 20:40:00",
  "open": 1.15674,
  "high": 1.15761,
  "low": 1.1539,
  "close": 1.15548,
  "rollH20": 1.15909,
  "rollL20": 1.15381,
  "up2": false,
  "dn2": false,
  "source": "twelvedata_repo"
}