{
  "datetime": "2025-11-07 00:10:00",
  "open": 1.15491,
  "high": 1.15493,
  "low": 1.15487,
  "close": 1.15487,
  "rollH20": 1.15527,
  "rollL20": 1.15434,
  "up2": false,
  "dn2": false,
  "source": "twelvedata_repo"
}