{
  "datetime": "2026-03-19 10:00:00",
  "open": 1.14802,
  "high": 1.14826,
  "low": 1.14802,
  "close": 1.14815,
  "rollH20": 1.1488,
  "rollL20": 1.14437,
  "up2": false,
  "dn2": false,
  "source": "twelvedata_repo"
}