{
  "datetime": "2026-01-27 21:35:00",
  "open": 1.19865,
  "high": 1.19875,
  "low": 1.19865,
  "close": 1.19874,
  "rollH20": 1.19915,
  "rollL20": 1.19718,
  "up2": false,
  "dn2": false,
  "source": "twelvedata_repo"
}