{
  "datetime": "2025-12-12 07:15:00",
  "open": 1.17412,
  "high": 1.17414,
  "low": 1.17393,
  "close": 1.17394,
  "rollH20": 1.17421,
  "rollL20": 1.17324,
  "up2": false,
  "dn2": false,
  "source": "twelvedata_repo"
}