{
  "datetime": "2026-01-09 09:20:00",
  "open": 1.1644,
  "high": 1.1646,
  "low": 1.1644,
  "close": 1.1646,
  "rollH20": 1.16533,
  "rollL20": 1.16405,
  "up2": false,
  "dn2": false,
  "source": "twelvedata_repo"
}