{
  "datetime": "2026-03-19 19:50:00",
  "open": 1.15874,
  "high": 1.1588,
  "low": 1.15823,
  "close": 1.15849,
  "rollH20": 1.16164,
  "rollL20": 1.15516,
  "up2": false,
  "dn2": false,
  "source": "twelvedata_repo"
}