{
  "datetime": "2026-05-21 19:25:00",
  "open": 1.16258,
  "high": 1.16272,
  "low": 1.16258,
  "close": 1.16268,
  "rollH20": 1.16316,
  "rollL20": 1.15932,
  "up2": false,
  "dn2": false,
  "source": "twelvedata_repo"
}