{
  "datetime": "2025-10-01 09:55:00",
  "open": 1.17547,
  "high": 1.17548,
  "low": 1.1751,
  "close": 1.17515,
  "rollH20": 1.17775,
  "rollL20": 1.1742,
  "up2": false,
  "dn2": false,
  "source": "twelvedata_repo"
}