{
  "datetime": "2025-12-19 20:45:00",
  "open": 1.172,
  "high": 1.17215,
  "low": 1.172,
  "close": 1.17215,
  "rollH20": 1.17276,
  "rollL20": 1.17173,
  "up2": false,
  "dn2": false,
  "source": "twelvedata_repo"
}