{
  "datetime": "2025-09-03 05:35:00",
  "open": 1.16288,
  "high": 1.16297,
  "low": 1.16275,
  "close": 1.16288,
  "rollH20": 1.16309,
  "rollL20": 1.16217,
  "up2": false,
  "dn2": false,
  "source": "twelvedata_repo"
}