{
  "datetime": "2025-10-14 05:35:00",
  "open": 1.15845,
  "high": 1.15845,
  "low": 1.15844,
  "close": 1.15844,
  "rollH20": 1.15873,
  "rollL20": 1.15713,
  "up2": false,
  "dn2": false,
  "source": "twelvedata_repo"
}