{
  "datetime": "2026-02-05 06:50:00",
  "open": 1.17888,
  "high": 1.17892,
  "low": 1.17874,
  "close": 1.17878,
  "rollH20": 1.17916,
  "rollL20": 1.17849,
  "up2": false,
  "dn2": false,
  "source": "twelvedata_repo"
}