{
  "datetime": "2026-02-06 05:35:00",
  "open": 1.17917,
  "high": 1.17937,
  "low": 1.17906,
  "close": 1.17937,
  "rollH20": 1.17917,
  "rollL20": 1.17861,
  "up2": false,
  "dn2": false,
  "source": "twelvedata_repo"
}