{
  "datetime": "2025-09-12 04:55:00",
  "open": 1.17248,
  "high": 1.17253,
  "low": 1.17241,
  "close": 1.17252,
  "rollH20": 1.17287,
  "rollL20": 1.17227,
  "up2": false,
  "dn2": false,
  "source": "twelvedata_repo"
}