{
  "datetime": "2025-10-30 18:55:00",
  "open": 1.15658,
  "high": 1.15661,
  "low": 1.15652,
  "close": 1.1566,
  "rollH20": 1.15714,
  "rollL20": 1.15598,
  "up2": false,
  "dn2": false,
  "source": "twelvedata_repo"
}