{
  "datetime": "2026-05-19 17:05:00",
  "open": 1.16002,
  "high": 1.16005,
  "low": 1.15965,
  "close": 1.15989,
  "rollH20": 1.16037,
  "rollL20": 1.15926,
  "up2": false,
  "dn2": false,
  "source": "twelvedata_repo"
}