{
  "datetime": "2025-12-03 08:10:00",
  "open": 1.16487,
  "high": 1.16498,
  "low": 1.16487,
  "close": 1.16498,
  "rollH20": 1.1649,
  "rollL20": 1.16413,
  "up2": false,
  "dn2": false,
  "source": "twelvedata_repo"
}