{
  "datetime": "2025-09-08 10:55:00",
  "open": 1.17251,
  "high": 1.17263,
  "low": 1.1725,
  "close": 1.17263,
  "rollH20": 1.17396,
  "rollL20": 1.17208,
  "up2": false,
  "dn2": false,
  "source": "twelvedata_repo"
}