{
  "datetime": "2025-09-10 07:45:00",
  "open": 1.17117,
  "high": 1.17117,
  "low": 1.17102,
  "close": 1.17112,
  "rollH20": 1.17184,
  "rollL20": 1.1705,
  "up2": false,
  "dn2": false,
  "source": "twelvedata_repo"
}