{
  "datetime": "2025-10-15 22:35:00",
  "open": 1.16439,
  "high": 1.16439,
  "low": 1.16436,
  "close": 1.16436,
  "rollH20": 1.16476,
  "rollL20": 1.1638,
  "up2": false,
  "dn2": false,
  "source": "twelvedata_repo"
}