{
  "datetime": "2026-04-22 13:30:00",
  "open": 1.17337,
  "high": 1.17337,
  "low": 1.17272,
  "close": 1.17282,
  "rollH20": 1.17536,
  "rollL20": 1.17305,
  "up2": false,
  "dn2": false,
  "source": "twelvedata_repo"
}