{
  "datetime": "2026-05-19 00:55:00",
  "open": 1.16565,
  "high": 1.16565,
  "low": 1.16556,
  "close": 1.16559,
  "rollH20": 1.16608,
  "rollL20": 1.16556,
  "up2": false,
  "dn2": false,
  "source": "twelvedata_repo"
}