{
  "datetime": "2026-04-23 15:35:00",
  "open": 1.17055,
  "high": 1.17058,
  "low": 1.17054,
  "close": 1.17058,
  "rollH20": 1.17078,
  "rollL20": 1.16833,
  "up2": false,
  "dn2": false,
  "source": "twelvedata_repo"
}