{
  "datetime": "2026-06-17 22:20:00",
  "open": 1.15025,
  "high": 1.1503,
  "low": 1.15013,
  "close": 1.1503,
  "rollH20": 1.15058,
  "rollL20": 1.14778,
  "up2": false,
  "dn2": false,
  "source": "twelvedata_repo"
}