{
  "datetime": "2026-02-18 16:00:00",
  "open": 1.18223,
  "high": 1.18227,
  "low": 1.18195,
  "close": 1.18201,
  "rollH20": 1.18263,
  "rollL20": 1.18136,
  "up2": false,
  "dn2": false,
  "source": "twelvedata_repo"
}