{
  "datetime": "2025-10-30 20:25:00",
  "open": 1.15633,
  "high": 1.15634,
  "low": 1.15624,
  "close": 1.15624,
  "rollH20": 1.15713,
  "rollL20": 1.15622,
  "up2": false,
  "dn2": false,
  "source": "twelvedata_repo"
}