{
  "datetime": "2026-03-11 15:55:00",
  "open": 1.15703,
  "high": 1.15713,
  "low": 1.15703,
  "close": 1.15713,
  "rollH20": 1.15988,
  "rollL20": 1.15687,
  "up2": false,
  "dn2": false,
  "source": "twelvedata_repo"
}