{
  "datetime": "2026-04-19 18:00:00",
  "open": 1.17552,
  "high": 1.17645,
  "low": 1.17496,
  "close": 1.17496,
  "rollH20": 1.17673,
  "rollL20": 1.17543,
  "up2": false,
  "dn2": false,
  "source": "twelvedata_repo"
}