{
  "datetime": "2026-02-24 12:20:00",
  "open": 1.17759,
  "high": 1.17763,
  "low": 1.17744,
  "close": 1.17745,
  "rollH20": 1.17898,
  "rollL20": 1.17757,
  "up2": false,
  "dn2": false,
  "source": "twelvedata_repo"
}