{
  "datetime": "2026-07-12 21:55:00",
  "open": 1.14064,
  "high": 1.14179,
  "low": 1.14054,
  "close": 1.14056,
  "rollH20": 1.1419,
  "rollL20": 1.13998,
  "up2": false,
  "dn2": false,
  "source": "twelvedata_repo"
}