{
  "datetime": "2026-02-16 22:15:00",
  "open": 1.18514,
  "high": 1.18526,
  "low": 1.18511,
  "close": 1.18526,
  "rollH20": 1.18558,
  "rollL20": 1.18506,
  "up2": false,
  "dn2": false,
  "source": "twelvedata_repo"
}