{
  "datetime": "2025-12-26 12:05:00",
  "open": 1.17754,
  "high": 1.17767,
  "low": 1.17752,
  "close": 1.1776,
  "rollH20": 1.17794,
  "rollL20": 1.1769,
  "up2": false,
  "dn2": false,
  "source": "twelvedata_repo"
}