{
  "datetime": "2025-09-22 18:55:00",
  "open": 1.17945,
  "high": 1.17955,
  "low": 1.17945,
  "close": 1.17953,
  "rollH20": 1.17955,
  "rollL20": 1.17828,
  "up2": false,
  "dn2": false,
  "source": "twelvedata_repo"
}