{
  "datetime": "2025-11-14 12:55:00",
  "open": 1.16173,
  "high": 1.16202,
  "low": 1.16166,
  "close": 1.16194,
  "rollH20": 1.16214,
  "rollL20": 1.1609,
  "up2": false,
  "dn2": false,
  "source": "twelvedata_repo"
}