{
  "datetime": "2026-02-15 00:55:00",
  "open": 1.18718,
  "high": 1.18722,
  "low": 1.18718,
  "close": 1.18718,
  "rollH20": 1.18744,
  "rollL20": 1.18717,
  "up2": false,
  "dn2": false,
  "source": "twelvedata_repo"
}