{
  "datetime": "2026-02-03 20:55:00",
  "open": 1.18145,
  "high": 1.18154,
  "low": 1.18145,
  "close": 1.18154,
  "rollH20": 1.18196,
  "rollL20": 1.18063,
  "up2": false,
  "dn2": false,
  "source": "twelvedata_repo"
}