{
  "datetime": "2026-02-28 20:50:00",
  "open": 1.18161,
  "high": 1.18166,
  "low": 1.1816,
  "close": 1.18165,
  "rollH20": 1.18169,
  "rollL20": 1.18155,
  "up2": false,
  "dn2": false,
  "source": "twelvedata_repo"
}