{
  "datetime": "2026-06-11 18:00:00",
  "open": 1.15094,
  "high": 1.15096,
  "low": 1.15087,
  "close": 1.15096,
  "rollH20": 1.15248,
  "rollL20": 1.15079,
  "up2": false,
  "dn2": false,
  "source": "twelvedata_repo"
}