{
  "datetime": "2026-06-14 09:20:00",
  "open": 1.15741,
  "high": 1.15746,
  "low": 1.1574,
  "close": 1.1574,
  "rollH20": 1.15774,
  "rollL20": 1.1571,
  "up2": false,
  "dn2": false,
  "source": "twelvedata_repo"
}