{
  "datetime": "2026-01-26 20:55:00",
  "open": 1.18783,
  "high": 1.18796,
  "low": 1.18783,
  "close": 1.18796,
  "rollH20": 1.18899,
  "rollL20": 1.18703,
  "up2": false,
  "dn2": false,
  "source": "twelvedata_repo"
}