{
  "datetime": "2026-05-16 02:45:00",
  "open": 1.16247,
  "high": 1.16252,
  "low": 1.16247,
  "close": 1.16251,
  "rollH20": 1.16257,
  "rollL20": 1.16241,
  "up2": false,
  "dn2": false,
  "source": "twelvedata_repo"
}