{
  "datetime": "2026-03-06 15:10:00",
  "open": 1.15836,
  "high": 1.15839,
  "low": 1.15778,
  "close": 1.15778,
  "rollH20": 1.15928,
  "rollL20": 1.1547,
  "up2": false,
  "dn2": false,
  "source": "twelvedata_repo"
}