{
  "datetime": "2025-11-26 15:50:00",
  "open": 1.15768,
  "high": 1.15812,
  "low": 1.15762,
  "close": 1.1579,
  "rollH20": 1.15832,
  "rollL20": 1.15495,
  "up2": false,
  "dn2": false,
  "source": "twelvedata_repo"
}