{
  "datetime": "2025-09-08 16:45:00",
  "open": 1.17481,
  "high": 1.17481,
  "low": 1.17481,
  "close": 1.17481,
  "rollH20": 1.17527,
  "rollL20": 1.17399,
  "up2": false,
  "dn2": false,
  "source": "twelvedata_repo"
}