{
  "datetime": "2025-10-28 20:20:00",
  "open": 1.16637,
  "high": 1.16644,
  "low": 1.1663,
  "close": 1.16643,
  "rollH20": 1.16658,
  "rollL20": 1.16562,
  "up2": false,
  "dn2": false,
  "source": "twelvedata_repo"
}