{
  "datetime": "2026-04-02 20:25:00",
  "open": 1.15418,
  "high": 1.15421,
  "low": 1.15392,
  "close": 1.15393,
  "rollH20": 1.15442,
  "rollL20": 1.15336,
  "up2": false,
  "dn2": false,
  "source": "twelvedata_repo"
}