{
  "datetime": "2026-01-07 10:00:00",
  "open": 1.16852,
  "high": 1.16863,
  "low": 1.16852,
  "close": 1.16863,
  "rollH20": 1.16936,
  "rollL20": 1.1674,
  "up2": false,
  "dn2": false,
  "source": "twelvedata_repo"
}