{
  "datetime": "2026-07-21 09:35:00",
  "open": 1.14227,
  "high": 1.14233,
  "low": 1.1421,
  "close": 1.14216,
  "rollH20": 1.14277,
  "rollL20": 1.14204,
  "up2": false,
  "dn2": false,
  "source": "twelvedata_repo"
}