{
  "datetime": "2026-04-19 16:35:00",
  "open": 1.17608,
  "high": 1.17612,
  "low": 1.17606,
  "close": 1.1761,
  "rollH20": 1.17613,
  "rollL20": 1.175,
  "up2": false,
  "dn2": false,
  "source": "twelvedata_repo"
}