{
  "datetime": "2026-02-01 17:55:00",
  "open": 1.18503,
  "high": 1.18508,
  "low": 1.18503,
  "close": 1.18503,
  "rollH20": 1.18524,
  "rollL20": 1.18501,
  "up2": false,
  "dn2": false,
  "source": "twelvedata_repo"
}