{
  "datetime": "2026-04-30 02:05:00",
  "open": 1.168,
  "high": 1.16801,
  "low": 1.16785,
  "close": 1.1679,
  "rollH20": 1.16892,
  "rollL20": 1.16787,
  "up2": false,
  "dn2": false,
  "source": "twelvedata_repo"
}