{
  "datetime": "2025-11-04 18:40:00",
  "open": 1.14844,
  "high": 1.14848,
  "low": 1.14843,
  "close": 1.14847,
  "rollH20": 1.14963,
  "rollL20": 1.14837,
  "up2": false,
  "dn2": false,
  "source": "twelvedata_repo"
}