{
  "datetime": "2025-12-04 11:20:00",
  "open": 1.16733,
  "high": 1.16737,
  "low": 1.16703,
  "close": 1.16703,
  "rollH20": 1.16825,
  "rollL20": 1.16713,
  "up2": false,
  "dn2": false,
  "source": "twelvedata_repo"
}