{
  "datetime": "2026-01-29 21:40:00",
  "open": 1.19658,
  "high": 1.19662,
  "low": 1.19641,
  "close": 1.19643,
  "rollH20": 1.19673,
  "rollL20": 1.19471,
  "up2": false,
  "dn2": false,
  "source": "twelvedata_repo"
}