{
  "datetime": "2026-07-14 17:15:00",
  "open": 1.14287,
  "high": 1.14291,
  "low": 1.14278,
  "close": 1.14291,
  "rollH20": 1.14537,
  "rollL20": 1.14247,
  "up2": false,
  "dn2": false,
  "source": "twelvedata_repo"
}