{
  "datetime": "2025-12-23 18:50:00",
  "open": 1.17718,
  "high": 1.17723,
  "low": 1.17709,
  "close": 1.17709,
  "rollH20": 1.17807,
  "rollL20": 1.17698,
  "up2": false,
  "dn2": false,
  "source": "twelvedata_repo"
}