{
  "datetime": "2026-03-12 22:10:00",
  "open": 1.15156,
  "high": 1.15159,
  "low": 1.15141,
  "close": 1.15148,
  "rollH20": 1.15167,
  "rollL20": 1.15101,
  "up2": false,
  "dn2": false,
  "source": "twelvedata_repo"
}