{
  "datetime": "2026-01-07 00:40:00",
  "open": 1.16892,
  "high": 1.16896,
  "low": 1.16889,
  "close": 1.16891,
  "rollH20": 1.16914,
  "rollL20": 1.16859,
  "up2": false,
  "dn2": false,
  "source": "twelvedata_repo"
}