{
  "datetime": "2025-12-05 21:10:00",
  "open": 1.1642,
  "high": 1.16423,
  "low": 1.16418,
  "close": 1.16419,
  "rollH20": 1.16458,
  "rollL20": 1.16398,
  "up2": false,
  "dn2": false,
  "source": "twelvedata_repo"
}