{
  "datetime": "2026-03-23 00:10:00",
  "open": 1.15612,
  "high": 1.15622,
  "low": 1.15609,
  "close": 1.15618,
  "rollH20": 1.15626,
  "rollL20": 1.1535,
  "up2": false,
  "dn2": false,
  "source": "twelvedata_repo"
}