{
  "datetime": "2026-02-12 21:00:00",
  "open": 1.18701,
  "high": 1.18705,
  "low": 1.18701,
  "close": 1.18705,
  "rollH20": 1.18719,
  "rollL20": 1.18574,
  "up2": false,
  "dn2": false,
  "source": "twelvedata_repo"
}