{
  "datetime": "2026-07-15 17:05:00",
  "open": 1.14338,
  "high": 1.14338,
  "low": 1.14308,
  "close": 1.14312,
  "rollH20": 1.14415,
  "rollL20": 1.14306,
  "up2": false,
  "dn2": false,
  "source": "twelvedata_repo"
}