{
  "datetime": "2026-01-09 20:40:00",
  "open": 1.16351,
  "high": 1.16362,
  "low": 1.16348,
  "close": 1.16361,
  "rollH20": 1.16395,
  "rollL20": 1.16315,
  "up2": false,
  "dn2": false,
  "source": "twelvedata_repo"
}