{
  "datetime": "2026-05-15 21:55:00",
  "open": 1.16254,
  "high": 1.16254,
  "low": 1.16236,
  "close": 1.16241,
  "rollH20": 1.16261,
  "rollL20": 1.16195,
  "up2": false,
  "dn2": false,
  "source": "twelvedata_repo"
}