{
  "datetime": "2025-12-04 23:30:00",
  "open": 1.16443,
  "high": 1.16448,
  "low": 1.16443,
  "close": 1.16445,
  "rollH20": 1.16462,
  "rollL20": 1.16416,
  "up2": false,
  "dn2": false,
  "source": "twelvedata_repo"
}