{
  "datetime": "2026-01-07 23:40:00",
  "open": 1.16778,
  "high": 1.16782,
  "low": 1.16776,
  "close": 1.16776,
  "rollH20": 1.16803,
  "rollL20": 1.16722,
  "up2": false,
  "dn2": false,
  "source": "twelvedata_repo"
}