{
  "datetime": "2026-06-05 04:20:00",
  "open": 1.16152,
  "high": 1.16152,
  "low": 1.16139,
  "close": 1.16145,
  "rollH20": 1.16169,
  "rollL20": 1.16116,
  "up2": false,
  "dn2": false,
  "source": "twelvedata_repo"
}