{
  "datetime": "2025-10-17 12:40:00",
  "open": 1.16857,
  "high": 1.16872,
  "low": 1.16853,
  "close": 1.16865,
  "rollH20": 1.17026,
  "rollL20": 1.16807,
  "up2": false,
  "dn2": false,
  "source": "twelvedata_repo"
}