{
  "datetime": "2026-03-30 12:15:00",
  "open": 1.14914,
  "high": 1.14917,
  "low": 1.14913,
  "close": 1.14917,
  "rollH20": 1.14977,
  "rollL20": 1.14854,
  "up2": false,
  "dn2": false,
  "source": "twelvedata_repo"
}