{
  "datetime": "2025-11-18 22:55:00",
  "open": 1.15786,
  "high": 1.15792,
  "low": 1.15786,
  "close": 1.15792,
  "rollH20": 1.15856,
  "rollL20": 1.15786,
  "up2": false,
  "dn2": false,
  "source": "twelvedata_repo"
}