{
  "datetime": "2026-07-01 02:55:00",
  "open": 1.14037,
  "high": 1.14042,
  "low": 1.14032,
  "close": 1.14041,
  "rollH20": 1.1414,
  "rollL20": 1.1403,
  "up2": false,
  "dn2": false,
  "source": "twelvedata_repo"
}