{
  "datetime": "2026-02-14 07:05:00",
  "open": 1.18624,
  "high": 1.18629,
  "low": 1.18624,
  "close": 1.18624,
  "rollH20": 1.18668,
  "rollL20": 1.18615,
  "up2": false,
  "dn2": false,
  "source": "twelvedata_repo"
}