{
  "datetime": "2026-04-27 21:15:00",
  "open": 1.17218,
  "high": 1.17223,
  "low": 1.17218,
  "close": 1.1722,
  "rollH20": 1.17257,
  "rollL20": 1.17196,
  "up2": false,
  "dn2": false,
  "source": "twelvedata_repo"
}