{
  "datetime": "2025-10-02 06:40:00",
  "open": 1.17338,
  "high": 1.17346,
  "low": 1.17337,
  "close": 1.17337,
  "rollH20": 1.1737,
  "rollL20": 1.17295,
  "up2": false,
  "dn2": false,
  "source": "twelvedata_repo"
}