{
  "datetime": "2025-12-10 22:35:00",
  "open": 1.16911,
  "high": 1.1692,
  "low": 1.16907,
  "close": 1.1692,
  "rollH20": 1.17011,
  "rollL20": 1.16691,
  "up2": false,
  "dn2": false,
  "source": "twelvedata_repo"
}