{
  "datetime": "2026-02-02 17:25:00",
  "open": 1.18051,
  "high": 1.18052,
  "low": 1.17999,
  "close": 1.18039,
  "rollH20": 1.18296,
  "rollL20": 1.17899,
  "up2": false,
  "dn2": false,
  "source": "twelvedata_repo"
}