{
  "datetime": "2026-06-09 13:15:00",
  "open": 1.15717,
  "high": 1.15724,
  "low": 1.1571,
  "close": 1.15711,
  "rollH20": 1.15747,
  "rollL20": 1.1565,
  "up2": false,
  "dn2": false,
  "source": "twelvedata_repo"
}