{
  "datetime": "2026-07-22 13:10:00",
  "open": 1.14087,
  "high": 1.14088,
  "low": 1.14078,
  "close": 1.14088,
  "rollH20": 1.14102,
  "rollL20": 1.14026,
  "up2": false,
  "dn2": false,
  "source": "twelvedata_repo"
}