{
  "datetime": "2026-02-23 10:35:00",
  "open": 1.1799,
  "high": 1.18,
  "low": 1.17982,
  "close": 1.18,
  "rollH20": 1.18126,
  "rollL20": 1.17948,
  "up2": false,
  "dn2": false,
  "source": "twelvedata_repo"
}