{
  "datetime": "2025-11-03 20:40:00",
  "open": 1.15179,
  "high": 1.15179,
  "low": 1.15175,
  "close": 1.15176,
  "rollH20": 1.15314,
  "rollL20": 1.15176,
  "up2": false,
  "dn2": false,
  "source": "twelvedata_repo"
}