{
  "datetime": "2025-10-28 01:50:00",
  "open": 1.16575,
  "high": 1.16578,
  "low": 1.16575,
  "close": 1.16576,
  "rollH20": 1.16584,
  "rollL20": 1.16467,
  "up2": false,
  "dn2": false,
  "source": "twelvedata_repo"
}