{
  "datetime": "2025-10-15 21:35:00",
  "open": 1.16456,
  "high": 1.16459,
  "low": 1.16456,
  "close": 1.16459,
  "rollH20": 1.16476,
  "rollL20": 1.16304,
  "up2": false,
  "dn2": false,
  "source": "twelvedata_repo"
}