{
  "datetime": "2026-03-25 05:50:00",
  "open": 1.15989,
  "high": 1.15995,
  "low": 1.15975,
  "close": 1.15982,
  "rollH20": 1.16054,
  "rollL20": 1.15979,
  "up2": false,
  "dn2": false,
  "source": "twelvedata_repo"
}