{
  "datetime": "2025-12-02 15:55:00",
  "open": 1.16166,
  "high": 1.16178,
  "low": 1.16166,
  "close": 1.16177,
  "rollH20": 1.1623,
  "rollL20": 1.16112,
  "up2": false,
  "dn2": false,
  "source": "twelvedata_repo"
}