{
  "datetime": "2025-09-04 20:25:00",
  "open": 1.1648,
  "high": 1.16485,
  "low": 1.16461,
  "close": 1.16469,
  "rollH20": 1.16521,
  "rollL20": 1.16351,
  "up2": false,
  "dn2": false,
  "source": "twelvedata_repo"
}