{
  "datetime": "2026-03-04 21:10:00",
  "open": 1.16383,
  "high": 1.16392,
  "low": 1.16379,
  "close": 1.16392,
  "rollH20": 1.16444,
  "rollL20": 1.16312,
  "up2": false,
  "dn2": false,
  "source": "twelvedata_repo"
}