{
  "datetime": "2026-05-22 09:35:00",
  "open": 1.16098,
  "high": 1.16102,
  "low": 1.16044,
  "close": 1.1605,
  "rollH20": 1.16149,
  "rollL20": 1.16015,
  "up2": false,
  "dn2": false,
  "source": "twelvedata_repo"
}