{
  "datetime": "2025-10-03 11:40:00",
  "open": 1.17366,
  "high": 1.17395,
  "low": 1.17366,
  "close": 1.17366,
  "rollH20": 1.17401,
  "rollL20": 1.17312,
  "up2": false,
  "dn2": false,
  "source": "twelvedata_repo"
}