{
  "datetime": "2026-06-12 07:55:00",
  "open": 1.15697,
  "high": 1.15716,
  "low": 1.15697,
  "close": 1.15713,
  "rollH20": 1.15714,
  "rollL20": 1.15568,
  "up2": false,
  "dn2": false,
  "source": "twelvedata_repo"
}