{
  "datetime": "2026-04-12 15:40:00",
  "open": 1.17243,
  "high": 1.17245,
  "low": 1.17243,
  "close": 1.17244,
  "rollH20": 1.17312,
  "rollL20": 1.17212,
  "up2": false,
  "dn2": false,
  "source": "twelvedata_repo"
}