{
  "datetime": "2026-01-02 15:30:00",
  "open": 1.17247,
  "high": 1.17267,
  "low": 1.17247,
  "close": 1.17266,
  "rollH20": 1.17291,
  "rollL20": 1.17164,
  "up2": false,
  "dn2": false,
  "source": "twelvedata_repo"
}