{
  "datetime": "2026-07-24 00:05:00",
  "open": 1.13799,
  "high": 1.13799,
  "low": 1.13786,
  "close": 1.13796,
  "rollH20": 1.13816,
  "rollL20": 1.13755,
  "up2": false,
  "dn2": false,
  "source": "twelvedata_repo"
}