{
  "datetime": "2025-11-07 20:25:00",
  "open": 1.15698,
  "high": 1.15702,
  "low": 1.15694,
  "close": 1.15695,
  "rollH20": 1.15831,
  "rollL20": 1.15667,
  "up2": false,
  "dn2": false,
  "source": "twelvedata_repo"
}