{
  "datetime": "2025-10-28 09:55:00",
  "open": 1.16576,
  "high": 1.16579,
  "low": 1.16566,
  "close": 1.16572,
  "rollH20": 1.16627,
  "rollL20": 1.16508,
  "up2": false,
  "dn2": false,
  "source": "twelvedata_repo"
}