{
  "datetime": "2025-11-06 15:55:00",
  "open": 1.15231,
  "high": 1.15241,
  "low": 1.15216,
  "close": 1.15216,
  "rollH20": 1.1544,
  "rollL20": 1.15216,
  "up2": false,
  "dn2": false,
  "source": "twelvedata_repo"
}