{
  "datetime": "2026-01-15 16:10:00",
  "open": 1.16056,
  "high": 1.1606,
  "low": 1.16023,
  "close": 1.16033,
  "rollH20": 1.16203,
  "rollL20": 1.15935,
  "up2": false,
  "dn2": false,
  "source": "twelvedata_repo"
}