{
  "datetime": "2026-02-11 19:15:00",
  "open": 1.18797,
  "high": 1.18822,
  "low": 1.18797,
  "close": 1.18822,
  "rollH20": 1.18946,
  "rollL20": 1.18729,
  "up2": false,
  "dn2": false,
  "source": "twelvedata_repo"
}