{
  "datetime": "2025-11-06 12:55:00",
  "open": 1.15176,
  "high": 1.15197,
  "low": 1.15173,
  "close": 1.15197,
  "rollH20": 1.15212,
  "rollL20": 1.15101,
  "up2": false,
  "dn2": false,
  "source": "twelvedata_repo"
}