{
  "datetime": "2026-01-25 22:15:00",
  "open": 1.18638,
  "high": 1.18641,
  "low": 1.18515,
  "close": 1.18578,
  "rollH20": 1.1883,
  "rollL20": 1.18384,
  "up2": false,
  "dn2": false,
  "source": "twelvedata_repo"
}