{
  "datetime": "2026-04-09 17:40:00",
  "open": 1.17113,
  "high": 1.17116,
  "low": 1.17101,
  "close": 1.17102,
  "rollH20": 1.1714,
  "rollL20": 1.16781,
  "up2": false,
  "dn2": false,
  "source": "twelvedata_repo"
}