{
  "datetime": "2026-04-03 20:55:00",
  "open": 1.15148,
  "high": 1.15159,
  "low": 1.15146,
  "close": 1.1515,
  "rollH20": 1.15204,
  "rollL20": 1.15141,
  "up2": false,
  "dn2": false,
  "source": "twelvedata_repo"
}