{
  "datetime": "2026-03-07 14:35:00",
  "open": 1.16188,
  "high": 1.16193,
  "low": 1.16186,
  "close": 1.16187,
  "rollH20": 1.16193,
  "rollL20": 1.16176,
  "up2": false,
  "dn2": false,
  "source": "twelvedata_repo"
}