{
  "datetime": "2026-04-11 21:30:00",
  "open": 1.17249,
  "high": 1.17252,
  "low": 1.17247,
  "close": 1.17252,
  "rollH20": 1.17249,
  "rollL20": 1.17219,
  "up2": false,
  "dn2": false,
  "source": "twelvedata_repo"
}