{
  "datetime": "2026-02-02 12:55:00",
  "open": 1.1863,
  "high": 1.18647,
  "low": 1.18628,
  "close": 1.18647,
  "rollH20": 1.18713,
  "rollL20": 1.18593,
  "up2": false,
  "dn2": false,
  "source": "twelvedata_repo"
}