{
  "datetime": "2026-01-13 00:10:00",
  "open": 1.16671,
  "high": 1.16672,
  "low": 1.16665,
  "close": 1.16665,
  "rollH20": 1.1671,
  "rollL20": 1.16652,
  "up2": false,
  "dn2": false,
  "source": "twelvedata_repo"
}