{
  "datetime": "2025-10-14 20:45:00",
  "open": 1.16099,
  "high": 1.16101,
  "low": 1.1609,
  "close": 1.16101,
  "rollH20": 1.16118,
  "rollL20": 1.16034,
  "up2": false,
  "dn2": false,
  "source": "twelvedata_repo"
}