{
  "datetime": "2026-03-31 10:55:00",
  "open": 1.14677,
  "high": 1.14681,
  "low": 1.14668,
  "close": 1.14668,
  "rollH20": 1.14752,
  "rollL20": 1.14634,
  "up2": false,
  "dn2": false,
  "source": "twelvedata_repo"
}