{
  "datetime": "2025-09-18 04:45:00",
  "open": 1.18133,
  "high": 1.18139,
  "low": 1.1813,
  "close": 1.1813,
  "rollH20": 1.18227,
  "rollL20": 1.18126,
  "up2": false,
  "dn2": false,
  "source": "twelvedata_repo"
}