{
  "datetime": "2025-10-23 07:40:00",
  "open": 1.15945,
  "high": 1.15947,
  "low": 1.15907,
  "close": 1.15944,
  "rollH20": 1.16038,
  "rollL20": 1.15944,
  "up2": false,
  "dn2": false,
  "source": "twelvedata_repo"
}