{
  "datetime": "2026-05-19 15:55:00",
  "open": 1.15971,
  "high": 1.15981,
  "low": 1.15966,
  "close": 1.15978,
  "rollH20": 1.16171,
  "rollL20": 1.15955,
  "up2": false,
  "dn2": false,
  "source": "twelvedata_repo"
}