{
  "datetime": "2026-05-03 00:20:00",
  "open": 1.17219,
  "high": 1.17231,
  "low": 1.17219,
  "close": 1.17219,
  "rollH20": 1.17254,
  "rollL20": 1.17198,
  "up2": false,
  "dn2": false,
  "source": "twelvedata_repo"
}