{
  "datetime": "2026-01-01 16:30:00",
  "open": 1.1747,
  "high": 1.17474,
  "low": 1.17457,
  "close": 1.17467,
  "rollH20": 1.17483,
  "rollL20": 1.17442,
  "up2": false,
  "dn2": false,
  "source": "twelvedata_repo"
}