{
  "datetime": "2026-01-23 09:55:00",
  "open": 1.17424,
  "high": 1.17426,
  "low": 1.17402,
  "close": 1.17404,
  "rollH20": 1.1745,
  "rollL20": 1.17288,
  "up2": false,
  "dn2": false,
  "source": "twelvedata_repo"
}