{
  "datetime": "2026-01-28 07:30:00",
  "open": 1.20007,
  "high": 1.20055,
  "low": 1.20007,
  "close": 1.20043,
  "rollH20": 1.20031,
  "rollL20": 1.19725,
  "up2": false,
  "dn2": false,
  "source": "twelvedata_repo"
}