{
  "datetime": "2026-05-04 02:50:00",
  "open": 1.17233,
  "high": 1.17254,
  "low": 1.17231,
  "close": 1.17232,
  "rollH20": 1.17286,
  "rollL20": 1.17208,
  "up2": false,
  "dn2": false,
  "source": "twelvedata_repo"
}