{
  "datetime": "2026-01-13 12:30:00",
  "open": 1.16681,
  "high": 1.16686,
  "low": 1.16674,
  "close": 1.16679,
  "rollH20": 1.16748,
  "rollL20": 1.16645,
  "up2": false,
  "dn2": false,
  "source": "twelvedata_repo"
}