{
  "datetime": "2026-07-19 19:10:00",
  "open": 1.14397,
  "high": 1.14397,
  "low": 1.1438,
  "close": 1.14384,
  "rollH20": 1.14428,
  "rollL20": 1.14359,
  "up2": false,
  "dn2": false,
  "source": "twelvedata_repo"
}