{
  "datetime": "2025-10-28 00:05:00",
  "open": 1.16514,
  "high": 1.16515,
  "low": 1.16509,
  "close": 1.16509,
  "rollH20": 1.16515,
  "rollL20": 1.16453,
  "up2": false,
  "dn2": false,
  "source": "twelvedata_repo"
}