{
  "datetime": "2026-04-11 12:00:00",
  "open": 1.17181,
  "high": 1.17197,
  "low": 1.17179,
  "close": 1.17194,
  "rollH20": 1.17232,
  "rollL20": 1.17161,
  "up2": false,
  "dn2": false,
  "source": "twelvedata_repo"
}