{
  "datetime": "2026-02-01 00:20:00",
  "open": 1.18537,
  "high": 1.1854,
  "low": 1.18537,
  "close": 1.18537,
  "rollH20": 1.18549,
  "rollL20": 1.18527,
  "up2": false,
  "dn2": false,
  "source": "twelvedata_repo"
}