{
  "datetime": "2025-08-28 18:40:00",
  "open": 1.16885,
  "high": 1.16896,
  "low": 1.16866,
  "close": 1.1688,
  "rollH20": 1.16978,
  "rollL20": 1.16718,
  "up2": false,
  "dn2": false,
  "source": "twelvedata_repo"
}