{
  "datetime": "2025-11-05 23:35:00",
  "open": 1.14919,
  "high": 1.14922,
  "low": 1.14918,
  "close": 1.14918,
  "rollH20": 1.14937,
  "rollL20": 1.14875,
  "up2": false,
  "dn2": false,
  "source": "twelvedata_repo"
}