{
  "datetime": "2025-10-02 20:25:00",
  "open": 1.17234,
  "high": 1.17241,
  "low": 1.17228,
  "close": 1.17231,
  "rollH20": 1.17266,
  "rollL20": 1.1713,
  "up2": false,
  "dn2": false,
  "source": "twelvedata_repo"
}