{
  "datetime": "2025-12-03 10:35:00",
  "open": 1.16441,
  "high": 1.16447,
  "low": 1.16439,
  "close": 1.16446,
  "rollH20": 1.16457,
  "rollL20": 1.16371,
  "up2": false,
  "dn2": false,
  "source": "twelvedata_repo"
}