{
  "datetime": "2025-12-09 17:20:00",
  "open": 1.16369,
  "high": 1.16391,
  "low": 1.16369,
  "close": 1.16386,
  "rollH20": 1.16395,
  "rollL20": 1.16165,
  "up2": false,
  "dn2": false,
  "source": "twelvedata_repo"
}