{
  "datetime": "2025-10-09 21:05:00",
  "open": 1.1562,
  "high": 1.15645,
  "low": 1.15619,
  "close": 1.15633,
  "rollH20": 1.1562,
  "rollL20": 1.15421,
  "up2": false,
  "dn2": false,
  "source": "twelvedata_repo"
}