{
  "datetime": "2026-05-20 23:45:00",
  "open": 1.16273,
  "high": 1.16276,
  "low": 1.16267,
  "close": 1.16275,
  "rollH20": 1.16286,
  "rollL20": 1.1623,
  "up2": false,
  "dn2": false,
  "source": "twelvedata_repo"
}