{
  "datetime": "2025-12-08 01:50:00",
  "open": 1.16488,
  "high": 1.16492,
  "low": 1.16472,
  "close": 1.16477,
  "rollH20": 1.16501,
  "rollL20": 1.16398,
  "up2": false,
  "dn2": false,
  "source": "twelvedata_repo"
}