{
  "datetime": "2026-04-05 20:00:00",
  "open": 1.15141,
  "high": 1.15144,
  "low": 1.15141,
  "close": 1.15141,
  "rollH20": 1.15245,
  "rollL20": 1.15114,
  "up2": false,
  "dn2": false,
  "source": "twelvedata_repo"
}