{
  "datetime": "2026-02-26 11:45:00",
  "open": 1.18026,
  "high": 1.1803,
  "low": 1.18023,
  "close": 1.18028,
  "rollH20": 1.1805,
  "rollL20": 1.1794,
  "up2": false,
  "dn2": false,
  "source": "twelvedata_repo"
}