{
  "datetime": "2025-10-23 20:20:00",
  "open": 1.16168,
  "high": 1.16169,
  "low": 1.16159,
  "close": 1.16162,
  "rollH20": 1.16195,
  "rollL20": 1.16073,
  "up2": false,
  "dn2": false,
  "source": "twelvedata_repo"
}