{
  "datetime": "2026-04-06 22:50:00",
  "open": 1.15436,
  "high": 1.15437,
  "low": 1.1541,
  "close": 1.15418,
  "rollH20": 1.15452,
  "rollL20": 1.15411,
  "up2": false,
  "dn2": false,
  "source": "twelvedata_repo"
}