{
  "datetime": "2025-12-04 05:50:00",
  "open": 1.16576,
  "high": 1.16582,
  "low": 1.16573,
  "close": 1.16578,
  "rollH20": 1.16587,
  "rollL20": 1.16534,
  "up2": false,
  "dn2": false,
  "source": "twelvedata_repo"
}