{
  "datetime": "2026-02-24 04:00:00",
  "open": 1.17754,
  "high": 1.17769,
  "low": 1.17754,
  "close": 1.17765,
  "rollH20": 1.17856,
  "rollL20": 1.1775,
  "up2": false,
  "dn2": false,
  "source": "twelvedata_repo"
}