{
  "datetime": "2025-12-01 06:55:00",
  "open": 1.15986,
  "high": 1.15989,
  "low": 1.15985,
  "close": 1.15989,
  "rollH20": 1.16031,
  "rollL20": 1.15952,
  "up2": false,
  "dn2": false,
  "source": "twelvedata_repo"
}