{
  "datetime": "2026-01-05 19:15:00",
  "open": 1.17189,
  "high": 1.17193,
  "low": 1.17188,
  "close": 1.17193,
  "rollH20": 1.17206,
  "rollL20": 1.17104,
  "up2": false,
  "dn2": false,
  "source": "twelvedata_repo"
}