{
  "datetime": "2025-12-23 04:00:00",
  "open": 1.17778,
  "high": 1.17783,
  "low": 1.17778,
  "close": 1.17783,
  "rollH20": 1.17805,
  "rollL20": 1.17668,
  "up2": false,
  "dn2": false,
  "source": "twelvedata_repo"
}