{
  "datetime": "2025-11-03 08:25:00",
  "open": 1.15364,
  "high": 1.15369,
  "low": 1.15347,
  "close": 1.15348,
  "rollH20": 1.15415,
  "rollL20": 1.15345,
  "up2": false,
  "dn2": false,
  "source": "twelvedata_repo"
}