{
  "datetime": "2026-01-18 10:20:00",
  "open": 1.1606,
  "high": 1.16064,
  "low": 1.16058,
  "close": 1.16059,
  "rollH20": 1.16065,
  "rollL20": 1.16053,
  "up2": false,
  "dn2": false,
  "source": "twelvedata_repo"
}