{
  "datetime": "2026-02-19 23:00:00",
  "open": 1.17719,
  "high": 1.17724,
  "low": 1.17718,
  "close": 1.17724,
  "rollH20": 1.17785,
  "rollL20": 1.17713,
  "up2": false,
  "dn2": false,
  "source": "twelvedata_repo"
}