{
  "datetime": "2026-07-18 16:05:00",
  "open": 1.14388,
  "high": 1.1439,
  "low": 1.14381,
  "close": 1.14383,
  "rollH20": 1.14416,
  "rollL20": 1.1437,
  "up2": false,
  "dn2": false,
  "source": "twelvedata_repo"
}