{
  "datetime": "2026-07-19 12:00:00",
  "open": 1.14392,
  "high": 1.14393,
  "low": 1.14389,
  "close": 1.14393,
  "rollH20": 1.14407,
  "rollL20": 1.14388,
  "up2": false,
  "dn2": false,
  "source": "twelvedata_repo"
}