{
  "datetime": "2025-10-16 22:40:00",
  "open": 1.16893,
  "high": 1.16893,
  "low": 1.16868,
  "close": 1.16874,
  "rollH20": 1.16915,
  "rollL20": 1.16848,
  "up2": false,
  "dn2": false,
  "source": "twelvedata_repo"
}