{
  "datetime": "2026-03-17 19:50:00",
  "open": 1.15373,
  "high": 1.15376,
  "low": 1.15362,
  "close": 1.15367,
  "rollH20": 1.15475,
  "rollL20": 1.1536,
  "up2": false,
  "dn2": false,
  "source": "twelvedata_repo"
}