{
  "datetime": "2026-02-23 03:15:00",
  "open": 1.18203,
  "high": 1.18214,
  "low": 1.18202,
  "close": 1.18206,
  "rollH20": 1.18304,
  "rollL20": 1.18191,
  "up2": false,
  "dn2": false,
  "source": "twelvedata_repo"
}