{
  "datetime": "2025-10-07 09:10:00",
  "open": 1.16811,
  "high": 1.16814,
  "low": 1.16801,
  "close": 1.16805,
  "rollH20": 1.16918,
  "rollL20": 1.16702,
  "up2": false,
  "dn2": false,
  "source": "twelvedata_repo"
}