{
  "datetime": "2025-11-03 16:30:00",
  "open": 1.1508,
  "high": 1.15082,
  "low": 1.15067,
  "close": 1.15082,
  "rollH20": 1.15213,
  "rollL20": 1.15051,
  "up2": false,
  "dn2": false,
  "source": "twelvedata_repo"
}