{
  "datetime": "2026-04-07 19:50:00",
  "open": 1.15767,
  "high": 1.15768,
  "low": 1.15762,
  "close": 1.15762,
  "rollH20": 1.15832,
  "rollL20": 1.1567,
  "up2": false,
  "dn2": false,
  "source": "twelvedata_repo"
}