{
  "datetime": "2025-12-08 04:45:00",
  "open": 1.1652,
  "high": 1.16525,
  "low": 1.16519,
  "close": 1.16519,
  "rollH20": 1.16557,
  "rollL20": 1.16495,
  "up2": false,
  "dn2": false,
  "source": "twelvedata_repo"
}