{
  "datetime": "2026-03-21 15:40:00",
  "open": 1.15924,
  "high": 1.15929,
  "low": 1.15923,
  "close": 1.15924,
  "rollH20": 1.15931,
  "rollL20": 1.15918,
  "up2": false,
  "dn2": false,
  "source": "twelvedata_repo"
}