{
  "datetime": "2026-05-10 06:45:00",
  "open": 1.17887,
  "high": 1.17892,
  "low": 1.17886,
  "close": 1.17888,
  "rollH20": 1.17925,
  "rollL20": 1.1784,
  "up2": false,
  "dn2": false,
  "source": "twelvedata_repo"
}