{
  "datetime": "2026-01-11 00:15:00",
  "open": 1.16348,
  "high": 1.1635,
  "low": 1.16348,
  "close": 1.1635,
  "rollH20": 1.16354,
  "rollL20": 1.16341,
  "up2": false,
  "dn2": false,
  "source": "twelvedata_repo"
}