{
  "datetime": "2026-04-14 18:10:00",
  "open": 1.1795,
  "high": 1.17956,
  "low": 1.17946,
  "close": 1.17948,
  "rollH20": 1.18016,
  "rollL20": 1.17888,
  "up2": false,
  "dn2": false,
  "source": "twelvedata_repo"
}