{
  "datetime": "2026-02-14 16:55:00",
  "open": 1.18627,
  "high": 1.18655,
  "low": 1.18627,
  "close": 1.18651,
  "rollH20": 1.18713,
  "rollL20": 1.18461,
  "up2": false,
  "dn2": false,
  "source": "twelvedata_repo"
}