{
  "datetime": "2025-09-30 07:10:00",
  "open": 1.17338,
  "high": 1.17343,
  "low": 1.17329,
  "close": 1.17342,
  "rollH20": 1.17371,
  "rollL20": 1.17189,
  "up2": false,
  "dn2": false,
  "source": "twelvedata_repo"
}