{
  "datetime": "2026-01-06 20:40:00",
  "open": 1.16852,
  "high": 1.16873,
  "low": 1.16852,
  "close": 1.16864,
  "rollH20": 1.17023,
  "rollL20": 1.16842,
  "up2": false,
  "dn2": false,
  "source": "twelvedata_repo"
}