{
  "datetime": "2026-04-12 06:30:00",
  "open": 1.17261,
  "high": 1.17265,
  "low": 1.17261,
  "close": 1.17263,
  "rollH20": 1.17267,
  "rollL20": 1.17245,
  "up2": false,
  "dn2": false,
  "source": "twelvedata_repo"
}