{
  "datetime": "2026-02-16 12:20:00",
  "open": 1.18588,
  "high": 1.18593,
  "low": 1.18575,
  "close": 1.18577,
  "rollH20": 1.18676,
  "rollL20": 1.18585,
  "up2": false,
  "dn2": false,
  "source": "twelvedata_repo"
}