{
  "datetime": "2025-10-09 21:40:00",
  "open": 1.15626,
  "high": 1.15637,
  "low": 1.15626,
  "close": 1.15627,
  "rollH20": 1.15669,
  "rollL20": 1.15468,
  "up2": false,
  "dn2": false,
  "source": "twelvedata_repo"
}