{
  "datetime": "2026-03-19 06:00:00",
  "open": 1.14684,
  "high": 1.14685,
  "low": 1.14641,
  "close": 1.14648,
  "rollH20": 1.14731,
  "rollL20": 1.14658,
  "up2": false,
  "dn2": false,
  "source": "twelvedata_repo"
}