{
  "datetime": "2026-07-15 12:20:00",
  "open": 1.14171,
  "high": 1.14176,
  "low": 1.14166,
  "close": 1.14176,
  "rollH20": 1.14224,
  "rollL20": 1.14109,
  "up2": false,
  "dn2": false,
  "source": "twelvedata_repo"
}