{
  "datetime": "2026-03-16 20:05:00",
  "open": 1.15087,
  "high": 1.15102,
  "low": 1.15087,
  "close": 1.15099,
  "rollH20": 1.15237,
  "rollL20": 1.15067,
  "up2": false,
  "dn2": false,
  "source": "twelvedata_repo"
}