{
  "datetime": "2026-01-17 05:55:00",
  "open": 1.15943,
  "high": 1.15948,
  "low": 1.15941,
  "close": 1.15941,
  "rollH20": 1.16053,
  "rollL20": 1.1594,
  "up2": false,
  "dn2": false,
  "source": "twelvedata_repo"
}