{
  "datetime": "2026-02-03 02:15:00",
  "open": 1.1807,
  "high": 1.1811,
  "low": 1.1807,
  "close": 1.1809,
  "rollH20": 1.18076,
  "rollL20": 1.17947,
  "up2": false,
  "dn2": false,
  "source": "twelvedata_repo"
}